
󰀵 jbuchanan  …/msw-interceptors-einval-repro   repro ✘!   v20.19.5   18:14 
 docker compose run repro
[+] Creating 1/1
 ✔ Network msw-interceptors-einval-repro_default  Created                                                                                                                                 0.0s
🎲 Loopback traffic is now RANDOMLY DELAYED (50ms - 500ms)

> repro@1.0.0 start /workspace/repro
> node test.js

[test.js] dual stack: ✓ complete
[test.js]   ✓ IPv4 interface
[test.js]   ✓ IPv6 interface
[test.js]   ✓ localhost → IPv4 DNS
[test.js]   ✓ localhost → IPv6 DNS
[test.js] ⚡ msw interceptors happy eyeballs stress test
[test.js] target: trigger ipv4/ipv6 race
[test.js] method: 100 reqs × 20 sockets (concurrent)
[test.js] patched: no (baseline)
[test.js] expect: einval crash, handle confusion
[test.js] detect: einval + handle_mismatch warnings
[test.js] tip: to attempt the experimental _read fix, rerun with MSW_USE_FIX=true
[test.js] press enter to launch

🚀 LAUNCHING...

[test.js] 🧪 test fix=false conc=20 reqs=100
     0.025ms [⏱️0] [🔧pwvpkrajx1r] 🏗️  constructor starting
     0.424ms [⏱️0] [🔧pwvpkrajx1r] 🏗️  constructor complete http://localhost:46477/
     0.002ms [⏱️0] [🔧n6xql2u5k9] 🏗️  constructor starting
     0.148ms [⏱️0] [🔧n6xql2u5k9] 🏗️  constructor complete http://localhost:46477/
     0.002ms [⏱️0] [🔧bvxw6v0ls8] 🏗️  constructor starting
     0.094ms [⏱️0] [🔧bvxw6v0ls8] 🏗️  constructor complete http://localhost:46477/
     0.003ms [⏱️0] [🔧9bcqc2jpujk] 🏗️  constructor starting
     0.110ms [⏱️0] [🔧9bcqc2jpujk] 🏗️  constructor complete http://localhost:46477/
     0.002ms [⏱️0] [🔧wcqkx37f9zd] 🏗️  constructor starting
     0.269ms [⏱️0] [🔧wcqkx37f9zd] 🏗️  constructor complete http://localhost:46477/
     0.002ms [⏱️0] [🔧oonwztj84dd] 🏗️  constructor starting
     0.072ms [⏱️0] [🔧oonwztj84dd] 🏗️  constructor complete http://localhost:46477/
     0.002ms [⏱️0] [🔧geklpcjbhjg] 🏗️  constructor starting
     0.102ms [⏱️0] [🔧geklpcjbhjg] 🏗️  constructor complete http://localhost:46477/
     0.002ms [⏱️0] [🔧vdgjke1k72s] 🏗️  constructor starting
     0.058ms [⏱️0] [🔧vdgjke1k72s] 🏗️  constructor complete http://localhost:46477/
     0.002ms [⏱️0] [🔧v74qlt9mcy] 🏗️  constructor starting
     0.061ms [⏱️0] [🔧v74qlt9mcy] 🏗️  constructor complete http://localhost:46477/
     0.002ms [⏱️0] [🔧dzitw1to3k8] 🏗️  constructor starting
     0.051ms [⏱️0] [🔧dzitw1to3k8] 🏗️  constructor complete http://localhost:46477/
     0.002ms [⏱️0] [🔧jrf352bguis] 🏗️  constructor starting
     0.293ms [⏱️0] [🔧jrf352bguis] 🏗️  constructor complete http://localhost:46477/
     0.001ms [⏱️0] [🔧ehg5x99hvbl] 🏗️  constructor starting
     0.275ms [⏱️0] [🔧ehg5x99hvbl] 🏗️  constructor complete http://localhost:46477/
     0.001ms [⏱️0] [🔧pn3xt3vl1ms] 🏗️  constructor starting
     0.079ms [⏱️0] [🔧pn3xt3vl1ms] 🏗️  constructor complete http://localhost:46477/
     0.002ms [⏱️0] [🔧qql74p4sj6] 🏗️  constructor starting
     0.160ms [⏱️0] [🔧qql74p4sj6] 🏗️  constructor complete http://localhost:46477/
     0.001ms [⏱️0] [🔧67nryj77ken] 🏗️  constructor starting
     0.121ms [⏱️0] [🔧67nryj77ken] 🏗️  constructor complete http://localhost:46477/
     0.001ms [⏱️0] [🔧2fp0w08s6yc] 🏗️  constructor starting
     0.294ms [⏱️0] [🔧2fp0w08s6yc] 🏗️  constructor complete http://localhost:46477/
     0.001ms [⏱️0] [🔧wlsdj3cyqwj] 🏗️  constructor starting
     0.171ms [⏱️0] [🔧wlsdj3cyqwj] 🏗️  constructor complete http://localhost:46477/
     0.000ms [⏱️0] [🔧sjtxnpjuov] 🏗️  constructor starting
     0.117ms [⏱️0] [🔧sjtxnpjuov] 🏗️  constructor complete http://localhost:46477/
     0.000ms [⏱️0] [🔧qzdq0dl0dj] 🏗️  constructor starting
     0.266ms [⏱️0] [🔧qzdq0dl0dj] 🏗️  constructor complete http://localhost:46477/
     0.001ms [⏱️0] [🔧1b3fxt78x66] 🏗️  constructor starting
     0.048ms [⏱️0] [🔧1b3fxt78x66] 🏗️  constructor complete http://localhost:46477/
    13.201ms [⏱️29] [🔧pwvpkrajx1r] ▶️ resume()
    13.454ms [⏱️29] [🔧pwvpkrajx1r] ✍️  write 95b 🇺🇸=unknown buffered=0
    13.630ms [⏱️27] [🔧pwvpkrajx1r] 🚀 onRequestStart path=/ keepAlive=true
    17.980ms [⏱️29] [🔧pwvpkrajx1r] ✍️  write 2b 🇺🇸=unknown buffered=1
    18.029ms [⏱️29] [🔧pwvpkrajx1r] ✍️  write 9b 🇺🇸=unknown buffered=2
    18.095ms [⏱️27] [🔧pwvpkrajx1r] 📦 onRequestBody 9b
    18.141ms [⏱️29] [🔧pwvpkrajx1r] ✍️  write 2b 🇺🇸=unknown buffered=3
    18.172ms [⏱️29] [🔧pwvpkrajx1r] ✍️  write 5b 🇺🇸=unknown buffered=4
    18.208ms [⏱️27] [🔧pwvpkrajx1r] 🏁 onRequestEnd hasStream=true
    15.641ms [⏱️32] [🔧n6xql2u5k9] ▶️ resume()
    15.684ms [⏱️32] [🔧n6xql2u5k9] ✍️  write 95b 🇺🇸=unknown buffered=0
    15.719ms [⏱️30] [🔧n6xql2u5k9] 🚀 onRequestStart path=/ keepAlive=true
    16.394ms [⏱️32] [🔧n6xql2u5k9] ✍️  write 2b 🇺🇸=unknown buffered=1
    16.428ms [⏱️32] [🔧n6xql2u5k9] ✍️  write 9b 🇺🇸=unknown buffered=2
    16.461ms [⏱️30] [🔧n6xql2u5k9] 📦 onRequestBody 9b
    16.491ms [⏱️32] [🔧n6xql2u5k9] ✍️  write 2b 🇺🇸=unknown buffered=3
    16.514ms [⏱️32] [🔧n6xql2u5k9] ✍️  write 5b 🇺🇸=unknown buffered=4
    16.529ms [⏱️30] [🔧n6xql2u5k9] 🏁 onRequestEnd hasStream=true
    16.072ms [⏱️35] [🔧bvxw6v0ls8] ▶️ resume()
    16.106ms [⏱️35] [🔧bvxw6v0ls8] ✍️  write 95b 🇺🇸=unknown buffered=0
    16.134ms [⏱️33] [🔧bvxw6v0ls8] 🚀 onRequestStart path=/ keepAlive=true
    17.230ms [⏱️35] [🔧bvxw6v0ls8] ✍️  write 2b 🇺🇸=unknown buffered=1
    17.291ms [⏱️35] [🔧bvxw6v0ls8] ✍️  write 9b 🇺🇸=unknown buffered=2
    17.329ms [⏱️33] [🔧bvxw6v0ls8] 📦 onRequestBody 9b
    17.450ms [⏱️35] [🔧bvxw6v0ls8] ✍️  write 2b 🇺🇸=unknown buffered=3
    17.699ms [⏱️35] [🔧bvxw6v0ls8] ✍️  write 5b 🇺🇸=unknown buffered=4
    17.775ms [⏱️33] [🔧bvxw6v0ls8] 🏁 onRequestEnd hasStream=true
    17.145ms [⏱️38] [🔧9bcqc2jpujk] ▶️ resume()
    17.186ms [⏱️38] [🔧9bcqc2jpujk] ✍️  write 95b 🇺🇸=unknown buffered=0
    17.219ms [⏱️36] [🔧9bcqc2jpujk] 🚀 onRequestStart path=/ keepAlive=true
    17.960ms [⏱️38] [🔧9bcqc2jpujk] ✍️  write 2b 🇺🇸=unknown buffered=1
    17.989ms [⏱️38] [🔧9bcqc2jpujk] ✍️  write 9b 🇺🇸=unknown buffered=2
    18.009ms [⏱️36] [🔧9bcqc2jpujk] 📦 onRequestBody 9b
    18.116ms [⏱️38] [🔧9bcqc2jpujk] ✍️  write 2b 🇺🇸=unknown buffered=3
    18.144ms [⏱️38] [🔧9bcqc2jpujk] ✍️  write 5b 🇺🇸=unknown buffered=4
    18.203ms [⏱️36] [🔧9bcqc2jpujk] 🏁 onRequestEnd hasStream=true
    18.043ms [⏱️41] [🔧wcqkx37f9zd] ▶️ resume()
    18.090ms [⏱️41] [🔧wcqkx37f9zd] ✍️  write 95b 🇺🇸=unknown buffered=0
    18.125ms [⏱️39] [🔧wcqkx37f9zd] 🚀 onRequestStart path=/ keepAlive=true
    18.683ms [⏱️41] [🔧wcqkx37f9zd] ✍️  write 2b 🇺🇸=unknown buffered=1
    18.734ms [⏱️41] [🔧wcqkx37f9zd] ✍️  write 9b 🇺🇸=unknown buffered=2
    18.787ms [⏱️39] [🔧wcqkx37f9zd] 📦 onRequestBody 9b
    18.841ms [⏱️41] [🔧wcqkx37f9zd] ✍️  write 2b 🇺🇸=unknown buffered=3
    18.889ms [⏱️41] [🔧wcqkx37f9zd] ✍️  write 5b 🇺🇸=unknown buffered=4
    18.930ms [⏱️39] [🔧wcqkx37f9zd] 🏁 onRequestEnd hasStream=true
    18.624ms [⏱️44] [🔧oonwztj84dd] ▶️ resume()
    18.744ms [⏱️44] [🔧oonwztj84dd] ✍️  write 95b 🇺🇸=unknown buffered=0
    18.791ms [⏱️42] [🔧oonwztj84dd] 🚀 onRequestStart path=/ keepAlive=true
    19.244ms [⏱️44] [🔧oonwztj84dd] ✍️  write 2b 🇺🇸=unknown buffered=1
    19.273ms [⏱️44] [🔧oonwztj84dd] ✍️  write 9b 🇺🇸=unknown buffered=2
    19.303ms [⏱️42] [🔧oonwztj84dd] 📦 onRequestBody 9b
    19.334ms [⏱️44] [🔧oonwztj84dd] ✍️  write 2b 🇺🇸=unknown buffered=3
    19.353ms [⏱️44] [🔧oonwztj84dd] ✍️  write 5b 🇺🇸=unknown buffered=4
    19.369ms [⏱️42] [🔧oonwztj84dd] 🏁 onRequestEnd hasStream=true
    18.856ms [⏱️47] [🔧geklpcjbhjg] ▶️ resume()
    18.935ms [⏱️47] [🔧geklpcjbhjg] ✍️  write 95b 🇺🇸=unknown buffered=0
    18.976ms [⏱️45] [🔧geklpcjbhjg] 🚀 onRequestStart path=/ keepAlive=true
    19.555ms [⏱️47] [🔧geklpcjbhjg] ✍️  write 2b 🇺🇸=unknown buffered=1
    19.581ms [⏱️47] [🔧geklpcjbhjg] ✍️  write 9b 🇺🇸=unknown buffered=2
    19.624ms [⏱️45] [🔧geklpcjbhjg] 📦 onRequestBody 9b
    19.648ms [⏱️47] [🔧geklpcjbhjg] ✍️  write 2b 🇺🇸=unknown buffered=3
    19.665ms [⏱️47] [🔧geklpcjbhjg] ✍️  write 5b 🇺🇸=unknown buffered=4
    19.679ms [⏱️45] [🔧geklpcjbhjg] 🏁 onRequestEnd hasStream=true
    19.403ms [⏱️50] [🔧vdgjke1k72s] ▶️ resume()
    19.438ms [⏱️50] [🔧vdgjke1k72s] ✍️  write 95b 🇺🇸=unknown buffered=0
    19.465ms [⏱️48] [🔧vdgjke1k72s] 🚀 onRequestStart path=/ keepAlive=true
    20.089ms [⏱️50] [🔧vdgjke1k72s] ✍️  write 2b 🇺🇸=unknown buffered=1
    20.116ms [⏱️50] [🔧vdgjke1k72s] ✍️  write 9b 🇺🇸=unknown buffered=2
    20.139ms [⏱️48] [🔧vdgjke1k72s] 📦 onRequestBody 9b
    20.206ms [⏱️50] [🔧vdgjke1k72s] ✍️  write 2b 🇺🇸=unknown buffered=3
    20.240ms [⏱️50] [🔧vdgjke1k72s] ✍️  write 5b 🇺🇸=unknown buffered=4
    20.257ms [⏱️48] [🔧vdgjke1k72s] 🏁 onRequestEnd hasStream=true
    19.868ms [⏱️53] [🔧v74qlt9mcy] ▶️ resume()
    20.172ms [⏱️53] [🔧v74qlt9mcy] ✍️  write 95b 🇺🇸=unknown buffered=0
    20.232ms [⏱️51] [🔧v74qlt9mcy] 🚀 onRequestStart path=/ keepAlive=true
    21.001ms [⏱️53] [🔧v74qlt9mcy] ✍️  write 2b 🇺🇸=unknown buffered=1
    21.040ms [⏱️53] [🔧v74qlt9mcy] ✍️  write 9b 🇺🇸=unknown buffered=2
    21.071ms [⏱️51] [🔧v74qlt9mcy] 📦 onRequestBody 9b
    21.098ms [⏱️53] [🔧v74qlt9mcy] ✍️  write 2b 🇺🇸=unknown buffered=3
    21.117ms [⏱️53] [🔧v74qlt9mcy] ✍️  write 5b 🇺🇸=unknown buffered=4
    21.133ms [⏱️51] [🔧v74qlt9mcy] 🏁 onRequestEnd hasStream=true
    20.895ms [⏱️56] [🔧dzitw1to3k8] ▶️ resume()
    20.948ms [⏱️56] [🔧dzitw1to3k8] ✍️  write 95b 🇺🇸=unknown buffered=0
    20.988ms [⏱️54] [🔧dzitw1to3k8] 🚀 onRequestStart path=/ keepAlive=true
    21.483ms [⏱️56] [🔧dzitw1to3k8] ✍️  write 2b 🇺🇸=unknown buffered=1
    21.511ms [⏱️56] [🔧dzitw1to3k8] ✍️  write 9b 🇺🇸=unknown buffered=2
    21.531ms [⏱️54] [🔧dzitw1to3k8] 📦 onRequestBody 9b
    21.556ms [⏱️56] [🔧dzitw1to3k8] ✍️  write 2b 🇺🇸=unknown buffered=3
    21.574ms [⏱️56] [🔧dzitw1to3k8] ✍️  write 5b 🇺🇸=unknown buffered=4
    21.589ms [⏱️54] [🔧dzitw1to3k8] 🏁 onRequestEnd hasStream=true
    21.112ms [⏱️59] [🔧jrf352bguis] ▶️ resume()
    21.131ms [⏱️59] [🔧jrf352bguis] ✍️  write 95b 🇺🇸=unknown buffered=0
    21.158ms [⏱️57] [🔧jrf352bguis] 🚀 onRequestStart path=/ keepAlive=true
    21.552ms [⏱️59] [🔧jrf352bguis] ✍️  write 2b 🇺🇸=unknown buffered=1
    21.587ms [⏱️59] [🔧jrf352bguis] ✍️  write 9b 🇺🇸=unknown buffered=2
    21.602ms [⏱️57] [🔧jrf352bguis] 📦 onRequestBody 9b
    21.626ms [⏱️59] [🔧jrf352bguis] ✍️  write 2b 🇺🇸=unknown buffered=3
    21.643ms [⏱️59] [🔧jrf352bguis] ✍️  write 5b 🇺🇸=unknown buffered=4
    21.656ms [⏱️57] [🔧jrf352bguis] 🏁 onRequestEnd hasStream=true
    20.768ms [⏱️62] [🔧ehg5x99hvbl] ▶️ resume()
    20.786ms [⏱️62] [🔧ehg5x99hvbl] ✍️  write 95b 🇺🇸=unknown buffered=0
    20.810ms [⏱️60] [🔧ehg5x99hvbl] 🚀 onRequestStart path=/ keepAlive=true
    21.227ms [⏱️62] [🔧ehg5x99hvbl] ✍️  write 2b 🇺🇸=unknown buffered=1
    21.247ms [⏱️62] [🔧ehg5x99hvbl] ✍️  write 9b 🇺🇸=unknown buffered=2
    21.261ms [⏱️60] [🔧ehg5x99hvbl] 📦 onRequestBody 9b
    21.283ms [⏱️62] [🔧ehg5x99hvbl] ✍️  write 2b 🇺🇸=unknown buffered=3
    21.294ms [⏱️62] [🔧ehg5x99hvbl] ✍️  write 5b 🇺🇸=unknown buffered=4
    21.313ms [⏱️60] [🔧ehg5x99hvbl] 🏁 onRequestEnd hasStream=true
    20.783ms [⏱️65] [🔧pn3xt3vl1ms] ▶️ resume()
    20.802ms [⏱️65] [🔧pn3xt3vl1ms] ✍️  write 95b 🇺🇸=unknown buffered=0
    20.835ms [⏱️63] [🔧pn3xt3vl1ms] 🚀 onRequestStart path=/ keepAlive=true
    21.281ms [⏱️65] [🔧pn3xt3vl1ms] ✍️  write 2b 🇺🇸=unknown buffered=1
    21.304ms [⏱️65] [🔧pn3xt3vl1ms] ✍️  write 9b 🇺🇸=unknown buffered=2
    21.317ms [⏱️63] [🔧pn3xt3vl1ms] 📦 onRequestBody 9b
    21.339ms [⏱️65] [🔧pn3xt3vl1ms] ✍️  write 2b 🇺🇸=unknown buffered=3
    21.352ms [⏱️65] [🔧pn3xt3vl1ms] ✍️  write 5b 🇺🇸=unknown buffered=4
    21.482ms [⏱️63] [🔧pn3xt3vl1ms] 🏁 onRequestEnd hasStream=true
    21.039ms [⏱️68] [🔧qql74p4sj6] ▶️ resume()
    21.864ms [⏱️68] [🔧qql74p4sj6] ✍️  write 95b 🇺🇸=unknown buffered=0
    21.899ms [⏱️66] [🔧qql74p4sj6] 🚀 onRequestStart path=/ keepAlive=true
    22.229ms [⏱️68] [🔧qql74p4sj6] ✍️  write 2b 🇺🇸=unknown buffered=1
    22.248ms [⏱️68] [🔧qql74p4sj6] ✍️  write 9b 🇺🇸=unknown buffered=2
    22.263ms [⏱️66] [🔧qql74p4sj6] 📦 onRequestBody 9b
    22.285ms [⏱️68] [🔧qql74p4sj6] ✍️  write 2b 🇺🇸=unknown buffered=3
    22.303ms [⏱️68] [🔧qql74p4sj6] ✍️  write 5b 🇺🇸=unknown buffered=4
    22.398ms [⏱️66] [🔧qql74p4sj6] 🏁 onRequestEnd hasStream=true
    21.987ms [⏱️71] [🔧67nryj77ken] ▶️ resume()
    22.005ms [⏱️71] [🔧67nryj77ken] ✍️  write 95b 🇺🇸=unknown buffered=0
    22.288ms [⏱️69] [🔧67nryj77ken] 🚀 onRequestStart path=/ keepAlive=true
    22.661ms [⏱️71] [🔧67nryj77ken] ✍️  write 2b 🇺🇸=unknown buffered=1
    22.685ms [⏱️71] [🔧67nryj77ken] ✍️  write 9b 🇺🇸=unknown buffered=2
    22.700ms [⏱️69] [🔧67nryj77ken] 📦 onRequestBody 9b
    22.723ms [⏱️71] [🔧67nryj77ken] ✍️  write 2b 🇺🇸=unknown buffered=3
    22.734ms [⏱️71] [🔧67nryj77ken] ✍️  write 5b 🇺🇸=unknown buffered=4
    22.747ms [⏱️69] [🔧67nryj77ken] 🏁 onRequestEnd hasStream=true
    22.548ms [⏱️74] [🔧2fp0w08s6yc] ▶️ resume()
    22.574ms [⏱️74] [🔧2fp0w08s6yc] ✍️  write 95b 🇺🇸=unknown buffered=0
    22.588ms [⏱️72] [🔧2fp0w08s6yc] 🚀 onRequestStart path=/ keepAlive=true
    23.054ms [⏱️74] [🔧2fp0w08s6yc] ✍️  write 2b 🇺🇸=unknown buffered=1
    23.078ms [⏱️74] [🔧2fp0w08s6yc] ✍️  write 9b 🇺🇸=unknown buffered=2
    23.091ms [⏱️72] [🔧2fp0w08s6yc] 📦 onRequestBody 9b
    23.167ms [⏱️74] [🔧2fp0w08s6yc] ✍️  write 2b 🇺🇸=unknown buffered=3
    23.184ms [⏱️74] [🔧2fp0w08s6yc] ✍️  write 5b 🇺🇸=unknown buffered=4
    23.264ms [⏱️72] [🔧2fp0w08s6yc] 🏁 onRequestEnd hasStream=true
    22.171ms [⏱️77] [🔧wlsdj3cyqwj] ▶️ resume()
    22.192ms [⏱️77] [🔧wlsdj3cyqwj] ✍️  write 95b 🇺🇸=unknown buffered=0
    22.255ms [⏱️75] [🔧wlsdj3cyqwj] 🚀 onRequestStart path=/ keepAlive=true
    22.669ms [⏱️77] [🔧wlsdj3cyqwj] ✍️  write 2b 🇺🇸=unknown buffered=1
    22.689ms [⏱️77] [🔧wlsdj3cyqwj] ✍️  write 9b 🇺🇸=unknown buffered=2
    22.702ms [⏱️75] [🔧wlsdj3cyqwj] 📦 onRequestBody 9b
    22.722ms [⏱️77] [🔧wlsdj3cyqwj] ✍️  write 2b 🇺🇸=unknown buffered=3
    22.736ms [⏱️77] [🔧wlsdj3cyqwj] ✍️  write 5b 🇺🇸=unknown buffered=4
    22.746ms [⏱️75] [🔧wlsdj3cyqwj] 🏁 onRequestEnd hasStream=true
    22.447ms [⏱️80] [🔧sjtxnpjuov] ▶️ resume()
    22.466ms [⏱️80] [🔧sjtxnpjuov] ✍️  write 95b 🇺🇸=unknown buffered=0
    22.480ms [⏱️78] [🔧sjtxnpjuov] 🚀 onRequestStart path=/ keepAlive=true
    22.904ms [⏱️80] [🔧sjtxnpjuov] ✍️  write 2b 🇺🇸=unknown buffered=1
    22.925ms [⏱️80] [🔧sjtxnpjuov] ✍️  write 9b 🇺🇸=unknown buffered=2
    22.936ms [⏱️78] [🔧sjtxnpjuov] 📦 onRequestBody 9b
    22.957ms [⏱️80] [🔧sjtxnpjuov] ✍️  write 2b 🇺🇸=unknown buffered=3
    22.971ms [⏱️80] [🔧sjtxnpjuov] ✍️  write 5b 🇺🇸=unknown buffered=4
    22.981ms [⏱️78] [🔧sjtxnpjuov] 🏁 onRequestEnd hasStream=true
    22.785ms [⏱️83] [🔧qzdq0dl0dj] ▶️ resume()
    22.805ms [⏱️83] [🔧qzdq0dl0dj] ✍️  write 95b 🇺🇸=unknown buffered=0
    22.822ms [⏱️81] [🔧qzdq0dl0dj] 🚀 onRequestStart path=/ keepAlive=true
    23.227ms [⏱️83] [🔧qzdq0dl0dj] ✍️  write 2b 🇺🇸=unknown buffered=1
    23.260ms [⏱️83] [🔧qzdq0dl0dj] ✍️  write 9b 🇺🇸=unknown buffered=2
    23.284ms [⏱️81] [🔧qzdq0dl0dj] 📦 onRequestBody 9b
    23.305ms [⏱️83] [🔧qzdq0dl0dj] ✍️  write 2b 🇺🇸=unknown buffered=3
    23.322ms [⏱️83] [🔧qzdq0dl0dj] ✍️  write 5b 🇺🇸=unknown buffered=4
    23.334ms [⏱️81] [🔧qzdq0dl0dj] 🏁 onRequestEnd hasStream=true
    22.661ms [⏱️86] [🔧1b3fxt78x66] ▶️ resume()
    22.683ms [⏱️86] [🔧1b3fxt78x66] ✍️  write 95b 🇺🇸=unknown buffered=0
    22.716ms [⏱️84] [🔧1b3fxt78x66] 🚀 onRequestStart path=/ keepAlive=true
    23.016ms [⏱️86] [🔧1b3fxt78x66] ✍️  write 2b 🇺🇸=unknown buffered=1
    23.044ms [⏱️86] [🔧1b3fxt78x66] ✍️  write 9b 🇺🇸=unknown buffered=2
    23.057ms [⏱️84] [🔧1b3fxt78x66] 📦 onRequestBody 9b
    23.075ms [⏱️86] [🔧1b3fxt78x66] ✍️  write 2b 🇺🇸=unknown buffered=3
    23.089ms [⏱️86] [🔧1b3fxt78x66] ✍️  write 5b 🇺🇸=unknown buffered=4
    23.100ms [⏱️84] [🔧1b3fxt78x66] 🏁 onRequestEnd hasStream=true
    35.868ms [⏱️89] [🔧pwvpkrajx1r] 📖 read([0])
    36.005ms [⏱️89] [🔧pwvpkrajx1r] 🔬 _read(16384) ⏳=true 🔐=undefined 🇺🇸=unknown 🔗=http://localhost:46477/ origFlowing=undefined
    36.120ms [⏱️89] [🔧pwvpkrajx1r] 📣 emit resume
    36.142ms [⏱️89] [🔧pwvpkrajx1r] 📖 read()
    33.342ms [⏱️93] [🔧n6xql2u5k9] 📖 read([0])
    33.361ms [⏱️93] [🔧n6xql2u5k9] 🔬 _read(16384) ⏳=true 🔐=undefined 🇺🇸=unknown 🔗=http://localhost:46477/ origFlowing=undefined
    33.374ms [⏱️93] [🔧n6xql2u5k9] 📣 emit resume
    33.383ms [⏱️93] [🔧n6xql2u5k9] 📖 read()
    32.923ms [⏱️97] [🔧bvxw6v0ls8] 📖 read([0])
    33.067ms [⏱️97] [🔧bvxw6v0ls8] 🔬 _read(16384) ⏳=true 🔐=undefined 🇺🇸=unknown 🔗=http://localhost:46477/ origFlowing=undefined
    33.165ms [⏱️97] [🔧bvxw6v0ls8] 📣 emit resume
    33.257ms [⏱️97] [🔧bvxw6v0ls8] 📖 read()
    32.709ms [⏱️101] [🔧9bcqc2jpujk] 📖 read([0])
    32.731ms [⏱️101] [🔧9bcqc2jpujk] 🔬 _read(16384) ⏳=true 🔐=undefined 🇺🇸=unknown 🔗=http://localhost:46477/ origFlowing=undefined
    32.745ms [⏱️101] [🔧9bcqc2jpujk] 📣 emit resume
    32.759ms [⏱️101] [🔧9bcqc2jpujk] 📖 read()
    32.364ms [⏱️105] [🔧wcqkx37f9zd] 📖 read([0])
    32.378ms [⏱️105] [🔧wcqkx37f9zd] 🔬 _read(16384) ⏳=true 🔐=undefined 🇺🇸=unknown 🔗=http://localhost:46477/ origFlowing=undefined
    32.402ms [⏱️105] [🔧wcqkx37f9zd] 📣 emit resume
    32.415ms [⏱️105] [🔧wcqkx37f9zd] 📖 read()
    31.756ms [⏱️109] [🔧oonwztj84dd] 📖 read([0])
    31.765ms [⏱️109] [🔧oonwztj84dd] 🔬 _read(16384) ⏳=true 🔐=undefined 🇺🇸=unknown 🔗=http://localhost:46477/ origFlowing=undefined
    31.775ms [⏱️109] [🔧oonwztj84dd] 📣 emit resume
    31.794ms [⏱️109] [🔧oonwztj84dd] 📖 read()
    31.277ms [⏱️113] [🔧geklpcjbhjg] 📖 read([0])
    31.319ms [⏱️113] [🔧geklpcjbhjg] 🔬 _read(16384) ⏳=true 🔐=undefined 🇺🇸=unknown 🔗=http://localhost:46477/ origFlowing=undefined
    31.353ms [⏱️113] [🔧geklpcjbhjg] 📣 emit resume
    31.383ms [⏱️113] [🔧geklpcjbhjg] 📖 read()
    31.031ms [⏱️117] [🔧vdgjke1k72s] 📖 read([0])
    31.245ms [⏱️117] [🔧vdgjke1k72s] 🔬 _read(16384) ⏳=true 🔐=undefined 🇺🇸=unknown 🔗=http://localhost:46477/ origFlowing=undefined
    31.358ms [⏱️117] [🔧vdgjke1k72s] 📣 emit resume
    31.372ms [⏱️117] [🔧vdgjke1k72s] 📖 read()
    30.965ms [⏱️121] [🔧v74qlt9mcy] 📖 read([0])
    30.980ms [⏱️121] [🔧v74qlt9mcy] 🔬 _read(16384) ⏳=true 🔐=undefined 🇺🇸=unknown 🔗=http://localhost:46477/ origFlowing=undefined
    30.999ms [⏱️121] [🔧v74qlt9mcy] 📣 emit resume
    31.011ms [⏱️121] [🔧v74qlt9mcy] 📖 read()
    30.648ms [⏱️125] [🔧dzitw1to3k8] 📖 read([0])
    30.665ms [⏱️125] [🔧dzitw1to3k8] 🔬 _read(16384) ⏳=true 🔐=undefined 🇺🇸=unknown 🔗=http://localhost:46477/ origFlowing=undefined
    30.683ms [⏱️125] [🔧dzitw1to3k8] 📣 emit resume
    30.769ms [⏱️125] [🔧dzitw1to3k8] 📖 read()
    30.265ms [⏱️129] [🔧jrf352bguis] 📖 read([0])
    30.281ms [⏱️129] [🔧jrf352bguis] 🔬 _read(16384) ⏳=true 🔐=undefined 🇺🇸=unknown 🔗=http://localhost:46477/ origFlowing=undefined
    30.301ms [⏱️129] [🔧jrf352bguis] 📣 emit resume
    30.314ms [⏱️129] [🔧jrf352bguis] 📖 read()
    29.416ms [⏱️133] [🔧ehg5x99hvbl] 📖 read([0])
    29.429ms [⏱️133] [🔧ehg5x99hvbl] 🔬 _read(16384) ⏳=true 🔐=undefined 🇺🇸=unknown 🔗=http://localhost:46477/ origFlowing=undefined
    29.439ms [⏱️133] [🔧ehg5x99hvbl] 📣 emit resume
    29.450ms [⏱️133] [🔧ehg5x99hvbl] 📖 read()
    28.910ms [⏱️137] [🔧pn3xt3vl1ms] 📖 read([0])
    28.922ms [⏱️137] [🔧pn3xt3vl1ms] 🔬 _read(16384) ⏳=true 🔐=undefined 🇺🇸=unknown 🔗=http://localhost:46477/ origFlowing=undefined
    28.936ms [⏱️137] [🔧pn3xt3vl1ms] 📣 emit resume
    28.946ms [⏱️137] [🔧pn3xt3vl1ms] 📖 read()
    28.363ms [⏱️141] [🔧qql74p4sj6] 📖 read([0])
    28.375ms [⏱️141] [🔧qql74p4sj6] 🔬 _read(16384) ⏳=true 🔐=undefined 🇺🇸=unknown 🔗=http://localhost:46477/ origFlowing=undefined
    28.384ms [⏱️141] [🔧qql74p4sj6] 📣 emit resume
    28.396ms [⏱️141] [🔧qql74p4sj6] 📖 read()
    27.946ms [⏱️145] [🔧67nryj77ken] 📖 read([0])
    27.957ms [⏱️145] [🔧67nryj77ken] 🔬 _read(16384) ⏳=true 🔐=undefined 🇺🇸=unknown 🔗=http://localhost:46477/ origFlowing=undefined
    27.970ms [⏱️145] [🔧67nryj77ken] 📣 emit resume
    27.981ms [⏱️145] [🔧67nryj77ken] 📖 read()
    27.705ms [⏱️149] [🔧2fp0w08s6yc] 📖 read([0])
    27.717ms [⏱️149] [🔧2fp0w08s6yc] 🔬 _read(16384) ⏳=true 🔐=undefined 🇺🇸=unknown 🔗=http://localhost:46477/ origFlowing=undefined
    27.731ms [⏱️149] [🔧2fp0w08s6yc] 📣 emit resume
    27.761ms [⏱️149] [🔧2fp0w08s6yc] 📖 read()
    26.627ms [⏱️153] [🔧wlsdj3cyqwj] 📖 read([0])
    26.651ms [⏱️153] [🔧wlsdj3cyqwj] 🔬 _read(16384) ⏳=true 🔐=undefined 🇺🇸=unknown 🔗=http://localhost:46477/ origFlowing=undefined
    26.665ms [⏱️153] [🔧wlsdj3cyqwj] 📣 emit resume
    26.679ms [⏱️153] [🔧wlsdj3cyqwj] 📖 read()
    26.369ms [⏱️157] [🔧sjtxnpjuov] 📖 read([0])
    26.378ms [⏱️157] [🔧sjtxnpjuov] 🔬 _read(16384) ⏳=true 🔐=undefined 🇺🇸=unknown 🔗=http://localhost:46477/ origFlowing=undefined
    26.416ms [⏱️157] [🔧sjtxnpjuov] 📣 emit resume
    26.435ms [⏱️157] [🔧sjtxnpjuov] 📖 read()
    26.223ms [⏱️161] [🔧qzdq0dl0dj] 📖 read([0])
    26.238ms [⏱️161] [🔧qzdq0dl0dj] 🔬 _read(16384) ⏳=true 🔐=undefined 🇺🇸=unknown 🔗=http://localhost:46477/ origFlowing=undefined
    26.247ms [⏱️161] [🔧qzdq0dl0dj] 📣 emit resume
    26.260ms [⏱️161] [🔧qzdq0dl0dj] 📖 read()
    25.565ms [⏱️165] [🔧1b3fxt78x66] 📖 read([0])
    25.572ms [⏱️165] [🔧1b3fxt78x66] 🔬 _read(16384) ⏳=true 🔐=undefined 🇺🇸=unknown 🔗=http://localhost:46477/ origFlowing=undefined
    25.744ms [⏱️165] [🔧1b3fxt78x66] 📣 emit resume
    25.766ms [⏱️165] [🔧1b3fxt78x66] 📖 read()
    43.858ms [⏱️0] [🔧pwvpkrajx1r] 💨 passthrough() 🧨=false ⏳=true
    44.226ms [⏱️0] [🔧pwvpkrajx1r] 🔌 created originalSocket
    44.259ms [⏱️0] [🔧pwvpkrajx1r] 🚽 flushing writeBuffer (5 items)
    41.567ms [⏱️0] [🔧n6xql2u5k9] 💨 passthrough() 🧨=false ⏳=true
    41.628ms [⏱️0] [🔧n6xql2u5k9] 🔌 created originalSocket
    41.648ms [⏱️0] [🔧n6xql2u5k9] 🚽 flushing writeBuffer (5 items)
    41.228ms [⏱️0] [🔧bvxw6v0ls8] 💨 passthrough() 🧨=false ⏳=true
    41.292ms [⏱️0] [🔧bvxw6v0ls8] 🔌 created originalSocket
    41.310ms [⏱️0] [🔧bvxw6v0ls8] 🚽 flushing writeBuffer (5 items)
    40.668ms [⏱️0] [🔧9bcqc2jpujk] 💨 passthrough() 🧨=false ⏳=true
    40.706ms [⏱️0] [🔧9bcqc2jpujk] 🔌 created originalSocket
    40.721ms [⏱️0] [🔧9bcqc2jpujk] 🚽 flushing writeBuffer (5 items)
    40.356ms [⏱️0] [🔧wcqkx37f9zd] 💨 passthrough() 🧨=false ⏳=true
    40.433ms [⏱️0] [🔧wcqkx37f9zd] 🔌 created originalSocket
    40.448ms [⏱️0] [🔧wcqkx37f9zd] 🚽 flushing writeBuffer (5 items)
    39.812ms [⏱️0] [🔧oonwztj84dd] 💨 passthrough() 🧨=false ⏳=true
    39.859ms [⏱️0] [🔧oonwztj84dd] 🔌 created originalSocket
    39.875ms [⏱️0] [🔧oonwztj84dd] 🚽 flushing writeBuffer (5 items)
    39.355ms [⏱️0] [🔧geklpcjbhjg] 💨 passthrough() 🧨=false ⏳=true
    39.392ms [⏱️0] [🔧geklpcjbhjg] 🔌 created originalSocket
    39.406ms [⏱️0] [🔧geklpcjbhjg] 🚽 flushing writeBuffer (5 items)
    39.067ms [⏱️0] [🔧vdgjke1k72s] 💨 passthrough() 🧨=false ⏳=true
    39.099ms [⏱️0] [🔧vdgjke1k72s] 🔌 created originalSocket
    39.453ms [⏱️0] [🔧vdgjke1k72s] 🚽 flushing writeBuffer (5 items)
    39.096ms [⏱️0] [🔧v74qlt9mcy] 💨 passthrough() 🧨=false ⏳=true
    39.157ms [⏱️0] [🔧v74qlt9mcy] 🔌 created originalSocket
    39.193ms [⏱️0] [🔧v74qlt9mcy] 🚽 flushing writeBuffer (5 items)
    38.917ms [⏱️0] [🔧dzitw1to3k8] 💨 passthrough() 🧨=false ⏳=true
    38.976ms [⏱️0] [🔧dzitw1to3k8] 🔌 created originalSocket
    38.994ms [⏱️0] [🔧dzitw1to3k8] 🚽 flushing writeBuffer (5 items)
    38.522ms [⏱️0] [🔧jrf352bguis] 💨 passthrough() 🧨=false ⏳=true
    38.641ms [⏱️0] [🔧jrf352bguis] 🔌 created originalSocket
    38.662ms [⏱️0] [🔧jrf352bguis] 🚽 flushing writeBuffer (5 items)
    37.788ms [⏱️0] [🔧ehg5x99hvbl] 💨 passthrough() 🧨=false ⏳=true
    37.841ms [⏱️0] [🔧ehg5x99hvbl] 🔌 created originalSocket
    37.856ms [⏱️0] [🔧ehg5x99hvbl] 🚽 flushing writeBuffer (5 items)
    37.326ms [⏱️0] [🔧pn3xt3vl1ms] 💨 passthrough() 🧨=false ⏳=true
    37.440ms [⏱️0] [🔧pn3xt3vl1ms] 🔌 created originalSocket
    37.454ms [⏱️0] [🔧pn3xt3vl1ms] 🚽 flushing writeBuffer (5 items)
    36.935ms [⏱️0] [🔧qql74p4sj6] 💨 passthrough() 🧨=false ⏳=true
    37.118ms [⏱️0] [🔧qql74p4sj6] 🔌 created originalSocket
    37.156ms [⏱️0] [🔧qql74p4sj6] 🚽 flushing writeBuffer (5 items)
    36.739ms [⏱️0] [🔧67nryj77ken] 💨 passthrough() 🧨=false ⏳=true
    36.805ms [⏱️0] [🔧67nryj77ken] 🔌 created originalSocket
    36.821ms [⏱️0] [🔧67nryj77ken] 🚽 flushing writeBuffer (5 items)
    36.568ms [⏱️0] [🔧2fp0w08s6yc] 💨 passthrough() 🧨=false ⏳=true
    36.606ms [⏱️0] [🔧2fp0w08s6yc] 🔌 created originalSocket
    36.623ms [⏱️0] [🔧2fp0w08s6yc] 🚽 flushing writeBuffer (5 items)
    35.472ms [⏱️0] [🔧wlsdj3cyqwj] 💨 passthrough() 🧨=false ⏳=true
    35.522ms [⏱️0] [🔧wlsdj3cyqwj] 🔌 created originalSocket
    35.671ms [⏱️0] [🔧wlsdj3cyqwj] 🚽 flushing writeBuffer (5 items)
    35.472ms [⏱️0] [🔧sjtxnpjuov] 💨 passthrough() 🧨=false ⏳=true
    35.524ms [⏱️0] [🔧sjtxnpjuov] 🔌 created originalSocket
    35.587ms [⏱️0] [🔧sjtxnpjuov] 🚽 flushing writeBuffer (5 items)
    35.368ms [⏱️0] [🔧qzdq0dl0dj] 💨 passthrough() 🧨=false ⏳=true
    35.443ms [⏱️0] [🔧qzdq0dl0dj] 🔌 created originalSocket
    35.583ms [⏱️0] [🔧qzdq0dl0dj] 🚽 flushing writeBuffer (5 items)
    34.931ms [⏱️0] [🔧1b3fxt78x66] 💨 passthrough() 🧨=false ⏳=true
    35.158ms [⏱️0] [🔧1b3fxt78x66] 🔌 created originalSocket
    35.193ms [⏱️0] [🔧1b3fxt78x66] 🚽 flushing writeBuffer (5 items)
    47.991ms [⏱️312] [🔧pwvpkrajx1r] ▶️ onResume
    48.009ms [⏱️312] [🔧pwvpkrajx1r] 📣 emit resume
    45.169ms [⏱️315] [🔧n6xql2u5k9] ▶️ onResume
    45.182ms [⏱️315] [🔧n6xql2u5k9] 📣 emit resume
    44.679ms [⏱️318] [🔧bvxw6v0ls8] ▶️ onResume
    44.692ms [⏱️318] [🔧bvxw6v0ls8] 📣 emit resume
    44.018ms [⏱️321] [🔧9bcqc2jpujk] ▶️ onResume
    44.137ms [⏱️321] [🔧9bcqc2jpujk] 📣 emit resume
    43.786ms [⏱️324] [🔧wcqkx37f9zd] ▶️ onResume
    43.797ms [⏱️324] [🔧wcqkx37f9zd] 📣 emit resume
    43.264ms [⏱️327] [🔧oonwztj84dd] ▶️ onResume
    43.281ms [⏱️327] [🔧oonwztj84dd] 📣 emit resume
    42.767ms [⏱️330] [🔧geklpcjbhjg] ▶️ onResume
    42.795ms [⏱️330] [🔧geklpcjbhjg] 📣 emit resume
    42.431ms [⏱️333] [🔧vdgjke1k72s] ▶️ onResume
    42.444ms [⏱️333] [🔧vdgjke1k72s] 📣 emit resume
    42.024ms [⏱️336] [🔧v74qlt9mcy] ▶️ onResume
    42.031ms [⏱️336] [🔧v74qlt9mcy] 📣 emit resume
    41.669ms [⏱️339] [🔧dzitw1to3k8] ▶️ onResume
    41.734ms [⏱️339] [🔧dzitw1to3k8] 📣 emit resume
    41.263ms [⏱️342] [🔧jrf352bguis] ▶️ onResume
    41.276ms [⏱️342] [🔧jrf352bguis] 📣 emit resume
    40.374ms [⏱️345] [🔧ehg5x99hvbl] ▶️ onResume
    40.382ms [⏱️345] [🔧ehg5x99hvbl] 📣 emit resume
    39.853ms [⏱️348] [🔧pn3xt3vl1ms] ▶️ onResume
    39.867ms [⏱️348] [🔧pn3xt3vl1ms] 📣 emit resume
    39.277ms [⏱️351] [🔧qql74p4sj6] ▶️ onResume
    39.297ms [⏱️351] [🔧qql74p4sj6] 📣 emit resume
    38.846ms [⏱️354] [🔧67nryj77ken] ▶️ onResume
    38.857ms [⏱️354] [🔧67nryj77ken] 📣 emit resume
    38.575ms [⏱️357] [🔧2fp0w08s6yc] ▶️ onResume
    38.589ms [⏱️357] [🔧2fp0w08s6yc] 📣 emit resume
    37.418ms [⏱️360] [🔧wlsdj3cyqwj] ▶️ onResume
    37.443ms [⏱️360] [🔧wlsdj3cyqwj] 📣 emit resume
    37.126ms [⏱️363] [🔧sjtxnpjuov] ▶️ onResume
    37.132ms [⏱️363] [🔧sjtxnpjuov] 📣 emit resume
    36.861ms [⏱️366] [🔧qzdq0dl0dj] ▶️ onResume
    36.868ms [⏱️366] [🔧qzdq0dl0dj] 📣 emit resume
    36.170ms [⏱️369] [🔧1b3fxt78x66] ▶️ onResume
    36.279ms [⏱️369] [🔧1b3fxt78x66] 📣 emit resume
    49.196ms [⏱️311] [🔧pwvpkrajx1r] 🔍 onLookup args=[null,"::1",6,"localhost"]
    49.232ms [⏱️311] [🔧pwvpkrajx1r] 📣 emit lookup null, "::1", 6, "localhost"
    49.251ms [⏱️311] [🔧pwvpkrajx1r] 🔍 onLookup args=[null,"127.0.0.1",4,"localhost"]
    49.264ms [⏱️311] [🔧pwvpkrajx1r] 📣 emit lookup null, "127.0.0.1", 4, "localhost"
    46.587ms [⏱️314] [🔧n6xql2u5k9] 🔍 onLookup args=[null,"::1",6,"localhost"]
    46.607ms [⏱️314] [🔧n6xql2u5k9] 📣 emit lookup null, "::1", 6, "localhost"
    46.622ms [⏱️314] [🔧n6xql2u5k9] 🔍 onLookup args=[null,"127.0.0.1",4,"localhost"]
    46.634ms [⏱️314] [🔧n6xql2u5k9] 📣 emit lookup null, "127.0.0.1", 4, "localhost"
    46.159ms [⏱️317] [🔧bvxw6v0ls8] 🔍 onLookup args=[null,"::1",6,"localhost"]
    46.219ms [⏱️317] [🔧bvxw6v0ls8] 📣 emit lookup null, "::1", 6, "localhost"
    46.233ms [⏱️317] [🔧bvxw6v0ls8] 🔍 onLookup args=[null,"127.0.0.1",4,"localhost"]
    46.245ms [⏱️317] [🔧bvxw6v0ls8] 📣 emit lookup null, "127.0.0.1", 4, "localhost"
    45.587ms [⏱️320] [🔧9bcqc2jpujk] 🔍 onLookup args=[null,"::1",6,"localhost"]
    45.601ms [⏱️320] [🔧9bcqc2jpujk] 📣 emit lookup null, "::1", 6, "localhost"
    45.610ms [⏱️320] [🔧9bcqc2jpujk] 🔍 onLookup args=[null,"127.0.0.1",4,"localhost"]
    45.623ms [⏱️320] [🔧9bcqc2jpujk] 📣 emit lookup null, "127.0.0.1", 4, "localhost"
    45.247ms [⏱️323] [🔧wcqkx37f9zd] 🔍 onLookup args=[null,"::1",6,"localhost"]
    45.261ms [⏱️323] [🔧wcqkx37f9zd] 📣 emit lookup null, "::1", 6, "localhost"
    45.277ms [⏱️323] [🔧wcqkx37f9zd] 🔍 onLookup args=[null,"127.0.0.1",4,"localhost"]
    45.290ms [⏱️323] [🔧wcqkx37f9zd] 📣 emit lookup null, "127.0.0.1", 4, "localhost"
    44.644ms [⏱️326] [🔧oonwztj84dd] 🔍 onLookup args=[null,"::1",6,"localhost"]
    44.658ms [⏱️326] [🔧oonwztj84dd] 📣 emit lookup null, "::1", 6, "localhost"
    44.671ms [⏱️326] [🔧oonwztj84dd] 🔍 onLookup args=[null,"127.0.0.1",4,"localhost"]
    44.683ms [⏱️326] [🔧oonwztj84dd] 📣 emit lookup null, "127.0.0.1", 4, "localhost"
    44.157ms [⏱️329] [🔧geklpcjbhjg] 🔍 onLookup args=[null,"::1",6,"localhost"]
    44.171ms [⏱️329] [🔧geklpcjbhjg] 📣 emit lookup null, "::1", 6, "localhost"
    44.180ms [⏱️329] [🔧geklpcjbhjg] 🔍 onLookup args=[null,"127.0.0.1",4,"localhost"]
    44.192ms [⏱️329] [🔧geklpcjbhjg] 📣 emit lookup null, "127.0.0.1", 4, "localhost"
    43.839ms [⏱️332] [🔧vdgjke1k72s] 🔍 onLookup args=[null,"::1",6,"localhost"]
    43.852ms [⏱️332] [🔧vdgjke1k72s] 📣 emit lookup null, "::1", 6, "localhost"
    43.866ms [⏱️332] [🔧vdgjke1k72s] 🔍 onLookup args=[null,"127.0.0.1",4,"localhost"]
    43.877ms [⏱️332] [🔧vdgjke1k72s] 📣 emit lookup null, "127.0.0.1", 4, "localhost"
    43.484ms [⏱️335] [🔧v74qlt9mcy] 🔍 onLookup args=[null,"::1",6,"localhost"]
    43.495ms [⏱️335] [🔧v74qlt9mcy] 📣 emit lookup null, "::1", 6, "localhost"
    43.504ms [⏱️335] [🔧v74qlt9mcy] 🔍 onLookup args=[null,"127.0.0.1",4,"localhost"]
    43.543ms [⏱️335] [🔧v74qlt9mcy] 📣 emit lookup null, "127.0.0.1", 4, "localhost"
    43.207ms [⏱️338] [🔧dzitw1to3k8] 🔍 onLookup args=[null,"::1",6,"localhost"]
    43.218ms [⏱️338] [🔧dzitw1to3k8] 📣 emit lookup null, "::1", 6, "localhost"
    43.226ms [⏱️338] [🔧dzitw1to3k8] 🔍 onLookup args=[null,"127.0.0.1",4,"localhost"]
    43.235ms [⏱️338] [🔧dzitw1to3k8] 📣 emit lookup null, "127.0.0.1", 4, "localhost"
    42.825ms [⏱️341] [🔧jrf352bguis] 🔍 onLookup args=[null,"::1",6,"localhost"]
    42.853ms [⏱️341] [🔧jrf352bguis] 📣 emit lookup null, "::1", 6, "localhost"
    42.869ms [⏱️341] [🔧jrf352bguis] 🔍 onLookup args=[null,"127.0.0.1",4,"localhost"]
    42.881ms [⏱️341] [🔧jrf352bguis] 📣 emit lookup null, "127.0.0.1", 4, "localhost"
    42.002ms [⏱️344] [🔧ehg5x99hvbl] 🔍 onLookup args=[null,"::1",6,"localhost"]
    42.017ms [⏱️344] [🔧ehg5x99hvbl] 📣 emit lookup null, "::1", 6, "localhost"
    42.027ms [⏱️344] [🔧ehg5x99hvbl] 🔍 onLookup args=[null,"127.0.0.1",4,"localhost"]
    42.035ms [⏱️344] [🔧ehg5x99hvbl] 📣 emit lookup null, "127.0.0.1", 4, "localhost"
    41.515ms [⏱️347] [🔧pn3xt3vl1ms] 🔍 onLookup args=[null,"::1",6,"localhost"]
    41.531ms [⏱️347] [🔧pn3xt3vl1ms] 📣 emit lookup null, "::1", 6, "localhost"
    41.539ms [⏱️347] [🔧pn3xt3vl1ms] 🔍 onLookup args=[null,"127.0.0.1",4,"localhost"]
    41.547ms [⏱️347] [🔧pn3xt3vl1ms] 📣 emit lookup null, "127.0.0.1", 4, "localhost"
    40.974ms [⏱️350] [🔧qql74p4sj6] 🔍 onLookup args=[null,"::1",6,"localhost"]
    41.001ms [⏱️350] [🔧qql74p4sj6] 📣 emit lookup null, "::1", 6, "localhost"
    41.010ms [⏱️350] [🔧qql74p4sj6] 🔍 onLookup args=[null,"127.0.0.1",4,"localhost"]
    41.031ms [⏱️350] [🔧qql74p4sj6] 📣 emit lookup null, "127.0.0.1", 4, "localhost"
    40.586ms [⏱️353] [🔧67nryj77ken] 🔍 onLookup args=[null,"::1",6,"localhost"]
    40.601ms [⏱️353] [🔧67nryj77ken] 📣 emit lookup null, "::1", 6, "localhost"
    40.641ms [⏱️353] [🔧67nryj77ken] 🔍 onLookup args=[null,"127.0.0.1",4,"localhost"]
    40.668ms [⏱️353] [🔧67nryj77ken] 📣 emit lookup null, "127.0.0.1", 4, "localhost"
    40.494ms [⏱️356] [🔧2fp0w08s6yc] 🔍 onLookup args=[null,"::1",6,"localhost"]
    40.516ms [⏱️356] [🔧2fp0w08s6yc] 📣 emit lookup null, "::1", 6, "localhost"
    40.525ms [⏱️356] [🔧2fp0w08s6yc] 🔍 onLookup args=[null,"127.0.0.1",4,"localhost"]
    40.533ms [⏱️356] [🔧2fp0w08s6yc] 📣 emit lookup null, "127.0.0.1", 4, "localhost"
    39.422ms [⏱️359] [🔧wlsdj3cyqwj] 🔍 onLookup args=[null,"::1",6,"localhost"]
    39.436ms [⏱️359] [🔧wlsdj3cyqwj] 📣 emit lookup null, "::1", 6, "localhost"
    39.574ms [⏱️359] [🔧wlsdj3cyqwj] 🔍 onLookup args=[null,"127.0.0.1",4,"localhost"]
    39.611ms [⏱️359] [🔧wlsdj3cyqwj] 📣 emit lookup null, "127.0.0.1", 4, "localhost"
    39.402ms [⏱️362] [🔧sjtxnpjuov] 🔍 onLookup args=[null,"::1",6,"localhost"]
    39.421ms [⏱️362] [🔧sjtxnpjuov] 📣 emit lookup null, "::1", 6, "localhost"
    39.478ms [⏱️362] [🔧sjtxnpjuov] 🔍 onLookup args=[null,"127.0.0.1",4,"localhost"]
    39.492ms [⏱️362] [🔧sjtxnpjuov] 📣 emit lookup null, "127.0.0.1", 4, "localhost"
    39.280ms [⏱️365] [🔧qzdq0dl0dj] 🔍 onLookup args=[null,"::1",6,"localhost"]
    39.296ms [⏱️365] [🔧qzdq0dl0dj] 📣 emit lookup null, "::1", 6, "localhost"
    39.305ms [⏱️365] [🔧qzdq0dl0dj] 🔍 onLookup args=[null,"127.0.0.1",4,"localhost"]
    39.314ms [⏱️365] [🔧qzdq0dl0dj] 📣 emit lookup null, "127.0.0.1", 4, "localhost"
    38.731ms [⏱️368] [🔧1b3fxt78x66] 🔍 onLookup args=[null,"::1",6,"localhost"]
    38.751ms [⏱️368] [🔧1b3fxt78x66] 📣 emit lookup null, "::1", 6, "localhost"
    38.761ms [⏱️368] [🔧1b3fxt78x66] 🔍 onLookup args=[null,"127.0.0.1",4,"localhost"]
    38.773ms [⏱️368] [🔧1b3fxt78x66] 📣 emit lookup null, "127.0.0.1", 4, "localhost"
   100.918ms [⏱️381] [🔧9bcqc2jpujk] 🔌 onConnect delay from lookup
   100.963ms [⏱️381] [🔧9bcqc2jpujk] ✅ Handles match
   100.986ms [⏱️381] [🔧9bcqc2jpujk] 📣 emit connect
   101.027ms [⏱️381] [🔧9bcqc2jpujk] 🔬 _read(16384) ⏳=false 🔐=undefined 🇺🇸=passthrough 🔗=http://localhost:46477/ origFlowing=true
   101.079ms [⏱️381] [🔧9bcqc2jpujk] 🔧 HANDLE.readStart()
   101.504ms [⏱️381] [🔧9bcqc2jpujk]     at tryReadStart (node:net:705:30)
   101.522ms [⏱️381] [🔧9bcqc2jpujk]     at Socket._read (node:net:722:5)
   101.532ms [⏱️381] [🔧9bcqc2jpujk]     at MockHttpSocket._read (/workspace/repro/node_modules/.pnpm/@mswjs+interceptors@file+../node_modules/@mswjs/interceptors/lib/node/chunk-EFBKFUZI.js:550:11)
   101.547ms [⏱️381] [🔧9bcqc2jpujk]     at MockHttpSocket.<anonymous> (node:net:720:37)
   101.589ms [⏱️381] [🔧9bcqc2jpujk]     at Object.onceWrapper (node:events:638:28)
   101.606ms [⏱️381] [🔧9bcqc2jpujk]     at MockHttpSocket.emit (node:events:524:28)
   101.615ms [⏱️381] [🔧9bcqc2jpujk]     at MockHttpSocket.emit (/workspace/repro/node_modules/.pnpm/@mswjs+interceptors@file+../node_modules/@mswjs/interceptors/lib/node/chunk-EFBKFUZI.js:564:12)
   101.630ms [⏱️381] [🔧9bcqc2jpujk]     at Socket.<anonymous> (/workspace/repro/node_modules/.pnpm/@mswjs+interceptors@file+../node_modules/@mswjs/interceptors/lib/node/chunk-EFBKFUZI.js:704:12)
   101.672ms [⏱️381] [🔧9bcqc2jpujk] ✅ onReady
   101.689ms [⏱️381] [🔧9bcqc2jpujk] 📣 emit ready
   211.267ms [⏱️378] [🔧bvxw6v0ls8] 🔌 onConnect delay from lookup
   211.451ms [⏱️378] [🔧bvxw6v0ls8] ✅ Handles match
   211.520ms [⏱️378] [🔧bvxw6v0ls8] 📣 emit connect
   211.590ms [⏱️378] [🔧bvxw6v0ls8] 🔬 _read(16384) ⏳=false 🔐=undefined 🇺🇸=passthrough 🔗=http://localhost:46477/ origFlowing=true
   211.748ms [⏱️378] [🔧bvxw6v0ls8] 🔧 HANDLE.readStart()
   212.062ms [⏱️378] [🔧bvxw6v0ls8]     at tryReadStart (node:net:705:30)
   212.138ms [⏱️378] [🔧bvxw6v0ls8]     at Socket._read (node:net:722:5)
   212.317ms [⏱️378] [🔧bvxw6v0ls8]     at MockHttpSocket._read (/workspace/repro/node_modules/.pnpm/@mswjs+interceptors@file+../node_modules/@mswjs/interceptors/lib/node/chunk-EFBKFUZI.js:550:11)
   212.375ms [⏱️378] [🔧bvxw6v0ls8]     at MockHttpSocket.<anonymous> (node:net:720:37)
   212.411ms [⏱️378] [🔧bvxw6v0ls8]     at Object.onceWrapper (node:events:638:28)
   212.471ms [⏱️378] [🔧bvxw6v0ls8]     at MockHttpSocket.emit (node:events:524:28)
   213.016ms [⏱️378] [🔧bvxw6v0ls8]     at MockHttpSocket.emit (/workspace/repro/node_modules/.pnpm/@mswjs+interceptors@file+../node_modules/@mswjs/interceptors/lib/node/chunk-EFBKFUZI.js:564:12)
   213.115ms [⏱️378] [🔧bvxw6v0ls8]     at Socket.<anonymous> (/workspace/repro/node_modules/.pnpm/@mswjs+interceptors@file+../node_modules/@mswjs/interceptors/lib/node/chunk-EFBKFUZI.js:704:12)
   213.228ms [⏱️378] [🔧bvxw6v0ls8] ✅ onReady
   213.465ms [⏱️378] [🔧bvxw6v0ls8] 📣 emit ready
   228.722ms [⏱️429] [🔧1b3fxt78x66] 🔌 onConnect delay from lookup
   228.880ms [⏱️429] [🔧1b3fxt78x66] ✅ Handles match
   228.951ms [⏱️429] [🔧1b3fxt78x66] 📣 emit connect
   229.037ms [⏱️429] [🔧1b3fxt78x66] 🔬 _read(16384) ⏳=false 🔐=undefined 🇺🇸=passthrough 🔗=http://localhost:46477/ origFlowing=true
   229.112ms [⏱️429] [🔧1b3fxt78x66] 🔧 HANDLE.readStart()
   229.410ms [⏱️429] [🔧1b3fxt78x66]     at tryReadStart (node:net:705:30)
   229.488ms [⏱️429] [🔧1b3fxt78x66]     at Socket._read (node:net:722:5)
   229.548ms [⏱️429] [🔧1b3fxt78x66]     at MockHttpSocket._read (/workspace/repro/node_modules/.pnpm/@mswjs+interceptors@file+../node_modules/@mswjs/interceptors/lib/node/chunk-EFBKFUZI.js:550:11)
   229.719ms [⏱️429] [🔧1b3fxt78x66]     at MockHttpSocket.<anonymous> (node:net:720:37)
   229.859ms [⏱️429] [🔧1b3fxt78x66]     at Object.onceWrapper (node:events:638:28)
   230.031ms [⏱️429] [🔧1b3fxt78x66]     at MockHttpSocket.emit (node:events:524:28)
   230.054ms [⏱️429] [🔧1b3fxt78x66]     at MockHttpSocket.emit (/workspace/repro/node_modules/.pnpm/@mswjs+interceptors@file+../node_modules/@mswjs/interceptors/lib/node/chunk-EFBKFUZI.js:564:12)
   230.638ms [⏱️429] [🔧1b3fxt78x66]     at Socket.<anonymous> (/workspace/repro/node_modules/.pnpm/@mswjs+interceptors@file+../node_modules/@mswjs/interceptors/lib/node/chunk-EFBKFUZI.js:704:12)
   230.721ms [⏱️429] [🔧1b3fxt78x66] ✅ onReady
   230.756ms [⏱️429] [🔧1b3fxt78x66] 📣 emit ready
   304.027ms [⏱️373] [🔧pwvpkrajx1r] 🔧 HANDLE.close()
   304.422ms [⏱️373] [🔧pwvpkrajx1r]     at Timeout.internalConnectMultipleTimeout [as _onTimeout] (node:net:1712:10)
   304.506ms [⏱️373] [🔧pwvpkrajx1r]     at listOnTimeout (node:internal/timers:583:11)
   304.570ms [⏱️373] [🔧pwvpkrajx1r]     at process.processTimers (node:internal/timers:519:7)
   304.780ms [⏱️373] [🔧pwvpkrajx1r] 🔧 HANDLE.close()
   305.018ms [⏱️373] [🔧pwvpkrajx1r]     at Socket.reinitializeHandle (node:net:1265:17)
   305.093ms [⏱️373] [🔧pwvpkrajx1r]     at internalConnectMultiple (node:net:1131:30)
   305.158ms [⏱️373] [🔧pwvpkrajx1r]     at Timeout.internalConnectMultipleTimeout (node:net:1716:5)
   305.220ms [⏱️373] [🔧pwvpkrajx1r]     at listOnTimeout (node:internal/timers:583:11)
   305.255ms [⏱️373] [🔧pwvpkrajx1r]     at process.processTimers (node:internal/timers:519:7)
   302.842ms [⏱️376] [🔧n6xql2u5k9] 🔧 HANDLE.close()
   302.939ms [⏱️376] [🔧n6xql2u5k9]     at Timeout.internalConnectMultipleTimeout [as _onTimeout] (node:net:1712:10)
   302.971ms [⏱️376] [🔧n6xql2u5k9]     at listOnTimeout (node:internal/timers:583:11)
   302.993ms [⏱️376] [🔧n6xql2u5k9]     at process.processTimers (node:internal/timers:519:7)
   303.045ms [⏱️376] [🔧n6xql2u5k9] 🔧 HANDLE.close()
   303.171ms [⏱️376] [🔧n6xql2u5k9]     at Socket.reinitializeHandle (node:net:1265:17)
   303.279ms [⏱️376] [🔧n6xql2u5k9]     at internalConnectMultiple (node:net:1131:30)
   303.365ms [⏱️376] [🔧n6xql2u5k9]     at Timeout.internalConnectMultipleTimeout (node:net:1716:5)
   303.448ms [⏱️376] [🔧n6xql2u5k9]     at listOnTimeout (node:internal/timers:583:11)
   303.474ms [⏱️376] [🔧n6xql2u5k9]     at process.processTimers (node:internal/timers:519:7)
   302.167ms [⏱️385] [🔧wcqkx37f9zd] 🔧 HANDLE.close()
   302.336ms [⏱️385] [🔧wcqkx37f9zd]     at Timeout.internalConnectMultipleTimeout [as _onTimeout] (node:net:1712:10)
   302.381ms [⏱️385] [🔧wcqkx37f9zd]     at listOnTimeout (node:internal/timers:583:11)
   302.420ms [⏱️385] [🔧wcqkx37f9zd]     at process.processTimers (node:internal/timers:519:7)
   302.559ms [⏱️385] [🔧wcqkx37f9zd] 🔧 HANDLE.close()
   302.709ms [⏱️385] [🔧wcqkx37f9zd]     at Socket.reinitializeHandle (node:net:1265:17)
   302.749ms [⏱️385] [🔧wcqkx37f9zd]     at internalConnectMultiple (node:net:1131:30)
   302.772ms [⏱️385] [🔧wcqkx37f9zd]     at Timeout.internalConnectMultipleTimeout (node:net:1716:5)
   302.817ms [⏱️385] [🔧wcqkx37f9zd]     at listOnTimeout (node:internal/timers:583:11)
   302.836ms [⏱️385] [🔧wcqkx37f9zd]     at process.processTimers (node:internal/timers:519:7)
   302.423ms [⏱️388] [🔧oonwztj84dd] 🔧 HANDLE.close()
   302.588ms [⏱️388] [🔧oonwztj84dd]     at Timeout.internalConnectMultipleTimeout [as _onTimeout] (node:net:1712:10)
   302.628ms [⏱️388] [🔧oonwztj84dd]     at listOnTimeout (node:internal/timers:583:11)
   302.660ms [⏱️388] [🔧oonwztj84dd]     at process.processTimers (node:internal/timers:519:7)
   302.756ms [⏱️388] [🔧oonwztj84dd] 🔧 HANDLE.close()
   302.908ms [⏱️388] [🔧oonwztj84dd]     at Socket.reinitializeHandle (node:net:1265:17)
   302.943ms [⏱️388] [🔧oonwztj84dd]     at internalConnectMultiple (node:net:1131:30)
   303.009ms [⏱️388] [🔧oonwztj84dd]     at Timeout.internalConnectMultipleTimeout (node:net:1716:5)
   303.044ms [⏱️388] [🔧oonwztj84dd]     at listOnTimeout (node:internal/timers:583:11)
   303.076ms [⏱️388] [🔧oonwztj84dd]     at process.processTimers (node:internal/timers:519:7)
   302.659ms [⏱️391] [🔧geklpcjbhjg] 🔧 HANDLE.close()
   302.844ms [⏱️391] [🔧geklpcjbhjg]     at Timeout.internalConnectMultipleTimeout [as _onTimeout] (node:net:1712:10)
   302.887ms [⏱️391] [🔧geklpcjbhjg]     at listOnTimeout (node:internal/timers:583:11)
   302.924ms [⏱️391] [🔧geklpcjbhjg]     at process.processTimers (node:internal/timers:519:7)
   303.003ms [⏱️391] [🔧geklpcjbhjg] 🔧 HANDLE.close()
   303.077ms [⏱️391] [🔧geklpcjbhjg]     at Socket.reinitializeHandle (node:net:1265:17)
   303.153ms [⏱️391] [🔧geklpcjbhjg]     at internalConnectMultiple (node:net:1131:30)
   303.202ms [⏱️391] [🔧geklpcjbhjg]     at Timeout.internalConnectMultipleTimeout (node:net:1716:5)
   303.232ms [⏱️391] [🔧geklpcjbhjg]     at listOnTimeout (node:internal/timers:583:11)
   303.349ms [⏱️391] [🔧geklpcjbhjg]     at process.processTimers (node:internal/timers:519:7)
   303.182ms [⏱️394] [🔧vdgjke1k72s] 🔧 HANDLE.close()
   303.325ms [⏱️394] [🔧vdgjke1k72s]     at Timeout.internalConnectMultipleTimeout [as _onTimeout] (node:net:1712:10)
   303.362ms [⏱️394] [🔧vdgjke1k72s]     at listOnTimeout (node:internal/timers:583:11)
   303.390ms [⏱️394] [🔧vdgjke1k72s]     at process.processTimers (node:internal/timers:519:7)
   303.449ms [⏱️394] [🔧vdgjke1k72s] 🔧 HANDLE.close()
   303.591ms [⏱️394] [🔧vdgjke1k72s]     at Socket.reinitializeHandle (node:net:1265:17)
   303.620ms [⏱️394] [🔧vdgjke1k72s]     at internalConnectMultiple (node:net:1131:30)
   303.641ms [⏱️394] [🔧vdgjke1k72s]     at Timeout.internalConnectMultipleTimeout (node:net:1716:5)
   303.661ms [⏱️394] [🔧vdgjke1k72s]     at listOnTimeout (node:internal/timers:583:11)
   303.680ms [⏱️394] [🔧vdgjke1k72s]     at process.processTimers (node:internal/timers:519:7)
   303.327ms [⏱️397] [🔧v74qlt9mcy] 🔧 HANDLE.close()
   303.368ms [⏱️397] [🔧v74qlt9mcy]     at Timeout.internalConnectMultipleTimeout [as _onTimeout] (node:net:1712:10)
   303.386ms [⏱️397] [🔧v74qlt9mcy]     at listOnTimeout (node:internal/timers:583:11)
   303.403ms [⏱️397] [🔧v74qlt9mcy]     at process.processTimers (node:internal/timers:519:7)
   303.436ms [⏱️397] [🔧v74qlt9mcy] 🔧 HANDLE.close()
   303.489ms [⏱️397] [🔧v74qlt9mcy]     at Socket.reinitializeHandle (node:net:1265:17)
   303.511ms [⏱️397] [🔧v74qlt9mcy]     at internalConnectMultiple (node:net:1131:30)
   303.558ms [⏱️397] [🔧v74qlt9mcy]     at Timeout.internalConnectMultipleTimeout (node:net:1716:5)
   303.595ms [⏱️397] [🔧v74qlt9mcy]     at listOnTimeout (node:internal/timers:583:11)
   303.624ms [⏱️397] [🔧v74qlt9mcy]     at process.processTimers (node:internal/timers:519:7)
   303.451ms [⏱️400] [🔧dzitw1to3k8] 🔧 HANDLE.close()
   303.656ms [⏱️400] [🔧dzitw1to3k8]     at Timeout.internalConnectMultipleTimeout [as _onTimeout] (node:net:1712:10)
   303.690ms [⏱️400] [🔧dzitw1to3k8]     at listOnTimeout (node:internal/timers:583:11)
   303.734ms [⏱️400] [🔧dzitw1to3k8]     at process.processTimers (node:internal/timers:519:7)
   303.837ms [⏱️400] [🔧dzitw1to3k8] 🔧 HANDLE.close()
   303.945ms [⏱️400] [🔧dzitw1to3k8]     at Socket.reinitializeHandle (node:net:1265:17)
   304.077ms [⏱️400] [🔧dzitw1to3k8]     at internalConnectMultiple (node:net:1131:30)
   304.114ms [⏱️400] [🔧dzitw1to3k8]     at Timeout.internalConnectMultipleTimeout (node:net:1716:5)
   304.161ms [⏱️400] [🔧dzitw1to3k8]     at listOnTimeout (node:internal/timers:583:11)
   304.178ms [⏱️400] [🔧dzitw1to3k8]     at process.processTimers (node:internal/timers:519:7)
   303.879ms [⏱️403] [🔧jrf352bguis] 🔧 HANDLE.close()
   303.945ms [⏱️403] [🔧jrf352bguis]     at Timeout.internalConnectMultipleTimeout [as _onTimeout] (node:net:1712:10)
   303.971ms [⏱️403] [🔧jrf352bguis]     at listOnTimeout (node:internal/timers:583:11)
   303.995ms [⏱️403] [🔧jrf352bguis]     at process.processTimers (node:internal/timers:519:7)
   304.038ms [⏱️403] [🔧jrf352bguis] 🔧 HANDLE.close()
   304.105ms [⏱️403] [🔧jrf352bguis]     at Socket.reinitializeHandle (node:net:1265:17)
   304.130ms [⏱️403] [🔧jrf352bguis]     at internalConnectMultiple (node:net:1131:30)
   304.180ms [⏱️403] [🔧jrf352bguis]     at Timeout.internalConnectMultipleTimeout (node:net:1716:5)
   304.271ms [⏱️403] [🔧jrf352bguis]     at listOnTimeout (node:internal/timers:583:11)
   304.295ms [⏱️403] [🔧jrf352bguis]     at process.processTimers (node:internal/timers:519:7)
   303.711ms [⏱️406] [🔧ehg5x99hvbl] 🔧 HANDLE.close()
   303.776ms [⏱️406] [🔧ehg5x99hvbl]     at Timeout.internalConnectMultipleTimeout [as _onTimeout] (node:net:1712:10)
   303.809ms [⏱️406] [🔧ehg5x99hvbl]     at listOnTimeout (node:internal/timers:583:11)
   303.836ms [⏱️406] [🔧ehg5x99hvbl]     at process.processTimers (node:internal/timers:519:7)
   303.885ms [⏱️406] [🔧ehg5x99hvbl] 🔧 HANDLE.close()
   303.967ms [⏱️406] [🔧ehg5x99hvbl]     at Socket.reinitializeHandle (node:net:1265:17)
   304.057ms [⏱️406] [🔧ehg5x99hvbl]     at internalConnectMultiple (node:net:1131:30)
   304.082ms [⏱️406] [🔧ehg5x99hvbl]     at Timeout.internalConnectMultipleTimeout (node:net:1716:5)
   304.105ms [⏱️406] [🔧ehg5x99hvbl]     at listOnTimeout (node:internal/timers:583:11)
   304.162ms [⏱️406] [🔧ehg5x99hvbl]     at process.processTimers (node:internal/timers:519:7)
   303.848ms [⏱️409] [🔧pn3xt3vl1ms] 🔧 HANDLE.close()
   303.925ms [⏱️409] [🔧pn3xt3vl1ms]     at Timeout.internalConnectMultipleTimeout [as _onTimeout] (node:net:1712:10)
   303.948ms [⏱️409] [🔧pn3xt3vl1ms]     at listOnTimeout (node:internal/timers:583:11)
   303.973ms [⏱️409] [🔧pn3xt3vl1ms]     at process.processTimers (node:internal/timers:519:7)
   304.003ms [⏱️409] [🔧pn3xt3vl1ms] 🔧 HANDLE.close()
   304.047ms [⏱️409] [🔧pn3xt3vl1ms]     at Socket.reinitializeHandle (node:net:1265:17)
   304.082ms [⏱️409] [🔧pn3xt3vl1ms]     at internalConnectMultiple (node:net:1131:30)
   304.118ms [⏱️409] [🔧pn3xt3vl1ms]     at Timeout.internalConnectMultipleTimeout (node:net:1716:5)
   304.133ms [⏱️409] [🔧pn3xt3vl1ms]     at listOnTimeout (node:internal/timers:583:11)
   304.215ms [⏱️409] [🔧pn3xt3vl1ms]     at process.processTimers (node:internal/timers:519:7)
   303.744ms [⏱️412] [🔧qql74p4sj6] 🔧 HANDLE.close()
   303.800ms [⏱️412] [🔧qql74p4sj6]     at Timeout.internalConnectMultipleTimeout [as _onTimeout] (node:net:1712:10)
   303.824ms [⏱️412] [🔧qql74p4sj6]     at listOnTimeout (node:internal/timers:583:11)
   303.846ms [⏱️412] [🔧qql74p4sj6]     at process.processTimers (node:internal/timers:519:7)
   303.887ms [⏱️412] [🔧qql74p4sj6] 🔧 HANDLE.close()
   303.930ms [⏱️412] [🔧qql74p4sj6]     at Socket.reinitializeHandle (node:net:1265:17)
   303.952ms [⏱️412] [🔧qql74p4sj6]     at internalConnectMultiple (node:net:1131:30)
   303.972ms [⏱️412] [🔧qql74p4sj6]     at Timeout.internalConnectMultipleTimeout (node:net:1716:5)
   303.992ms [⏱️412] [🔧qql74p4sj6]     at listOnTimeout (node:internal/timers:583:11)
   304.011ms [⏱️412] [🔧qql74p4sj6]     at process.processTimers (node:internal/timers:519:7)
   303.708ms [⏱️415] [🔧67nryj77ken] 🔧 HANDLE.close()
   303.747ms [⏱️415] [🔧67nryj77ken]     at Timeout.internalConnectMultipleTimeout [as _onTimeout] (node:net:1712:10)
   303.766ms [⏱️415] [🔧67nryj77ken]     at listOnTimeout (node:internal/timers:583:11)
   303.785ms [⏱️415] [🔧67nryj77ken]     at process.processTimers (node:internal/timers:519:7)
   303.815ms [⏱️415] [🔧67nryj77ken] 🔧 HANDLE.close()
   303.853ms [⏱️415] [🔧67nryj77ken]     at Socket.reinitializeHandle (node:net:1265:17)
   303.872ms [⏱️415] [🔧67nryj77ken]     at internalConnectMultiple (node:net:1131:30)
   303.891ms [⏱️415] [🔧67nryj77ken]     at Timeout.internalConnectMultipleTimeout (node:net:1716:5)
   303.909ms [⏱️415] [🔧67nryj77ken]     at listOnTimeout (node:internal/timers:583:11)
   303.927ms [⏱️415] [🔧67nryj77ken]     at process.processTimers (node:internal/timers:519:7)
   303.686ms [⏱️418] [🔧2fp0w08s6yc] 🔧 HANDLE.close()
   303.722ms [⏱️418] [🔧2fp0w08s6yc]     at Timeout.internalConnectMultipleTimeout [as _onTimeout] (node:net:1712:10)
   303.750ms [⏱️418] [🔧2fp0w08s6yc]     at listOnTimeout (node:internal/timers:583:11)
   303.768ms [⏱️418] [🔧2fp0w08s6yc]     at process.processTimers (node:internal/timers:519:7)
   303.795ms [⏱️418] [🔧2fp0w08s6yc] 🔧 HANDLE.close()
   303.833ms [⏱️418] [🔧2fp0w08s6yc]     at Socket.reinitializeHandle (node:net:1265:17)
   303.851ms [⏱️418] [🔧2fp0w08s6yc]     at internalConnectMultiple (node:net:1131:30)
   303.870ms [⏱️418] [🔧2fp0w08s6yc]     at Timeout.internalConnectMultipleTimeout (node:net:1716:5)
   303.888ms [⏱️418] [🔧2fp0w08s6yc]     at listOnTimeout (node:internal/timers:583:11)
   303.906ms [⏱️418] [🔧2fp0w08s6yc]     at process.processTimers (node:internal/timers:519:7)
   302.775ms [⏱️421] [🔧wlsdj3cyqwj] 🔧 HANDLE.close()
   302.827ms [⏱️421] [🔧wlsdj3cyqwj]     at Timeout.internalConnectMultipleTimeout [as _onTimeout] (node:net:1712:10)
   302.844ms [⏱️421] [🔧wlsdj3cyqwj]     at listOnTimeout (node:internal/timers:583:11)
   302.882ms [⏱️421] [🔧wlsdj3cyqwj]     at process.processTimers (node:internal/timers:519:7)
   302.925ms [⏱️421] [🔧wlsdj3cyqwj] 🔧 HANDLE.close()
   302.976ms [⏱️421] [🔧wlsdj3cyqwj]     at Socket.reinitializeHandle (node:net:1265:17)
   303.013ms [⏱️421] [🔧wlsdj3cyqwj]     at internalConnectMultiple (node:net:1131:30)
   303.035ms [⏱️421] [🔧wlsdj3cyqwj]     at Timeout.internalConnectMultipleTimeout (node:net:1716:5)
   303.156ms [⏱️421] [🔧wlsdj3cyqwj]     at listOnTimeout (node:internal/timers:583:11)
   303.195ms [⏱️421] [🔧wlsdj3cyqwj]     at process.processTimers (node:internal/timers:519:7)
   302.996ms [⏱️424] [🔧sjtxnpjuov] 🔧 HANDLE.close()
   303.068ms [⏱️424] [🔧sjtxnpjuov]     at Timeout.internalConnectMultipleTimeout [as _onTimeout] (node:net:1712:10)
   303.137ms [⏱️424] [🔧sjtxnpjuov]     at listOnTimeout (node:internal/timers:583:11)
   303.171ms [⏱️424] [🔧sjtxnpjuov]     at process.processTimers (node:internal/timers:519:7)
   303.209ms [⏱️424] [🔧sjtxnpjuov] 🔧 HANDLE.close()
   303.418ms [⏱️424] [🔧sjtxnpjuov]     at Socket.reinitializeHandle (node:net:1265:17)
   303.445ms [⏱️424] [🔧sjtxnpjuov]     at internalConnectMultiple (node:net:1131:30)
   303.566ms [⏱️424] [🔧sjtxnpjuov]     at Timeout.internalConnectMultipleTimeout (node:net:1716:5)
   303.598ms [⏱️424] [🔧sjtxnpjuov]     at listOnTimeout (node:internal/timers:583:11)
   303.698ms [⏱️424] [🔧sjtxnpjuov]     at process.processTimers (node:internal/timers:519:7)
   303.579ms [⏱️427] [🔧qzdq0dl0dj] 🔧 HANDLE.close()
   303.649ms [⏱️427] [🔧qzdq0dl0dj]     at Timeout.internalConnectMultipleTimeout [as _onTimeout] (node:net:1712:10)
   303.671ms [⏱️427] [🔧qzdq0dl0dj]     at listOnTimeout (node:internal/timers:583:11)
   303.692ms [⏱️427] [🔧qzdq0dl0dj]     at process.processTimers (node:internal/timers:519:7)
   303.858ms [⏱️427] [🔧qzdq0dl0dj] 🔧 HANDLE.close()
   303.903ms [⏱️427] [🔧qzdq0dl0dj]     at Socket.reinitializeHandle (node:net:1265:17)
   303.926ms [⏱️427] [🔧qzdq0dl0dj]     at internalConnectMultiple (node:net:1131:30)
   303.945ms [⏱️427] [🔧qzdq0dl0dj]     at Timeout.internalConnectMultipleTimeout (node:net:1716:5)
   303.976ms [⏱️427] [🔧qzdq0dl0dj]     at listOnTimeout (node:internal/timers:583:11)
   303.990ms [⏱️427] [🔧qzdq0dl0dj]     at process.processTimers (node:internal/timers:519:7)
   424.088ms [⏱️481] [🔧2fp0w08s6yc] 🔌 onConnect delay from lookup
   424.273ms [⏱️481] [🔧2fp0w08s6yc] ⚠️  HANDLE MISMATCH!
   424.344ms [⏱️481] [🔧2fp0w08s6yc]    My Handle: TCP 🔧=true 🆔=-22 📖=false
   424.408ms [⏱️481] [🔧2fp0w08s6yc]    Socket Handle: TCP 🔧=false 🆔=37 📖=false
   424.476ms [⏱️481] [🔧2fp0w08s6yc]    Object references are different!
   424.547ms [⏱️481] [🔧2fp0w08s6yc] 📣 emit connect
   424.628ms [⏱️481] [🔧2fp0w08s6yc] 🔬 _read(16384) ⏳=false 🔐=undefined 🇺🇸=passthrough 🔗=http://localhost:46477/ origFlowing=true
   424.707ms [⏱️481] [🔧2fp0w08s6yc] 🔧 HANDLE.readStart()
   425.019ms [⏱️481] [🔧2fp0w08s6yc]     at tryReadStart (node:net:705:30)
   425.183ms [⏱️481] [🔧2fp0w08s6yc]     at Socket._read (node:net:722:5)
   425.282ms [⏱️481] [🔧2fp0w08s6yc]     at MockHttpSocket._read (/workspace/repro/node_modules/.pnpm/@mswjs+interceptors@file+../node_modules/@mswjs/interceptors/lib/node/chunk-EFBKFUZI.js:550:11)
   425.335ms [⏱️481] [🔧2fp0w08s6yc]     at MockHttpSocket.<anonymous> (node:net:720:37)
   425.813ms [⏱️481] [🔧2fp0w08s6yc]     at Object.onceWrapper (node:events:638:28)
   426.241ms [⏱️481] [🔧2fp0w08s6yc]     at MockHttpSocket.emit (node:events:524:28)
   426.360ms [⏱️481] [🔧2fp0w08s6yc]     at MockHttpSocket.emit (/workspace/repro/node_modules/.pnpm/@mswjs+interceptors@file+../node_modules/@mswjs/interceptors/lib/node/chunk-EFBKFUZI.js:564:12)
   426.481ms [⏱️481] [🔧2fp0w08s6yc]     at Socket.<anonymous> (/workspace/repro/node_modules/.pnpm/@mswjs+interceptors@file+../node_modules/@mswjs/interceptors/lib/node/chunk-EFBKFUZI.js:704:12)
   426.696ms [⏱️481] [🔧2fp0w08s6yc] ✅ onReady
   426.865ms [⏱️481] [🔧2fp0w08s6yc] 📣 emit ready
   445.521ms [⏱️445] [🔧n6xql2u5k9] 🔌 onConnect delay from lookup
   445.645ms [⏱️445] [🔧n6xql2u5k9] ⚠️  HANDLE MISMATCH!
   445.717ms [⏱️445] [🔧n6xql2u5k9]    My Handle: TCP 🔧=true 🆔=-22 📖=false
   445.780ms [⏱️445] [🔧n6xql2u5k9]    Socket Handle: TCP 🔧=false 🆔=23 📖=false
   445.841ms [⏱️445] [🔧n6xql2u5k9]    Object references are different!
   445.891ms [⏱️445] [🔧n6xql2u5k9] 📣 emit connect
   445.971ms [⏱️445] [🔧n6xql2u5k9] 🔬 _read(16384) ⏳=false 🔐=undefined 🇺🇸=passthrough 🔗=http://localhost:46477/ origFlowing=true
   446.044ms [⏱️445] [🔧n6xql2u5k9] 🔧 HANDLE.readStart()
   446.434ms [⏱️445] [🔧n6xql2u5k9]     at tryReadStart (node:net:705:30)
   446.718ms [⏱️445] [🔧n6xql2u5k9]     at Socket._read (node:net:722:5)
   446.784ms [⏱️445] [🔧n6xql2u5k9]     at MockHttpSocket._read (/workspace/repro/node_modules/.pnpm/@mswjs+interceptors@file+../node_modules/@mswjs/interceptors/lib/node/chunk-EFBKFUZI.js:550:11)
   446.851ms [⏱️445] [🔧n6xql2u5k9]     at MockHttpSocket.<anonymous> (node:net:720:37)
   446.892ms [⏱️445] [🔧n6xql2u5k9]     at Object.onceWrapper (node:events:638:28)
   446.956ms [⏱️445] [🔧n6xql2u5k9]     at MockHttpSocket.emit (node:events:524:28)
   446.997ms [⏱️445] [🔧n6xql2u5k9]     at MockHttpSocket.emit (/workspace/repro/node_modules/.pnpm/@mswjs+interceptors@file+../node_modules/@mswjs/interceptors/lib/node/chunk-EFBKFUZI.js:564:12)
   447.057ms [⏱️445] [🔧n6xql2u5k9]     at Socket.<anonymous> (/workspace/repro/node_modules/.pnpm/@mswjs+interceptors@file+../node_modules/@mswjs/interceptors/lib/node/chunk-EFBKFUZI.js:704:12)
   447.175ms [⏱️445] [🔧n6xql2u5k9] ✅ onReady
   447.226ms [⏱️445] [🔧n6xql2u5k9] 📣 emit ready
   451.362ms [⏱️319] [🔧9bcqc2jpujk] 💾 onData 120b
   451.533ms [⏱️319] [🔧9bcqc2jpujk] 📤 push([{"type":"Buffer","data":[72,84,84,80,47)
   451.723ms [⏱️37] [🔧9bcqc2jpujk] 📨 onResponseStart status=200 🇺🇸=passthrough
   452.981ms [⏱️37] [🔧9bcqc2jpujk] 📥 onResponseBody 2b
   453.091ms [⏱️37] [🔧9bcqc2jpujk] 🎬 onResponseEnd hasStream=true
   453.233ms [⏱️319] [🔧9bcqc2jpujk] 📣 emit data 120 chars
   453.330ms [⏱️508] [🔧9bcqc2jpujk] 📖 read([0])
   453.384ms [⏱️508] [🔧9bcqc2jpujk] 🔬 _read(16384) ⏳=false 🔐=undefined 🇺🇸=passthrough 🔗=http://localhost:46477/ origFlowing=true
   454.077ms [⏱️100] [🔧9bcqc2jpujk] ▶️ resume()
   454.575ms [⏱️523] [🔧9bcqc2jpujk] 📣 emit free
     0.001ms [⏱️0] [🔧9ah99i9v6cg] 🏗️  constructor starting
     0.113ms [⏱️0] [🔧9ah99i9v6cg] 🏗️  constructor complete http://localhost:46477/
   455.848ms [⏱️0] [🔧9bcqc2jpujk] 🧨 _destroy ⏳=false 🔐=undefined 🇺🇸=passthrough 🔗=http://localhost:46477/
   456.084ms [⏱️0] [🔧9bcqc2jpujk] 🔧 HANDLE.close()
   456.408ms [⏱️0] [🔧9bcqc2jpujk]     at closeSocketHandle (node:net:341:18)
   456.434ms [⏱️0] [🔧9bcqc2jpujk]     at Socket._destroy (node:net:831:7)
   456.454ms [⏱️0] [🔧9bcqc2jpujk]     at _destroy (node:internal/streams/destroy:121:10)
   456.477ms [⏱️0] [🔧9bcqc2jpujk]     at MockHttpSocket.destroy (node:internal/streams/destroy:83:5)
   456.494ms [⏱️0] [🔧9bcqc2jpujk]     at Writable.destroy (node:internal/streams/writable:1122:11)
   456.507ms [⏱️0] [🔧9bcqc2jpujk]     at MockHttpSocket.destroy (/workspace/repro/node_modules/.pnpm/@mswjs+interceptors@file+../node_modules/@mswjs/interceptors/lib/node/chunk-EFBKFUZI.js:574:18)
   456.523ms [⏱️0] [🔧9bcqc2jpujk]     at MockAgent.<anonymous> (node:_http_agent:154:14)
   456.537ms [⏱️0] [🔧9bcqc2jpujk]     at MockAgent.emit (node:events:524:28)
     1.665ms [⏱️530] [🔧9ah99i9v6cg] ▶️ resume()
     1.798ms [⏱️530] [🔧9ah99i9v6cg] ✍️  write 95b 🇺🇸=unknown buffered=0
     1.851ms [⏱️528] [🔧9ah99i9v6cg] 🚀 onRequestStart path=/ keepAlive=true
     2.367ms [⏱️530] [🔧9ah99i9v6cg] ✍️  write 2b 🇺🇸=unknown buffered=1
     2.413ms [⏱️530] [🔧9ah99i9v6cg] ✍️  write 9b 🇺🇸=unknown buffered=2
     2.449ms [⏱️528] [🔧9ah99i9v6cg] 📦 onRequestBody 9b
     2.487ms [⏱️530] [🔧9ah99i9v6cg] ✍️  write 2b 🇺🇸=unknown buffered=3
     2.513ms [⏱️530] [🔧9ah99i9v6cg] ✍️  write 5b 🇺🇸=unknown buffered=4
     2.539ms [⏱️528] [🔧9ah99i9v6cg] 🏁 onRequestEnd hasStream=true
     2.612ms [⏱️534] [🔧9ah99i9v6cg] 📖 read([0])
     2.699ms [⏱️534] [🔧9ah99i9v6cg] 🔬 _read(16384) ⏳=true 🔐=undefined 🇺🇸=unknown 🔗=http://localhost:46477/ origFlowing=undefined
     2.852ms [⏱️534] [🔧9ah99i9v6cg] 📣 emit resume
     2.916ms [⏱️534] [🔧9ah99i9v6cg] 📖 read()
     3.435ms [⏱️0] [🔧9ah99i9v6cg] 💨 passthrough() 🧨=false ⏳=true
     3.743ms [⏱️0] [🔧9ah99i9v6cg] 🔌 created originalSocket
     3.793ms [⏱️0] [🔧9ah99i9v6cg] 🚽 flushing writeBuffer (5 items)
     3.917ms [⏱️548] [🔧9ah99i9v6cg] ▶️ onResume
     3.980ms [⏱️548] [🔧9ah99i9v6cg] 📣 emit resume
   459.166ms [⏱️319] [🔧9bcqc2jpujk] 📣 emit close false
     4.430ms [⏱️547] [🔧9ah99i9v6cg] 🔍 onLookup args=[null,"::1",6,"localhost"]
     4.472ms [⏱️547] [🔧9ah99i9v6cg] 📣 emit lookup null, "::1", 6, "localhost"
     4.503ms [⏱️547] [🔧9ah99i9v6cg] 🔍 onLookup args=[null,"127.0.0.1",4,"localhost"]
     4.531ms [⏱️547] [🔧9ah99i9v6cg] 📣 emit lookup null, "127.0.0.1", 4, "localhost"
   475.370ms [⏱️463] [🔧dzitw1to3k8] 🔌 onConnect delay from lookup
   475.422ms [⏱️463] [🔧dzitw1to3k8] ⚠️  HANDLE MISMATCH!
   475.450ms [⏱️463] [🔧dzitw1to3k8]    My Handle: TCP 🔧=true 🆔=-22 📖=false
   475.475ms [⏱️463] [🔧dzitw1to3k8]    Socket Handle: TCP 🔧=false 🆔=31 📖=false
   475.495ms [⏱️463] [🔧dzitw1to3k8]    Object references are different!
   475.521ms [⏱️463] [🔧dzitw1to3k8] 📣 emit connect
   475.581ms [⏱️463] [🔧dzitw1to3k8] 🔬 _read(16384) ⏳=false 🔐=undefined 🇺🇸=passthrough 🔗=http://localhost:46477/ origFlowing=true
   475.625ms [⏱️463] [🔧dzitw1to3k8] 🔧 HANDLE.readStart()
   475.769ms [⏱️463] [🔧dzitw1to3k8]     at tryReadStart (node:net:705:30)
   475.827ms [⏱️463] [🔧dzitw1to3k8]     at Socket._read (node:net:722:5)
   475.852ms [⏱️463] [🔧dzitw1to3k8]     at MockHttpSocket._read (/workspace/repro/node_modules/.pnpm/@mswjs+interceptors@file+../node_modules/@mswjs/interceptors/lib/node/chunk-EFBKFUZI.js:550:11)
   475.874ms [⏱️463] [🔧dzitw1to3k8]     at MockHttpSocket.<anonymous> (node:net:720:37)
   475.901ms [⏱️463] [🔧dzitw1to3k8]     at Object.onceWrapper (node:events:638:28)
   475.921ms [⏱️463] [🔧dzitw1to3k8]     at MockHttpSocket.emit (node:events:524:28)
   475.942ms [⏱️463] [🔧dzitw1to3k8]     at MockHttpSocket.emit (/workspace/repro/node_modules/.pnpm/@mswjs+interceptors@file+../node_modules/@mswjs/interceptors/lib/node/chunk-EFBKFUZI.js:564:12)
   475.962ms [⏱️463] [🔧dzitw1to3k8]     at Socket.<anonymous> (/workspace/repro/node_modules/.pnpm/@mswjs+interceptors@file+../node_modules/@mswjs/interceptors/lib/node/chunk-EFBKFUZI.js:704:12)
   475.999ms [⏱️463] [🔧dzitw1to3k8] ✅ onReady
   476.024ms [⏱️463] [🔧dzitw1to3k8] 📣 emit ready
   579.342ms [⏱️454] [🔧geklpcjbhjg] 🔌 onConnect delay from lookup
   579.445ms [⏱️454] [🔧geklpcjbhjg] ⚠️  HANDLE MISMATCH!
   579.527ms [⏱️454] [🔧geklpcjbhjg]    My Handle: TCP 🔧=true 🆔=-22 📖=false
   579.593ms [⏱️454] [🔧geklpcjbhjg]    Socket Handle: TCP 🔧=false 🆔=28 📖=false
   579.665ms [⏱️454] [🔧geklpcjbhjg]    Object references are different!
   579.736ms [⏱️454] [🔧geklpcjbhjg] 📣 emit connect
   579.821ms [⏱️454] [🔧geklpcjbhjg] 🔬 _read(16384) ⏳=false 🔐=undefined 🇺🇸=passthrough 🔗=http://localhost:46477/ origFlowing=true
   579.973ms [⏱️454] [🔧geklpcjbhjg] 🔧 HANDLE.readStart()
   580.416ms [⏱️454] [🔧geklpcjbhjg]     at tryReadStart (node:net:705:30)
   580.638ms [⏱️454] [🔧geklpcjbhjg]     at Socket._read (node:net:722:5)
   580.680ms [⏱️454] [🔧geklpcjbhjg]     at MockHttpSocket._read (/workspace/repro/node_modules/.pnpm/@mswjs+interceptors@file+../node_modules/@mswjs/interceptors/lib/node/chunk-EFBKFUZI.js:550:11)
   580.697ms [⏱️454] [🔧geklpcjbhjg]     at MockHttpSocket.<anonymous> (node:net:720:37)
   580.718ms [⏱️454] [🔧geklpcjbhjg]     at Object.onceWrapper (node:events:638:28)
   580.755ms [⏱️454] [🔧geklpcjbhjg]     at MockHttpSocket.emit (node:events:524:28)
   580.768ms [⏱️454] [🔧geklpcjbhjg]     at MockHttpSocket.emit (/workspace/repro/node_modules/.pnpm/@mswjs+interceptors@file+../node_modules/@mswjs/interceptors/lib/node/chunk-EFBKFUZI.js:564:12)
   580.789ms [⏱️454] [🔧geklpcjbhjg]     at Socket.<anonymous> (/workspace/repro/node_modules/.pnpm/@mswjs+interceptors@file+../node_modules/@mswjs/interceptors/lib/node/chunk-EFBKFUZI.js:704:12)
   580.872ms [⏱️454] [🔧geklpcjbhjg] ✅ onReady
   580.937ms [⏱️454] [🔧geklpcjbhjg] 📣 emit ready
   588.891ms [⏱️448] [🔧wcqkx37f9zd] 🔌 onConnect delay from lookup
   588.941ms [⏱️448] [🔧wcqkx37f9zd] ⚠️  HANDLE MISMATCH!
   588.969ms [⏱️448] [🔧wcqkx37f9zd]    My Handle: TCP 🔧=true 🆔=-22 📖=false
   589.020ms [⏱️448] [🔧wcqkx37f9zd]    Socket Handle: TCP 🔧=false 🆔=26 📖=false
   589.078ms [⏱️448] [🔧wcqkx37f9zd]    Object references are different!
   589.149ms [⏱️448] [🔧wcqkx37f9zd] 📣 emit connect
   589.229ms [⏱️448] [🔧wcqkx37f9zd] 🔬 _read(16384) ⏳=false 🔐=undefined 🇺🇸=passthrough 🔗=http://localhost:46477/ origFlowing=true
   589.310ms [⏱️448] [🔧wcqkx37f9zd] 🔧 HANDLE.readStart()
   589.649ms [⏱️448] [🔧wcqkx37f9zd]     at tryReadStart (node:net:705:30)
   589.745ms [⏱️448] [🔧wcqkx37f9zd]     at Socket._read (node:net:722:5)
   589.792ms [⏱️448] [🔧wcqkx37f9zd]     at MockHttpSocket._read (/workspace/repro/node_modules/.pnpm/@mswjs+interceptors@file+../node_modules/@mswjs/interceptors/lib/node/chunk-EFBKFUZI.js:550:11)
   589.816ms [⏱️448] [🔧wcqkx37f9zd]     at MockHttpSocket.<anonymous> (node:net:720:37)
   589.887ms [⏱️448] [🔧wcqkx37f9zd]     at Object.onceWrapper (node:events:638:28)
   589.937ms [⏱️448] [🔧wcqkx37f9zd]     at MockHttpSocket.emit (node:events:524:28)
   590.032ms [⏱️448] [🔧wcqkx37f9zd]     at MockHttpSocket.emit (/workspace/repro/node_modules/.pnpm/@mswjs+interceptors@file+../node_modules/@mswjs/interceptors/lib/node/chunk-EFBKFUZI.js:564:12)
   590.059ms [⏱️448] [🔧wcqkx37f9zd]     at Socket.<anonymous> (/workspace/repro/node_modules/.pnpm/@mswjs+interceptors@file+../node_modules/@mswjs/interceptors/lib/node/chunk-EFBKFUZI.js:704:12)
   590.129ms [⏱️448] [🔧wcqkx37f9zd] ✅ onReady
   590.170ms [⏱️448] [🔧wcqkx37f9zd] 📣 emit ready
   607.261ms [⏱️442] [🔧pwvpkrajx1r] 🔌 onConnect delay from lookup
   607.338ms [⏱️442] [🔧pwvpkrajx1r] ⚠️  HANDLE MISMATCH!
   607.370ms [⏱️442] [🔧pwvpkrajx1r]    My Handle: TCP 🔧=true 🆔=-22 📖=false
   607.392ms [⏱️442] [🔧pwvpkrajx1r]    Socket Handle: TCP 🔧=false 🆔=22 📖=false
   607.413ms [⏱️442] [🔧pwvpkrajx1r]    Object references are different!
   607.445ms [⏱️442] [🔧pwvpkrajx1r] 📣 emit connect
   607.478ms [⏱️442] [🔧pwvpkrajx1r] 🔬 _read(16384) ⏳=false 🔐=undefined 🇺🇸=passthrough 🔗=http://localhost:46477/ origFlowing=true
   607.508ms [⏱️442] [🔧pwvpkrajx1r] 🔧 HANDLE.readStart()
   607.632ms [⏱️442] [🔧pwvpkrajx1r]     at tryReadStart (node:net:705:30)
   607.732ms [⏱️442] [🔧pwvpkrajx1r]     at Socket._read (node:net:722:5)
   607.760ms [⏱️442] [🔧pwvpkrajx1r]     at MockHttpSocket._read (/workspace/repro/node_modules/.pnpm/@mswjs+interceptors@file+../node_modules/@mswjs/interceptors/lib/node/chunk-EFBKFUZI.js:550:11)
   607.774ms [⏱️442] [🔧pwvpkrajx1r]     at MockHttpSocket.<anonymous> (node:net:720:37)
   607.788ms [⏱️442] [🔧pwvpkrajx1r]     at Object.onceWrapper (node:events:638:28)
   607.804ms [⏱️442] [🔧pwvpkrajx1r]     at MockHttpSocket.emit (node:events:524:28)
   607.884ms [⏱️442] [🔧pwvpkrajx1r]     at MockHttpSocket.emit (/workspace/repro/node_modules/.pnpm/@mswjs+interceptors@file+../node_modules/@mswjs/interceptors/lib/node/chunk-EFBKFUZI.js:564:12)
   607.917ms [⏱️442] [🔧pwvpkrajx1r]     at Socket.<anonymous> (/workspace/repro/node_modules/.pnpm/@mswjs+interceptors@file+../node_modules/@mswjs/interceptors/lib/node/chunk-EFBKFUZI.js:704:12)
   608.002ms [⏱️442] [🔧pwvpkrajx1r] ✅ onReady
   608.057ms [⏱️442] [🔧pwvpkrajx1r] 📣 emit ready
   651.624ms [⏱️466] [🔧jrf352bguis] 🔌 onConnect delay from lookup
   651.777ms [⏱️466] [🔧jrf352bguis] ⚠️  HANDLE MISMATCH!
   651.848ms [⏱️466] [🔧jrf352bguis]    My Handle: TCP 🔧=true 🆔=-22 📖=false
   651.918ms [⏱️466] [🔧jrf352bguis]    Socket Handle: TCP 🔧=false 🆔=32 📖=false
   651.988ms [⏱️466] [🔧jrf352bguis]    Object references are different!
   652.022ms [⏱️466] [🔧jrf352bguis] 📣 emit connect
   652.053ms [⏱️466] [🔧jrf352bguis] 🔬 _read(16384) ⏳=false 🔐=undefined 🇺🇸=passthrough 🔗=http://localhost:46477/ origFlowing=true
   652.079ms [⏱️466] [🔧jrf352bguis] 🔧 HANDLE.readStart()
   652.198ms [⏱️466] [🔧jrf352bguis]     at tryReadStart (node:net:705:30)
   652.219ms [⏱️466] [🔧jrf352bguis]     at Socket._read (node:net:722:5)
   652.240ms [⏱️466] [🔧jrf352bguis]     at MockHttpSocket._read (/workspace/repro/node_modules/.pnpm/@mswjs+interceptors@file+../node_modules/@mswjs/interceptors/lib/node/chunk-EFBKFUZI.js:550:11)
   652.263ms [⏱️466] [🔧jrf352bguis]     at MockHttpSocket.<anonymous> (node:net:720:37)
   652.281ms [⏱️466] [🔧jrf352bguis]     at Object.onceWrapper (node:events:638:28)
   652.301ms [⏱️466] [🔧jrf352bguis]     at MockHttpSocket.emit (node:events:524:28)
   652.318ms [⏱️466] [🔧jrf352bguis]     at MockHttpSocket.emit (/workspace/repro/node_modules/.pnpm/@mswjs+interceptors@file+../node_modules/@mswjs/interceptors/lib/node/chunk-EFBKFUZI.js:564:12)
   652.339ms [⏱️466] [🔧jrf352bguis]     at Socket.<anonymous> (/workspace/repro/node_modules/.pnpm/@mswjs+interceptors@file+../node_modules/@mswjs/interceptors/lib/node/chunk-EFBKFUZI.js:704:12)
   652.371ms [⏱️466] [🔧jrf352bguis] ✅ onReady
   652.394ms [⏱️466] [🔧jrf352bguis] 📣 emit ready
   682.271ms [⏱️475] [🔧qql74p4sj6] 🔌 onConnect delay from lookup
   682.429ms [⏱️475] [🔧qql74p4sj6] ⚠️  HANDLE MISMATCH!
   682.544ms [⏱️475] [🔧qql74p4sj6]    My Handle: TCP 🔧=true 🆔=-22 📖=false
   682.622ms [⏱️475] [🔧qql74p4sj6]    Socket Handle: TCP 🔧=false 🆔=35 📖=false
   682.684ms [⏱️475] [🔧qql74p4sj6]    Object references are different!
   682.749ms [⏱️475] [🔧qql74p4sj6] 📣 emit connect
   682.826ms [⏱️475] [🔧qql74p4sj6] 🔬 _read(16384) ⏳=false 🔐=undefined 🇺🇸=passthrough 🔗=http://localhost:46477/ origFlowing=true
   682.914ms [⏱️475] [🔧qql74p4sj6] 🔧 HANDLE.readStart()
   683.173ms [⏱️475] [🔧qql74p4sj6]     at tryReadStart (node:net:705:30)
   683.238ms [⏱️475] [🔧qql74p4sj6]     at Socket._read (node:net:722:5)
   683.272ms [⏱️475] [🔧qql74p4sj6]     at MockHttpSocket._read (/workspace/repro/node_modules/.pnpm/@mswjs+interceptors@file+../node_modules/@mswjs/interceptors/lib/node/chunk-EFBKFUZI.js:550:11)
   683.297ms [⏱️475] [🔧qql74p4sj6]     at MockHttpSocket.<anonymous> (node:net:720:37)
   683.324ms [⏱️475] [🔧qql74p4sj6]     at Object.onceWrapper (node:events:638:28)
   683.347ms [⏱️475] [🔧qql74p4sj6]     at MockHttpSocket.emit (node:events:524:28)
   683.372ms [⏱️475] [🔧qql74p4sj6]     at MockHttpSocket.emit (/workspace/repro/node_modules/.pnpm/@mswjs+interceptors@file+../node_modules/@mswjs/interceptors/lib/node/chunk-EFBKFUZI.js:564:12)
   683.418ms [⏱️475] [🔧qql74p4sj6]     at Socket.<anonymous> (/workspace/repro/node_modules/.pnpm/@mswjs+interceptors@file+../node_modules/@mswjs/interceptors/lib/node/chunk-EFBKFUZI.js:704:12)
   683.754ms [⏱️475] [🔧qql74p4sj6] ✅ onReady
   683.820ms [⏱️475] [🔧qql74p4sj6] 📣 emit ready
   255.387ms [⏱️553] [🔧9ah99i9v6cg] 🔧 HANDLE.close()
   255.678ms [⏱️553] [🔧9ah99i9v6cg]     at Timeout.internalConnectMultipleTimeout [as _onTimeout] (node:net:1712:10)
   255.734ms [⏱️553] [🔧9ah99i9v6cg]     at listOnTimeout (node:internal/timers:583:11)
   255.759ms [⏱️553] [🔧9ah99i9v6cg]     at process.processTimers (node:internal/timers:519:7)
   255.922ms [⏱️553] [🔧9ah99i9v6cg] 🔧 HANDLE.close()
   256.023ms [⏱️553] [🔧9ah99i9v6cg]     at Socket.reinitializeHandle (node:net:1265:17)
   256.050ms [⏱️553] [🔧9ah99i9v6cg]     at internalConnectMultiple (node:net:1131:30)
   256.069ms [⏱️553] [🔧9ah99i9v6cg]     at Timeout.internalConnectMultipleTimeout (node:net:1716:5)
   256.092ms [⏱️553] [🔧9ah99i9v6cg]     at listOnTimeout (node:internal/timers:583:11)
   256.106ms [⏱️553] [🔧9ah99i9v6cg]     at process.processTimers (node:internal/timers:519:7)
   743.340ms [⏱️484] [🔧wlsdj3cyqwj] 🔌 onConnect delay from lookup
   743.465ms [⏱️484] [🔧wlsdj3cyqwj] ⚠️  HANDLE MISMATCH!
   743.505ms [⏱️484] [🔧wlsdj3cyqwj]    My Handle: TCP 🔧=true 🆔=-22 📖=false
   743.540ms [⏱️484] [🔧wlsdj3cyqwj]    Socket Handle: TCP 🔧=false 🆔=38 📖=false
   743.586ms [⏱️484] [🔧wlsdj3cyqwj]    Object references are different!
   743.625ms [⏱️484] [🔧wlsdj3cyqwj] 📣 emit connect
   743.660ms [⏱️484] [🔧wlsdj3cyqwj] 🔬 _read(16384) ⏳=false 🔐=undefined 🇺🇸=passthrough 🔗=http://localhost:46477/ origFlowing=true
   743.695ms [⏱️484] [🔧wlsdj3cyqwj] 🔧 HANDLE.readStart()
   743.844ms [⏱️484] [🔧wlsdj3cyqwj]     at tryReadStart (node:net:705:30)
   743.872ms [⏱️484] [🔧wlsdj3cyqwj]     at Socket._read (node:net:722:5)
   743.895ms [⏱️484] [🔧wlsdj3cyqwj]     at MockHttpSocket._read (/workspace/repro/node_modules/.pnpm/@mswjs+interceptors@file+../node_modules/@mswjs/interceptors/lib/node/chunk-EFBKFUZI.js:550:11)
   743.924ms [⏱️484] [🔧wlsdj3cyqwj]     at MockHttpSocket.<anonymous> (node:net:720:37)
   743.940ms [⏱️484] [🔧wlsdj3cyqwj]     at Object.onceWrapper (node:events:638:28)
   743.964ms [⏱️484] [🔧wlsdj3cyqwj]     at MockHttpSocket.emit (node:events:524:28)
   743.988ms [⏱️484] [🔧wlsdj3cyqwj]     at MockHttpSocket.emit (/workspace/repro/node_modules/.pnpm/@mswjs+interceptors@file+../node_modules/@mswjs/interceptors/lib/node/chunk-EFBKFUZI.js:564:12)
   744.018ms [⏱️484] [🔧wlsdj3cyqwj]     at Socket.<anonymous> (/workspace/repro/node_modules/.pnpm/@mswjs+interceptors@file+../node_modules/@mswjs/interceptors/lib/node/chunk-EFBKFUZI.js:704:12)
   744.063ms [⏱️484] [🔧wlsdj3cyqwj] ✅ onReady
   744.089ms [⏱️484] [🔧wlsdj3cyqwj] 📣 emit ready
   746.163ms [⏱️474] [🔧qql74p4sj6] 💾 onData 120b
   746.248ms [⏱️474] [🔧qql74p4sj6] 📤 push([{"type":"Buffer","data":[72,84,84,80,47)
   746.301ms [⏱️67] [🔧qql74p4sj6] 📨 onResponseStart status=200 🇺🇸=passthrough
   747.114ms [⏱️67] [🔧qql74p4sj6] 📥 onResponseBody 2b
   747.250ms [⏱️67] [🔧qql74p4sj6] 🎬 onResponseEnd hasStream=true
   747.591ms [⏱️474] [🔧qql74p4sj6] 📣 emit data 120 chars
   747.782ms [⏱️621] [🔧qql74p4sj6] 📖 read([0])
   747.883ms [⏱️621] [🔧qql74p4sj6] 🔬 _read(16384) ⏳=false 🔐=undefined 🇺🇸=passthrough 🔗=http://localhost:46477/ origFlowing=true
   748.090ms [⏱️140] [🔧qql74p4sj6] ▶️ resume()
   748.337ms [⏱️636] [🔧qql74p4sj6] 📣 emit free
     0.001ms [⏱️0] [🔧yhhnwfawgwc] 🏗️  constructor starting
     0.117ms [⏱️0] [🔧yhhnwfawgwc] 🏗️  constructor complete http://localhost:46477/
   748.995ms [⏱️0] [🔧qql74p4sj6] 🧨 _destroy ⏳=false 🔐=undefined 🇺🇸=passthrough 🔗=http://localhost:46477/
   749.168ms [⏱️0] [🔧qql74p4sj6] 🔧 HANDLE.close()
   749.328ms [⏱️0] [🔧qql74p4sj6]     at closeSocketHandle (node:net:341:18)
   749.365ms [⏱️0] [🔧qql74p4sj6]     at Socket._destroy (node:net:831:7)
   749.399ms [⏱️0] [🔧qql74p4sj6]     at _destroy (node:internal/streams/destroy:121:10)
   749.434ms [⏱️0] [🔧qql74p4sj6]     at MockHttpSocket.destroy (node:internal/streams/destroy:83:5)
   749.469ms [⏱️0] [🔧qql74p4sj6]     at Writable.destroy (node:internal/streams/writable:1122:11)
   749.527ms [⏱️0] [🔧qql74p4sj6]     at MockHttpSocket.destroy (/workspace/repro/node_modules/.pnpm/@mswjs+interceptors@file+../node_modules/@mswjs/interceptors/lib/node/chunk-EFBKFUZI.js:574:18)
   749.567ms [⏱️0] [🔧qql74p4sj6]     at MockAgent.<anonymous> (node:_http_agent:154:14)
   749.604ms [⏱️0] [🔧qql74p4sj6]     at MockAgent.emit (node:events:524:28)
     1.105ms [⏱️643] [🔧yhhnwfawgwc] ▶️ resume()
     1.182ms [⏱️643] [🔧yhhnwfawgwc] ✍️  write 95b 🇺🇸=unknown buffered=0
     1.251ms [⏱️641] [🔧yhhnwfawgwc] 🚀 onRequestStart path=/ keepAlive=true
     1.732ms [⏱️643] [🔧yhhnwfawgwc] ✍️  write 2b 🇺🇸=unknown buffered=1
     1.771ms [⏱️643] [🔧yhhnwfawgwc] ✍️  write 9b 🇺🇸=unknown buffered=2
     1.808ms [⏱️641] [🔧yhhnwfawgwc] 📦 onRequestBody 9b
     1.860ms [⏱️643] [🔧yhhnwfawgwc] ✍️  write 2b 🇺🇸=unknown buffered=3
     1.883ms [⏱️643] [🔧yhhnwfawgwc] ✍️  write 5b 🇺🇸=unknown buffered=4
     1.905ms [⏱️641] [🔧yhhnwfawgwc] 🏁 onRequestEnd hasStream=true
     1.960ms [⏱️647] [🔧yhhnwfawgwc] 📖 read([0])
     2.005ms [⏱️647] [🔧yhhnwfawgwc] 🔬 _read(16384) ⏳=true 🔐=undefined 🇺🇸=unknown 🔗=http://localhost:46477/ origFlowing=undefined
     2.047ms [⏱️647] [🔧yhhnwfawgwc] 📣 emit resume
     2.085ms [⏱️647] [🔧yhhnwfawgwc] 📖 read()
     2.600ms [⏱️0] [🔧yhhnwfawgwc] 💨 passthrough() 🧨=false ⏳=true
     2.822ms [⏱️0] [🔧yhhnwfawgwc] 🔌 created originalSocket
     2.933ms [⏱️0] [🔧yhhnwfawgwc] 🚽 flushing writeBuffer (5 items)
     3.039ms [⏱️661] [🔧yhhnwfawgwc] ▶️ onResume
     3.080ms [⏱️661] [🔧yhhnwfawgwc] 📣 emit resume
   754.841ms [⏱️460] [🔧v74qlt9mcy] 🔌 onConnect delay from lookup
   754.875ms [⏱️460] [🔧v74qlt9mcy] ⚠️  HANDLE MISMATCH!
   754.953ms [⏱️460] [🔧v74qlt9mcy]    My Handle: TCP 🔧=true 🆔=-22 📖=false
   754.986ms [⏱️460] [🔧v74qlt9mcy]    Socket Handle: TCP 🔧=false 🆔=30 📖=false
   755.014ms [⏱️460] [🔧v74qlt9mcy]    Object references are different!
   755.041ms [⏱️460] [🔧v74qlt9mcy] 📣 emit connect
   755.071ms [⏱️460] [🔧v74qlt9mcy] 🔬 _read(16384) ⏳=false 🔐=undefined 🇺🇸=passthrough 🔗=http://localhost:46477/ origFlowing=true
   755.098ms [⏱️460] [🔧v74qlt9mcy] 🔧 HANDLE.readStart()
   755.193ms [⏱️460] [🔧v74qlt9mcy]     at tryReadStart (node:net:705:30)
   755.218ms [⏱️460] [🔧v74qlt9mcy]     at Socket._read (node:net:722:5)
   755.245ms [⏱️460] [🔧v74qlt9mcy]     at MockHttpSocket._read (/workspace/repro/node_modules/.pnpm/@mswjs+interceptors@file+../node_modules/@mswjs/interceptors/lib/node/chunk-EFBKFUZI.js:550:11)
   755.267ms [⏱️460] [🔧v74qlt9mcy]     at MockHttpSocket.<anonymous> (node:net:720:37)
   755.290ms [⏱️460] [🔧v74qlt9mcy]     at Object.onceWrapper (node:events:638:28)
   755.312ms [⏱️460] [🔧v74qlt9mcy]     at MockHttpSocket.emit (node:events:524:28)
   755.360ms [⏱️460] [🔧v74qlt9mcy]     at MockHttpSocket.emit (/workspace/repro/node_modules/.pnpm/@mswjs+interceptors@file+../node_modules/@mswjs/interceptors/lib/node/chunk-EFBKFUZI.js:564:12)
   755.384ms [⏱️460] [🔧v74qlt9mcy]     at Socket.<anonymous> (/workspace/repro/node_modules/.pnpm/@mswjs+interceptors@file+../node_modules/@mswjs/interceptors/lib/node/chunk-EFBKFUZI.js:704:12)
   755.427ms [⏱️460] [🔧v74qlt9mcy] ✅ onReady
   755.452ms [⏱️460] [🔧v74qlt9mcy] 📣 emit ready
     3.946ms [⏱️660] [🔧yhhnwfawgwc] 🔍 onLookup args=[null,"::1",6,"localhost"]
     3.997ms [⏱️660] [🔧yhhnwfawgwc] 📣 emit lookup null, "::1", 6, "localhost"
     4.028ms [⏱️660] [🔧yhhnwfawgwc] 🔍 onLookup args=[null,"127.0.0.1",4,"localhost"]
     4.057ms [⏱️660] [🔧yhhnwfawgwc] 📣 emit lookup null, "127.0.0.1", 4, "localhost"
   783.813ms [⏱️451] [🔧oonwztj84dd] 🔌 onConnect delay from lookup
   783.955ms [⏱️451] [🔧oonwztj84dd] ⚠️  HANDLE MISMATCH!
   783.986ms [⏱️451] [🔧oonwztj84dd]    My Handle: TCP 🔧=true 🆔=-22 📖=false
   784.016ms [⏱️451] [🔧oonwztj84dd]    Socket Handle: TCP 🔧=false 🆔=27 📖=false
   784.044ms [⏱️451] [🔧oonwztj84dd]    Object references are different!
   784.077ms [⏱️451] [🔧oonwztj84dd] 📣 emit connect
   784.181ms [⏱️451] [🔧oonwztj84dd] 🔬 _read(16384) ⏳=false 🔐=undefined 🇺🇸=passthrough 🔗=http://localhost:46477/ origFlowing=true
   784.289ms [⏱️451] [🔧oonwztj84dd] 🔧 HANDLE.readStart()
   784.561ms [⏱️451] [🔧oonwztj84dd]     at tryReadStart (node:net:705:30)
   784.637ms [⏱️451] [🔧oonwztj84dd]     at Socket._read (node:net:722:5)
   784.751ms [⏱️451] [🔧oonwztj84dd]     at MockHttpSocket._read (/workspace/repro/node_modules/.pnpm/@mswjs+interceptors@file+../node_modules/@mswjs/interceptors/lib/node/chunk-EFBKFUZI.js:550:11)
   784.885ms [⏱️451] [🔧oonwztj84dd]     at MockHttpSocket.<anonymous> (node:net:720:37)
   784.947ms [⏱️451] [🔧oonwztj84dd]     at Object.onceWrapper (node:events:638:28)
   784.988ms [⏱️451] [🔧oonwztj84dd]     at MockHttpSocket.emit (node:events:524:28)
   785.035ms [⏱️451] [🔧oonwztj84dd]     at MockHttpSocket.emit (/workspace/repro/node_modules/.pnpm/@mswjs+interceptors@file+../node_modules/@mswjs/interceptors/lib/node/chunk-EFBKFUZI.js:564:12)
   785.094ms [⏱️451] [🔧oonwztj84dd]     at Socket.<anonymous> (/workspace/repro/node_modules/.pnpm/@mswjs+interceptors@file+../node_modules/@mswjs/interceptors/lib/node/chunk-EFBKFUZI.js:704:12)
   785.181ms [⏱️451] [🔧oonwztj84dd] ✅ onReady
   785.428ms [⏱️451] [🔧oonwztj84dd] 📣 emit ready
   832.450ms [⏱️490] [🔧qzdq0dl0dj] 🔌 onConnect delay from lookup
   832.603ms [⏱️490] [🔧qzdq0dl0dj] ⚠️  HANDLE MISMATCH!
   832.672ms [⏱️490] [🔧qzdq0dl0dj]    My Handle: TCP 🔧=true 🆔=-22 📖=false
   832.741ms [⏱️490] [🔧qzdq0dl0dj]    Socket Handle: TCP 🔧=false 🆔=40 📖=false
   832.796ms [⏱️490] [🔧qzdq0dl0dj]    Object references are different!
   832.858ms [⏱️490] [🔧qzdq0dl0dj] 📣 emit connect
   832.936ms [⏱️490] [🔧qzdq0dl0dj] 🔬 _read(16384) ⏳=false 🔐=undefined 🇺🇸=passthrough 🔗=http://localhost:46477/ origFlowing=true
   833.047ms [⏱️490] [🔧qzdq0dl0dj] 🔧 HANDLE.readStart()
   833.191ms [⏱️490] [🔧qzdq0dl0dj]     at tryReadStart (node:net:705:30)
   833.215ms [⏱️490] [🔧qzdq0dl0dj]     at Socket._read (node:net:722:5)
   833.237ms [⏱️490] [🔧qzdq0dl0dj]     at MockHttpSocket._read (/workspace/repro/node_modules/.pnpm/@mswjs+interceptors@file+../node_modules/@mswjs/interceptors/lib/node/chunk-EFBKFUZI.js:550:11)
   833.257ms [⏱️490] [🔧qzdq0dl0dj]     at MockHttpSocket.<anonymous> (node:net:720:37)
   833.281ms [⏱️490] [🔧qzdq0dl0dj]     at Object.onceWrapper (node:events:638:28)
   833.306ms [⏱️490] [🔧qzdq0dl0dj]     at MockHttpSocket.emit (node:events:524:28)
   833.320ms [⏱️490] [🔧qzdq0dl0dj]     at MockHttpSocket.emit (/workspace/repro/node_modules/.pnpm/@mswjs+interceptors@file+../node_modules/@mswjs/interceptors/lib/node/chunk-EFBKFUZI.js:564:12)
   833.343ms [⏱️490] [🔧qzdq0dl0dj]     at Socket.<anonymous> (/workspace/repro/node_modules/.pnpm/@mswjs+interceptors@file+../node_modules/@mswjs/interceptors/lib/node/chunk-EFBKFUZI.js:704:12)
   833.372ms [⏱️490] [🔧qzdq0dl0dj] ✅ onReady
   833.397ms [⏱️490] [🔧qzdq0dl0dj] 📣 emit ready
   846.047ms [⏱️462] [🔧dzitw1to3k8] 💾 onData 120b
   846.160ms [⏱️462] [🔧dzitw1to3k8] 📤 push([{"type":"Buffer","data":[72,84,84,80,47)
   846.209ms [⏱️55] [🔧dzitw1to3k8] 📨 onResponseStart status=200 🇺🇸=passthrough
   846.635ms [⏱️55] [🔧dzitw1to3k8] 📥 onResponseBody 2b
   846.687ms [⏱️55] [🔧dzitw1to3k8] 🎬 onResponseEnd hasStream=true
   846.734ms [⏱️462] [🔧dzitw1to3k8] 📣 emit data 120 chars
   846.789ms [⏱️681] [🔧dzitw1to3k8] 📖 read([0])
   846.823ms [⏱️681] [🔧dzitw1to3k8] 🔬 _read(16384) ⏳=false 🔐=undefined 🇺🇸=passthrough 🔗=http://localhost:46477/ origFlowing=true
   846.941ms [⏱️124] [🔧dzitw1to3k8] ▶️ resume()
   847.137ms [⏱️696] [🔧dzitw1to3k8] 📣 emit free
     0.001ms [⏱️0] [🔧c4unvvisavw] 🏗️  constructor starting
     0.103ms [⏱️0] [🔧c4unvvisavw] 🏗️  constructor complete http://localhost:46477/
   847.608ms [⏱️0] [🔧dzitw1to3k8] 🧨 _destroy ⏳=false 🔐=undefined 🇺🇸=passthrough 🔗=http://localhost:46477/
   847.649ms [⏱️0] [🔧dzitw1to3k8] 🔧 HANDLE.close()
   847.753ms [⏱️0] [🔧dzitw1to3k8]     at closeSocketHandle (node:net:341:18)
   847.777ms [⏱️0] [🔧dzitw1to3k8]     at Socket._destroy (node:net:831:7)
   847.799ms [⏱️0] [🔧dzitw1to3k8]     at _destroy (node:internal/streams/destroy:121:10)
   847.819ms [⏱️0] [🔧dzitw1to3k8]     at MockHttpSocket.destroy (node:internal/streams/destroy:83:5)
   847.861ms [⏱️0] [🔧dzitw1to3k8]     at Writable.destroy (node:internal/streams/writable:1122:11)
   847.884ms [⏱️0] [🔧dzitw1to3k8]     at MockHttpSocket.destroy (/workspace/repro/node_modules/.pnpm/@mswjs+interceptors@file+../node_modules/@mswjs/interceptors/lib/node/chunk-EFBKFUZI.js:574:18)
   847.905ms [⏱️0] [🔧dzitw1to3k8]     at MockAgent.<anonymous> (node:_http_agent:154:14)
   847.919ms [⏱️0] [🔧dzitw1to3k8]     at MockAgent.emit (node:events:524:28)
     0.579ms [⏱️703] [🔧c4unvvisavw] ▶️ resume()
     0.625ms [⏱️703] [🔧c4unvvisavw] ✍️  write 95b 🇺🇸=unknown buffered=0
     0.667ms [⏱️701] [🔧c4unvvisavw] 🚀 onRequestStart path=/ keepAlive=true
     1.220ms [⏱️703] [🔧c4unvvisavw] ✍️  write 2b 🇺🇸=unknown buffered=1
     1.270ms [⏱️703] [🔧c4unvvisavw] ✍️  write 9b 🇺🇸=unknown buffered=2
     1.306ms [⏱️701] [🔧c4unvvisavw] 📦 onRequestBody 9b
     1.341ms [⏱️703] [🔧c4unvvisavw] ✍️  write 2b 🇺🇸=unknown buffered=3
     1.364ms [⏱️703] [🔧c4unvvisavw] ✍️  write 5b 🇺🇸=unknown buffered=4
     1.558ms [⏱️701] [🔧c4unvvisavw] 🏁 onRequestEnd hasStream=true
     1.620ms [⏱️707] [🔧c4unvvisavw] 📖 read([0])
     1.647ms [⏱️707] [🔧c4unvvisavw] 🔬 _read(16384) ⏳=true 🔐=undefined 🇺🇸=unknown 🔗=http://localhost:46477/ origFlowing=undefined
     1.673ms [⏱️707] [🔧c4unvvisavw] 📣 emit resume
     1.708ms [⏱️707] [🔧c4unvvisavw] 📖 read()
     2.157ms [⏱️0] [🔧c4unvvisavw] 💨 passthrough() 🧨=false ⏳=true
     2.270ms [⏱️0] [🔧c4unvvisavw] 🔌 created originalSocket
     2.300ms [⏱️0] [🔧c4unvvisavw] 🚽 flushing writeBuffer (5 items)
     2.416ms [⏱️721] [🔧c4unvvisavw] ▶️ onResume
     2.446ms [⏱️721] [🔧c4unvvisavw] 📣 emit resume
     2.829ms [⏱️720] [🔧c4unvvisavw] 🔍 onLookup args=[null,"::1",6,"localhost"]
     2.871ms [⏱️720] [🔧c4unvvisavw] 📣 emit lookup null, "::1", 6, "localhost"
     2.897ms [⏱️720] [🔧c4unvvisavw] 🔍 onLookup args=[null,"127.0.0.1",4,"localhost"]
     2.921ms [⏱️720] [🔧c4unvvisavw] 📣 emit lookup null, "127.0.0.1", 4, "localhost"
   870.368ms [⏱️480] [🔧2fp0w08s6yc] 💾 onData 120b
   870.500ms [⏱️480] [🔧2fp0w08s6yc] 📤 push([{"type":"Buffer","data":[72,84,84,80,47)
   870.554ms [⏱️73] [🔧2fp0w08s6yc] 📨 onResponseStart status=200 🇺🇸=passthrough
   870.993ms [⏱️73] [🔧2fp0w08s6yc] 📥 onResponseBody 2b
   871.046ms [⏱️73] [🔧2fp0w08s6yc] 🎬 onResponseEnd hasStream=true
   871.100ms [⏱️480] [🔧2fp0w08s6yc] 📣 emit data 120 chars
   871.197ms [⏱️744] [🔧2fp0w08s6yc] 📖 read([0])
   871.254ms [⏱️744] [🔧2fp0w08s6yc] 🔬 _read(16384) ⏳=false 🔐=undefined 🇺🇸=passthrough 🔗=http://localhost:46477/ origFlowing=true
   871.416ms [⏱️148] [🔧2fp0w08s6yc] ▶️ resume()
   871.594ms [⏱️759] [🔧2fp0w08s6yc] 📣 emit free
     0.001ms [⏱️0] [🔧7creimj539m] 🏗️  constructor starting
     0.094ms [⏱️0] [🔧7creimj539m] 🏗️  constructor complete http://localhost:46477/
   872.251ms [⏱️0] [🔧2fp0w08s6yc] 🧨 _destroy ⏳=false 🔐=undefined 🇺🇸=passthrough 🔗=http://localhost:46477/
   872.305ms [⏱️0] [🔧2fp0w08s6yc] 🔧 HANDLE.close()
   872.450ms [⏱️0] [🔧2fp0w08s6yc]     at closeSocketHandle (node:net:341:18)
   872.479ms [⏱️0] [🔧2fp0w08s6yc]     at Socket._destroy (node:net:831:7)
   872.550ms [⏱️0] [🔧2fp0w08s6yc]     at _destroy (node:internal/streams/destroy:121:10)
   872.584ms [⏱️0] [🔧2fp0w08s6yc]     at MockHttpSocket.destroy (node:internal/streams/destroy:83:5)
   872.605ms [⏱️0] [🔧2fp0w08s6yc]     at Writable.destroy (node:internal/streams/writable:1122:11)
   872.668ms [⏱️0] [🔧2fp0w08s6yc]     at MockHttpSocket.destroy (/workspace/repro/node_modules/.pnpm/@mswjs+interceptors@file+../node_modules/@mswjs/interceptors/lib/node/chunk-EFBKFUZI.js:574:18)
   872.698ms [⏱️0] [🔧2fp0w08s6yc]     at MockAgent.<anonymous> (node:_http_agent:154:14)
   872.722ms [⏱️0] [🔧2fp0w08s6yc]     at MockAgent.emit (node:events:524:28)
     0.849ms [⏱️766] [🔧7creimj539m] ▶️ resume()
     0.913ms [⏱️766] [🔧7creimj539m] ✍️  write 95b 🇺🇸=unknown buffered=0
     0.991ms [⏱️764] [🔧7creimj539m] 🚀 onRequestStart path=/ keepAlive=true
     1.755ms [⏱️766] [🔧7creimj539m] ✍️  write 2b 🇺🇸=unknown buffered=1
     1.807ms [⏱️766] [🔧7creimj539m] ✍️  write 9b 🇺🇸=unknown buffered=2
     1.846ms [⏱️764] [🔧7creimj539m] 📦 onRequestBody 9b
     1.890ms [⏱️766] [🔧7creimj539m] ✍️  write 2b 🇺🇸=unknown buffered=3
     1.917ms [⏱️766] [🔧7creimj539m] ✍️  write 5b 🇺🇸=unknown buffered=4
     1.939ms [⏱️764] [🔧7creimj539m] 🏁 onRequestEnd hasStream=true
     2.010ms [⏱️770] [🔧7creimj539m] 📖 read([0])
     2.047ms [⏱️770] [🔧7creimj539m] 🔬 _read(16384) ⏳=true 🔐=undefined 🇺🇸=unknown 🔗=http://localhost:46477/ origFlowing=undefined
     2.088ms [⏱️770] [🔧7creimj539m] 📣 emit resume
     2.125ms [⏱️770] [🔧7creimj539m] 📖 read()
     2.691ms [⏱️0] [🔧7creimj539m] 💨 passthrough() 🧨=false ⏳=true
     2.860ms [⏱️0] [🔧7creimj539m] 🔌 created originalSocket
     2.902ms [⏱️0] [🔧7creimj539m] 🚽 flushing writeBuffer (5 items)
     3.033ms [⏱️784] [🔧7creimj539m] ▶️ onResume
     3.098ms [⏱️784] [🔧7creimj539m] 📣 emit resume
     3.272ms [⏱️783] [🔧7creimj539m] 🔍 onLookup args=[null,"::1",6,"localhost"]
     3.323ms [⏱️783] [🔧7creimj539m] 📣 emit lookup null, "::1", 6, "localhost"
     3.354ms [⏱️783] [🔧7creimj539m] 🔍 onLookup args=[null,"127.0.0.1",4,"localhost"]
     3.380ms [⏱️783] [🔧7creimj539m] 📣 emit lookup null, "127.0.0.1", 4, "localhost"
   937.533ms [⏱️472] [🔧pn3xt3vl1ms] 🔌 onConnect delay from lookup
   937.634ms [⏱️472] [🔧pn3xt3vl1ms] ⚠️  HANDLE MISMATCH!
   937.702ms [⏱️472] [🔧pn3xt3vl1ms]    My Handle: TCP 🔧=true 🆔=-22 📖=false
   937.762ms [⏱️472] [🔧pn3xt3vl1ms]    Socket Handle: TCP 🔧=false 🆔=34 📖=false
   937.828ms [⏱️472] [🔧pn3xt3vl1ms]    Object references are different!
   937.892ms [⏱️472] [🔧pn3xt3vl1ms] 📣 emit connect
   937.978ms [⏱️472] [🔧pn3xt3vl1ms] 🔬 _read(16384) ⏳=false 🔐=undefined 🇺🇸=passthrough 🔗=http://localhost:46477/ origFlowing=true
   938.043ms [⏱️472] [🔧pn3xt3vl1ms] 🔧 HANDLE.readStart()
   938.199ms [⏱️472] [🔧pn3xt3vl1ms]     at tryReadStart (node:net:705:30)
   938.227ms [⏱️472] [🔧pn3xt3vl1ms]     at Socket._read (node:net:722:5)
   938.252ms [⏱️472] [🔧pn3xt3vl1ms]     at MockHttpSocket._read (/workspace/repro/node_modules/.pnpm/@mswjs+interceptors@file+../node_modules/@mswjs/interceptors/lib/node/chunk-EFBKFUZI.js:550:11)
   938.271ms [⏱️472] [🔧pn3xt3vl1ms]     at MockHttpSocket.<anonymous> (node:net:720:37)
   938.291ms [⏱️472] [🔧pn3xt3vl1ms]     at Object.onceWrapper (node:events:638:28)
   938.348ms [⏱️472] [🔧pn3xt3vl1ms]     at MockHttpSocket.emit (node:events:524:28)
   938.385ms [⏱️472] [🔧pn3xt3vl1ms]     at MockHttpSocket.emit (/workspace/repro/node_modules/.pnpm/@mswjs+interceptors@file+../node_modules/@mswjs/interceptors/lib/node/chunk-EFBKFUZI.js:564:12)
   938.402ms [⏱️472] [🔧pn3xt3vl1ms]     at Socket.<anonymous> (/workspace/repro/node_modules/.pnpm/@mswjs+interceptors@file+../node_modules/@mswjs/interceptors/lib/node/chunk-EFBKFUZI.js:704:12)
   938.436ms [⏱️472] [🔧pn3xt3vl1ms] ✅ onReady
   938.465ms [⏱️472] [🔧pn3xt3vl1ms] 📣 emit ready
   495.275ms [⏱️604] [🔧9ah99i9v6cg] 🔌 onConnect delay from lookup
   495.366ms [⏱️604] [🔧9ah99i9v6cg] ⚠️  HANDLE MISMATCH!
   495.424ms [⏱️604] [🔧9ah99i9v6cg]    My Handle: TCP 🔧=true 🆔=-22 📖=false
   495.476ms [⏱️604] [🔧9ah99i9v6cg]    Socket Handle: TCP 🔧=false 🆔=25 📖=false
   495.495ms [⏱️604] [🔧9ah99i9v6cg]    Object references are different!
   495.515ms [⏱️604] [🔧9ah99i9v6cg] 📣 emit connect
   495.542ms [⏱️604] [🔧9ah99i9v6cg] 🔬 _read(16384) ⏳=false 🔐=undefined 🇺🇸=passthrough 🔗=http://localhost:46477/ origFlowing=true
   495.597ms [⏱️604] [🔧9ah99i9v6cg] 🔧 HANDLE.readStart()
   495.707ms [⏱️604] [🔧9ah99i9v6cg]     at tryReadStart (node:net:705:30)
   495.731ms [⏱️604] [🔧9ah99i9v6cg]     at Socket._read (node:net:722:5)
   495.755ms [⏱️604] [🔧9ah99i9v6cg]     at MockHttpSocket._read (/workspace/repro/node_modules/.pnpm/@mswjs+interceptors@file+../node_modules/@mswjs/interceptors/lib/node/chunk-EFBKFUZI.js:550:11)
   495.776ms [⏱️604] [🔧9ah99i9v6cg]     at MockHttpSocket.<anonymous> (node:net:720:37)
   495.850ms [⏱️604] [🔧9ah99i9v6cg]     at Object.onceWrapper (node:events:638:28)
   495.878ms [⏱️604] [🔧9ah99i9v6cg]     at MockHttpSocket.emit (node:events:524:28)
   495.912ms [⏱️604] [🔧9ah99i9v6cg]     at MockHttpSocket.emit (/workspace/repro/node_modules/.pnpm/@mswjs+interceptors@file+../node_modules/@mswjs/interceptors/lib/node/chunk-EFBKFUZI.js:564:12)
   495.935ms [⏱️604] [🔧9ah99i9v6cg]     at Socket.<anonymous> (/workspace/repro/node_modules/.pnpm/@mswjs+interceptors@file+../node_modules/@mswjs/interceptors/lib/node/chunk-EFBKFUZI.js:704:12)
   495.964ms [⏱️604] [🔧9ah99i9v6cg] ✅ onReady
   495.985ms [⏱️604] [🔧9ah99i9v6cg] 📣 emit ready
   963.842ms [⏱️469] [🔧ehg5x99hvbl] 🔌 onConnect delay from lookup
   963.927ms [⏱️469] [🔧ehg5x99hvbl] ⚠️  HANDLE MISMATCH!
   963.956ms [⏱️469] [🔧ehg5x99hvbl]    My Handle: TCP 🔧=true 🆔=-22 📖=false
   963.988ms [⏱️469] [🔧ehg5x99hvbl]    Socket Handle: TCP 🔧=false 🆔=33 📖=false
   964.014ms [⏱️469] [🔧ehg5x99hvbl]    Object references are different!
   964.041ms [⏱️469] [🔧ehg5x99hvbl] 📣 emit connect
   964.078ms [⏱️469] [🔧ehg5x99hvbl] 🔬 _read(16384) ⏳=false 🔐=undefined 🇺🇸=passthrough 🔗=http://localhost:46477/ origFlowing=true
   964.111ms [⏱️469] [🔧ehg5x99hvbl] 🔧 HANDLE.readStart()
   964.255ms [⏱️469] [🔧ehg5x99hvbl]     at tryReadStart (node:net:705:30)
   964.295ms [⏱️469] [🔧ehg5x99hvbl]     at Socket._read (node:net:722:5)
   964.337ms [⏱️469] [🔧ehg5x99hvbl]     at MockHttpSocket._read (/workspace/repro/node_modules/.pnpm/@mswjs+interceptors@file+../node_modules/@mswjs/interceptors/lib/node/chunk-EFBKFUZI.js:550:11)
   964.392ms [⏱️469] [🔧ehg5x99hvbl]     at MockHttpSocket.<anonymous> (node:net:720:37)
   964.447ms [⏱️469] [🔧ehg5x99hvbl]     at Object.onceWrapper (node:events:638:28)
   964.513ms [⏱️469] [🔧ehg5x99hvbl]     at MockHttpSocket.emit (node:events:524:28)
   964.582ms [⏱️469] [🔧ehg5x99hvbl]     at MockHttpSocket.emit (/workspace/repro/node_modules/.pnpm/@mswjs+interceptors@file+../node_modules/@mswjs/interceptors/lib/node/chunk-EFBKFUZI.js:564:12)
   964.778ms [⏱️469] [🔧ehg5x99hvbl]     at Socket.<anonymous> (/workspace/repro/node_modules/.pnpm/@mswjs+interceptors@file+../node_modules/@mswjs/interceptors/lib/node/chunk-EFBKFUZI.js:704:12)
   964.899ms [⏱️469] [🔧ehg5x99hvbl] ✅ onReady
   964.971ms [⏱️469] [🔧ehg5x99hvbl] 📣 emit ready
  1003.376ms [⏱️316] [🔧bvxw6v0ls8] 💾 onData 120b
  1003.517ms [⏱️316] [🔧bvxw6v0ls8] 📤 push([{"type":"Buffer","data":[72,84,84,80,47)
  1003.575ms [⏱️34] [🔧bvxw6v0ls8] 📨 onResponseStart status=200 🇺🇸=passthrough
  1004.039ms [⏱️34] [🔧bvxw6v0ls8] 📥 onResponseBody 2b
  1004.099ms [⏱️34] [🔧bvxw6v0ls8] 🎬 onResponseEnd hasStream=true
  1004.153ms [⏱️316] [🔧bvxw6v0ls8] 📣 emit data 120 chars
  1004.205ms [⏱️816] [🔧bvxw6v0ls8] 📖 read([0])
  1004.238ms [⏱️816] [🔧bvxw6v0ls8] 🔬 _read(16384) ⏳=false 🔐=undefined 🇺🇸=passthrough 🔗=http://localhost:46477/ origFlowing=true
  1004.352ms [⏱️96] [🔧bvxw6v0ls8] ▶️ resume()
  1004.662ms [⏱️831] [🔧bvxw6v0ls8] 📣 emit free
     0.001ms [⏱️0] [🔧z67iewh126] 🏗️  constructor starting
     0.139ms [⏱️0] [🔧z67iewh126] 🏗️  constructor complete http://localhost:46477/
  1005.705ms [⏱️0] [🔧bvxw6v0ls8] 🧨 _destroy ⏳=false 🔐=undefined 🇺🇸=passthrough 🔗=http://localhost:46477/
  1005.804ms [⏱️0] [🔧bvxw6v0ls8] 🔧 HANDLE.close()
  1006.035ms [⏱️0] [🔧bvxw6v0ls8]     at closeSocketHandle (node:net:341:18)
  1006.061ms [⏱️0] [🔧bvxw6v0ls8]     at Socket._destroy (node:net:831:7)
  1006.080ms [⏱️0] [🔧bvxw6v0ls8]     at _destroy (node:internal/streams/destroy:121:10)
  1006.116ms [⏱️0] [🔧bvxw6v0ls8]     at MockHttpSocket.destroy (node:internal/streams/destroy:83:5)
  1006.147ms [⏱️0] [🔧bvxw6v0ls8]     at Writable.destroy (node:internal/streams/writable:1122:11)
  1006.216ms [⏱️0] [🔧bvxw6v0ls8]     at MockHttpSocket.destroy (/workspace/repro/node_modules/.pnpm/@mswjs+interceptors@file+../node_modules/@mswjs/interceptors/lib/node/chunk-EFBKFUZI.js:574:18)
  1006.271ms [⏱️0] [🔧bvxw6v0ls8]     at MockAgent.<anonymous> (node:_http_agent:154:14)
  1006.300ms [⏱️0] [🔧bvxw6v0ls8]     at MockAgent.emit (node:events:524:28)
     1.070ms [⏱️838] [🔧z67iewh126] ▶️ resume()
     1.120ms [⏱️838] [🔧z67iewh126] ✍️  write 95b 🇺🇸=unknown buffered=0
     1.166ms [⏱️836] [🔧z67iewh126] 🚀 onRequestStart path=/ keepAlive=true
     1.701ms [⏱️838] [🔧z67iewh126] ✍️  write 2b 🇺🇸=unknown buffered=1
     1.757ms [⏱️838] [🔧z67iewh126] ✍️  write 9b 🇺🇸=unknown buffered=2
     1.805ms [⏱️836] [🔧z67iewh126] 📦 onRequestBody 9b
     1.896ms [⏱️838] [🔧z67iewh126] ✍️  write 2b 🇺🇸=unknown buffered=3
     1.959ms [⏱️838] [🔧z67iewh126] ✍️  write 5b 🇺🇸=unknown buffered=4
     2.006ms [⏱️836] [🔧z67iewh126] 🏁 onRequestEnd hasStream=true
     2.093ms [⏱️842] [🔧z67iewh126] 📖 read([0])
     2.158ms [⏱️842] [🔧z67iewh126] 🔬 _read(16384) ⏳=true 🔐=undefined 🇺🇸=unknown 🔗=http://localhost:46477/ origFlowing=undefined
     2.248ms [⏱️842] [🔧z67iewh126] 📣 emit resume
     2.340ms [⏱️842] [🔧z67iewh126] 📖 read()
     2.948ms [⏱️0] [🔧z67iewh126] 💨 passthrough() 🧨=false ⏳=true
     3.068ms [⏱️0] [🔧z67iewh126] 🔌 created originalSocket
     3.101ms [⏱️0] [🔧z67iewh126] 🚽 flushing writeBuffer (5 items)
     3.187ms [⏱️856] [🔧z67iewh126] ▶️ onResume
     3.216ms [⏱️856] [🔧z67iewh126] 📣 emit resume
  1008.593ms [⏱️316] [🔧bvxw6v0ls8] 📣 emit close false
   254.082ms [⏱️667] [🔧yhhnwfawgwc] 🔧 HANDLE.close()
   254.169ms [⏱️667] [🔧yhhnwfawgwc]     at Timeout.internalConnectMultipleTimeout [as _onTimeout] (node:net:1712:10)
   254.196ms [⏱️667] [🔧yhhnwfawgwc]     at listOnTimeout (node:internal/timers:583:11)
   254.212ms [⏱️667] [🔧yhhnwfawgwc]     at process.processTimers (node:internal/timers:519:7)
   254.262ms [⏱️667] [🔧yhhnwfawgwc] 🔧 HANDLE.close()
   254.325ms [⏱️667] [🔧yhhnwfawgwc]     at Socket.reinitializeHandle (node:net:1265:17)
   254.351ms [⏱️667] [🔧yhhnwfawgwc]     at internalConnectMultiple (node:net:1131:30)
   254.415ms [⏱️667] [🔧yhhnwfawgwc]     at Timeout.internalConnectMultipleTimeout (node:net:1716:5)
   254.461ms [⏱️667] [🔧yhhnwfawgwc]     at listOnTimeout (node:internal/timers:583:11)
   254.479ms [⏱️667] [🔧yhhnwfawgwc]     at process.processTimers (node:internal/timers:519:7)
     4.151ms [⏱️855] [🔧z67iewh126] 🔍 onLookup args=[null,"::1",6,"localhost"]
     4.206ms [⏱️855] [🔧z67iewh126] 📣 emit lookup null, "::1", 6, "localhost"
     4.235ms [⏱️855] [🔧z67iewh126] 🔍 onLookup args=[null,"127.0.0.1",4,"localhost"]
     4.259ms [⏱️855] [🔧z67iewh126] 📣 emit lookup null, "127.0.0.1", 4, "localhost"
  1015.192ms [⏱️444] [🔧n6xql2u5k9] 💾 onData 120b
  1015.336ms [⏱️444] [🔧n6xql2u5k9] 📤 push([{"type":"Buffer","data":[72,84,84,80,47)
  1015.404ms [⏱️31] [🔧n6xql2u5k9] 📨 onResponseStart status=200 🇺🇸=passthrough
  1015.850ms [⏱️31] [🔧n6xql2u5k9] 📥 onResponseBody 2b
  1015.904ms [⏱️31] [🔧n6xql2u5k9] 🎬 onResponseEnd hasStream=true
  1015.953ms [⏱️444] [🔧n6xql2u5k9] 📣 emit data 120 chars
  1016.009ms [⏱️868] [🔧n6xql2u5k9] 📖 read([0])
  1016.043ms [⏱️868] [🔧n6xql2u5k9] 🔬 _read(16384) ⏳=false 🔐=undefined 🇺🇸=passthrough 🔗=http://localhost:46477/ origFlowing=true
  1016.186ms [⏱️92] [🔧n6xql2u5k9] ▶️ resume()
  1016.387ms [⏱️883] [🔧n6xql2u5k9] 📣 emit free
     0.001ms [⏱️0] [🔧yefv8sslo9] 🏗️  constructor starting
     0.079ms [⏱️0] [🔧yefv8sslo9] 🏗️  constructor complete http://localhost:46477/
  1016.853ms [⏱️0] [🔧n6xql2u5k9] 🧨 _destroy ⏳=false 🔐=undefined 🇺🇸=passthrough 🔗=http://localhost:46477/
  1016.893ms [⏱️0] [🔧n6xql2u5k9] 🔧 HANDLE.close()
  1017.011ms [⏱️0] [🔧n6xql2u5k9]     at closeSocketHandle (node:net:341:18)
  1017.034ms [⏱️0] [🔧n6xql2u5k9]     at Socket._destroy (node:net:831:7)
  1017.061ms [⏱️0] [🔧n6xql2u5k9]     at _destroy (node:internal/streams/destroy:121:10)
  1017.082ms [⏱️0] [🔧n6xql2u5k9]     at MockHttpSocket.destroy (node:internal/streams/destroy:83:5)
  1017.121ms [⏱️0] [🔧n6xql2u5k9]     at Writable.destroy (node:internal/streams/writable:1122:11)
  1017.182ms [⏱️0] [🔧n6xql2u5k9]     at MockHttpSocket.destroy (/workspace/repro/node_modules/.pnpm/@mswjs+interceptors@file+../node_modules/@mswjs/interceptors/lib/node/chunk-EFBKFUZI.js:574:18)
  1017.197ms [⏱️0] [🔧n6xql2u5k9]     at MockAgent.<anonymous> (node:_http_agent:154:14)
  1017.212ms [⏱️0] [🔧n6xql2u5k9]     at MockAgent.emit (node:events:524:28)
     0.586ms [⏱️890] [🔧yefv8sslo9] ▶️ resume()
     0.673ms [⏱️890] [🔧yefv8sslo9] ✍️  write 95b 🇺🇸=unknown buffered=0
     0.714ms [⏱️888] [🔧yefv8sslo9] 🚀 onRequestStart path=/ keepAlive=true
     1.159ms [⏱️890] [🔧yefv8sslo9] ✍️  write 2b 🇺🇸=unknown buffered=1
     1.208ms [⏱️890] [🔧yefv8sslo9] ✍️  write 9b 🇺🇸=unknown buffered=2
     1.275ms [⏱️888] [🔧yefv8sslo9] 📦 onRequestBody 9b
     1.319ms [⏱️890] [🔧yefv8sslo9] ✍️  write 2b 🇺🇸=unknown buffered=3
     1.347ms [⏱️890] [🔧yefv8sslo9] ✍️  write 5b 🇺🇸=unknown buffered=4
     1.376ms [⏱️888] [🔧yefv8sslo9] 🏁 onRequestEnd hasStream=true
     1.453ms [⏱️894] [🔧yefv8sslo9] 📖 read([0])
     1.487ms [⏱️894] [🔧yefv8sslo9] 🔬 _read(16384) ⏳=true 🔐=undefined 🇺🇸=unknown 🔗=http://localhost:46477/ origFlowing=undefined
     1.530ms [⏱️894] [🔧yefv8sslo9] 📣 emit resume
     1.548ms [⏱️894] [🔧yefv8sslo9] 📖 read()
     2.180ms [⏱️0] [🔧yefv8sslo9] 💨 passthrough() 🧨=false ⏳=true
     2.300ms [⏱️0] [🔧yefv8sslo9] 🔌 created originalSocket
     2.337ms [⏱️0] [🔧yefv8sslo9] 🚽 flushing writeBuffer (5 items)
     2.409ms [⏱️908] [🔧yefv8sslo9] ▶️ onResume
     2.437ms [⏱️908] [🔧yefv8sslo9] 📣 emit resume
     2.531ms [⏱️907] [🔧yefv8sslo9] 🔍 onLookup args=[null,"::1",6,"localhost"]
     2.556ms [⏱️907] [🔧yefv8sslo9] 📣 emit lookup null, "::1", 6, "localhost"
     2.578ms [⏱️907] [🔧yefv8sslo9] 🔍 onLookup args=[null,"127.0.0.1",4,"localhost"]
     2.600ms [⏱️907] [🔧yefv8sslo9] 📣 emit lookup null, "127.0.0.1", 4, "localhost"
  1073.179ms [⏱️367] [🔧1b3fxt78x66] 💾 onData 120b
  1073.420ms [⏱️367] [🔧1b3fxt78x66] 📤 push([{"type":"Buffer","data":[72,84,84,80,47)
  1073.517ms [⏱️85] [🔧1b3fxt78x66] 📨 onResponseStart status=200 🇺🇸=passthrough
  1074.285ms [⏱️85] [🔧1b3fxt78x66] 📥 onResponseBody 2b
  1074.340ms [⏱️85] [🔧1b3fxt78x66] 🎬 onResponseEnd hasStream=true
  1074.390ms [⏱️367] [🔧1b3fxt78x66] 📣 emit data 120 chars
  1074.440ms [⏱️928] [🔧1b3fxt78x66] 📖 read([0])
  1074.477ms [⏱️928] [🔧1b3fxt78x66] 🔬 _read(16384) ⏳=false 🔐=undefined 🇺🇸=passthrough 🔗=http://localhost:46477/ origFlowing=true
  1074.598ms [⏱️164] [🔧1b3fxt78x66] ▶️ resume()
  1074.754ms [⏱️943] [🔧1b3fxt78x66] 📣 emit free
     0.001ms [⏱️0] [🔧6lc4faakk6] 🏗️  constructor starting
     0.088ms [⏱️0] [🔧6lc4faakk6] 🏗️  constructor complete http://localhost:46477/
  1075.279ms [⏱️0] [🔧1b3fxt78x66] 🧨 _destroy ⏳=false 🔐=undefined 🇺🇸=passthrough 🔗=http://localhost:46477/
  1075.336ms [⏱️0] [🔧1b3fxt78x66] 🔧 HANDLE.close()
  1075.494ms [⏱️0] [🔧1b3fxt78x66]     at closeSocketHandle (node:net:341:18)
  1075.531ms [⏱️0] [🔧1b3fxt78x66]     at Socket._destroy (node:net:831:7)
  1075.568ms [⏱️0] [🔧1b3fxt78x66]     at _destroy (node:internal/streams/destroy:121:10)
  1075.605ms [⏱️0] [🔧1b3fxt78x66]     at MockHttpSocket.destroy (node:internal/streams/destroy:83:5)
  1075.637ms [⏱️0] [🔧1b3fxt78x66]     at Writable.destroy (node:internal/streams/writable:1122:11)
  1075.674ms [⏱️0] [🔧1b3fxt78x66]     at MockHttpSocket.destroy (/workspace/repro/node_modules/.pnpm/@mswjs+interceptors@file+../node_modules/@mswjs/interceptors/lib/node/chunk-EFBKFUZI.js:574:18)
  1075.724ms [⏱️0] [🔧1b3fxt78x66]     at MockAgent.<anonymous> (node:_http_agent:154:14)
  1075.751ms [⏱️0] [🔧1b3fxt78x66]     at MockAgent.emit (node:events:524:28)
     0.912ms [⏱️950] [🔧6lc4faakk6] ▶️ resume()
     0.979ms [⏱️950] [🔧6lc4faakk6] ✍️  write 95b 🇺🇸=unknown buffered=0
     1.027ms [⏱️948] [🔧6lc4faakk6] 🚀 onRequestStart path=/ keepAlive=true
     1.497ms [⏱️950] [🔧6lc4faakk6] ✍️  write 2b 🇺🇸=unknown buffered=1
     1.532ms [⏱️950] [🔧6lc4faakk6] ✍️  write 9b 🇺🇸=unknown buffered=2
     1.566ms [⏱️948] [🔧6lc4faakk6] 📦 onRequestBody 9b
     1.603ms [⏱️950] [🔧6lc4faakk6] ✍️  write 2b 🇺🇸=unknown buffered=3
     1.626ms [⏱️950] [🔧6lc4faakk6] ✍️  write 5b 🇺🇸=unknown buffered=4
     1.682ms [⏱️948] [🔧6lc4faakk6] 🏁 onRequestEnd hasStream=true
     1.752ms [⏱️954] [🔧6lc4faakk6] 📖 read([0])
     1.791ms [⏱️954] [🔧6lc4faakk6] 🔬 _read(16384) ⏳=true 🔐=undefined 🇺🇸=unknown 🔗=http://localhost:46477/ origFlowing=undefined
     1.873ms [⏱️954] [🔧6lc4faakk6] 📣 emit resume
     1.956ms [⏱️954] [🔧6lc4faakk6] 📖 read()
     2.387ms [⏱️0] [🔧6lc4faakk6] 💨 passthrough() 🧨=false ⏳=true
     2.491ms [⏱️0] [🔧6lc4faakk6] 🔌 created originalSocket
     2.521ms [⏱️0] [🔧6lc4faakk6] 🚽 flushing writeBuffer (5 items)
     2.628ms [⏱️968] [🔧6lc4faakk6] ▶️ onResume
     2.667ms [⏱️968] [🔧6lc4faakk6] 📣 emit resume
  1084.800ms [⏱️453] [🔧geklpcjbhjg] 💾 onData 120b
  1084.852ms [⏱️453] [🔧geklpcjbhjg] 📤 push([{"type":"Buffer","data":[72,84,84,80,47)
  1084.893ms [⏱️46] [🔧geklpcjbhjg] 📨 onResponseStart status=200 🇺🇸=passthrough
  1085.359ms [⏱️46] [🔧geklpcjbhjg] 📥 onResponseBody 2b
  1085.402ms [⏱️46] [🔧geklpcjbhjg] 🎬 onResponseEnd hasStream=true
  1085.440ms [⏱️453] [🔧geklpcjbhjg] 📣 emit data 120 chars
  1085.482ms [⏱️973] [🔧geklpcjbhjg] 📖 read([0])
  1085.513ms [⏱️973] [🔧geklpcjbhjg] 🔬 _read(16384) ⏳=false 🔐=undefined 🇺🇸=passthrough 🔗=http://localhost:46477/ origFlowing=true
  1085.661ms [⏱️112] [🔧geklpcjbhjg] ▶️ resume()
  1085.819ms [⏱️988] [🔧geklpcjbhjg] 📣 emit free
     0.001ms [⏱️0] [🔧6xj9npgzagm] 🏗️  constructor starting
     1.110ms [⏱️0] [🔧6xj9npgzagm] 🏗️  constructor complete http://localhost:46477/
  1087.203ms [⏱️0] [🔧geklpcjbhjg] 🧨 _destroy ⏳=false 🔐=undefined 🇺🇸=passthrough 🔗=http://localhost:46477/
  1087.240ms [⏱️0] [🔧geklpcjbhjg] 🔧 HANDLE.close()
  1087.370ms [⏱️0] [🔧geklpcjbhjg]     at closeSocketHandle (node:net:341:18)
  1087.398ms [⏱️0] [🔧geklpcjbhjg]     at Socket._destroy (node:net:831:7)
  1087.417ms [⏱️0] [🔧geklpcjbhjg]     at _destroy (node:internal/streams/destroy:121:10)
  1087.436ms [⏱️0] [🔧geklpcjbhjg]     at MockHttpSocket.destroy (node:internal/streams/destroy:83:5)
  1087.487ms [⏱️0] [🔧geklpcjbhjg]     at Writable.destroy (node:internal/streams/writable:1122:11)
  1087.509ms [⏱️0] [🔧geklpcjbhjg]     at MockHttpSocket.destroy (/workspace/repro/node_modules/.pnpm/@mswjs+interceptors@file+../node_modules/@mswjs/interceptors/lib/node/chunk-EFBKFUZI.js:574:18)
  1087.529ms [⏱️0] [🔧geklpcjbhjg]     at MockAgent.<anonymous> (node:_http_agent:154:14)
  1087.549ms [⏱️0] [🔧geklpcjbhjg]     at MockAgent.emit (node:events:524:28)
     1.607ms [⏱️995] [🔧6xj9npgzagm] ▶️ resume()
     1.645ms [⏱️995] [🔧6xj9npgzagm] ✍️  write 95b 🇺🇸=unknown buffered=0
     1.683ms [⏱️993] [🔧6xj9npgzagm] 🚀 onRequestStart path=/ keepAlive=true
     2.019ms [⏱️995] [🔧6xj9npgzagm] ✍️  write 2b 🇺🇸=unknown buffered=1
     2.049ms [⏱️995] [🔧6xj9npgzagm] ✍️  write 9b 🇺🇸=unknown buffered=2
     2.078ms [⏱️993] [🔧6xj9npgzagm] 📦 onRequestBody 9b
     2.108ms [⏱️995] [🔧6xj9npgzagm] ✍️  write 2b 🇺🇸=unknown buffered=3
     2.135ms [⏱️995] [🔧6xj9npgzagm] ✍️  write 5b 🇺🇸=unknown buffered=4
     2.160ms [⏱️993] [🔧6xj9npgzagm] 🏁 onRequestEnd hasStream=true
     2.205ms [⏱️999] [🔧6xj9npgzagm] 📖 read([0])
     2.232ms [⏱️999] [🔧6xj9npgzagm] 🔬 _read(16384) ⏳=true 🔐=undefined 🇺🇸=unknown 🔗=http://localhost:46477/ origFlowing=undefined
     2.265ms [⏱️999] [🔧6xj9npgzagm] 📣 emit resume
     2.302ms [⏱️999] [🔧6xj9npgzagm] 📖 read()
     2.653ms [⏱️0] [🔧6xj9npgzagm] 💨 passthrough() 🧨=false ⏳=true
     2.764ms [⏱️0] [🔧6xj9npgzagm] 🔌 created originalSocket
     2.795ms [⏱️0] [🔧6xj9npgzagm] 🚽 flushing writeBuffer (5 items)
     2.861ms [⏱️1013] [🔧6xj9npgzagm] ▶️ onResume
     2.890ms [⏱️1013] [🔧6xj9npgzagm] 📣 emit resume
  1082.007ms [⏱️367] [🔧1b3fxt78x66] 📣 emit close false
     7.041ms [⏱️967] [🔧6lc4faakk6] 🔍 onLookup args=[null,"::1",6,"localhost"]
     7.072ms [⏱️967] [🔧6lc4faakk6] 📣 emit lookup null, "::1", 6, "localhost"
     7.113ms [⏱️967] [🔧6lc4faakk6] 🔍 onLookup args=[null,"127.0.0.1",4,"localhost"]
     7.139ms [⏱️967] [🔧6lc4faakk6] 📣 emit lookup null, "127.0.0.1", 4, "localhost"
     3.346ms [⏱️1012] [🔧6xj9npgzagm] 🔍 onLookup args=[null,"::1",6,"localhost"]
     3.391ms [⏱️1012] [🔧6xj9npgzagm] 📣 emit lookup null, "::1", 6, "localhost"
     3.418ms [⏱️1012] [🔧6xj9npgzagm] 🔍 onLookup args=[null,"127.0.0.1",4,"localhost"]
     3.442ms [⏱️1012] [🔧6xj9npgzagm] 📣 emit lookup null, "127.0.0.1", 4, "localhost"
  1098.254ms [⏱️457] [🔧vdgjke1k72s] 🔌 onConnect delay from lookup
  1098.339ms [⏱️457] [🔧vdgjke1k72s] ⚠️  HANDLE MISMATCH!
  1098.365ms [⏱️457] [🔧vdgjke1k72s]    My Handle: TCP 🔧=true 🆔=-22 📖=false
  1098.385ms [⏱️457] [🔧vdgjke1k72s]    Socket Handle: TCP 🔧=false 🆔=29 📖=false
  1098.422ms [⏱️457] [🔧vdgjke1k72s]    Object references are different!
  1098.498ms [⏱️457] [🔧vdgjke1k72s] 📣 emit connect
  1098.542ms [⏱️457] [🔧vdgjke1k72s] 🔬 _read(16384) ⏳=false 🔐=undefined 🇺🇸=passthrough 🔗=http://localhost:46477/ origFlowing=true
  1098.578ms [⏱️457] [🔧vdgjke1k72s] 🔧 HANDLE.readStart()
  1098.705ms [⏱️457] [🔧vdgjke1k72s]     at tryReadStart (node:net:705:30)
  1098.728ms [⏱️457] [🔧vdgjke1k72s]     at Socket._read (node:net:722:5)
  1098.747ms [⏱️457] [🔧vdgjke1k72s]     at MockHttpSocket._read (/workspace/repro/node_modules/.pnpm/@mswjs+interceptors@file+../node_modules/@mswjs/interceptors/lib/node/chunk-EFBKFUZI.js:550:11)
  1098.770ms [⏱️457] [🔧vdgjke1k72s]     at MockHttpSocket.<anonymous> (node:net:720:37)
  1098.795ms [⏱️457] [🔧vdgjke1k72s]     at Object.onceWrapper (node:events:638:28)
  1098.811ms [⏱️457] [🔧vdgjke1k72s]     at MockHttpSocket.emit (node:events:524:28)
  1098.829ms [⏱️457] [🔧vdgjke1k72s]     at MockHttpSocket.emit (/workspace/repro/node_modules/.pnpm/@mswjs+interceptors@file+../node_modules/@mswjs/interceptors/lib/node/chunk-EFBKFUZI.js:564:12)
  1098.850ms [⏱️457] [🔧vdgjke1k72s]     at Socket.<anonymous> (/workspace/repro/node_modules/.pnpm/@mswjs+interceptors@file+../node_modules/@mswjs/interceptors/lib/node/chunk-EFBKFUZI.js:704:12)
  1098.888ms [⏱️457] [🔧vdgjke1k72s] ✅ onReady
  1098.921ms [⏱️457] [🔧vdgjke1k72s] 📣 emit ready
   255.034ms [⏱️731] [🔧c4unvvisavw] 🔧 HANDLE.close()
   255.167ms [⏱️731] [🔧c4unvvisavw]     at Timeout.internalConnectMultipleTimeout [as _onTimeout] (node:net:1712:10)
   255.192ms [⏱️731] [🔧c4unvvisavw]     at listOnTimeout (node:internal/timers:583:11)
   255.210ms [⏱️731] [🔧c4unvvisavw]     at process.processTimers (node:internal/timers:519:7)
   255.332ms [⏱️731] [🔧c4unvvisavw] 🔧 HANDLE.close()
   255.396ms [⏱️731] [🔧c4unvvisavw]     at Socket.reinitializeHandle (node:net:1265:17)
   255.419ms [⏱️731] [🔧c4unvvisavw]     at internalConnectMultiple (node:net:1131:30)
   255.432ms [⏱️731] [🔧c4unvvisavw]     at Timeout.internalConnectMultipleTimeout (node:net:1716:5)
   255.446ms [⏱️731] [🔧c4unvvisavw]     at listOnTimeout (node:internal/timers:583:11)
   255.457ms [⏱️731] [🔧c4unvvisavw]     at process.processTimers (node:internal/timers:519:7)
  1128.087ms [⏱️450] [🔧oonwztj84dd] 💾 onData 120b
  1128.201ms [⏱️450] [🔧oonwztj84dd] 📤 push([{"type":"Buffer","data":[72,84,84,80,47)
  1128.251ms [⏱️43] [🔧oonwztj84dd] 📨 onResponseStart status=200 🇺🇸=passthrough
  1128.979ms [⏱️43] [🔧oonwztj84dd] 📥 onResponseBody 2b
  1129.041ms [⏱️43] [🔧oonwztj84dd] 🎬 onResponseEnd hasStream=true
  1129.119ms [⏱️450] [🔧oonwztj84dd] 📣 emit data 120 chars
  1129.260ms [⏱️1047] [🔧oonwztj84dd] 📖 read([0])
  1129.309ms [⏱️1047] [🔧oonwztj84dd] 🔬 _read(16384) ⏳=false 🔐=undefined 🇺🇸=passthrough 🔗=http://localhost:46477/ origFlowing=true
  1129.486ms [⏱️108] [🔧oonwztj84dd] ▶️ resume()
  1129.698ms [⏱️1062] [🔧oonwztj84dd] 📣 emit free
     0.001ms [⏱️0] [🔧cd2v9zzzh4r] 🏗️  constructor starting
     0.104ms [⏱️0] [🔧cd2v9zzzh4r] 🏗️  constructor complete http://localhost:46477/
  1130.347ms [⏱️0] [🔧oonwztj84dd] 🧨 _destroy ⏳=false 🔐=undefined 🇺🇸=passthrough 🔗=http://localhost:46477/
  1130.409ms [⏱️0] [🔧oonwztj84dd] 🔧 HANDLE.close()
  1130.558ms [⏱️0] [🔧oonwztj84dd]     at closeSocketHandle (node:net:341:18)
  1130.588ms [⏱️0] [🔧oonwztj84dd]     at Socket._destroy (node:net:831:7)
  1130.622ms [⏱️0] [🔧oonwztj84dd]     at _destroy (node:internal/streams/destroy:121:10)
  1130.643ms [⏱️0] [🔧oonwztj84dd]     at MockHttpSocket.destroy (node:internal/streams/destroy:83:5)
  1130.686ms [⏱️0] [🔧oonwztj84dd]     at Writable.destroy (node:internal/streams/writable:1122:11)
  1130.753ms [⏱️0] [🔧oonwztj84dd]     at MockHttpSocket.destroy (/workspace/repro/node_modules/.pnpm/@mswjs+interceptors@file+../node_modules/@mswjs/interceptors/lib/node/chunk-EFBKFUZI.js:574:18)
  1130.773ms [⏱️0] [🔧oonwztj84dd]     at MockAgent.<anonymous> (node:_http_agent:154:14)
  1130.800ms [⏱️0] [🔧oonwztj84dd]     at MockAgent.emit (node:events:524:28)
     0.794ms [⏱️1069] [🔧cd2v9zzzh4r] ▶️ resume()
     0.846ms [⏱️1069] [🔧cd2v9zzzh4r] ✍️  write 95b 🇺🇸=unknown buffered=0
     0.894ms [⏱️1067] [🔧cd2v9zzzh4r] 🚀 onRequestStart path=/ keepAlive=true
     1.404ms [⏱️1069] [🔧cd2v9zzzh4r] ✍️  write 2b 🇺🇸=unknown buffered=1
     1.445ms [⏱️1069] [🔧cd2v9zzzh4r] ✍️  write 9b 🇺🇸=unknown buffered=2
     1.481ms [⏱️1067] [🔧cd2v9zzzh4r] 📦 onRequestBody 9b
     1.521ms [⏱️1069] [🔧cd2v9zzzh4r] ✍️  write 2b 🇺🇸=unknown buffered=3
     1.552ms [⏱️1069] [🔧cd2v9zzzh4r] ✍️  write 5b 🇺🇸=unknown buffered=4
     1.582ms [⏱️1067] [🔧cd2v9zzzh4r] 🏁 onRequestEnd hasStream=true
     1.638ms [⏱️1073] [🔧cd2v9zzzh4r] 📖 read([0])
     1.671ms [⏱️1073] [🔧cd2v9zzzh4r] 🔬 _read(16384) ⏳=true 🔐=undefined 🇺🇸=unknown 🔗=http://localhost:46477/ origFlowing=undefined
     1.747ms [⏱️1073] [🔧cd2v9zzzh4r] 📣 emit resume
     1.794ms [⏱️1073] [🔧cd2v9zzzh4r] 📖 read()
     2.343ms [⏱️0] [🔧cd2v9zzzh4r] 💨 passthrough() 🧨=false ⏳=true
     2.538ms [⏱️0] [🔧cd2v9zzzh4r] 🔌 created originalSocket
     2.578ms [⏱️0] [🔧cd2v9zzzh4r] 🚽 flushing writeBuffer (5 items)
     2.666ms [⏱️1087] [🔧cd2v9zzzh4r] ▶️ onResume
     2.694ms [⏱️1087] [🔧cd2v9zzzh4r] 📣 emit resume
   255.780ms [⏱️788] [🔧7creimj539m] 🔧 HANDLE.close()
   255.869ms [⏱️788] [🔧7creimj539m]     at Timeout.internalConnectMultipleTimeout [as _onTimeout] (node:net:1712:10)
   255.896ms [⏱️788] [🔧7creimj539m]     at listOnTimeout (node:internal/timers:583:11)
   256.020ms [⏱️788] [🔧7creimj539m]     at process.processTimers (node:internal/timers:519:7)
   256.187ms [⏱️788] [🔧7creimj539m] 🔧 HANDLE.close()
   256.275ms [⏱️788] [🔧7creimj539m]     at Socket.reinitializeHandle (node:net:1265:17)
   256.327ms [⏱️788] [🔧7creimj539m]     at internalConnectMultiple (node:net:1131:30)
   256.372ms [⏱️788] [🔧7creimj539m]     at Timeout.internalConnectMultipleTimeout (node:net:1716:5)
   256.396ms [⏱️788] [🔧7creimj539m]     at listOnTimeout (node:internal/timers:583:11)
   256.470ms [⏱️788] [🔧7creimj539m]     at process.processTimers (node:internal/timers:519:7)
     3.656ms [⏱️1086] [🔧cd2v9zzzh4r] 🔍 onLookup args=[null,"::1",6,"localhost"]
     3.698ms [⏱️1086] [🔧cd2v9zzzh4r] 📣 emit lookup null, "::1", 6, "localhost"
     3.760ms [⏱️1086] [🔧cd2v9zzzh4r] 🔍 onLookup args=[null,"127.0.0.1",4,"localhost"]
     3.790ms [⏱️1086] [🔧cd2v9zzzh4r] 📣 emit lookup null, "127.0.0.1", 4, "localhost"
  1141.650ms [⏱️441] [🔧pwvpkrajx1r] 💾 onData 120b
  1141.717ms [⏱️441] [🔧pwvpkrajx1r] 📤 push([{"type":"Buffer","data":[72,84,84,80,47)
  1141.756ms [⏱️28] [🔧pwvpkrajx1r] 📨 onResponseStart status=200 🇺🇸=passthrough
  1142.127ms [⏱️28] [🔧pwvpkrajx1r] 📥 onResponseBody 2b
  1142.170ms [⏱️28] [🔧pwvpkrajx1r] 🎬 onResponseEnd hasStream=true
  1142.222ms [⏱️441] [🔧pwvpkrajx1r] 📣 emit data 120 chars
  1142.434ms [⏱️1104] [🔧pwvpkrajx1r] 📖 read([0])
  1142.488ms [⏱️1104] [🔧pwvpkrajx1r] 🔬 _read(16384) ⏳=false 🔐=undefined 🇺🇸=passthrough 🔗=http://localhost:46477/ origFlowing=true
  1142.585ms [⏱️87] [🔧pwvpkrajx1r] ▶️ resume()
  1142.826ms [⏱️1119] [🔧pwvpkrajx1r] 📣 emit free
     0.001ms [⏱️0] [🔧3741me22wvm] 🏗️  constructor starting
     0.075ms [⏱️0] [🔧3741me22wvm] 🏗️  constructor complete http://localhost:46477/
  1143.252ms [⏱️0] [🔧pwvpkrajx1r] 🧨 _destroy ⏳=false 🔐=undefined 🇺🇸=passthrough 🔗=http://localhost:46477/
  1143.424ms [⏱️0] [🔧pwvpkrajx1r] 🔧 HANDLE.close()
  1143.585ms [⏱️0] [🔧pwvpkrajx1r]     at closeSocketHandle (node:net:341:18)
  1143.613ms [⏱️0] [🔧pwvpkrajx1r]     at Socket._destroy (node:net:831:7)
  1143.655ms [⏱️0] [🔧pwvpkrajx1r]     at _destroy (node:internal/streams/destroy:121:10)
  1143.670ms [⏱️0] [🔧pwvpkrajx1r]     at MockHttpSocket.destroy (node:internal/streams/destroy:83:5)
  1143.747ms [⏱️0] [🔧pwvpkrajx1r]     at Writable.destroy (node:internal/streams/writable:1122:11)
  1143.866ms [⏱️0] [🔧pwvpkrajx1r]     at MockHttpSocket.destroy (/workspace/repro/node_modules/.pnpm/@mswjs+interceptors@file+../node_modules/@mswjs/interceptors/lib/node/chunk-EFBKFUZI.js:574:18)
  1143.896ms [⏱️0] [🔧pwvpkrajx1r]     at MockAgent.<anonymous> (node:_http_agent:154:14)
  1143.945ms [⏱️0] [🔧pwvpkrajx1r]     at MockAgent.emit (node:events:524:28)
     0.973ms [⏱️1126] [🔧3741me22wvm] ▶️ resume()
     1.030ms [⏱️1126] [🔧3741me22wvm] ✍️  write 95b 🇺🇸=unknown buffered=0
     1.064ms [⏱️1124] [🔧3741me22wvm] 🚀 onRequestStart path=/ keepAlive=true
     1.614ms [⏱️1126] [🔧3741me22wvm] ✍️  write 2b 🇺🇸=unknown buffered=1
     1.654ms [⏱️1126] [🔧3741me22wvm] ✍️  write 9b 🇺🇸=unknown buffered=2
     1.686ms [⏱️1124] [🔧3741me22wvm] 📦 onRequestBody 9b
     1.716ms [⏱️1126] [🔧3741me22wvm] ✍️  write 2b 🇺🇸=unknown buffered=3
     1.738ms [⏱️1126] [🔧3741me22wvm] ✍️  write 5b 🇺🇸=unknown buffered=4
     1.761ms [⏱️1124] [🔧3741me22wvm] 🏁 onRequestEnd hasStream=true
     1.808ms [⏱️1130] [🔧3741me22wvm] 📖 read([0])
     1.999ms [⏱️1130] [🔧3741me22wvm] 🔬 _read(16384) ⏳=true 🔐=undefined 🇺🇸=unknown 🔗=http://localhost:46477/ origFlowing=undefined
     2.073ms [⏱️1130] [🔧3741me22wvm] 📣 emit resume
     2.102ms [⏱️1130] [🔧3741me22wvm] 📖 read()
     2.827ms [⏱️0] [🔧3741me22wvm] 💨 passthrough() 🧨=false ⏳=true
     2.970ms [⏱️0] [🔧3741me22wvm] 🔌 created originalSocket
     3.005ms [⏱️0] [🔧3741me22wvm] 🚽 flushing writeBuffer (5 items)
     3.118ms [⏱️1144] [🔧3741me22wvm] ▶️ onResume
     3.169ms [⏱️1144] [🔧3741me22wvm] 📣 emit resume
     3.338ms [⏱️1143] [🔧3741me22wvm] 🔍 onLookup args=[null,"::1",6,"localhost"]
     3.443ms [⏱️1143] [🔧3741me22wvm] 📣 emit lookup null, "::1", 6, "localhost"
     3.472ms [⏱️1143] [🔧3741me22wvm] 🔍 onLookup args=[null,"127.0.0.1",4,"localhost"]
     3.497ms [⏱️1143] [🔧3741me22wvm] 📣 emit lookup null, "127.0.0.1", 4, "localhost"
  1183.494ms [⏱️489] [🔧qzdq0dl0dj] 💾 onData 120b
  1183.597ms [⏱️489] [🔧qzdq0dl0dj] 📤 push([{"type":"Buffer","data":[72,84,84,80,47)
  1183.635ms [⏱️82] [🔧qzdq0dl0dj] 📨 onResponseStart status=200 🇺🇸=passthrough
  1184.078ms [⏱️82] [🔧qzdq0dl0dj] 📥 onResponseBody 2b
  1184.138ms [⏱️82] [🔧qzdq0dl0dj] 🎬 onResponseEnd hasStream=true
  1184.248ms [⏱️489] [🔧qzdq0dl0dj] 📣 emit data 120 chars
  1184.307ms [⏱️1174] [🔧qzdq0dl0dj] 📖 read([0])
  1184.376ms [⏱️1174] [🔧qzdq0dl0dj] 🔬 _read(16384) ⏳=false 🔐=undefined 🇺🇸=passthrough 🔗=http://localhost:46477/ origFlowing=true
  1184.676ms [⏱️160] [🔧qzdq0dl0dj] ▶️ resume()
  1184.900ms [⏱️1189] [🔧qzdq0dl0dj] 📣 emit free
     0.001ms [⏱️0] [🔧ye6yezc6ezn] 🏗️  constructor starting
     0.086ms [⏱️0] [🔧ye6yezc6ezn] 🏗️  constructor complete http://localhost:46477/
  1185.452ms [⏱️0] [🔧qzdq0dl0dj] 🧨 _destroy ⏳=false 🔐=undefined 🇺🇸=passthrough 🔗=http://localhost:46477/
  1185.589ms [⏱️0] [🔧qzdq0dl0dj] 🔧 HANDLE.close()
  1185.805ms [⏱️0] [🔧qzdq0dl0dj]     at closeSocketHandle (node:net:341:18)
  1185.870ms [⏱️0] [🔧qzdq0dl0dj]     at Socket._destroy (node:net:831:7)
  1185.894ms [⏱️0] [🔧qzdq0dl0dj]     at _destroy (node:internal/streams/destroy:121:10)
  1185.917ms [⏱️0] [🔧qzdq0dl0dj]     at MockHttpSocket.destroy (node:internal/streams/destroy:83:5)
  1185.988ms [⏱️0] [🔧qzdq0dl0dj]     at Writable.destroy (node:internal/streams/writable:1122:11)
  1186.006ms [⏱️0] [🔧qzdq0dl0dj]     at MockHttpSocket.destroy (/workspace/repro/node_modules/.pnpm/@mswjs+interceptors@file+../node_modules/@mswjs/interceptors/lib/node/chunk-EFBKFUZI.js:574:18)
  1186.027ms [⏱️0] [🔧qzdq0dl0dj]     at MockAgent.<anonymous> (node:_http_agent:154:14)
  1186.039ms [⏱️0] [🔧qzdq0dl0dj]     at MockAgent.emit (node:events:524:28)
     1.023ms [⏱️1196] [🔧ye6yezc6ezn] ▶️ resume()
     1.079ms [⏱️1196] [🔧ye6yezc6ezn] ✍️  write 95b 🇺🇸=unknown buffered=0
     1.153ms [⏱️1194] [🔧ye6yezc6ezn] 🚀 onRequestStart path=/ keepAlive=true
     1.745ms [⏱️1196] [🔧ye6yezc6ezn] ✍️  write 2b 🇺🇸=unknown buffered=1
     1.789ms [⏱️1196] [🔧ye6yezc6ezn] ✍️  write 9b 🇺🇸=unknown buffered=2
     1.818ms [⏱️1194] [🔧ye6yezc6ezn] 📦 onRequestBody 9b
     1.851ms [⏱️1196] [🔧ye6yezc6ezn] ✍️  write 2b 🇺🇸=unknown buffered=3
     1.896ms [⏱️1196] [🔧ye6yezc6ezn] ✍️  write 5b 🇺🇸=unknown buffered=4
     1.921ms [⏱️1194] [🔧ye6yezc6ezn] 🏁 onRequestEnd hasStream=true
     1.979ms [⏱️1200] [🔧ye6yezc6ezn] 📖 read([0])
     2.008ms [⏱️1200] [🔧ye6yezc6ezn] 🔬 _read(16384) ⏳=true 🔐=undefined 🇺🇸=unknown 🔗=http://localhost:46477/ origFlowing=undefined
     2.029ms [⏱️1200] [🔧ye6yezc6ezn] 📣 emit resume
     2.048ms [⏱️1200] [🔧ye6yezc6ezn] 📖 read()
     2.818ms [⏱️0] [🔧ye6yezc6ezn] 💨 passthrough() 🧨=false ⏳=true
     2.977ms [⏱️0] [🔧ye6yezc6ezn] 🔌 created originalSocket
     3.010ms [⏱️0] [🔧ye6yezc6ezn] 🚽 flushing writeBuffer (5 items)
     3.096ms [⏱️1214] [🔧ye6yezc6ezn] ▶️ onResume
     3.136ms [⏱️1214] [🔧ye6yezc6ezn] 📣 emit resume
     3.420ms [⏱️1213] [🔧ye6yezc6ezn] 🔍 onLookup args=[null,"::1",6,"localhost"]
     3.515ms [⏱️1213] [🔧ye6yezc6ezn] 📣 emit lookup null, "::1", 6, "localhost"
     3.575ms [⏱️1213] [🔧ye6yezc6ezn] 🔍 onLookup args=[null,"127.0.0.1",4,"localhost"]
     3.603ms [⏱️1213] [🔧ye6yezc6ezn] 📣 emit lookup null, "127.0.0.1", 4, "localhost"
  1202.379ms [⏱️459] [🔧v74qlt9mcy] 💾 onData 120b
  1202.526ms [⏱️459] [🔧v74qlt9mcy] 📤 push([{"type":"Buffer","data":[72,84,84,80,47)
  1202.590ms [⏱️52] [🔧v74qlt9mcy] 📨 onResponseStart status=200 🇺🇸=passthrough
  1203.226ms [⏱️52] [🔧v74qlt9mcy] 📥 onResponseBody 2b
  1203.284ms [⏱️52] [🔧v74qlt9mcy] 🎬 onResponseEnd hasStream=true
  1203.336ms [⏱️459] [🔧v74qlt9mcy] 📣 emit data 120 chars
  1203.396ms [⏱️1222] [🔧v74qlt9mcy] 📖 read([0])
  1203.434ms [⏱️1222] [🔧v74qlt9mcy] 🔬 _read(16384) ⏳=false 🔐=undefined 🇺🇸=passthrough 🔗=http://localhost:46477/ origFlowing=true
  1203.877ms [⏱️120] [🔧v74qlt9mcy] ▶️ resume()
  1204.099ms [⏱️1237] [🔧v74qlt9mcy] 📣 emit free
     0.001ms [⏱️0] [🔧3hxyte3d73] 🏗️  constructor starting
     0.100ms [⏱️0] [🔧3hxyte3d73] 🏗️  constructor complete http://localhost:46477/
  1204.780ms [⏱️0] [🔧v74qlt9mcy] 🧨 _destroy ⏳=false 🔐=undefined 🇺🇸=passthrough 🔗=http://localhost:46477/
  1204.849ms [⏱️0] [🔧v74qlt9mcy] 🔧 HANDLE.close()
  1205.079ms [⏱️0] [🔧v74qlt9mcy]     at closeSocketHandle (node:net:341:18)
  1205.113ms [⏱️0] [🔧v74qlt9mcy]     at Socket._destroy (node:net:831:7)
  1205.174ms [⏱️0] [🔧v74qlt9mcy]     at _destroy (node:internal/streams/destroy:121:10)
  1205.203ms [⏱️0] [🔧v74qlt9mcy]     at MockHttpSocket.destroy (node:internal/streams/destroy:83:5)
  1205.225ms [⏱️0] [🔧v74qlt9mcy]     at Writable.destroy (node:internal/streams/writable:1122:11)
  1205.247ms [⏱️0] [🔧v74qlt9mcy]     at MockHttpSocket.destroy (/workspace/repro/node_modules/.pnpm/@mswjs+interceptors@file+../node_modules/@mswjs/interceptors/lib/node/chunk-EFBKFUZI.js:574:18)
  1205.322ms [⏱️0] [🔧v74qlt9mcy]     at MockAgent.<anonymous> (node:_http_agent:154:14)
  1205.392ms [⏱️0] [🔧v74qlt9mcy]     at MockAgent.emit (node:events:524:28)
     1.097ms [⏱️1244] [🔧3hxyte3d73] ▶️ resume()
     1.171ms [⏱️1244] [🔧3hxyte3d73] ✍️  write 95b 🇺🇸=unknown buffered=0
     1.251ms [⏱️1242] [🔧3hxyte3d73] 🚀 onRequestStart path=/ keepAlive=true
     1.823ms [⏱️1244] [🔧3hxyte3d73] ✍️  write 2b 🇺🇸=unknown buffered=1
     1.911ms [⏱️1244] [🔧3hxyte3d73] ✍️  write 9b 🇺🇸=unknown buffered=2
     1.980ms [⏱️1242] [🔧3hxyte3d73] 📦 onRequestBody 9b
     2.024ms [⏱️1244] [🔧3hxyte3d73] ✍️  write 2b 🇺🇸=unknown buffered=3
     2.048ms [⏱️1244] [🔧3hxyte3d73] ✍️  write 5b 🇺🇸=unknown buffered=4
     2.080ms [⏱️1242] [🔧3hxyte3d73] 🏁 onRequestEnd hasStream=true
     2.150ms [⏱️1248] [🔧3hxyte3d73] 📖 read([0])
     2.183ms [⏱️1248] [🔧3hxyte3d73] 🔬 _read(16384) ⏳=true 🔐=undefined 🇺🇸=unknown 🔗=http://localhost:46477/ origFlowing=undefined
     2.216ms [⏱️1248] [🔧3hxyte3d73] 📣 emit resume
     2.232ms [⏱️1248] [🔧3hxyte3d73] 📖 read()
     2.813ms [⏱️0] [🔧3hxyte3d73] 💨 passthrough() 🧨=false ⏳=true
     2.968ms [⏱️0] [🔧3hxyte3d73] 🔌 created originalSocket
     2.994ms [⏱️0] [🔧3hxyte3d73] 🚽 flushing writeBuffer (5 items)
     3.067ms [⏱️1262] [🔧3hxyte3d73] ▶️ onResume
     3.086ms [⏱️1262] [🔧3hxyte3d73] 📣 emit resume
     3.638ms [⏱️1261] [🔧3hxyte3d73] 🔍 onLookup args=[null,"::1",6,"localhost"]
     3.676ms [⏱️1261] [🔧3hxyte3d73] 📣 emit lookup null, "::1", 6, "localhost"
     3.700ms [⏱️1261] [🔧3hxyte3d73] 🔍 onLookup args=[null,"127.0.0.1",4,"localhost"]
     3.720ms [⏱️1261] [🔧3hxyte3d73] 📣 emit lookup null, "127.0.0.1", 4, "localhost"
  1213.444ms [⏱️478] [🔧67nryj77ken] 🔌 onConnect delay from lookup
  1213.503ms [⏱️478] [🔧67nryj77ken] ⚠️  HANDLE MISMATCH!
  1213.525ms [⏱️478] [🔧67nryj77ken]    My Handle: TCP 🔧=true 🆔=-22 📖=false
  1213.545ms [⏱️478] [🔧67nryj77ken]    Socket Handle: TCP 🔧=false 🆔=36 📖=false
  1213.564ms [⏱️478] [🔧67nryj77ken]    Object references are different!
  1213.584ms [⏱️478] [🔧67nryj77ken] 📣 emit connect
  1213.613ms [⏱️478] [🔧67nryj77ken] 🔬 _read(16384) ⏳=false 🔐=undefined 🇺🇸=passthrough 🔗=http://localhost:46477/ origFlowing=true
  1213.637ms [⏱️478] [🔧67nryj77ken] 🔧 HANDLE.readStart()
  1213.786ms [⏱️478] [🔧67nryj77ken]     at tryReadStart (node:net:705:30)
  1213.808ms [⏱️478] [🔧67nryj77ken]     at Socket._read (node:net:722:5)
  1213.824ms [⏱️478] [🔧67nryj77ken]     at MockHttpSocket._read (/workspace/repro/node_modules/.pnpm/@mswjs+interceptors@file+../node_modules/@mswjs/interceptors/lib/node/chunk-EFBKFUZI.js:550:11)
  1213.841ms [⏱️478] [🔧67nryj77ken]     at MockHttpSocket.<anonymous> (node:net:720:37)
  1213.854ms [⏱️478] [🔧67nryj77ken]     at Object.onceWrapper (node:events:638:28)
  1213.901ms [⏱️478] [🔧67nryj77ken]     at MockHttpSocket.emit (node:events:524:28)
  1213.925ms [⏱️478] [🔧67nryj77ken]     at MockHttpSocket.emit (/workspace/repro/node_modules/.pnpm/@mswjs+interceptors@file+../node_modules/@mswjs/interceptors/lib/node/chunk-EFBKFUZI.js:564:12)
  1213.946ms [⏱️478] [🔧67nryj77ken]     at Socket.<anonymous> (/workspace/repro/node_modules/.pnpm/@mswjs+interceptors@file+../node_modules/@mswjs/interceptors/lib/node/chunk-EFBKFUZI.js:704:12)
  1213.980ms [⏱️478] [🔧67nryj77ken] ✅ onReady
  1214.002ms [⏱️478] [🔧67nryj77ken] 📣 emit ready
   255.869ms [⏱️864] [🔧z67iewh126] 🔧 HANDLE.close()
   256.069ms [⏱️864] [🔧z67iewh126]     at Timeout.internalConnectMultipleTimeout [as _onTimeout] (node:net:1712:10)
   256.103ms [⏱️864] [🔧z67iewh126]     at listOnTimeout (node:internal/timers:583:11)
   256.134ms [⏱️864] [🔧z67iewh126]     at process.processTimers (node:internal/timers:519:7)
   256.214ms [⏱️864] [🔧z67iewh126] 🔧 HANDLE.close()
   256.310ms [⏱️864] [🔧z67iewh126]     at Socket.reinitializeHandle (node:net:1265:17)
   256.341ms [⏱️864] [🔧z67iewh126]     at internalConnectMultiple (node:net:1131:30)
   256.357ms [⏱️864] [🔧z67iewh126]     at Timeout.internalConnectMultipleTimeout (node:net:1716:5)
   256.372ms [⏱️864] [🔧z67iewh126]     at listOnTimeout (node:internal/timers:583:11)
   256.387ms [⏱️864] [🔧z67iewh126]     at process.processTimers (node:internal/timers:519:7)
   255.136ms [⏱️912] [🔧yefv8sslo9] 🔧 HANDLE.close()
   255.487ms [⏱️912] [🔧yefv8sslo9]     at Timeout.internalConnectMultipleTimeout [as _onTimeout] (node:net:1712:10)
   255.564ms [⏱️912] [🔧yefv8sslo9]     at listOnTimeout (node:internal/timers:583:11)
   255.626ms [⏱️912] [🔧yefv8sslo9]     at process.processTimers (node:internal/timers:519:7)
   255.767ms [⏱️912] [🔧yefv8sslo9] 🔧 HANDLE.close()
   255.910ms [⏱️912] [🔧yefv8sslo9]     at Socket.reinitializeHandle (node:net:1265:17)
   255.965ms [⏱️912] [🔧yefv8sslo9]     at internalConnectMultiple (node:net:1131:30)
   256.144ms [⏱️912] [🔧yefv8sslo9]     at Timeout.internalConnectMultipleTimeout (node:net:1716:5)
   256.244ms [⏱️912] [🔧yefv8sslo9]     at listOnTimeout (node:internal/timers:583:11)
   256.310ms [⏱️912] [🔧yefv8sslo9]     at process.processTimers (node:internal/timers:519:7)
  1285.778ms [⏱️487] [🔧sjtxnpjuov] 🔌 onConnect delay from lookup
  1285.838ms [⏱️487] [🔧sjtxnpjuov] ⚠️  HANDLE MISMATCH!
  1285.866ms [⏱️487] [🔧sjtxnpjuov]    My Handle: TCP 🔧=true 🆔=-22 📖=false
  1285.887ms [⏱️487] [🔧sjtxnpjuov]    Socket Handle: TCP 🔧=false 🆔=39 📖=false
  1285.910ms [⏱️487] [🔧sjtxnpjuov]    Object references are different!
  1285.940ms [⏱️487] [🔧sjtxnpjuov] 📣 emit connect
  1285.975ms [⏱️487] [🔧sjtxnpjuov] 🔬 _read(16384) ⏳=false 🔐=undefined 🇺🇸=passthrough 🔗=http://localhost:46477/ origFlowing=true
  1286.012ms [⏱️487] [🔧sjtxnpjuov] 🔧 HANDLE.readStart()
  1286.144ms [⏱️487] [🔧sjtxnpjuov]     at tryReadStart (node:net:705:30)
  1286.186ms [⏱️487] [🔧sjtxnpjuov]     at Socket._read (node:net:722:5)
  1286.208ms [⏱️487] [🔧sjtxnpjuov]     at MockHttpSocket._read (/workspace/repro/node_modules/.pnpm/@mswjs+interceptors@file+../node_modules/@mswjs/interceptors/lib/node/chunk-EFBKFUZI.js:550:11)
  1286.293ms [⏱️487] [🔧sjtxnpjuov]     at MockHttpSocket.<anonymous> (node:net:720:37)
  1286.326ms [⏱️487] [🔧sjtxnpjuov]     at Object.onceWrapper (node:events:638:28)
  1286.447ms [⏱️487] [🔧sjtxnpjuov]     at MockHttpSocket.emit (node:events:524:28)
  1286.496ms [⏱️487] [🔧sjtxnpjuov]     at MockHttpSocket.emit (/workspace/repro/node_modules/.pnpm/@mswjs+interceptors@file+../node_modules/@mswjs/interceptors/lib/node/chunk-EFBKFUZI.js:564:12)
  1286.513ms [⏱️487] [🔧sjtxnpjuov]     at Socket.<anonymous> (/workspace/repro/node_modules/.pnpm/@mswjs+interceptors@file+../node_modules/@mswjs/interceptors/lib/node/chunk-EFBKFUZI.js:704:12)
  1286.548ms [⏱️487] [🔧sjtxnpjuov] ✅ onReady
  1286.604ms [⏱️487] [🔧sjtxnpjuov] 📣 emit ready
  1325.511ms [⏱️483] [🔧wlsdj3cyqwj] 💾 onData 120b
  1325.661ms [⏱️483] [🔧wlsdj3cyqwj] 📤 push([{"type":"Buffer","data":[72,84,84,80,47)
  1325.710ms [⏱️76] [🔧wlsdj3cyqwj] 📨 onResponseStart status=200 🇺🇸=passthrough
  1326.348ms [⏱️76] [🔧wlsdj3cyqwj] 📥 onResponseBody 2b
  1326.448ms [⏱️76] [🔧wlsdj3cyqwj] 🎬 onResponseEnd hasStream=true
  1326.548ms [⏱️483] [🔧wlsdj3cyqwj] 📣 emit data 120 chars
  1326.707ms [⏱️1297] [🔧wlsdj3cyqwj] 📖 read([0])
  1326.793ms [⏱️1297] [🔧wlsdj3cyqwj] 🔬 _read(16384) ⏳=false 🔐=undefined 🇺🇸=passthrough 🔗=http://localhost:46477/ origFlowing=true
  1327.166ms [⏱️152] [🔧wlsdj3cyqwj] ▶️ resume()
  1327.338ms [⏱️1312] [🔧wlsdj3cyqwj] 📣 emit free
     0.001ms [⏱️0] [🔧vbomzaigbm] 🏗️  constructor starting
     0.070ms [⏱️0] [🔧vbomzaigbm] 🏗️  constructor complete http://localhost:46477/
  1327.880ms [⏱️0] [🔧wlsdj3cyqwj] 🧨 _destroy ⏳=false 🔐=undefined 🇺🇸=passthrough 🔗=http://localhost:46477/
  1328.034ms [⏱️0] [🔧wlsdj3cyqwj] 🔧 HANDLE.close()
  1328.311ms [⏱️0] [🔧wlsdj3cyqwj]     at closeSocketHandle (node:net:341:18)
  1328.404ms [⏱️0] [🔧wlsdj3cyqwj]     at Socket._destroy (node:net:831:7)
  1328.577ms [⏱️0] [🔧wlsdj3cyqwj]     at _destroy (node:internal/streams/destroy:121:10)
  1328.637ms [⏱️0] [🔧wlsdj3cyqwj]     at MockHttpSocket.destroy (node:internal/streams/destroy:83:5)
  1328.860ms [⏱️0] [🔧wlsdj3cyqwj]     at Writable.destroy (node:internal/streams/writable:1122:11)
  1328.912ms [⏱️0] [🔧wlsdj3cyqwj]     at MockHttpSocket.destroy (/workspace/repro/node_modules/.pnpm/@mswjs+interceptors@file+../node_modules/@mswjs/interceptors/lib/node/chunk-EFBKFUZI.js:574:18)
  1328.971ms [⏱️0] [🔧wlsdj3cyqwj]     at MockAgent.<anonymous> (node:_http_agent:154:14)
  1328.993ms [⏱️0] [🔧wlsdj3cyqwj]     at MockAgent.emit (node:events:524:28)
     1.624ms [⏱️1319] [🔧vbomzaigbm] ▶️ resume()
     1.706ms [⏱️1319] [🔧vbomzaigbm] ✍️  write 95b 🇺🇸=unknown buffered=0
     1.765ms [⏱️1317] [🔧vbomzaigbm] 🚀 onRequestStart path=/ keepAlive=true
     2.396ms [⏱️1319] [🔧vbomzaigbm] ✍️  write 2b 🇺🇸=unknown buffered=1
     2.442ms [⏱️1319] [🔧vbomzaigbm] ✍️  write 9b 🇺🇸=unknown buffered=2
     2.482ms [⏱️1317] [🔧vbomzaigbm] 📦 onRequestBody 9b
     2.522ms [⏱️1319] [🔧vbomzaigbm] ✍️  write 2b 🇺🇸=unknown buffered=3
     2.553ms [⏱️1319] [🔧vbomzaigbm] ✍️  write 5b 🇺🇸=unknown buffered=4
     2.587ms [⏱️1317] [🔧vbomzaigbm] 🏁 onRequestEnd hasStream=true
     2.649ms [⏱️1323] [🔧vbomzaigbm] 📖 read([0])
     2.795ms [⏱️1323] [🔧vbomzaigbm] 🔬 _read(16384) ⏳=true 🔐=undefined 🇺🇸=unknown 🔗=http://localhost:46477/ origFlowing=undefined
     2.877ms [⏱️1323] [🔧vbomzaigbm] 📣 emit resume
     2.936ms [⏱️1323] [🔧vbomzaigbm] 📖 read()
     3.532ms [⏱️0] [🔧vbomzaigbm] 💨 passthrough() 🧨=false ⏳=true
     3.664ms [⏱️0] [🔧vbomzaigbm] 🔌 created originalSocket
     3.692ms [⏱️0] [🔧vbomzaigbm] 🚽 flushing writeBuffer (5 items)
     3.764ms [⏱️1337] [🔧vbomzaigbm] ▶️ onResume
     3.791ms [⏱️1337] [🔧vbomzaigbm] 📣 emit resume
     3.917ms [⏱️1336] [🔧vbomzaigbm] 🔍 onLookup args=[null,"::1",6,"localhost"]
     3.950ms [⏱️1336] [🔧vbomzaigbm] 📣 emit lookup null, "::1", 6, "localhost"
     3.975ms [⏱️1336] [🔧vbomzaigbm] 🔍 onLookup args=[null,"127.0.0.1",4,"localhost"]
     3.990ms [⏱️1336] [🔧vbomzaigbm] 📣 emit lookup null, "127.0.0.1", 4, "localhost"
   258.722ms [⏱️1020] [🔧6lc4faakk6] 🔧 HANDLE.close()
   258.823ms [⏱️1020] [🔧6lc4faakk6]     at Timeout.internalConnectMultipleTimeout [as _onTimeout] (node:net:1712:10)
   258.851ms [⏱️1020] [🔧6lc4faakk6]     at listOnTimeout (node:internal/timers:583:11)
   258.876ms [⏱️1020] [🔧6lc4faakk6]     at process.processTimers (node:internal/timers:519:7)
   258.934ms [⏱️1020] [🔧6lc4faakk6] 🔧 HANDLE.close()
   259.080ms [⏱️1020] [🔧6lc4faakk6]     at Socket.reinitializeHandle (node:net:1265:17)
   259.115ms [⏱️1020] [🔧6lc4faakk6]     at internalConnectMultiple (node:net:1131:30)
   259.135ms [⏱️1020] [🔧6lc4faakk6]     at Timeout.internalConnectMultipleTimeout (node:net:1716:5)
   259.154ms [⏱️1020] [🔧6lc4faakk6]     at listOnTimeout (node:internal/timers:583:11)
   259.174ms [⏱️1020] [🔧6lc4faakk6]     at process.processTimers (node:internal/timers:519:7)
   255.354ms [⏱️1023] [🔧6xj9npgzagm] 🔧 HANDLE.close()
   255.412ms [⏱️1023] [🔧6xj9npgzagm]     at Timeout.internalConnectMultipleTimeout [as _onTimeout] (node:net:1712:10)
   255.457ms [⏱️1023] [🔧6xj9npgzagm]     at listOnTimeout (node:internal/timers:583:11)
   255.479ms [⏱️1023] [🔧6xj9npgzagm]     at process.processTimers (node:internal/timers:519:7)
   255.563ms [⏱️1023] [🔧6xj9npgzagm] 🔧 HANDLE.close()
   255.702ms [⏱️1023] [🔧6xj9npgzagm]     at Socket.reinitializeHandle (node:net:1265:17)
   255.763ms [⏱️1023] [🔧6xj9npgzagm]     at internalConnectMultiple (node:net:1131:30)
   255.805ms [⏱️1023] [🔧6xj9npgzagm]     at Timeout.internalConnectMultipleTimeout (node:net:1716:5)
   255.835ms [⏱️1023] [🔧6xj9npgzagm]     at listOnTimeout (node:internal/timers:583:11)
   255.848ms [⏱️1023] [🔧6xj9npgzagm]     at process.processTimers (node:internal/timers:519:7)
  1376.736ms [⏱️468] [🔧ehg5x99hvbl] 💾 onData 120b
  1376.822ms [⏱️468] [🔧ehg5x99hvbl] 📤 push([{"type":"Buffer","data":[72,84,84,80,47)
  1376.867ms [⏱️61] [🔧ehg5x99hvbl] 📨 onResponseStart status=200 🇺🇸=passthrough
  1377.319ms [⏱️61] [🔧ehg5x99hvbl] 📥 onResponseBody 2b
  1377.477ms [⏱️61] [🔧ehg5x99hvbl] 🎬 onResponseEnd hasStream=true
  1377.590ms [⏱️468] [🔧ehg5x99hvbl] 📣 emit data 120 chars
  1377.699ms [⏱️1360] [🔧ehg5x99hvbl] 📖 read([0])
  1377.779ms [⏱️1360] [🔧ehg5x99hvbl] 🔬 _read(16384) ⏳=false 🔐=undefined 🇺🇸=passthrough 🔗=http://localhost:46477/ origFlowing=true
  1378.093ms [⏱️132] [🔧ehg5x99hvbl] ▶️ resume()
  1378.329ms [⏱️1375] [🔧ehg5x99hvbl] 📣 emit free
     0.001ms [⏱️0] [🔧z6yvnznos8] 🏗️  constructor starting
     0.084ms [⏱️0] [🔧z6yvnznos8] 🏗️  constructor complete http://localhost:46477/
  1378.864ms [⏱️0] [🔧ehg5x99hvbl] 🧨 _destroy ⏳=false 🔐=undefined 🇺🇸=passthrough 🔗=http://localhost:46477/
  1378.899ms [⏱️0] [🔧ehg5x99hvbl] 🔧 HANDLE.close()
  1379.164ms [⏱️0] [🔧ehg5x99hvbl]     at closeSocketHandle (node:net:341:18)
  1379.229ms [⏱️0] [🔧ehg5x99hvbl]     at Socket._destroy (node:net:831:7)
  1379.264ms [⏱️0] [🔧ehg5x99hvbl]     at _destroy (node:internal/streams/destroy:121:10)
  1379.295ms [⏱️0] [🔧ehg5x99hvbl]     at MockHttpSocket.destroy (node:internal/streams/destroy:83:5)
  1379.332ms [⏱️0] [🔧ehg5x99hvbl]     at Writable.destroy (node:internal/streams/writable:1122:11)
  1379.362ms [⏱️0] [🔧ehg5x99hvbl]     at MockHttpSocket.destroy (/workspace/repro/node_modules/.pnpm/@mswjs+interceptors@file+../node_modules/@mswjs/interceptors/lib/node/chunk-EFBKFUZI.js:574:18)
  1379.393ms [⏱️0] [🔧ehg5x99hvbl]     at MockAgent.<anonymous> (node:_http_agent:154:14)
  1379.423ms [⏱️0] [🔧ehg5x99hvbl]     at MockAgent.emit (node:events:524:28)
     0.836ms [⏱️1382] [🔧z6yvnznos8] ▶️ resume()
     0.927ms [⏱️1382] [🔧z6yvnznos8] ✍️  write 95b 🇺🇸=unknown buffered=0
     1.175ms [⏱️1380] [🔧z6yvnznos8] 🚀 onRequestStart path=/ keepAlive=true
     1.835ms [⏱️1382] [🔧z6yvnznos8] ✍️  write 2b 🇺🇸=unknown buffered=1
     1.878ms [⏱️1382] [🔧z6yvnznos8] ✍️  write 9b 🇺🇸=unknown buffered=2
     1.912ms [⏱️1380] [🔧z6yvnznos8] 📦 onRequestBody 9b
     1.947ms [⏱️1382] [🔧z6yvnznos8] ✍️  write 2b 🇺🇸=unknown buffered=3
     1.971ms [⏱️1382] [🔧z6yvnznos8] ✍️  write 5b 🇺🇸=unknown buffered=4
     2.014ms [⏱️1380] [🔧z6yvnznos8] 🏁 onRequestEnd hasStream=true
     2.057ms [⏱️1386] [🔧z6yvnznos8] 📖 read([0])
     2.089ms [⏱️1386] [🔧z6yvnznos8] 🔬 _read(16384) ⏳=true 🔐=undefined 🇺🇸=unknown 🔗=http://localhost:46477/ origFlowing=undefined
     2.134ms [⏱️1386] [🔧z6yvnznos8] 📣 emit resume
     2.160ms [⏱️1386] [🔧z6yvnznos8] 📖 read()
     2.794ms [⏱️0] [🔧z6yvnznos8] 💨 passthrough() 🧨=false ⏳=true
     2.939ms [⏱️0] [🔧z6yvnznos8] 🔌 created originalSocket
     2.996ms [⏱️0] [🔧z6yvnznos8] 🚽 flushing writeBuffer (5 items)
     3.080ms [⏱️1400] [🔧z6yvnznos8] ▶️ onResume
     3.129ms [⏱️1400] [🔧z6yvnznos8] 📣 emit resume
   254.951ms [⏱️1094] [🔧cd2v9zzzh4r] 🔧 HANDLE.close()
   255.117ms [⏱️1094] [🔧cd2v9zzzh4r]     at Timeout.internalConnectMultipleTimeout [as _onTimeout] (node:net:1712:10)
   255.151ms [⏱️1094] [🔧cd2v9zzzh4r]     at listOnTimeout (node:internal/timers:583:11)
   255.204ms [⏱️1094] [🔧cd2v9zzzh4r]     at process.processTimers (node:internal/timers:519:7)
   255.313ms [⏱️1094] [🔧cd2v9zzzh4r] 🔧 HANDLE.close()
   255.389ms [⏱️1094] [🔧cd2v9zzzh4r]     at Socket.reinitializeHandle (node:net:1265:17)
   255.433ms [⏱️1094] [🔧cd2v9zzzh4r]     at internalConnectMultiple (node:net:1131:30)
   255.453ms [⏱️1094] [🔧cd2v9zzzh4r]     at Timeout.internalConnectMultipleTimeout (node:net:1716:5)
   255.480ms [⏱️1094] [🔧cd2v9zzzh4r]     at listOnTimeout (node:internal/timers:583:11)
   255.533ms [⏱️1094] [🔧cd2v9zzzh4r]     at process.processTimers (node:internal/timers:519:7)
     4.176ms [⏱️1399] [🔧z6yvnznos8] 🔍 onLookup args=[null,"::1",6,"localhost"]
     4.220ms [⏱️1399] [🔧z6yvnznos8] 📣 emit lookup null, "::1", 6, "localhost"
     4.252ms [⏱️1399] [🔧z6yvnznos8] 🔍 onLookup args=[null,"127.0.0.1",4,"localhost"]
     4.278ms [⏱️1399] [🔧z6yvnznos8] 📣 emit lookup null, "127.0.0.1", 4, "localhost"
   254.435ms [⏱️1148] [🔧3741me22wvm] 🔧 HANDLE.close()
   254.519ms [⏱️1148] [🔧3741me22wvm]     at Timeout.internalConnectMultipleTimeout [as _onTimeout] (node:net:1712:10)
   254.567ms [⏱️1148] [🔧3741me22wvm]     at listOnTimeout (node:internal/timers:583:11)
   254.594ms [⏱️1148] [🔧3741me22wvm]     at process.processTimers (node:internal/timers:519:7)
   254.646ms [⏱️1148] [🔧3741me22wvm] 🔧 HANDLE.close()
   254.738ms [⏱️1148] [🔧3741me22wvm]     at Socket.reinitializeHandle (node:net:1265:17)
   254.771ms [⏱️1148] [🔧3741me22wvm]     at internalConnectMultiple (node:net:1131:30)
   254.793ms [⏱️1148] [🔧3741me22wvm]     at Timeout.internalConnectMultipleTimeout (node:net:1716:5)
   254.855ms [⏱️1148] [🔧3741me22wvm]     at listOnTimeout (node:internal/timers:583:11)
   254.939ms [⏱️1148] [🔧3741me22wvm]     at process.processTimers (node:internal/timers:519:7)
  1412.865ms [⏱️456] [🔧vdgjke1k72s] 💾 onData 120b
  1413.086ms [⏱️456] [🔧vdgjke1k72s] 📤 push([{"type":"Buffer","data":[72,84,84,80,47)
  1413.168ms [⏱️49] [🔧vdgjke1k72s] 📨 onResponseStart status=200 🇺🇸=passthrough
  1413.755ms [⏱️49] [🔧vdgjke1k72s] 📥 onResponseBody 2b
  1413.840ms [⏱️49] [🔧vdgjke1k72s] 🎬 onResponseEnd hasStream=true
  1414.058ms [⏱️456] [🔧vdgjke1k72s] 📣 emit data 120 chars
  1414.121ms [⏱️1423] [🔧vdgjke1k72s] 📖 read([0])
  1414.176ms [⏱️1423] [🔧vdgjke1k72s] 🔬 _read(16384) ⏳=false 🔐=undefined 🇺🇸=passthrough 🔗=http://localhost:46477/ origFlowing=true
  1414.335ms [⏱️116] [🔧vdgjke1k72s] ▶️ resume()
  1414.709ms [⏱️1438] [🔧vdgjke1k72s] 📣 emit free
     0.001ms [⏱️0] [🔧1rlbi8o2fy2] 🏗️  constructor starting
     0.149ms [⏱️0] [🔧1rlbi8o2fy2] 🏗️  constructor complete http://localhost:46477/
  1415.445ms [⏱️0] [🔧vdgjke1k72s] 🧨 _destroy ⏳=false 🔐=undefined 🇺🇸=passthrough 🔗=http://localhost:46477/
  1415.522ms [⏱️0] [🔧vdgjke1k72s] 🔧 HANDLE.close()
  1415.760ms [⏱️0] [🔧vdgjke1k72s]     at closeSocketHandle (node:net:341:18)
  1415.802ms [⏱️0] [🔧vdgjke1k72s]     at Socket._destroy (node:net:831:7)
  1415.856ms [⏱️0] [🔧vdgjke1k72s]     at _destroy (node:internal/streams/destroy:121:10)
  1415.910ms [⏱️0] [🔧vdgjke1k72s]     at MockHttpSocket.destroy (node:internal/streams/destroy:83:5)
  1415.942ms [⏱️0] [🔧vdgjke1k72s]     at Writable.destroy (node:internal/streams/writable:1122:11)
  1415.994ms [⏱️0] [🔧vdgjke1k72s]     at MockHttpSocket.destroy (/workspace/repro/node_modules/.pnpm/@mswjs+interceptors@file+../node_modules/@mswjs/interceptors/lib/node/chunk-EFBKFUZI.js:574:18)
  1416.021ms [⏱️0] [🔧vdgjke1k72s]     at MockAgent.<anonymous> (node:_http_agent:154:14)
  1416.035ms [⏱️0] [🔧vdgjke1k72s]     at MockAgent.emit (node:events:524:28)
     0.967ms [⏱️1445] [🔧1rlbi8o2fy2] ▶️ resume()
     1.084ms [⏱️1445] [🔧1rlbi8o2fy2] ✍️  write 95b 🇺🇸=unknown buffered=0
     1.227ms [⏱️1443] [🔧1rlbi8o2fy2] 🚀 onRequestStart path=/ keepAlive=true
     1.812ms [⏱️1445] [🔧1rlbi8o2fy2] ✍️  write 2b 🇺🇸=unknown buffered=1
     1.861ms [⏱️1445] [🔧1rlbi8o2fy2] ✍️  write 9b 🇺🇸=unknown buffered=2
     1.891ms [⏱️1443] [🔧1rlbi8o2fy2] 📦 onRequestBody 9b
     1.928ms [⏱️1445] [🔧1rlbi8o2fy2] ✍️  write 2b 🇺🇸=unknown buffered=3
     1.956ms [⏱️1445] [🔧1rlbi8o2fy2] ✍️  write 5b 🇺🇸=unknown buffered=4
     1.986ms [⏱️1443] [🔧1rlbi8o2fy2] 🏁 onRequestEnd hasStream=true
     2.043ms [⏱️1449] [🔧1rlbi8o2fy2] 📖 read([0])
     2.080ms [⏱️1449] [🔧1rlbi8o2fy2] 🔬 _read(16384) ⏳=true 🔐=undefined 🇺🇸=unknown 🔗=http://localhost:46477/ origFlowing=undefined
     2.116ms [⏱️1449] [🔧1rlbi8o2fy2] 📣 emit resume
     2.160ms [⏱️1449] [🔧1rlbi8o2fy2] 📖 read()
     2.770ms [⏱️0] [🔧1rlbi8o2fy2] 💨 passthrough() 🧨=false ⏳=true
     2.941ms [⏱️0] [🔧1rlbi8o2fy2] 🔌 created originalSocket
     2.978ms [⏱️0] [🔧1rlbi8o2fy2] 🚽 flushing writeBuffer (5 items)
     3.049ms [⏱️1463] [🔧1rlbi8o2fy2] ▶️ onResume
     3.080ms [⏱️1463] [🔧1rlbi8o2fy2] 📣 emit resume
     3.145ms [⏱️1462] [🔧1rlbi8o2fy2] 🔍 onLookup args=[null,"::1",6,"localhost"]
     3.179ms [⏱️1462] [🔧1rlbi8o2fy2] 📣 emit lookup null, "::1", 6, "localhost"
     3.204ms [⏱️1462] [🔧1rlbi8o2fy2] 🔍 onLookup args=[null,"127.0.0.1",4,"localhost"]
     3.222ms [⏱️1462] [🔧1rlbi8o2fy2] 📣 emit lookup null, "127.0.0.1", 4, "localhost"
   257.301ms [⏱️1218] [🔧ye6yezc6ezn] 🔧 HANDLE.close()
   257.576ms [⏱️1218] [🔧ye6yezc6ezn]     at Timeout.internalConnectMultipleTimeout [as _onTimeout] (node:net:1712:10)
   257.634ms [⏱️1218] [🔧ye6yezc6ezn]     at listOnTimeout (node:internal/timers:583:11)
   257.666ms [⏱️1218] [🔧ye6yezc6ezn]     at process.processTimers (node:internal/timers:519:7)
   257.844ms [⏱️1218] [🔧ye6yezc6ezn] 🔧 HANDLE.close()
   258.010ms [⏱️1218] [🔧ye6yezc6ezn]     at Socket.reinitializeHandle (node:net:1265:17)
   258.045ms [⏱️1218] [🔧ye6yezc6ezn]     at internalConnectMultiple (node:net:1131:30)
   258.102ms [⏱️1218] [🔧ye6yezc6ezn]     at Timeout.internalConnectMultipleTimeout (node:net:1716:5)
   258.146ms [⏱️1218] [🔧ye6yezc6ezn]     at listOnTimeout (node:internal/timers:583:11)
   258.166ms [⏱️1218] [🔧ye6yezc6ezn]     at process.processTimers (node:internal/timers:519:7)
   255.595ms [⏱️1272] [🔧3hxyte3d73] 🔧 HANDLE.close()
   255.749ms [⏱️1272] [🔧3hxyte3d73]     at Timeout.internalConnectMultipleTimeout [as _onTimeout] (node:net:1712:10)
   255.778ms [⏱️1272] [🔧3hxyte3d73]     at listOnTimeout (node:internal/timers:583:11)
   255.798ms [⏱️1272] [🔧3hxyte3d73]     at process.processTimers (node:internal/timers:519:7)
   255.875ms [⏱️1272] [🔧3hxyte3d73] 🔧 HANDLE.close()
   255.959ms [⏱️1272] [🔧3hxyte3d73]     at Socket.reinitializeHandle (node:net:1265:17)
   255.980ms [⏱️1272] [🔧3hxyte3d73]     at internalConnectMultiple (node:net:1131:30)
   256.001ms [⏱️1272] [🔧3hxyte3d73]     at Timeout.internalConnectMultipleTimeout (node:net:1716:5)
   256.024ms [⏱️1272] [🔧3hxyte3d73]     at listOnTimeout (node:internal/timers:583:11)
   256.047ms [⏱️1272] [🔧3hxyte3d73]     at process.processTimers (node:internal/timers:519:7)
  1021.237ms [⏱️603] [🔧9ah99i9v6cg] 💾 onData 120b
  1021.346ms [⏱️603] [🔧9ah99i9v6cg] 📤 push([{"type":"Buffer","data":[72,84,84,80,47)
  1021.389ms [⏱️529] [🔧9ah99i9v6cg] 📨 onResponseStart status=200 🇺🇸=passthrough
  1021.823ms [⏱️529] [🔧9ah99i9v6cg] 📥 onResponseBody 2b
  1021.859ms [⏱️529] [🔧9ah99i9v6cg] 🎬 onResponseEnd hasStream=true
  1021.928ms [⏱️603] [🔧9ah99i9v6cg] 📣 emit data 120 chars
  1021.977ms [⏱️1480] [🔧9ah99i9v6cg] 📖 read([0])
  1022.024ms [⏱️1480] [🔧9ah99i9v6cg] 🔬 _read(16384) ⏳=false 🔐=undefined 🇺🇸=passthrough 🔗=http://localhost:46477/ origFlowing=true
  1022.254ms [⏱️532] [🔧9ah99i9v6cg] ▶️ resume()
  1022.474ms [⏱️1495] [🔧9ah99i9v6cg] 📣 emit free
     0.003ms [⏱️0] [🔧sfzj0s3pdm] 🏗️  constructor starting
     0.124ms [⏱️0] [🔧sfzj0s3pdm] 🏗️  constructor complete http://localhost:46477/
  1023.069ms [⏱️0] [🔧9ah99i9v6cg] 🧨 _destroy ⏳=false 🔐=undefined 🇺🇸=passthrough 🔗=http://localhost:46477/
  1023.133ms [⏱️0] [🔧9ah99i9v6cg] 🔧 HANDLE.close()
  1023.320ms [⏱️0] [🔧9ah99i9v6cg]     at closeSocketHandle (node:net:341:18)
  1023.393ms [⏱️0] [🔧9ah99i9v6cg]     at Socket._destroy (node:net:831:7)
  1023.427ms [⏱️0] [🔧9ah99i9v6cg]     at _destroy (node:internal/streams/destroy:121:10)
  1023.447ms [⏱️0] [🔧9ah99i9v6cg]     at MockHttpSocket.destroy (node:internal/streams/destroy:83:5)
  1023.469ms [⏱️0] [🔧9ah99i9v6cg]     at Writable.destroy (node:internal/streams/writable:1122:11)
  1023.485ms [⏱️0] [🔧9ah99i9v6cg]     at MockHttpSocket.destroy (/workspace/repro/node_modules/.pnpm/@mswjs+interceptors@file+../node_modules/@mswjs/interceptors/lib/node/chunk-EFBKFUZI.js:574:18)
  1023.495ms [⏱️0] [🔧9ah99i9v6cg]     at MockAgent.<anonymous> (node:_http_agent:154:14)
  1023.551ms [⏱️0] [🔧9ah99i9v6cg]     at MockAgent.emit (node:events:524:28)
     0.804ms [⏱️1502] [🔧sfzj0s3pdm] ▶️ resume()
     1.122ms [⏱️1502] [🔧sfzj0s3pdm] ✍️  write 95b 🇺🇸=unknown buffered=0
     1.349ms [⏱️1500] [🔧sfzj0s3pdm] 🚀 onRequestStart path=/ keepAlive=true
     1.883ms [⏱️1502] [🔧sfzj0s3pdm] ✍️  write 2b 🇺🇸=unknown buffered=1
     1.913ms [⏱️1502] [🔧sfzj0s3pdm] ✍️  write 9b 🇺🇸=unknown buffered=2
     1.943ms [⏱️1500] [🔧sfzj0s3pdm] 📦 onRequestBody 9b
     1.975ms [⏱️1502] [🔧sfzj0s3pdm] ✍️  write 2b 🇺🇸=unknown buffered=3
     1.993ms [⏱️1502] [🔧sfzj0s3pdm] ✍️  write 5b 🇺🇸=unknown buffered=4
     2.014ms [⏱️1500] [🔧sfzj0s3pdm] 🏁 onRequestEnd hasStream=true
     2.073ms [⏱️1506] [🔧sfzj0s3pdm] 📖 read([0])
     2.114ms [⏱️1506] [🔧sfzj0s3pdm] 🔬 _read(16384) ⏳=true 🔐=undefined 🇺🇸=unknown 🔗=http://localhost:46477/ origFlowing=undefined
     2.141ms [⏱️1506] [🔧sfzj0s3pdm] 📣 emit resume
     2.161ms [⏱️1506] [🔧sfzj0s3pdm] 📖 read()
     2.761ms [⏱️0] [🔧sfzj0s3pdm] 💨 passthrough() 🧨=false ⏳=true
     2.872ms [⏱️0] [🔧sfzj0s3pdm] 🔌 created originalSocket
     2.902ms [⏱️0] [🔧sfzj0s3pdm] 🚽 flushing writeBuffer (5 items)
     2.983ms [⏱️1520] [🔧sfzj0s3pdm] ▶️ onResume
     3.007ms [⏱️1520] [🔧sfzj0s3pdm] 📣 emit resume
   727.078ms [⏱️861] [🔧yhhnwfawgwc] 🔌 onConnect delay from lookup
   727.104ms [⏱️861] [🔧yhhnwfawgwc] ⚠️  HANDLE MISMATCH!
   727.123ms [⏱️861] [🔧yhhnwfawgwc]    My Handle: TCP 🔧=true 🆔=-22 📖=false
   727.142ms [⏱️861] [🔧yhhnwfawgwc]    Socket Handle: TCP 🔧=false 🆔=24 📖=false
   727.160ms [⏱️861] [🔧yhhnwfawgwc]    Object references are different!
   727.176ms [⏱️861] [🔧yhhnwfawgwc] 📣 emit connect
   727.196ms [⏱️861] [🔧yhhnwfawgwc] 🔬 _read(16384) ⏳=false 🔐=undefined 🇺🇸=passthrough 🔗=http://localhost:46477/ origFlowing=true
   727.216ms [⏱️861] [🔧yhhnwfawgwc] 🔧 HANDLE.readStart()
   727.345ms [⏱️861] [🔧yhhnwfawgwc]     at tryReadStart (node:net:705:30)
   727.382ms [⏱️861] [🔧yhhnwfawgwc]     at Socket._read (node:net:722:5)
   727.403ms [⏱️861] [🔧yhhnwfawgwc]     at MockHttpSocket._read (/workspace/repro/node_modules/.pnpm/@mswjs+interceptors@file+../node_modules/@mswjs/interceptors/lib/node/chunk-EFBKFUZI.js:550:11)
   727.419ms [⏱️861] [🔧yhhnwfawgwc]     at MockHttpSocket.<anonymous> (node:net:720:37)
   727.434ms [⏱️861] [🔧yhhnwfawgwc]     at Object.onceWrapper (node:events:638:28)
   727.452ms [⏱️861] [🔧yhhnwfawgwc]     at MockHttpSocket.emit (node:events:524:28)
   727.461ms [⏱️861] [🔧yhhnwfawgwc]     at MockHttpSocket.emit (/workspace/repro/node_modules/.pnpm/@mswjs+interceptors@file+../node_modules/@mswjs/interceptors/lib/node/chunk-EFBKFUZI.js:564:12)
   727.477ms [⏱️861] [🔧yhhnwfawgwc]     at Socket.<anonymous> (/workspace/repro/node_modules/.pnpm/@mswjs+interceptors@file+../node_modules/@mswjs/interceptors/lib/node/chunk-EFBKFUZI.js:704:12)
   727.497ms [⏱️861] [🔧yhhnwfawgwc] ✅ onReady
   727.515ms [⏱️861] [🔧yhhnwfawgwc] 📣 emit ready
     3.881ms [⏱️1519] [🔧sfzj0s3pdm] 🔍 onLookup args=[null,"::1",6,"localhost"]
     4.012ms [⏱️1519] [🔧sfzj0s3pdm] 📣 emit lookup null, "::1", 6, "localhost"
     4.143ms [⏱️1519] [🔧sfzj0s3pdm] 🔍 onLookup args=[null,"127.0.0.1",4,"localhost"]
     4.182ms [⏱️1519] [🔧sfzj0s3pdm] 📣 emit lookup null, "127.0.0.1", 4, "localhost"
  1496.281ms [⏱️465] [🔧jrf352bguis] 💾 onData 120b
  1496.413ms [⏱️465] [🔧jrf352bguis] 📤 push([{"type":"Buffer","data":[72,84,84,80,47)
  1496.456ms [⏱️58] [🔧jrf352bguis] 📨 onResponseStart status=200 🇺🇸=passthrough
  1496.907ms [⏱️58] [🔧jrf352bguis] 📥 onResponseBody 2b
  1496.988ms [⏱️58] [🔧jrf352bguis] 🎬 onResponseEnd hasStream=true
  1497.183ms [⏱️465] [🔧jrf352bguis] 📣 emit data 120 chars
  1497.338ms [⏱️1530] [🔧jrf352bguis] 📖 read([0])
  1497.545ms [⏱️1530] [🔧jrf352bguis] 🔬 _read(16384) ⏳=false 🔐=undefined 🇺🇸=passthrough 🔗=http://localhost:46477/ origFlowing=true
  1497.890ms [⏱️128] [🔧jrf352bguis] ▶️ resume()
  1498.107ms [⏱️1545] [🔧jrf352bguis] 📣 emit free
     0.000ms [⏱️0] [🔧h22ow2wnep4] 🏗️  constructor starting
     0.067ms [⏱️0] [🔧h22ow2wnep4] 🏗️  constructor complete http://localhost:46477/
  1498.674ms [⏱️0] [🔧jrf352bguis] 🧨 _destroy ⏳=false 🔐=undefined 🇺🇸=passthrough 🔗=http://localhost:46477/
  1498.824ms [⏱️0] [🔧jrf352bguis] 🔧 HANDLE.close()
  1499.371ms [⏱️0] [🔧jrf352bguis]     at closeSocketHandle (node:net:341:18)
  1499.409ms [⏱️0] [🔧jrf352bguis]     at Socket._destroy (node:net:831:7)
  1499.427ms [⏱️0] [🔧jrf352bguis]     at _destroy (node:internal/streams/destroy:121:10)
  1499.478ms [⏱️0] [🔧jrf352bguis]     at MockHttpSocket.destroy (node:internal/streams/destroy:83:5)
  1499.503ms [⏱️0] [🔧jrf352bguis]     at Writable.destroy (node:internal/streams/writable:1122:11)
  1499.514ms [⏱️0] [🔧jrf352bguis]     at MockHttpSocket.destroy (/workspace/repro/node_modules/.pnpm/@mswjs+interceptors@file+../node_modules/@mswjs/interceptors/lib/node/chunk-EFBKFUZI.js:574:18)
  1499.530ms [⏱️0] [🔧jrf352bguis]     at MockAgent.<anonymous> (node:_http_agent:154:14)
  1499.549ms [⏱️0] [🔧jrf352bguis]     at MockAgent.emit (node:events:524:28)
     1.259ms [⏱️1552] [🔧h22ow2wnep4] ▶️ resume()
     1.311ms [⏱️1552] [🔧h22ow2wnep4] ✍️  write 95b 🇺🇸=unknown buffered=0
     1.390ms [⏱️1550] [🔧h22ow2wnep4] 🚀 onRequestStart path=/ keepAlive=true
     1.880ms [⏱️1552] [🔧h22ow2wnep4] ✍️  write 2b 🇺🇸=unknown buffered=1
     1.905ms [⏱️1552] [🔧h22ow2wnep4] ✍️  write 9b 🇺🇸=unknown buffered=2
     1.932ms [⏱️1550] [🔧h22ow2wnep4] 📦 onRequestBody 9b
     1.961ms [⏱️1552] [🔧h22ow2wnep4] ✍️  write 2b 🇺🇸=unknown buffered=3
     1.980ms [⏱️1552] [🔧h22ow2wnep4] ✍️  write 5b 🇺🇸=unknown buffered=4
     2.025ms [⏱️1550] [🔧h22ow2wnep4] 🏁 onRequestEnd hasStream=true
     2.152ms [⏱️1556] [🔧h22ow2wnep4] 📖 read([0])
     2.257ms [⏱️1556] [🔧h22ow2wnep4] 🔬 _read(16384) ⏳=true 🔐=undefined 🇺🇸=unknown 🔗=http://localhost:46477/ origFlowing=undefined
     2.312ms [⏱️1556] [🔧h22ow2wnep4] 📣 emit resume
     2.332ms [⏱️1556] [🔧h22ow2wnep4] 📖 read()
     2.765ms [⏱️0] [🔧h22ow2wnep4] 💨 passthrough() 🧨=false ⏳=true
     2.863ms [⏱️0] [🔧h22ow2wnep4] 🔌 created originalSocket
     2.890ms [⏱️0] [🔧h22ow2wnep4] 🚽 flushing writeBuffer (5 items)
     2.963ms [⏱️1570] [🔧h22ow2wnep4] ▶️ onResume
     2.986ms [⏱️1570] [🔧h22ow2wnep4] 📣 emit resume
     3.071ms [⏱️1569] [🔧h22ow2wnep4] 🔍 onLookup args=[null,"::1",6,"localhost"]
     3.131ms [⏱️1569] [🔧h22ow2wnep4] 📣 emit lookup null, "::1", 6, "localhost"
     3.325ms [⏱️1569] [🔧h22ow2wnep4] 🔍 onLookup args=[null,"127.0.0.1",4,"localhost"]
     3.380ms [⏱️1569] [🔧h22ow2wnep4] 📣 emit lookup null, "127.0.0.1", 4, "localhost"
  1577.617ms [⏱️447] [🔧wcqkx37f9zd] 💾 onData 120b
  1577.758ms [⏱️447] [🔧wcqkx37f9zd] 📤 push([{"type":"Buffer","data":[72,84,84,80,47)
  1577.810ms [⏱️40] [🔧wcqkx37f9zd] 📨 onResponseStart status=200 🇺🇸=passthrough
  1578.294ms [⏱️40] [🔧wcqkx37f9zd] 📥 onResponseBody 2b
  1578.362ms [⏱️40] [🔧wcqkx37f9zd] 🎬 onResponseEnd hasStream=true
  1578.494ms [⏱️447] [🔧wcqkx37f9zd] 📣 emit data 120 chars
  1578.574ms [⏱️1584] [🔧wcqkx37f9zd] 📖 read([0])
  1578.614ms [⏱️1584] [🔧wcqkx37f9zd] 🔬 _read(16384) ⏳=false 🔐=undefined 🇺🇸=passthrough 🔗=http://localhost:46477/ origFlowing=true
  1578.987ms [⏱️104] [🔧wcqkx37f9zd] ▶️ resume()
  1579.186ms [⏱️1599] [🔧wcqkx37f9zd] 📣 emit free
     0.001ms [⏱️0] [🔧14rulic9q4h] 🏗️  constructor starting
     0.117ms [⏱️0] [🔧14rulic9q4h] 🏗️  constructor complete http://localhost:46477/
  1579.975ms [⏱️0] [🔧wcqkx37f9zd] 🧨 _destroy ⏳=false 🔐=undefined 🇺🇸=passthrough 🔗=http://localhost:46477/
  1580.017ms [⏱️0] [🔧wcqkx37f9zd] 🔧 HANDLE.close()
  1580.265ms [⏱️0] [🔧wcqkx37f9zd]     at closeSocketHandle (node:net:341:18)
  1580.283ms [⏱️0] [🔧wcqkx37f9zd]     at Socket._destroy (node:net:831:7)
  1580.293ms [⏱️0] [🔧wcqkx37f9zd]     at _destroy (node:internal/streams/destroy:121:10)
  1580.306ms [⏱️0] [🔧wcqkx37f9zd]     at MockHttpSocket.destroy (node:internal/streams/destroy:83:5)
  1580.315ms [⏱️0] [🔧wcqkx37f9zd]     at Writable.destroy (node:internal/streams/writable:1122:11)
  1580.330ms [⏱️0] [🔧wcqkx37f9zd]     at MockHttpSocket.destroy (/workspace/repro/node_modules/.pnpm/@mswjs+interceptors@file+../node_modules/@mswjs/interceptors/lib/node/chunk-EFBKFUZI.js:574:18)
  1580.350ms [⏱️0] [🔧wcqkx37f9zd]     at MockAgent.<anonymous> (node:_http_agent:154:14)
  1580.364ms [⏱️0] [🔧wcqkx37f9zd]     at MockAgent.emit (node:events:524:28)
     0.724ms [⏱️1606] [🔧14rulic9q4h] ▶️ resume()
     0.770ms [⏱️1606] [🔧14rulic9q4h] ✍️  write 95b 🇺🇸=unknown buffered=0
     0.851ms [⏱️1604] [🔧14rulic9q4h] 🚀 onRequestStart path=/ keepAlive=true
     1.487ms [⏱️1606] [🔧14rulic9q4h] ✍️  write 2b 🇺🇸=unknown buffered=1
     1.523ms [⏱️1606] [🔧14rulic9q4h] ✍️  write 9b 🇺🇸=unknown buffered=2
     1.552ms [⏱️1604] [🔧14rulic9q4h] 📦 onRequestBody 9b
     1.584ms [⏱️1606] [🔧14rulic9q4h] ✍️  write 2b 🇺🇸=unknown buffered=3
     1.601ms [⏱️1606] [🔧14rulic9q4h] ✍️  write 5b 🇺🇸=unknown buffered=4
     1.616ms [⏱️1604] [🔧14rulic9q4h] 🏁 onRequestEnd hasStream=true
     1.662ms [⏱️1610] [🔧14rulic9q4h] 📖 read([0])
     1.702ms [⏱️1610] [🔧14rulic9q4h] 🔬 _read(16384) ⏳=true 🔐=undefined 🇺🇸=unknown 🔗=http://localhost:46477/ origFlowing=undefined
     1.766ms [⏱️1610] [🔧14rulic9q4h] 📣 emit resume
     1.819ms [⏱️1610] [🔧14rulic9q4h] 📖 read()
     2.346ms [⏱️0] [🔧14rulic9q4h] 💨 passthrough() 🧨=false ⏳=true
     2.466ms [⏱️0] [🔧14rulic9q4h] 🔌 created originalSocket
     2.495ms [⏱️0] [🔧14rulic9q4h] 🚽 flushing writeBuffer (5 items)
     2.574ms [⏱️1624] [🔧14rulic9q4h] ▶️ onResume
     2.600ms [⏱️1624] [🔧14rulic9q4h] 📣 emit resume
     2.841ms [⏱️1623] [🔧14rulic9q4h] 🔍 onLookup args=[null,"::1",6,"localhost"]
     2.932ms [⏱️1623] [🔧14rulic9q4h] 📣 emit lookup null, "::1", 6, "localhost"
     3.015ms [⏱️1623] [🔧14rulic9q4h] 🔍 onLookup args=[null,"127.0.0.1",4,"localhost"]
     3.050ms [⏱️1623] [🔧14rulic9q4h] 📣 emit lookup null, "127.0.0.1", 4, "localhost"
   256.165ms [⏱️1344] [🔧vbomzaigbm] 🔧 HANDLE.close()
   256.268ms [⏱️1344] [🔧vbomzaigbm]     at Timeout.internalConnectMultipleTimeout [as _onTimeout] (node:net:1712:10)
   256.306ms [⏱️1344] [🔧vbomzaigbm]     at listOnTimeout (node:internal/timers:583:11)
   256.349ms [⏱️1344] [🔧vbomzaigbm]     at process.processTimers (node:internal/timers:519:7)
   256.415ms [⏱️1344] [🔧vbomzaigbm] 🔧 HANDLE.close()
   256.508ms [⏱️1344] [🔧vbomzaigbm]     at Socket.reinitializeHandle (node:net:1265:17)
   256.531ms [⏱️1344] [🔧vbomzaigbm]     at internalConnectMultiple (node:net:1131:30)
   256.593ms [⏱️1344] [🔧vbomzaigbm]     at Timeout.internalConnectMultipleTimeout (node:net:1716:5)
   256.692ms [⏱️1344] [🔧vbomzaigbm]     at listOnTimeout (node:internal/timers:583:11)
   256.721ms [⏱️1344] [🔧vbomzaigbm]     at process.processTimers (node:internal/timers:519:7)
   259.096ms [⏱️1407] [🔧z6yvnznos8] 🔧 HANDLE.close()
   259.295ms [⏱️1407] [🔧z6yvnznos8]     at Timeout.internalConnectMultipleTimeout [as _onTimeout] (node:net:1712:10)
   259.325ms [⏱️1407] [🔧z6yvnznos8]     at listOnTimeout (node:internal/timers:583:11)
   259.346ms [⏱️1407] [🔧z6yvnznos8]     at process.processTimers (node:internal/timers:519:7)
   259.433ms [⏱️1407] [🔧z6yvnznos8] 🔧 HANDLE.close()
   259.501ms [⏱️1407] [🔧z6yvnznos8]     at Socket.reinitializeHandle (node:net:1265:17)
   259.522ms [⏱️1407] [🔧z6yvnznos8]     at internalConnectMultiple (node:net:1131:30)
   259.534ms [⏱️1407] [🔧z6yvnznos8]     at Timeout.internalConnectMultipleTimeout (node:net:1716:5)
   259.552ms [⏱️1407] [🔧z6yvnznos8]     at listOnTimeout (node:internal/timers:583:11)
   259.566ms [⏱️1407] [🔧z6yvnznos8]     at process.processTimers (node:internal/timers:519:7)
   256.070ms [⏱️1467] [🔧1rlbi8o2fy2] 🔧 HANDLE.close()
   256.241ms [⏱️1467] [🔧1rlbi8o2fy2]     at Timeout.internalConnectMultipleTimeout [as _onTimeout] (node:net:1712:10)
   256.296ms [⏱️1467] [🔧1rlbi8o2fy2]     at listOnTimeout (node:internal/timers:583:11)
   256.351ms [⏱️1467] [🔧1rlbi8o2fy2]     at process.processTimers (node:internal/timers:519:7)
   256.478ms [⏱️1467] [🔧1rlbi8o2fy2] 🔧 HANDLE.close()
   256.603ms [⏱️1467] [🔧1rlbi8o2fy2]     at Socket.reinitializeHandle (node:net:1265:17)
   256.651ms [⏱️1467] [🔧1rlbi8o2fy2]     at internalConnectMultiple (node:net:1131:30)
   256.703ms [⏱️1467] [🔧1rlbi8o2fy2]     at Timeout.internalConnectMultipleTimeout (node:net:1716:5)
   256.778ms [⏱️1467] [🔧1rlbi8o2fy2]     at listOnTimeout (node:internal/timers:583:11)
   256.821ms [⏱️1467] [🔧1rlbi8o2fy2]     at process.processTimers (node:internal/timers:519:7)
   661.006ms [⏱️1285] [🔧yefv8sslo9] 🔌 onConnect delay from lookup
   661.063ms [⏱️1285] [🔧yefv8sslo9] ⚠️  HANDLE MISMATCH!
   661.089ms [⏱️1285] [🔧yefv8sslo9]    My Handle: TCP 🔧=true 🆔=-22 📖=false
   661.111ms [⏱️1285] [🔧yefv8sslo9]    Socket Handle: TCP 🔧=false 🆔=43 📖=false
   661.153ms [⏱️1285] [🔧yefv8sslo9]    Object references are different!
   661.182ms [⏱️1285] [🔧yefv8sslo9] 📣 emit connect
   661.215ms [⏱️1285] [🔧yefv8sslo9] 🔬 _read(16384) ⏳=false 🔐=undefined 🇺🇸=passthrough 🔗=http://localhost:46477/ origFlowing=true
   661.243ms [⏱️1285] [🔧yefv8sslo9] 🔧 HANDLE.readStart()
   661.355ms [⏱️1285] [🔧yefv8sslo9]     at tryReadStart (node:net:705:30)
   661.395ms [⏱️1285] [🔧yefv8sslo9]     at Socket._read (node:net:722:5)
   661.425ms [⏱️1285] [🔧yefv8sslo9]     at MockHttpSocket._read (/workspace/repro/node_modules/.pnpm/@mswjs+interceptors@file+../node_modules/@mswjs/interceptors/lib/node/chunk-EFBKFUZI.js:550:11)
   661.489ms [⏱️1285] [🔧yefv8sslo9]     at MockHttpSocket.<anonymous> (node:net:720:37)
   661.502ms [⏱️1285] [🔧yefv8sslo9]     at Object.onceWrapper (node:events:638:28)
   661.516ms [⏱️1285] [🔧yefv8sslo9]     at MockHttpSocket.emit (node:events:524:28)
   661.700ms [⏱️1285] [🔧yefv8sslo9]     at MockHttpSocket.emit (/workspace/repro/node_modules/.pnpm/@mswjs+interceptors@file+../node_modules/@mswjs/interceptors/lib/node/chunk-EFBKFUZI.js:564:12)
   661.726ms [⏱️1285] [🔧yefv8sslo9]     at Socket.<anonymous> (/workspace/repro/node_modules/.pnpm/@mswjs+interceptors@file+../node_modules/@mswjs/interceptors/lib/node/chunk-EFBKFUZI.js:704:12)
   661.823ms [⏱️1285] [🔧yefv8sslo9] ✅ onReady
   661.949ms [⏱️1285] [🔧yefv8sslo9] 📣 emit ready
   699.798ms [⏱️1282] [🔧z67iewh126] 🔌 onConnect delay from lookup
   699.914ms [⏱️1282] [🔧z67iewh126] ⚠️  HANDLE MISMATCH!
   699.980ms [⏱️1282] [🔧z67iewh126]    My Handle: TCP 🔧=true 🆔=-22 📖=false
   700.031ms [⏱️1282] [🔧z67iewh126]    Socket Handle: TCP 🔧=false 🆔=42 📖=false
   700.076ms [⏱️1282] [🔧z67iewh126]    Object references are different!
   700.126ms [⏱️1282] [🔧z67iewh126] 📣 emit connect
   700.187ms [⏱️1282] [🔧z67iewh126] 🔬 _read(16384) ⏳=false 🔐=undefined 🇺🇸=passthrough 🔗=http://localhost:46477/ origFlowing=true
   700.248ms [⏱️1282] [🔧z67iewh126] 🔧 HANDLE.readStart()
   700.537ms [⏱️1282] [🔧z67iewh126]     at tryReadStart (node:net:705:30)
   700.637ms [⏱️1282] [🔧z67iewh126]     at Socket._read (node:net:722:5)
   700.698ms [⏱️1282] [🔧z67iewh126]     at MockHttpSocket._read (/workspace/repro/node_modules/.pnpm/@mswjs+interceptors@file+../node_modules/@mswjs/interceptors/lib/node/chunk-EFBKFUZI.js:550:11)
   700.724ms [⏱️1282] [🔧z67iewh126]     at MockHttpSocket.<anonymous> (node:net:720:37)
   700.747ms [⏱️1282] [🔧z67iewh126]     at Object.onceWrapper (node:events:638:28)
   700.769ms [⏱️1282] [🔧z67iewh126]     at MockHttpSocket.emit (node:events:524:28)
   700.835ms [⏱️1282] [🔧z67iewh126]     at MockHttpSocket.emit (/workspace/repro/node_modules/.pnpm/@mswjs+interceptors@file+../node_modules/@mswjs/interceptors/lib/node/chunk-EFBKFUZI.js:564:12)
   700.849ms [⏱️1282] [🔧z67iewh126]     at Socket.<anonymous> (/workspace/repro/node_modules/.pnpm/@mswjs+interceptors@file+../node_modules/@mswjs/interceptors/lib/node/chunk-EFBKFUZI.js:704:12)
   700.902ms [⏱️1282] [🔧z67iewh126] ✅ onReady
   700.952ms [⏱️1282] [🔧z67iewh126] 📣 emit ready
  1725.614ms [⏱️477] [🔧67nryj77ken] 💾 onData 120b
  1725.823ms [⏱️477] [🔧67nryj77ken] 📤 push([{"type":"Buffer","data":[72,84,84,80,47)
  1725.915ms [⏱️70] [🔧67nryj77ken] 📨 onResponseStart status=200 🇺🇸=passthrough
  1726.635ms [⏱️70] [🔧67nryj77ken] 📥 onResponseBody 2b
  1726.804ms [⏱️70] [🔧67nryj77ken] 🎬 onResponseEnd hasStream=true
  1726.871ms [⏱️477] [🔧67nryj77ken] 📣 emit data 120 chars
  1726.938ms [⏱️1651] [🔧67nryj77ken] 📖 read([0])
  1726.972ms [⏱️1651] [🔧67nryj77ken] 🔬 _read(16384) ⏳=false 🔐=undefined 🇺🇸=passthrough 🔗=http://localhost:46477/ origFlowing=true
  1727.228ms [⏱️144] [🔧67nryj77ken] ▶️ resume()
  1727.477ms [⏱️1666] [🔧67nryj77ken] 📣 emit free
     0.002ms [⏱️0] [🔧bur3a7ar14k] 🏗️  constructor starting
     0.131ms [⏱️0] [🔧bur3a7ar14k] 🏗️  constructor complete http://localhost:46477/
  1728.340ms [⏱️0] [🔧67nryj77ken] 🧨 _destroy ⏳=false 🔐=undefined 🇺🇸=passthrough 🔗=http://localhost:46477/
  1728.400ms [⏱️0] [🔧67nryj77ken] 🔧 HANDLE.close()
  1728.671ms [⏱️0] [🔧67nryj77ken]     at closeSocketHandle (node:net:341:18)
  1728.717ms [⏱️0] [🔧67nryj77ken]     at Socket._destroy (node:net:831:7)
  1728.741ms [⏱️0] [🔧67nryj77ken]     at _destroy (node:internal/streams/destroy:121:10)
  1728.793ms [⏱️0] [🔧67nryj77ken]     at MockHttpSocket.destroy (node:internal/streams/destroy:83:5)
  1728.814ms [⏱️0] [🔧67nryj77ken]     at Writable.destroy (node:internal/streams/writable:1122:11)
  1728.835ms [⏱️0] [🔧67nryj77ken]     at MockHttpSocket.destroy (/workspace/repro/node_modules/.pnpm/@mswjs+interceptors@file+../node_modules/@mswjs/interceptors/lib/node/chunk-EFBKFUZI.js:574:18)
  1728.848ms [⏱️0] [🔧67nryj77ken]     at MockAgent.<anonymous> (node:_http_agent:154:14)
  1728.869ms [⏱️0] [🔧67nryj77ken]     at MockAgent.emit (node:events:524:28)
     0.862ms [⏱️1673] [🔧bur3a7ar14k] ▶️ resume()
     0.928ms [⏱️1673] [🔧bur3a7ar14k] ✍️  write 95b 🇺🇸=unknown buffered=0
     1.098ms [⏱️1671] [🔧bur3a7ar14k] 🚀 onRequestStart path=/ keepAlive=true
     1.601ms [⏱️1673] [🔧bur3a7ar14k] ✍️  write 2b 🇺🇸=unknown buffered=1
     1.634ms [⏱️1673] [🔧bur3a7ar14k] ✍️  write 9b 🇺🇸=unknown buffered=2
     1.664ms [⏱️1671] [🔧bur3a7ar14k] 📦 onRequestBody 9b
     1.692ms [⏱️1673] [🔧bur3a7ar14k] ✍️  write 2b 🇺🇸=unknown buffered=3
     1.712ms [⏱️1673] [🔧bur3a7ar14k] ✍️  write 5b 🇺🇸=unknown buffered=4
     1.736ms [⏱️1671] [🔧bur3a7ar14k] 🏁 onRequestEnd hasStream=true
     1.782ms [⏱️1677] [🔧bur3a7ar14k] 📖 read([0])
     1.805ms [⏱️1677] [🔧bur3a7ar14k] 🔬 _read(16384) ⏳=true 🔐=undefined 🇺🇸=unknown 🔗=http://localhost:46477/ origFlowing=undefined
     1.830ms [⏱️1677] [🔧bur3a7ar14k] 📣 emit resume
     1.849ms [⏱️1677] [🔧bur3a7ar14k] 📖 read()
     2.283ms [⏱️0] [🔧bur3a7ar14k] 💨 passthrough() 🧨=false ⏳=true
     2.430ms [⏱️0] [🔧bur3a7ar14k] 🔌 created originalSocket
     2.460ms [⏱️0] [🔧bur3a7ar14k] 🚽 flushing writeBuffer (5 items)
     2.710ms [⏱️1691] [🔧bur3a7ar14k] ▶️ onResume
     2.753ms [⏱️1691] [🔧bur3a7ar14k] 📣 emit resume
   259.005ms [⏱️1526] [🔧sfzj0s3pdm] 🔧 HANDLE.close()
   259.108ms [⏱️1526] [🔧sfzj0s3pdm]     at Timeout.internalConnectMultipleTimeout [as _onTimeout] (node:net:1712:10)
   259.178ms [⏱️1526] [🔧sfzj0s3pdm]     at listOnTimeout (node:internal/timers:583:11)
   259.277ms [⏱️1526] [🔧sfzj0s3pdm]     at process.processTimers (node:internal/timers:519:7)
   259.368ms [⏱️1526] [🔧sfzj0s3pdm] 🔧 HANDLE.close()
   259.554ms [⏱️1526] [🔧sfzj0s3pdm]     at Socket.reinitializeHandle (node:net:1265:17)
   259.665ms [⏱️1526] [🔧sfzj0s3pdm]     at internalConnectMultiple (node:net:1131:30)
   259.771ms [⏱️1526] [🔧sfzj0s3pdm]     at Timeout.internalConnectMultipleTimeout (node:net:1716:5)
   259.792ms [⏱️1526] [🔧sfzj0s3pdm]     at listOnTimeout (node:internal/timers:583:11)
   259.828ms [⏱️1526] [🔧sfzj0s3pdm]     at process.processTimers (node:internal/timers:519:7)
     4.001ms [⏱️1690] [🔧bur3a7ar14k] 🔍 onLookup args=[null,"::1",6,"localhost"]
     4.035ms [⏱️1690] [🔧bur3a7ar14k] 📣 emit lookup null, "::1", 6, "localhost"
     4.058ms [⏱️1690] [🔧bur3a7ar14k] 🔍 onLookup args=[null,"127.0.0.1",4,"localhost"]
     4.077ms [⏱️1690] [🔧bur3a7ar14k] 📣 emit lookup null, "127.0.0.1", 4, "localhost"
   255.017ms [⏱️1574] [🔧h22ow2wnep4] 🔧 HANDLE.close()
   255.135ms [⏱️1574] [🔧h22ow2wnep4]     at Timeout.internalConnectMultipleTimeout [as _onTimeout] (node:net:1712:10)
   255.155ms [⏱️1574] [🔧h22ow2wnep4]     at listOnTimeout (node:internal/timers:583:11)
   255.182ms [⏱️1574] [🔧h22ow2wnep4]     at process.processTimers (node:internal/timers:519:7)
   255.263ms [⏱️1574] [🔧h22ow2wnep4] 🔧 HANDLE.close()
   255.384ms [⏱️1574] [🔧h22ow2wnep4]     at Socket.reinitializeHandle (node:net:1265:17)
   255.434ms [⏱️1574] [🔧h22ow2wnep4]     at internalConnectMultiple (node:net:1131:30)
   255.539ms [⏱️1574] [🔧h22ow2wnep4]     at Timeout.internalConnectMultipleTimeout (node:net:1716:5)
   255.625ms [⏱️1574] [🔧h22ow2wnep4]     at listOnTimeout (node:internal/timers:583:11)
   255.863ms [⏱️1574] [🔧h22ow2wnep4]     at process.processTimers (node:internal/timers:519:7)
   910.038ms [⏱️1031] [🔧c4unvvisavw] 🔌 onConnect delay from lookup
   910.087ms [⏱️1031] [🔧c4unvvisavw] ⚠️  HANDLE MISMATCH!
   910.113ms [⏱️1031] [🔧c4unvvisavw]    My Handle: TCP 🔧=true 🆔=-22 📖=false
   910.138ms [⏱️1031] [🔧c4unvvisavw]    Socket Handle: TCP 🔧=false 🆔=52 📖=false
   910.156ms [⏱️1031] [🔧c4unvvisavw]    Object references are different!
   910.179ms [⏱️1031] [🔧c4unvvisavw] 📣 emit connect
   910.211ms [⏱️1031] [🔧c4unvvisavw] 🔬 _read(16384) ⏳=false 🔐=undefined 🇺🇸=passthrough 🔗=http://localhost:46477/ origFlowing=true
   910.238ms [⏱️1031] [🔧c4unvvisavw] 🔧 HANDLE.readStart()
   910.358ms [⏱️1031] [🔧c4unvvisavw]     at tryReadStart (node:net:705:30)
   910.381ms [⏱️1031] [🔧c4unvvisavw]     at Socket._read (node:net:722:5)
   910.416ms [⏱️1031] [🔧c4unvvisavw]     at MockHttpSocket._read (/workspace/repro/node_modules/.pnpm/@mswjs+interceptors@file+../node_modules/@mswjs/interceptors/lib/node/chunk-EFBKFUZI.js:550:11)
   910.436ms [⏱️1031] [🔧c4unvvisavw]     at MockHttpSocket.<anonymous> (node:net:720:37)
   910.455ms [⏱️1031] [🔧c4unvvisavw]     at Object.onceWrapper (node:events:638:28)
   910.472ms [⏱️1031] [🔧c4unvvisavw]     at MockHttpSocket.emit (node:events:524:28)
   910.493ms [⏱️1031] [🔧c4unvvisavw]     at MockHttpSocket.emit (/workspace/repro/node_modules/.pnpm/@mswjs+interceptors@file+../node_modules/@mswjs/interceptors/lib/node/chunk-EFBKFUZI.js:564:12)
   910.505ms [⏱️1031] [🔧c4unvvisavw]     at Socket.<anonymous> (/workspace/repro/node_modules/.pnpm/@mswjs+interceptors@file+../node_modules/@mswjs/interceptors/lib/node/chunk-EFBKFUZI.js:704:12)
   910.533ms [⏱️1031] [🔧c4unvvisavw] ✅ onReady
   910.593ms [⏱️1031] [🔧c4unvvisavw] 📣 emit ready
   315.610ms [⏱️1695] [🔧sfzj0s3pdm] 🔌 onConnect delay from lookup
   315.697ms [⏱️1695] [🔧sfzj0s3pdm] ⚠️  HANDLE MISMATCH!
   315.723ms [⏱️1695] [🔧sfzj0s3pdm]    My Handle: TCP 🔧=true 🆔=-22 📖=false
   315.741ms [⏱️1695] [🔧sfzj0s3pdm]    Socket Handle: TCP 🔧=false 🆔=72 📖=false
   315.760ms [⏱️1695] [🔧sfzj0s3pdm]    Object references are different!
   315.778ms [⏱️1695] [🔧sfzj0s3pdm] 📣 emit connect
   315.809ms [⏱️1695] [🔧sfzj0s3pdm] 🔬 _read(16384) ⏳=false 🔐=undefined 🇺🇸=passthrough 🔗=http://localhost:46477/ origFlowing=true
   315.837ms [⏱️1695] [🔧sfzj0s3pdm] 🔧 HANDLE.readStart()
   315.973ms [⏱️1695] [🔧sfzj0s3pdm]     at tryReadStart (node:net:705:30)
   315.994ms [⏱️1695] [🔧sfzj0s3pdm]     at Socket._read (node:net:722:5)
   316.032ms [⏱️1695] [🔧sfzj0s3pdm]     at MockHttpSocket._read (/workspace/repro/node_modules/.pnpm/@mswjs+interceptors@file+../node_modules/@mswjs/interceptors/lib/node/chunk-EFBKFUZI.js:550:11)
   316.093ms [⏱️1695] [🔧sfzj0s3pdm]     at MockHttpSocket.<anonymous> (node:net:720:37)
   316.113ms [⏱️1695] [🔧sfzj0s3pdm]     at Object.onceWrapper (node:events:638:28)
   316.127ms [⏱️1695] [🔧sfzj0s3pdm]     at MockHttpSocket.emit (node:events:524:28)
   316.142ms [⏱️1695] [🔧sfzj0s3pdm]     at MockHttpSocket.emit (/workspace/repro/node_modules/.pnpm/@mswjs+interceptors@file+../node_modules/@mswjs/interceptors/lib/node/chunk-EFBKFUZI.js:564:12)
   316.160ms [⏱️1695] [🔧sfzj0s3pdm]     at Socket.<anonymous> (/workspace/repro/node_modules/.pnpm/@mswjs+interceptors@file+../node_modules/@mswjs/interceptors/lib/node/chunk-EFBKFUZI.js:704:12)
   316.213ms [⏱️1695] [🔧sfzj0s3pdm] ✅ onReady
   316.235ms [⏱️1695] [🔧sfzj0s3pdm] 📣 emit ready
   254.632ms [⏱️1628] [🔧14rulic9q4h] 🔧 HANDLE.close()
   254.841ms [⏱️1628] [🔧14rulic9q4h]     at Timeout.internalConnectMultipleTimeout [as _onTimeout] (node:net:1712:10)
   254.866ms [⏱️1628] [🔧14rulic9q4h]     at listOnTimeout (node:internal/timers:583:11)
   254.884ms [⏱️1628] [🔧14rulic9q4h]     at process.processTimers (node:internal/timers:519:7)
   254.972ms [⏱️1628] [🔧14rulic9q4h] 🔧 HANDLE.close()
   255.033ms [⏱️1628] [🔧14rulic9q4h]     at Socket.reinitializeHandle (node:net:1265:17)
   255.052ms [⏱️1628] [🔧14rulic9q4h]     at internalConnectMultiple (node:net:1131:30)
   255.062ms [⏱️1628] [🔧14rulic9q4h]     at Timeout.internalConnectMultipleTimeout (node:net:1716:5)
   255.082ms [⏱️1628] [🔧14rulic9q4h]     at listOnTimeout (node:internal/timers:583:11)
   255.128ms [⏱️1628] [🔧14rulic9q4h]     at process.processTimers (node:internal/timers:519:7)
   720.090ms [⏱️1404] [🔧cd2v9zzzh4r] 🔌 onConnect delay from lookup
   720.121ms [⏱️1404] [🔧cd2v9zzzh4r] ⚠️  HANDLE MISMATCH!
   720.142ms [⏱️1404] [🔧cd2v9zzzh4r]    My Handle: TCP 🔧=true 🆔=-22 📖=false
   720.160ms [⏱️1404] [🔧cd2v9zzzh4r]    Socket Handle: TCP 🔧=false 🆔=62 📖=false
   720.179ms [⏱️1404] [🔧cd2v9zzzh4r]    Object references are different!
   720.201ms [⏱️1404] [🔧cd2v9zzzh4r] 📣 emit connect
   720.229ms [⏱️1404] [🔧cd2v9zzzh4r] 🔬 _read(16384) ⏳=false 🔐=undefined 🇺🇸=passthrough 🔗=http://localhost:46477/ origFlowing=true
   720.253ms [⏱️1404] [🔧cd2v9zzzh4r] 🔧 HANDLE.readStart()
   720.342ms [⏱️1404] [🔧cd2v9zzzh4r]     at tryReadStart (node:net:705:30)
   720.396ms [⏱️1404] [🔧cd2v9zzzh4r]     at Socket._read (node:net:722:5)
   720.462ms [⏱️1404] [🔧cd2v9zzzh4r]     at MockHttpSocket._read (/workspace/repro/node_modules/.pnpm/@mswjs+interceptors@file+../node_modules/@mswjs/interceptors/lib/node/chunk-EFBKFUZI.js:550:11)
   720.534ms [⏱️1404] [🔧cd2v9zzzh4r]     at MockHttpSocket.<anonymous> (node:net:720:37)
   720.558ms [⏱️1404] [🔧cd2v9zzzh4r]     at Object.onceWrapper (node:events:638:28)
   720.591ms [⏱️1404] [🔧cd2v9zzzh4r]     at MockHttpSocket.emit (node:events:524:28)
   720.614ms [⏱️1404] [🔧cd2v9zzzh4r]     at MockHttpSocket.emit (/workspace/repro/node_modules/.pnpm/@mswjs+interceptors@file+../node_modules/@mswjs/interceptors/lib/node/chunk-EFBKFUZI.js:564:12)
   720.676ms [⏱️1404] [🔧cd2v9zzzh4r]     at Socket.<anonymous> (/workspace/repro/node_modules/.pnpm/@mswjs+interceptors@file+../node_modules/@mswjs/interceptors/lib/node/chunk-EFBKFUZI.js:704:12)
   720.845ms [⏱️1404] [🔧cd2v9zzzh4r] ✅ onReady
   720.900ms [⏱️1404] [🔧cd2v9zzzh4r] 📣 emit ready
  1162.152ms [⏱️860] [🔧yhhnwfawgwc] 💾 onData 120b
  1162.272ms [⏱️860] [🔧yhhnwfawgwc] 📤 push([{"type":"Buffer","data":[72,84,84,80,47)
  1162.310ms [⏱️642] [🔧yhhnwfawgwc] 📨 onResponseStart status=200 🇺🇸=passthrough
  1162.724ms [⏱️642] [🔧yhhnwfawgwc] 📥 onResponseBody 2b
  1162.811ms [⏱️642] [🔧yhhnwfawgwc] 🎬 onResponseEnd hasStream=true
  1163.001ms [⏱️860] [🔧yhhnwfawgwc] 📣 emit data 120 chars
  1163.064ms [⏱️1735] [🔧yhhnwfawgwc] 📖 read([0])
  1163.120ms [⏱️1735] [🔧yhhnwfawgwc] 🔬 _read(16384) ⏳=false 🔐=undefined 🇺🇸=passthrough 🔗=http://localhost:46477/ origFlowing=true
  1163.368ms [⏱️645] [🔧yhhnwfawgwc] ▶️ resume()
  1163.548ms [⏱️1750] [🔧yhhnwfawgwc] 📣 emit free
     0.000ms [⏱️0] [🔧6w9vdqmm3du] 🏗️  constructor starting
     0.072ms [⏱️0] [🔧6w9vdqmm3du] 🏗️  constructor complete http://localhost:46477/
  1164.082ms [⏱️0] [🔧yhhnwfawgwc] 🧨 _destroy ⏳=false 🔐=undefined 🇺🇸=passthrough 🔗=http://localhost:46477/
  1164.123ms [⏱️0] [🔧yhhnwfawgwc] 🔧 HANDLE.close()
  1164.369ms [⏱️0] [🔧yhhnwfawgwc]     at closeSocketHandle (node:net:341:18)
  1164.392ms [⏱️0] [🔧yhhnwfawgwc]     at Socket._destroy (node:net:831:7)
  1164.404ms [⏱️0] [🔧yhhnwfawgwc]     at _destroy (node:internal/streams/destroy:121:10)
  1164.420ms [⏱️0] [🔧yhhnwfawgwc]     at MockHttpSocket.destroy (node:internal/streams/destroy:83:5)
  1164.433ms [⏱️0] [🔧yhhnwfawgwc]     at Writable.destroy (node:internal/streams/writable:1122:11)
  1164.458ms [⏱️0] [🔧yhhnwfawgwc]     at MockHttpSocket.destroy (/workspace/repro/node_modules/.pnpm/@mswjs+interceptors@file+../node_modules/@mswjs/interceptors/lib/node/chunk-EFBKFUZI.js:574:18)
  1164.485ms [⏱️0] [🔧yhhnwfawgwc]     at MockAgent.<anonymous> (node:_http_agent:154:14)
  1164.504ms [⏱️0] [🔧yhhnwfawgwc]     at MockAgent.emit (node:events:524:28)
     0.677ms [⏱️1757] [🔧6w9vdqmm3du] ▶️ resume()
     0.731ms [⏱️1757] [🔧6w9vdqmm3du] ✍️  write 95b 🇺🇸=unknown buffered=0
     0.817ms [⏱️1755] [🔧6w9vdqmm3du] 🚀 onRequestStart path=/ keepAlive=true
     1.715ms [⏱️1757] [🔧6w9vdqmm3du] ✍️  write 2b 🇺🇸=unknown buffered=1
     1.766ms [⏱️1757] [🔧6w9vdqmm3du] ✍️  write 9b 🇺🇸=unknown buffered=2
     1.809ms [⏱️1755] [🔧6w9vdqmm3du] 📦 onRequestBody 9b
     1.851ms [⏱️1757] [🔧6w9vdqmm3du] ✍️  write 2b 🇺🇸=unknown buffered=3
     1.878ms [⏱️1757] [🔧6w9vdqmm3du] ✍️  write 5b 🇺🇸=unknown buffered=4
     1.912ms [⏱️1755] [🔧6w9vdqmm3du] 🏁 onRequestEnd hasStream=true
     2.014ms [⏱️1761] [🔧6w9vdqmm3du] 📖 read([0])
     2.070ms [⏱️1761] [🔧6w9vdqmm3du] 🔬 _read(16384) ⏳=true 🔐=undefined 🇺🇸=unknown 🔗=http://localhost:46477/ origFlowing=undefined
     2.110ms [⏱️1761] [🔧6w9vdqmm3du] 📣 emit resume
     2.136ms [⏱️1761] [🔧6w9vdqmm3du] 📖 read()
     2.870ms [⏱️0] [🔧6w9vdqmm3du] 💨 passthrough() 🧨=false ⏳=true
     3.063ms [⏱️0] [🔧6w9vdqmm3du] 🔌 created originalSocket
     3.101ms [⏱️0] [🔧6w9vdqmm3du] 🚽 flushing writeBuffer (5 items)
     3.209ms [⏱️1775] [🔧6w9vdqmm3du] ▶️ onResume
     3.300ms [⏱️1775] [🔧6w9vdqmm3du] 📣 emit resume
   504.530ms [⏱️1643] [🔧1rlbi8o2fy2] 🔌 onConnect delay from lookup
   504.570ms [⏱️1643] [🔧1rlbi8o2fy2] ⚠️  HANDLE MISMATCH!
   504.602ms [⏱️1643] [🔧1rlbi8o2fy2]    My Handle: TCP 🔧=true 🆔=-22 📖=false
   504.626ms [⏱️1643] [🔧1rlbi8o2fy2]    Socket Handle: TCP 🔧=false 🆔=71 📖=false
   504.654ms [⏱️1643] [🔧1rlbi8o2fy2]    Object references are different!
   504.680ms [⏱️1643] [🔧1rlbi8o2fy2] 📣 emit connect
   504.736ms [⏱️1643] [🔧1rlbi8o2fy2] 🔬 _read(16384) ⏳=false 🔐=undefined 🇺🇸=passthrough 🔗=http://localhost:46477/ origFlowing=true
   504.794ms [⏱️1643] [🔧1rlbi8o2fy2] 🔧 HANDLE.readStart()
   504.965ms [⏱️1643] [🔧1rlbi8o2fy2]     at tryReadStart (node:net:705:30)
   504.988ms [⏱️1643] [🔧1rlbi8o2fy2]     at Socket._read (node:net:722:5)
   505.013ms [⏱️1643] [🔧1rlbi8o2fy2]     at MockHttpSocket._read (/workspace/repro/node_modules/.pnpm/@mswjs+interceptors@file+../node_modules/@mswjs/interceptors/lib/node/chunk-EFBKFUZI.js:550:11)
   505.033ms [⏱️1643] [🔧1rlbi8o2fy2]     at MockHttpSocket.<anonymous> (node:net:720:37)
   505.052ms [⏱️1643] [🔧1rlbi8o2fy2]     at Object.onceWrapper (node:events:638:28)
   505.071ms [⏱️1643] [🔧1rlbi8o2fy2]     at MockHttpSocket.emit (node:events:524:28)
   505.092ms [⏱️1643] [🔧1rlbi8o2fy2]     at MockHttpSocket.emit (/workspace/repro/node_modules/.pnpm/@mswjs+interceptors@file+../node_modules/@mswjs/interceptors/lib/node/chunk-EFBKFUZI.js:564:12)
   505.110ms [⏱️1643] [🔧1rlbi8o2fy2]     at Socket.<anonymous> (/workspace/repro/node_modules/.pnpm/@mswjs+interceptors@file+../node_modules/@mswjs/interceptors/lib/node/chunk-EFBKFUZI.js:704:12)
   505.141ms [⏱️1643] [🔧1rlbi8o2fy2] ✅ onReady
   505.161ms [⏱️1643] [🔧1rlbi8o2fy2] 📣 emit ready
     4.436ms [⏱️1774] [🔧6w9vdqmm3du] 🔍 onLookup args=[null,"::1",6,"localhost"]
     4.462ms [⏱️1774] [🔧6w9vdqmm3du] 📣 emit lookup null, "::1", 6, "localhost"
     4.490ms [⏱️1774] [🔧6w9vdqmm3du] 🔍 onLookup args=[null,"127.0.0.1",4,"localhost"]
     4.512ms [⏱️1774] [🔧6w9vdqmm3du] 📣 emit lookup null, "127.0.0.1", 4, "localhost"
   851.737ms [⏱️1350] [🔧6xj9npgzagm] 🔌 onConnect delay from lookup
   851.799ms [⏱️1350] [🔧6xj9npgzagm] ⚠️  HANDLE MISMATCH!
   851.822ms [⏱️1350] [🔧6xj9npgzagm]    My Handle: TCP 🔧=true 🆔=-22 📖=false
   851.846ms [⏱️1350] [🔧6xj9npgzagm]    Socket Handle: TCP 🔧=false 🆔=44 📖=false
   851.891ms [⏱️1350] [🔧6xj9npgzagm]    Object references are different!
   851.979ms [⏱️1350] [🔧6xj9npgzagm] 📣 emit connect
   852.026ms [⏱️1350] [🔧6xj9npgzagm] 🔬 _read(16384) ⏳=false 🔐=undefined 🇺🇸=passthrough 🔗=http://localhost:46477/ origFlowing=true
   852.054ms [⏱️1350] [🔧6xj9npgzagm] 🔧 HANDLE.readStart()
   852.241ms [⏱️1350] [🔧6xj9npgzagm]     at tryReadStart (node:net:705:30)
   852.262ms [⏱️1350] [🔧6xj9npgzagm]     at Socket._read (node:net:722:5)
   852.292ms [⏱️1350] [🔧6xj9npgzagm]     at MockHttpSocket._read (/workspace/repro/node_modules/.pnpm/@mswjs+interceptors@file+../node_modules/@mswjs/interceptors/lib/node/chunk-EFBKFUZI.js:550:11)
   852.303ms [⏱️1350] [🔧6xj9npgzagm]     at MockHttpSocket.<anonymous> (node:net:720:37)
   852.314ms [⏱️1350] [🔧6xj9npgzagm]     at Object.onceWrapper (node:events:638:28)
   852.323ms [⏱️1350] [🔧6xj9npgzagm]     at MockHttpSocket.emit (node:events:524:28)
   852.337ms [⏱️1350] [🔧6xj9npgzagm]     at MockHttpSocket.emit (/workspace/repro/node_modules/.pnpm/@mswjs+interceptors@file+../node_modules/@mswjs/interceptors/lib/node/chunk-EFBKFUZI.js:564:12)
   852.346ms [⏱️1350] [🔧6xj9npgzagm]     at Socket.<anonymous> (/workspace/repro/node_modules/.pnpm/@mswjs+interceptors@file+../node_modules/@mswjs/interceptors/lib/node/chunk-EFBKFUZI.js:704:12)
   852.371ms [⏱️1350] [🔧6xj9npgzagm] ✅ onReady
   852.383ms [⏱️1350] [🔧6xj9npgzagm] 📣 emit ready
   647.935ms [⏱️1631] [🔧vbomzaigbm] 🔌 onConnect delay from lookup
   648.039ms [⏱️1631] [🔧vbomzaigbm] ⚠️  HANDLE MISMATCH!
   648.067ms [⏱️1631] [🔧vbomzaigbm]    My Handle: TCP 🔧=true 🆔=-22 📖=false
   648.092ms [⏱️1631] [🔧vbomzaigbm]    Socket Handle: TCP 🔧=false 🆔=68 📖=false
   648.112ms [⏱️1631] [🔧vbomzaigbm]    Object references are different!
   648.145ms [⏱️1631] [🔧vbomzaigbm] 📣 emit connect
   648.179ms [⏱️1631] [🔧vbomzaigbm] 🔬 _read(16384) ⏳=false 🔐=undefined 🇺🇸=passthrough 🔗=http://localhost:46477/ origFlowing=true
   648.208ms [⏱️1631] [🔧vbomzaigbm] 🔧 HANDLE.readStart()
   648.419ms [⏱️1631] [🔧vbomzaigbm]     at tryReadStart (node:net:705:30)
   648.469ms [⏱️1631] [🔧vbomzaigbm]     at Socket._read (node:net:722:5)
   648.565ms [⏱️1631] [🔧vbomzaigbm]     at MockHttpSocket._read (/workspace/repro/node_modules/.pnpm/@mswjs+interceptors@file+../node_modules/@mswjs/interceptors/lib/node/chunk-EFBKFUZI.js:550:11)
   648.613ms [⏱️1631] [🔧vbomzaigbm]     at MockHttpSocket.<anonymous> (node:net:720:37)
   648.813ms [⏱️1631] [🔧vbomzaigbm]     at Object.onceWrapper (node:events:638:28)
   648.853ms [⏱️1631] [🔧vbomzaigbm]     at MockHttpSocket.emit (node:events:524:28)
   648.874ms [⏱️1631] [🔧vbomzaigbm]     at MockHttpSocket.emit (/workspace/repro/node_modules/.pnpm/@mswjs+interceptors@file+../node_modules/@mswjs/interceptors/lib/node/chunk-EFBKFUZI.js:564:12)
   648.952ms [⏱️1631] [🔧vbomzaigbm]     at Socket.<anonymous> (/workspace/repro/node_modules/.pnpm/@mswjs+interceptors@file+../node_modules/@mswjs/interceptors/lib/node/chunk-EFBKFUZI.js:704:12)
   648.983ms [⏱️1631] [🔧vbomzaigbm] ✅ onReady
   649.058ms [⏱️1631] [🔧vbomzaigbm] 📣 emit ready
   255.845ms [⏱️1698] [🔧bur3a7ar14k] 🔧 HANDLE.close()
   256.071ms [⏱️1698] [🔧bur3a7ar14k]     at Timeout.internalConnectMultipleTimeout [as _onTimeout] (node:net:1712:10)
   256.163ms [⏱️1698] [🔧bur3a7ar14k]     at listOnTimeout (node:internal/timers:583:11)
   256.249ms [⏱️1698] [🔧bur3a7ar14k]     at process.processTimers (node:internal/timers:519:7)
   256.373ms [⏱️1698] [🔧bur3a7ar14k] 🔧 HANDLE.close()
   256.600ms [⏱️1698] [🔧bur3a7ar14k]     at Socket.reinitializeHandle (node:net:1265:17)
   256.749ms [⏱️1698] [🔧bur3a7ar14k]     at internalConnectMultiple (node:net:1131:30)
   256.786ms [⏱️1698] [🔧bur3a7ar14k]     at Timeout.internalConnectMultipleTimeout (node:net:1716:5)
   256.832ms [⏱️1698] [🔧bur3a7ar14k]     at listOnTimeout (node:internal/timers:583:11)
   256.852ms [⏱️1698] [🔧bur3a7ar14k]     at process.processTimers (node:internal/timers:519:7)
  1157.143ms [⏱️1091] [🔧7creimj539m] 🔌 onConnect delay from lookup
  1157.229ms [⏱️1091] [🔧7creimj539m] ⚠️  HANDLE MISMATCH!
  1157.267ms [⏱️1091] [🔧7creimj539m]    My Handle: TCP 🔧=true 🆔=-22 📖=false
  1157.310ms [⏱️1091] [🔧7creimj539m]    Socket Handle: TCP 🔧=false 🆔=54 📖=false
  1157.362ms [⏱️1091] [🔧7creimj539m]    Object references are different!
  1157.413ms [⏱️1091] [🔧7creimj539m] 📣 emit connect
  1157.480ms [⏱️1091] [🔧7creimj539m] 🔬 _read(16384) ⏳=false 🔐=undefined 🇺🇸=passthrough 🔗=http://localhost:46477/ origFlowing=true
  1157.589ms [⏱️1091] [🔧7creimj539m] 🔧 HANDLE.readStart()
  1157.959ms [⏱️1091] [🔧7creimj539m]     at tryReadStart (node:net:705:30)
  1158.055ms [⏱️1091] [🔧7creimj539m]     at Socket._read (node:net:722:5)
  1158.186ms [⏱️1091] [🔧7creimj539m]     at MockHttpSocket._read (/workspace/repro/node_modules/.pnpm/@mswjs+interceptors@file+../node_modules/@mswjs/interceptors/lib/node/chunk-EFBKFUZI.js:550:11)
  1158.289ms [⏱️1091] [🔧7creimj539m]     at MockHttpSocket.<anonymous> (node:net:720:37)
  1158.396ms [⏱️1091] [🔧7creimj539m]     at Object.onceWrapper (node:events:638:28)
  1158.618ms [⏱️1091] [🔧7creimj539m]     at MockHttpSocket.emit (node:events:524:28)
  1158.658ms [⏱️1091] [🔧7creimj539m]     at MockHttpSocket.emit (/workspace/repro/node_modules/.pnpm/@mswjs+interceptors@file+../node_modules/@mswjs/interceptors/lib/node/chunk-EFBKFUZI.js:564:12)
  1159.029ms [⏱️1091] [🔧7creimj539m]     at Socket.<anonymous> (/workspace/repro/node_modules/.pnpm/@mswjs+interceptors@file+../node_modules/@mswjs/interceptors/lib/node/chunk-EFBKFUZI.js:704:12)
  1159.219ms [⏱️1091] [🔧7creimj539m] ✅ onReady
  1159.365ms [⏱️1091] [🔧7creimj539m] 📣 emit ready
   856.256ms [⏱️1470] [🔧ye6yezc6ezn] 🔌 onConnect delay from lookup
   856.309ms [⏱️1470] [🔧ye6yezc6ezn] ⚠️  HANDLE MISMATCH!
   856.337ms [⏱️1470] [🔧ye6yezc6ezn]    My Handle: TCP 🔧=true 🆔=-22 📖=false
   856.376ms [⏱️1470] [🔧ye6yezc6ezn]    Socket Handle: TCP 🔧=false 🆔=65 📖=false
   856.408ms [⏱️1470] [🔧ye6yezc6ezn]    Object references are different!
   856.434ms [⏱️1470] [🔧ye6yezc6ezn] 📣 emit connect
   856.459ms [⏱️1470] [🔧ye6yezc6ezn] 🔬 _read(16384) ⏳=false 🔐=undefined 🇺🇸=passthrough 🔗=http://localhost:46477/ origFlowing=true
   856.489ms [⏱️1470] [🔧ye6yezc6ezn] 🔧 HANDLE.readStart()
   856.714ms [⏱️1470] [🔧ye6yezc6ezn]     at tryReadStart (node:net:705:30)
   856.823ms [⏱️1470] [🔧ye6yezc6ezn]     at Socket._read (node:net:722:5)
   856.846ms [⏱️1470] [🔧ye6yezc6ezn]     at MockHttpSocket._read (/workspace/repro/node_modules/.pnpm/@mswjs+interceptors@file+../node_modules/@mswjs/interceptors/lib/node/chunk-EFBKFUZI.js:550:11)
   856.881ms [⏱️1470] [🔧ye6yezc6ezn]     at MockHttpSocket.<anonymous> (node:net:720:37)
   856.894ms [⏱️1470] [🔧ye6yezc6ezn]     at Object.onceWrapper (node:events:638:28)
   856.914ms [⏱️1470] [🔧ye6yezc6ezn]     at MockHttpSocket.emit (node:events:524:28)
   856.928ms [⏱️1470] [🔧ye6yezc6ezn]     at MockHttpSocket.emit (/workspace/repro/node_modules/.pnpm/@mswjs+interceptors@file+../node_modules/@mswjs/interceptors/lib/node/chunk-EFBKFUZI.js:564:12)
   856.940ms [⏱️1470] [🔧ye6yezc6ezn]     at Socket.<anonymous> (/workspace/repro/node_modules/.pnpm/@mswjs+interceptors@file+../node_modules/@mswjs/interceptors/lib/node/chunk-EFBKFUZI.js:704:12)
   856.973ms [⏱️1470] [🔧ye6yezc6ezn] ✅ onReady
   856.999ms [⏱️1470] [🔧ye6yezc6ezn] 📣 emit ready
  1038.822ms [⏱️1284] [🔧yefv8sslo9] 💾 onData 120b
  1038.986ms [⏱️1284] [🔧yefv8sslo9] 📤 push([{"type":"Buffer","data":[72,84,84,80,47)
  1039.072ms [⏱️889] [🔧yefv8sslo9] 📨 onResponseStart status=200 🇺🇸=passthrough
  1039.802ms [⏱️889] [🔧yefv8sslo9] 📥 onResponseBody 2b
  1039.849ms [⏱️889] [🔧yefv8sslo9] 🎬 onResponseEnd hasStream=true
  1039.896ms [⏱️1284] [🔧yefv8sslo9] 📣 emit data 120 chars
  1039.945ms [⏱️1811] [🔧yefv8sslo9] 📖 read([0])
  1039.978ms [⏱️1811] [🔧yefv8sslo9] 🔬 _read(16384) ⏳=false 🔐=undefined 🇺🇸=passthrough 🔗=http://localhost:46477/ origFlowing=true
  1040.374ms [⏱️892] [🔧yefv8sslo9] ▶️ resume()
  1040.563ms [⏱️1826] [🔧yefv8sslo9] 📣 emit free
     0.001ms [⏱️0] [🔧pjx2ki9919] 🏗️  constructor starting
     0.073ms [⏱️0] [🔧pjx2ki9919] 🏗️  constructor complete http://localhost:46477/
  1041.093ms [⏱️0] [🔧yefv8sslo9] 🧨 _destroy ⏳=false 🔐=undefined 🇺🇸=passthrough 🔗=http://localhost:46477/
  1041.208ms [⏱️0] [🔧yefv8sslo9] 🔧 HANDLE.close()
  1041.402ms [⏱️0] [🔧yefv8sslo9]     at closeSocketHandle (node:net:341:18)
  1041.464ms [⏱️0] [🔧yefv8sslo9]     at Socket._destroy (node:net:831:7)
  1041.486ms [⏱️0] [🔧yefv8sslo9]     at _destroy (node:internal/streams/destroy:121:10)
  1041.499ms [⏱️0] [🔧yefv8sslo9]     at MockHttpSocket.destroy (node:internal/streams/destroy:83:5)
  1041.515ms [⏱️0] [🔧yefv8sslo9]     at Writable.destroy (node:internal/streams/writable:1122:11)
  1041.525ms [⏱️0] [🔧yefv8sslo9]     at MockHttpSocket.destroy (/workspace/repro/node_modules/.pnpm/@mswjs+interceptors@file+../node_modules/@mswjs/interceptors/lib/node/chunk-EFBKFUZI.js:574:18)
  1041.536ms [⏱️0] [🔧yefv8sslo9]     at MockAgent.<anonymous> (node:_http_agent:154:14)
  1041.548ms [⏱️0] [🔧yefv8sslo9]     at MockAgent.emit (node:events:524:28)
     0.696ms [⏱️1833] [🔧pjx2ki9919] ▶️ resume()
     0.772ms [⏱️1833] [🔧pjx2ki9919] ✍️  write 95b 🇺🇸=unknown buffered=0
     0.889ms [⏱️1831] [🔧pjx2ki9919] 🚀 onRequestStart path=/ keepAlive=true
     1.488ms [⏱️1833] [🔧pjx2ki9919] ✍️  write 2b 🇺🇸=unknown buffered=1
     1.521ms [⏱️1833] [🔧pjx2ki9919] ✍️  write 9b 🇺🇸=unknown buffered=2
     1.567ms [⏱️1831] [🔧pjx2ki9919] 📦 onRequestBody 9b
     1.600ms [⏱️1833] [🔧pjx2ki9919] ✍️  write 2b 🇺🇸=unknown buffered=3
     1.622ms [⏱️1833] [🔧pjx2ki9919] ✍️  write 5b 🇺🇸=unknown buffered=4
     1.645ms [⏱️1831] [🔧pjx2ki9919] 🏁 onRequestEnd hasStream=true
     1.702ms [⏱️1837] [🔧pjx2ki9919] 📖 read([0])
     1.732ms [⏱️1837] [🔧pjx2ki9919] 🔬 _read(16384) ⏳=true 🔐=undefined 🇺🇸=unknown 🔗=http://localhost:46477/ origFlowing=undefined
     1.794ms [⏱️1837] [🔧pjx2ki9919] 📣 emit resume
     1.810ms [⏱️1837] [🔧pjx2ki9919] 📖 read()
     2.478ms [⏱️0] [🔧pjx2ki9919] 💨 passthrough() 🧨=false ⏳=true
     2.625ms [⏱️0] [🔧pjx2ki9919] 🔌 created originalSocket
     2.666ms [⏱️0] [🔧pjx2ki9919] 🚽 flushing writeBuffer (5 items)
     2.739ms [⏱️1851] [🔧pjx2ki9919] ▶️ onResume
     2.765ms [⏱️1851] [🔧pjx2ki9919] 📣 emit resume
     2.829ms [⏱️1850] [🔧pjx2ki9919] 🔍 onLookup args=[null,"::1",6,"localhost"]
     2.874ms [⏱️1850] [🔧pjx2ki9919] 📣 emit lookup null, "::1", 6, "localhost"
     2.914ms [⏱️1850] [🔧pjx2ki9919] 🔍 onLookup args=[null,"127.0.0.1",4,"localhost"]
     2.954ms [⏱️1850] [🔧pjx2ki9919] 📣 emit lookup null, "127.0.0.1", 4, "localhost"
   254.751ms [⏱️1784] [🔧6w9vdqmm3du] 🔧 HANDLE.close()
   255.051ms [⏱️1784] [🔧6w9vdqmm3du]     at Timeout.internalConnectMultipleTimeout [as _onTimeout] (node:net:1712:10)
   255.160ms [⏱️1784] [🔧6w9vdqmm3du]     at listOnTimeout (node:internal/timers:583:11)
   255.259ms [⏱️1784] [🔧6w9vdqmm3du]     at process.processTimers (node:internal/timers:519:7)
   255.410ms [⏱️1784] [🔧6w9vdqmm3du] 🔧 HANDLE.close()
   255.600ms [⏱️1784] [🔧6w9vdqmm3du]     at Socket.reinitializeHandle (node:net:1265:17)
   255.719ms [⏱️1784] [🔧6w9vdqmm3du]     at internalConnectMultiple (node:net:1131:30)
   255.786ms [⏱️1784] [🔧6w9vdqmm3du]     at Timeout.internalConnectMultipleTimeout (node:net:1716:5)
   255.874ms [⏱️1784] [🔧6w9vdqmm3du]     at listOnTimeout (node:internal/timers:583:11)
   255.929ms [⏱️1784] [🔧6w9vdqmm3du]     at process.processTimers (node:internal/timers:519:7)
   603.228ms [⏱️1720] [🔧14rulic9q4h] 🔌 onConnect delay from lookup
   603.297ms [⏱️1720] [🔧14rulic9q4h] ⚠️  HANDLE MISMATCH!
   603.326ms [⏱️1720] [🔧14rulic9q4h]    My Handle: TCP 🔧=true 🆔=-22 📖=false
   603.348ms [⏱️1720] [🔧14rulic9q4h]    Socket Handle: TCP 🔧=false 🆔=75 📖=false
   603.370ms [⏱️1720] [🔧14rulic9q4h]    Object references are different!
   603.396ms [⏱️1720] [🔧14rulic9q4h] 📣 emit connect
   603.438ms [⏱️1720] [🔧14rulic9q4h] 🔬 _read(16384) ⏳=false 🔐=undefined 🇺🇸=passthrough 🔗=http://localhost:46477/ origFlowing=true
   603.464ms [⏱️1720] [🔧14rulic9q4h] 🔧 HANDLE.readStart()
   603.631ms [⏱️1720] [🔧14rulic9q4h]     at tryReadStart (node:net:705:30)
   603.656ms [⏱️1720] [🔧14rulic9q4h]     at Socket._read (node:net:722:5)
   603.676ms [⏱️1720] [🔧14rulic9q4h]     at MockHttpSocket._read (/workspace/repro/node_modules/.pnpm/@mswjs+interceptors@file+../node_modules/@mswjs/interceptors/lib/node/chunk-EFBKFUZI.js:550:11)
   603.778ms [⏱️1720] [🔧14rulic9q4h]     at MockHttpSocket.<anonymous> (node:net:720:37)
   603.815ms [⏱️1720] [🔧14rulic9q4h]     at Object.onceWrapper (node:events:638:28)
   603.911ms [⏱️1720] [🔧14rulic9q4h]     at MockHttpSocket.emit (node:events:524:28)
   603.926ms [⏱️1720] [🔧14rulic9q4h]     at MockHttpSocket.emit (/workspace/repro/node_modules/.pnpm/@mswjs+interceptors@file+../node_modules/@mswjs/interceptors/lib/node/chunk-EFBKFUZI.js:564:12)
   603.941ms [⏱️1720] [🔧14rulic9q4h]     at Socket.<anonymous> (/workspace/repro/node_modules/.pnpm/@mswjs+interceptors@file+../node_modules/@mswjs/interceptors/lib/node/chunk-EFBKFUZI.js:704:12)
   603.975ms [⏱️1720] [🔧14rulic9q4h] ✅ onReady
   604.003ms [⏱️1720] [🔧14rulic9q4h] 📣 emit ready
  2207.154ms [⏱️471] [🔧pn3xt3vl1ms] 💾 onData 120b
  2207.442ms [⏱️471] [🔧pn3xt3vl1ms] 📤 push([{"type":"Buffer","data":[72,84,84,80,47)
  2207.554ms [⏱️64] [🔧pn3xt3vl1ms] 📨 onResponseStart status=200 🇺🇸=passthrough
  2208.218ms [⏱️64] [🔧pn3xt3vl1ms] 📥 onResponseBody 2b
  2208.292ms [⏱️64] [🔧pn3xt3vl1ms] 🎬 onResponseEnd hasStream=true
  2208.348ms [⏱️471] [🔧pn3xt3vl1ms] 📣 emit data 120 chars
  2208.455ms [⏱️1885] [🔧pn3xt3vl1ms] 📖 read([0])
  2208.540ms [⏱️1885] [🔧pn3xt3vl1ms] 🔬 _read(16384) ⏳=false 🔐=undefined 🇺🇸=passthrough 🔗=http://localhost:46477/ origFlowing=true
  2208.775ms [⏱️136] [🔧pn3xt3vl1ms] ▶️ resume()
  2209.197ms [⏱️1900] [🔧pn3xt3vl1ms] 📣 emit free
     0.001ms [⏱️0] [🔧jxcsaphkm98] 🏗️  constructor starting
     0.105ms [⏱️0] [🔧jxcsaphkm98] 🏗️  constructor complete http://localhost:46477/
  2209.897ms [⏱️0] [🔧pn3xt3vl1ms] 🧨 _destroy ⏳=false 🔐=undefined 🇺🇸=passthrough 🔗=http://localhost:46477/
  2209.967ms [⏱️0] [🔧pn3xt3vl1ms] 🔧 HANDLE.close()
  2210.145ms [⏱️0] [🔧pn3xt3vl1ms]     at closeSocketHandle (node:net:341:18)
  2210.178ms [⏱️0] [🔧pn3xt3vl1ms]     at Socket._destroy (node:net:831:7)
  2210.261ms [⏱️0] [🔧pn3xt3vl1ms]     at _destroy (node:internal/streams/destroy:121:10)
  2210.293ms [⏱️0] [🔧pn3xt3vl1ms]     at MockHttpSocket.destroy (node:internal/streams/destroy:83:5)
  2210.314ms [⏱️0] [🔧pn3xt3vl1ms]     at Writable.destroy (node:internal/streams/writable:1122:11)
  2210.328ms [⏱️0] [🔧pn3xt3vl1ms]     at MockHttpSocket.destroy (/workspace/repro/node_modules/.pnpm/@mswjs+interceptors@file+../node_modules/@mswjs/interceptors/lib/node/chunk-EFBKFUZI.js:574:18)
  2210.346ms [⏱️0] [🔧pn3xt3vl1ms]     at MockAgent.<anonymous> (node:_http_agent:154:14)
  2210.357ms [⏱️0] [🔧pn3xt3vl1ms]     at MockAgent.emit (node:events:524:28)
     0.872ms [⏱️1907] [🔧jxcsaphkm98] ▶️ resume()
     0.924ms [⏱️1907] [🔧jxcsaphkm98] ✍️  write 95b 🇺🇸=unknown buffered=0
     1.008ms [⏱️1905] [🔧jxcsaphkm98] 🚀 onRequestStart path=/ keepAlive=true
     1.743ms [⏱️1907] [🔧jxcsaphkm98] ✍️  write 2b 🇺🇸=unknown buffered=1
     1.783ms [⏱️1907] [🔧jxcsaphkm98] ✍️  write 9b 🇺🇸=unknown buffered=2
     1.814ms [⏱️1905] [🔧jxcsaphkm98] 📦 onRequestBody 9b
     1.856ms [⏱️1907] [🔧jxcsaphkm98] ✍️  write 2b 🇺🇸=unknown buffered=3
     1.921ms [⏱️1907] [🔧jxcsaphkm98] ✍️  write 5b 🇺🇸=unknown buffered=4
     1.954ms [⏱️1905] [🔧jxcsaphkm98] 🏁 onRequestEnd hasStream=true
     2.135ms [⏱️1911] [🔧jxcsaphkm98] 📖 read([0])
     2.215ms [⏱️1911] [🔧jxcsaphkm98] 🔬 _read(16384) ⏳=true 🔐=undefined 🇺🇸=unknown 🔗=http://localhost:46477/ origFlowing=undefined
     2.249ms [⏱️1911] [🔧jxcsaphkm98] 📣 emit resume
     2.271ms [⏱️1911] [🔧jxcsaphkm98] 📖 read()
     2.834ms [⏱️0] [🔧jxcsaphkm98] 💨 passthrough() 🧨=false ⏳=true
     2.952ms [⏱️0] [🔧jxcsaphkm98] 🔌 created originalSocket
     2.982ms [⏱️0] [🔧jxcsaphkm98] 🚽 flushing writeBuffer (5 items)
     3.068ms [⏱️1925] [🔧jxcsaphkm98] ▶️ onResume
     3.124ms [⏱️1925] [🔧jxcsaphkm98] 📣 emit resume
     3.310ms [⏱️1924] [🔧jxcsaphkm98] 🔍 onLookup args=[null,"::1",6,"localhost"]
     3.339ms [⏱️1924] [🔧jxcsaphkm98] 📣 emit lookup null, "::1", 6, "localhost"
     3.389ms [⏱️1924] [🔧jxcsaphkm98] 🔍 onLookup args=[null,"127.0.0.1",4,"localhost"]
     3.416ms [⏱️1924] [🔧jxcsaphkm98] 📣 emit lookup null, "127.0.0.1", 4, "localhost"
  1154.979ms [⏱️1347] [🔧6lc4faakk6] 🔌 onConnect delay from lookup
  1155.056ms [⏱️1347] [🔧6lc4faakk6] ⚠️  HANDLE MISMATCH!
  1155.091ms [⏱️1347] [🔧6lc4faakk6]    My Handle: TCP 🔧=true 🆔=-22 📖=false
  1155.120ms [⏱️1347] [🔧6lc4faakk6]    Socket Handle: TCP 🔧=false 🆔=41 📖=false
  1155.199ms [⏱️1347] [🔧6lc4faakk6]    Object references are different!
  1155.268ms [⏱️1347] [🔧6lc4faakk6] 📣 emit connect
  1155.318ms [⏱️1347] [🔧6lc4faakk6] 🔬 _read(16384) ⏳=false 🔐=undefined 🇺🇸=passthrough 🔗=http://localhost:46477/ origFlowing=true
  1155.366ms [⏱️1347] [🔧6lc4faakk6] 🔧 HANDLE.readStart()
  1155.599ms [⏱️1347] [🔧6lc4faakk6]     at tryReadStart (node:net:705:30)
  1155.642ms [⏱️1347] [🔧6lc4faakk6]     at Socket._read (node:net:722:5)
  1155.695ms [⏱️1347] [🔧6lc4faakk6]     at MockHttpSocket._read (/workspace/repro/node_modules/.pnpm/@mswjs+interceptors@file+../node_modules/@mswjs/interceptors/lib/node/chunk-EFBKFUZI.js:550:11)
  1155.790ms [⏱️1347] [🔧6lc4faakk6]     at MockHttpSocket.<anonymous> (node:net:720:37)
  1155.809ms [⏱️1347] [🔧6lc4faakk6]     at Object.onceWrapper (node:events:638:28)
  1155.828ms [⏱️1347] [🔧6lc4faakk6]     at MockHttpSocket.emit (node:events:524:28)
  1155.837ms [⏱️1347] [🔧6lc4faakk6]     at MockHttpSocket.emit (/workspace/repro/node_modules/.pnpm/@mswjs+interceptors@file+../node_modules/@mswjs/interceptors/lib/node/chunk-EFBKFUZI.js:564:12)
  1155.856ms [⏱️1347] [🔧6lc4faakk6]     at Socket.<anonymous> (/workspace/repro/node_modules/.pnpm/@mswjs+interceptors@file+../node_modules/@mswjs/interceptors/lib/node/chunk-EFBKFUZI.js:704:12)
  1155.893ms [⏱️1347] [🔧6lc4faakk6] ✅ onReady
  1155.913ms [⏱️1347] [🔧6lc4faakk6] 📣 emit ready
   327.820ms [⏱️1876] [🔧6w9vdqmm3du] 🔌 onConnect delay from lookup
   327.888ms [⏱️1876] [🔧6w9vdqmm3du] ⚠️  HANDLE MISMATCH!
   327.909ms [⏱️1876] [🔧6w9vdqmm3du]    My Handle: TCP 🔧=true 🆔=-22 📖=false
   327.930ms [⏱️1876] [🔧6w9vdqmm3du]    Socket Handle: TCP 🔧=false 🆔=81 📖=false
   327.947ms [⏱️1876] [🔧6w9vdqmm3du]    Object references are different!
   328.000ms [⏱️1876] [🔧6w9vdqmm3du] 📣 emit connect
   328.044ms [⏱️1876] [🔧6w9vdqmm3du] 🔬 _read(16384) ⏳=false 🔐=undefined 🇺🇸=passthrough 🔗=http://localhost:46477/ origFlowing=true
   328.090ms [⏱️1876] [🔧6w9vdqmm3du] 🔧 HANDLE.readStart()
   328.362ms [⏱️1876] [🔧6w9vdqmm3du]     at tryReadStart (node:net:705:30)
   328.403ms [⏱️1876] [🔧6w9vdqmm3du]     at Socket._read (node:net:722:5)
   328.454ms [⏱️1876] [🔧6w9vdqmm3du]     at MockHttpSocket._read (/workspace/repro/node_modules/.pnpm/@mswjs+interceptors@file+../node_modules/@mswjs/interceptors/lib/node/chunk-EFBKFUZI.js:550:11)
   328.575ms [⏱️1876] [🔧6w9vdqmm3du]     at MockHttpSocket.<anonymous> (node:net:720:37)
   328.615ms [⏱️1876] [🔧6w9vdqmm3du]     at Object.onceWrapper (node:events:638:28)
   328.639ms [⏱️1876] [🔧6w9vdqmm3du]     at MockHttpSocket.emit (node:events:524:28)
   328.652ms [⏱️1876] [🔧6w9vdqmm3du]     at MockHttpSocket.emit (/workspace/repro/node_modules/.pnpm/@mswjs+interceptors@file+../node_modules/@mswjs/interceptors/lib/node/chunk-EFBKFUZI.js:564:12)
   328.670ms [⏱️1876] [🔧6w9vdqmm3du]     at Socket.<anonymous> (/workspace/repro/node_modules/.pnpm/@mswjs+interceptors@file+../node_modules/@mswjs/interceptors/lib/node/chunk-EFBKFUZI.js:704:12)
   328.728ms [⏱️1876] [🔧6w9vdqmm3du] ✅ onReady
   328.754ms [⏱️1876] [🔧6w9vdqmm3du] 📣 emit ready
  1145.525ms [⏱️1403] [🔧cd2v9zzzh4r] 💾 onData 120b
  1145.657ms [⏱️1403] [🔧cd2v9zzzh4r] 📤 push([{"type":"Buffer","data":[72,84,84,80,47)
  1145.702ms [⏱️1068] [🔧cd2v9zzzh4r] 📨 onResponseStart status=200 🇺🇸=passthrough
  1146.138ms [⏱️1068] [🔧cd2v9zzzh4r] 📥 onResponseBody 2b
  1146.190ms [⏱️1068] [🔧cd2v9zzzh4r] 🎬 onResponseEnd hasStream=true
  1146.295ms [⏱️1403] [🔧cd2v9zzzh4r] 📣 emit data 120 chars
  1146.351ms [⏱️1959] [🔧cd2v9zzzh4r] 📖 read([0])
  1146.384ms [⏱️1959] [🔧cd2v9zzzh4r] 🔬 _read(16384) ⏳=false 🔐=undefined 🇺🇸=passthrough 🔗=http://localhost:46477/ origFlowing=true
  1146.499ms [⏱️1071] [🔧cd2v9zzzh4r] ▶️ resume()
  1146.646ms [⏱️1974] [🔧cd2v9zzzh4r] 📣 emit free
     0.001ms [⏱️0] [🔧dfwic4ild08] 🏗️  constructor starting
     0.077ms [⏱️0] [🔧dfwic4ild08] 🏗️  constructor complete http://localhost:46477/
  1147.141ms [⏱️0] [🔧cd2v9zzzh4r] 🧨 _destroy ⏳=false 🔐=undefined 🇺🇸=passthrough 🔗=http://localhost:46477/
  1147.200ms [⏱️0] [🔧cd2v9zzzh4r] 🔧 HANDLE.close()
  1147.442ms [⏱️0] [🔧cd2v9zzzh4r]     at closeSocketHandle (node:net:341:18)
  1147.471ms [⏱️0] [🔧cd2v9zzzh4r]     at Socket._destroy (node:net:831:7)
  1147.491ms [⏱️0] [🔧cd2v9zzzh4r]     at _destroy (node:internal/streams/destroy:121:10)
  1147.510ms [⏱️0] [🔧cd2v9zzzh4r]     at MockHttpSocket.destroy (node:internal/streams/destroy:83:5)
  1147.530ms [⏱️0] [🔧cd2v9zzzh4r]     at Writable.destroy (node:internal/streams/writable:1122:11)
  1147.546ms [⏱️0] [🔧cd2v9zzzh4r]     at MockHttpSocket.destroy (/workspace/repro/node_modules/.pnpm/@mswjs+interceptors@file+../node_modules/@mswjs/interceptors/lib/node/chunk-EFBKFUZI.js:574:18)
  1147.555ms [⏱️0] [🔧cd2v9zzzh4r]     at MockAgent.<anonymous> (node:_http_agent:154:14)
  1147.570ms [⏱️0] [🔧cd2v9zzzh4r]     at MockAgent.emit (node:events:524:28)
     0.700ms [⏱️1981] [🔧dfwic4ild08] ▶️ resume()
     0.746ms [⏱️1981] [🔧dfwic4ild08] ✍️  write 95b 🇺🇸=unknown buffered=0
     0.795ms [⏱️1979] [🔧dfwic4ild08] 🚀 onRequestStart path=/ keepAlive=true
     1.468ms [⏱️1981] [🔧dfwic4ild08] ✍️  write 2b 🇺🇸=unknown buffered=1
     1.518ms [⏱️1981] [🔧dfwic4ild08] ✍️  write 9b 🇺🇸=unknown buffered=2
     1.565ms [⏱️1979] [🔧dfwic4ild08] 📦 onRequestBody 9b
     1.611ms [⏱️1981] [🔧dfwic4ild08] ✍️  write 2b 🇺🇸=unknown buffered=3
     1.633ms [⏱️1981] [🔧dfwic4ild08] ✍️  write 5b 🇺🇸=unknown buffered=4
     1.665ms [⏱️1979] [🔧dfwic4ild08] 🏁 onRequestEnd hasStream=true
     1.726ms [⏱️1985] [🔧dfwic4ild08] 📖 read([0])
     1.776ms [⏱️1985] [🔧dfwic4ild08] 🔬 _read(16384) ⏳=true 🔐=undefined 🇺🇸=unknown 🔗=http://localhost:46477/ origFlowing=undefined
     1.830ms [⏱️1985] [🔧dfwic4ild08] 📣 emit resume
     1.868ms [⏱️1985] [🔧dfwic4ild08] 📖 read()
     2.768ms [⏱️0] [🔧dfwic4ild08] 💨 passthrough() 🧨=false ⏳=true
     2.940ms [⏱️0] [🔧dfwic4ild08] 🔌 created originalSocket
     2.969ms [⏱️0] [🔧dfwic4ild08] 🚽 flushing writeBuffer (5 items)
     3.074ms [⏱️1999] [🔧dfwic4ild08] ▶️ onResume
     3.114ms [⏱️1999] [🔧dfwic4ild08] 📣 emit resume
     3.224ms [⏱️1998] [🔧dfwic4ild08] 🔍 onLookup args=[null,"::1",6,"localhost"]
     3.300ms [⏱️1998] [🔧dfwic4ild08] 📣 emit lookup null, "::1", 6, "localhost"
     3.398ms [⏱️1998] [🔧dfwic4ild08] 🔍 onLookup args=[null,"127.0.0.1",4,"localhost"]
     3.434ms [⏱️1998] [🔧dfwic4ild08] 📣 emit lookup null, "127.0.0.1", 4, "localhost"
  2274.122ms [⏱️486] [🔧sjtxnpjuov] 💾 onData 120b
  2274.194ms [⏱️486] [🔧sjtxnpjuov] 📤 push([{"type":"Buffer","data":[72,84,84,80,47)
  2274.229ms [⏱️79] [🔧sjtxnpjuov] 📨 onResponseStart status=200 🇺🇸=passthrough
  2274.601ms [⏱️79] [🔧sjtxnpjuov] 📥 onResponseBody 2b
  2274.637ms [⏱️79] [🔧sjtxnpjuov] 🎬 onResponseEnd hasStream=true
  2274.680ms [⏱️486] [🔧sjtxnpjuov] 📣 emit data 120 chars
  2274.725ms [⏱️2007] [🔧sjtxnpjuov] 📖 read([0])
  2274.754ms [⏱️2007] [🔧sjtxnpjuov] 🔬 _read(16384) ⏳=false 🔐=undefined 🇺🇸=passthrough 🔗=http://localhost:46477/ origFlowing=true
  2274.935ms [⏱️156] [🔧sjtxnpjuov] ▶️ resume()
  2275.075ms [⏱️2022] [🔧sjtxnpjuov] 📣 emit free
     0.001ms [⏱️0] [🔧oye8kbrs6cq] 🏗️  constructor starting
     0.076ms [⏱️0] [🔧oye8kbrs6cq] 🏗️  constructor complete http://localhost:46477/
  2275.631ms [⏱️0] [🔧sjtxnpjuov] 🧨 _destroy ⏳=false 🔐=undefined 🇺🇸=passthrough 🔗=http://localhost:46477/
  2275.683ms [⏱️0] [🔧sjtxnpjuov] 🔧 HANDLE.close()
  2275.824ms [⏱️0] [🔧sjtxnpjuov]     at closeSocketHandle (node:net:341:18)
  2275.841ms [⏱️0] [🔧sjtxnpjuov]     at Socket._destroy (node:net:831:7)
  2275.863ms [⏱️0] [🔧sjtxnpjuov]     at _destroy (node:internal/streams/destroy:121:10)
  2275.879ms [⏱️0] [🔧sjtxnpjuov]     at MockHttpSocket.destroy (node:internal/streams/destroy:83:5)
  2275.890ms [⏱️0] [🔧sjtxnpjuov]     at Writable.destroy (node:internal/streams/writable:1122:11)
  2275.905ms [⏱️0] [🔧sjtxnpjuov]     at MockHttpSocket.destroy (/workspace/repro/node_modules/.pnpm/@mswjs+interceptors@file+../node_modules/@mswjs/interceptors/lib/node/chunk-EFBKFUZI.js:574:18)
  2275.926ms [⏱️0] [🔧sjtxnpjuov]     at MockAgent.<anonymous> (node:_http_agent:154:14)
  2275.941ms [⏱️0] [🔧sjtxnpjuov]     at MockAgent.emit (node:events:524:28)
     0.547ms [⏱️2029] [🔧oye8kbrs6cq] ▶️ resume()
     0.581ms [⏱️2029] [🔧oye8kbrs6cq] ✍️  write 95b 🇺🇸=unknown buffered=0
     0.612ms [⏱️2027] [🔧oye8kbrs6cq] 🚀 onRequestStart path=/ keepAlive=true
     1.014ms [⏱️2029] [🔧oye8kbrs6cq] ✍️  write 2b 🇺🇸=unknown buffered=1
     1.066ms [⏱️2029] [🔧oye8kbrs6cq] ✍️  write 9b 🇺🇸=unknown buffered=2
     1.094ms [⏱️2027] [🔧oye8kbrs6cq] 📦 onRequestBody 9b
     1.128ms [⏱️2029] [🔧oye8kbrs6cq] ✍️  write 2b 🇺🇸=unknown buffered=3
     1.148ms [⏱️2029] [🔧oye8kbrs6cq] ✍️  write 5b 🇺🇸=unknown buffered=4
     1.191ms [⏱️2027] [🔧oye8kbrs6cq] 🏁 onRequestEnd hasStream=true
     1.247ms [⏱️2033] [🔧oye8kbrs6cq] 📖 read([0])
     1.289ms [⏱️2033] [🔧oye8kbrs6cq] 🔬 _read(16384) ⏳=true 🔐=undefined 🇺🇸=unknown 🔗=http://localhost:46477/ origFlowing=undefined
     1.317ms [⏱️2033] [🔧oye8kbrs6cq] 📣 emit resume
     1.328ms [⏱️2033] [🔧oye8kbrs6cq] 📖 read()
     2.001ms [⏱️0] [🔧oye8kbrs6cq] 💨 passthrough() 🧨=false ⏳=true
     2.105ms [⏱️0] [🔧oye8kbrs6cq] 🔌 created originalSocket
     2.136ms [⏱️0] [🔧oye8kbrs6cq] 🚽 flushing writeBuffer (5 items)
     2.199ms [⏱️2047] [🔧oye8kbrs6cq] ▶️ onResume
     2.227ms [⏱️2047] [🔧oye8kbrs6cq] 📣 emit resume
     2.299ms [⏱️2046] [🔧oye8kbrs6cq] 🔍 onLookup args=[null,"::1",6,"localhost"]
     2.344ms [⏱️2046] [🔧oye8kbrs6cq] 📣 emit lookup null, "::1", 6, "localhost"
     2.366ms [⏱️2046] [🔧oye8kbrs6cq] 🔍 onLookup args=[null,"127.0.0.1",4,"localhost"]
     2.391ms [⏱️2046] [🔧oye8kbrs6cq] 📣 emit lookup null, "127.0.0.1", 4, "localhost"
  1166.252ms [⏱️1410] [🔧3741me22wvm] 🔌 onConnect delay from lookup
  1166.383ms [⏱️1410] [🔧3741me22wvm] ⚠️  HANDLE MISMATCH!
  1166.448ms [⏱️1410] [🔧3741me22wvm]    My Handle: TCP 🔧=true 🆔=-22 📖=false
  1166.504ms [⏱️1410] [🔧3741me22wvm]    Socket Handle: TCP 🔧=false 🆔=63 📖=false
  1166.560ms [⏱️1410] [🔧3741me22wvm]    Object references are different!
  1166.619ms [⏱️1410] [🔧3741me22wvm] 📣 emit connect
  1166.740ms [⏱️1410] [🔧3741me22wvm] 🔬 _read(16384) ⏳=false 🔐=undefined 🇺🇸=passthrough 🔗=http://localhost:46477/ origFlowing=true
  1166.825ms [⏱️1410] [🔧3741me22wvm] 🔧 HANDLE.readStart()
  1167.065ms [⏱️1410] [🔧3741me22wvm]     at tryReadStart (node:net:705:30)
  1167.091ms [⏱️1410] [🔧3741me22wvm]     at Socket._read (node:net:722:5)
  1167.128ms [⏱️1410] [🔧3741me22wvm]     at MockHttpSocket._read (/workspace/repro/node_modules/.pnpm/@mswjs+interceptors@file+../node_modules/@mswjs/interceptors/lib/node/chunk-EFBKFUZI.js:550:11)
  1167.161ms [⏱️1410] [🔧3741me22wvm]     at MockHttpSocket.<anonymous> (node:net:720:37)
  1167.175ms [⏱️1410] [🔧3741me22wvm]     at Object.onceWrapper (node:events:638:28)
  1167.189ms [⏱️1410] [🔧3741me22wvm]     at MockHttpSocket.emit (node:events:524:28)
  1167.206ms [⏱️1410] [🔧3741me22wvm]     at MockHttpSocket.emit (/workspace/repro/node_modules/.pnpm/@mswjs+interceptors@file+../node_modules/@mswjs/interceptors/lib/node/chunk-EFBKFUZI.js:564:12)
  1167.216ms [⏱️1410] [🔧3741me22wvm]     at Socket.<anonymous> (/workspace/repro/node_modules/.pnpm/@mswjs+interceptors@file+../node_modules/@mswjs/interceptors/lib/node/chunk-EFBKFUZI.js:704:12)
  1167.417ms [⏱️1410] [🔧3741me22wvm] ✅ onReady
  1167.446ms [⏱️1410] [🔧3741me22wvm] 📣 emit ready
  1099.702ms [⏱️1473] [🔧3hxyte3d73] 🔌 onConnect delay from lookup
  1099.728ms [⏱️1473] [🔧3hxyte3d73] ⚠️  HANDLE MISMATCH!
  1099.746ms [⏱️1473] [🔧3hxyte3d73]    My Handle: TCP 🔧=true 🆔=-22 📖=false
  1099.763ms [⏱️1473] [🔧3hxyte3d73]    Socket Handle: TCP 🔧=false 🆔=66 📖=false
  1099.782ms [⏱️1473] [🔧3hxyte3d73]    Object references are different!
  1099.801ms [⏱️1473] [🔧3hxyte3d73] 📣 emit connect
  1099.824ms [⏱️1473] [🔧3hxyte3d73] 🔬 _read(16384) ⏳=false 🔐=undefined 🇺🇸=passthrough 🔗=http://localhost:46477/ origFlowing=true
  1099.845ms [⏱️1473] [🔧3hxyte3d73] 🔧 HANDLE.readStart()
  1100.070ms [⏱️1473] [🔧3hxyte3d73]     at tryReadStart (node:net:705:30)
  1100.097ms [⏱️1473] [🔧3hxyte3d73]     at Socket._read (node:net:722:5)
  1100.125ms [⏱️1473] [🔧3hxyte3d73]     at MockHttpSocket._read (/workspace/repro/node_modules/.pnpm/@mswjs+interceptors@file+../node_modules/@mswjs/interceptors/lib/node/chunk-EFBKFUZI.js:550:11)
  1100.146ms [⏱️1473] [🔧3hxyte3d73]     at MockHttpSocket.<anonymous> (node:net:720:37)
  1100.156ms [⏱️1473] [🔧3hxyte3d73]     at Object.onceWrapper (node:events:638:28)
  1100.171ms [⏱️1473] [🔧3hxyte3d73]     at MockHttpSocket.emit (node:events:524:28)
  1100.187ms [⏱️1473] [🔧3hxyte3d73]     at MockHttpSocket.emit (/workspace/repro/node_modules/.pnpm/@mswjs+interceptors@file+../node_modules/@mswjs/interceptors/lib/node/chunk-EFBKFUZI.js:564:12)
  1100.202ms [⏱️1473] [🔧3hxyte3d73]     at Socket.<anonymous> (/workspace/repro/node_modules/.pnpm/@mswjs+interceptors@file+../node_modules/@mswjs/interceptors/lib/node/chunk-EFBKFUZI.js:704:12)
  1100.227ms [⏱️1473] [🔧3hxyte3d73] ✅ onReady
  1100.246ms [⏱️1473] [🔧3hxyte3d73] 📣 emit ready
   253.846ms [⏱️1855] [🔧pjx2ki9919] 🔧 HANDLE.close()
   253.955ms [⏱️1855] [🔧pjx2ki9919]     at Timeout.internalConnectMultipleTimeout [as _onTimeout] (node:net:1712:10)
   253.976ms [⏱️1855] [🔧pjx2ki9919]     at listOnTimeout (node:internal/timers:583:11)
   253.991ms [⏱️1855] [🔧pjx2ki9919]     at process.processTimers (node:internal/timers:519:7)
   254.069ms [⏱️1855] [🔧pjx2ki9919] 🔧 HANDLE.close()
   254.130ms [⏱️1855] [🔧pjx2ki9919]     at Socket.reinitializeHandle (node:net:1265:17)
   254.150ms [⏱️1855] [🔧pjx2ki9919]     at internalConnectMultiple (node:net:1131:30)
   254.420ms [⏱️1855] [🔧pjx2ki9919]     at Timeout.internalConnectMultipleTimeout (node:net:1716:5)
   254.463ms [⏱️1855] [🔧pjx2ki9919]     at listOnTimeout (node:internal/timers:583:11)
   254.486ms [⏱️1855] [🔧pjx2ki9919]     at process.processTimers (node:internal/timers:519:7)
  1467.698ms [⏱️1090] [🔧7creimj539m] 💾 onData 120b
  1467.824ms [⏱️1090] [🔧7creimj539m] 📤 push([{"type":"Buffer","data":[72,84,84,80,47)
  1467.901ms [⏱️765] [🔧7creimj539m] 📨 onResponseStart status=200 🇺🇸=passthrough
  1468.536ms [⏱️765] [🔧7creimj539m] 📥 onResponseBody 2b
  1468.793ms [⏱️765] [🔧7creimj539m] 🎬 onResponseEnd hasStream=true
  1468.978ms [⏱️1090] [🔧7creimj539m] 📣 emit data 120 chars
  1469.032ms [⏱️2068] [🔧7creimj539m] 📖 read([0])
  1469.064ms [⏱️2068] [🔧7creimj539m] 🔬 _read(16384) ⏳=false 🔐=undefined 🇺🇸=passthrough 🔗=http://localhost:46477/ origFlowing=true
  1469.296ms [⏱️768] [🔧7creimj539m] ▶️ resume()
  1469.449ms [⏱️2083] [🔧7creimj539m] 📣 emit free
     0.001ms [⏱️0] [🔧9ia0oqu7u4p] 🏗️  constructor starting
     0.106ms [⏱️0] [🔧9ia0oqu7u4p] 🏗️  constructor complete http://localhost:46477/
  1470.078ms [⏱️0] [🔧7creimj539m] 🧨 _destroy ⏳=false 🔐=undefined 🇺🇸=passthrough 🔗=http://localhost:46477/
  1470.152ms [⏱️0] [🔧7creimj539m] 🔧 HANDLE.close()
  1470.376ms [⏱️0] [🔧7creimj539m]     at closeSocketHandle (node:net:341:18)
  1470.408ms [⏱️0] [🔧7creimj539m]     at Socket._destroy (node:net:831:7)
  1470.440ms [⏱️0] [🔧7creimj539m]     at _destroy (node:internal/streams/destroy:121:10)
  1470.503ms [⏱️0] [🔧7creimj539m]     at MockHttpSocket.destroy (node:internal/streams/destroy:83:5)
  1470.557ms [⏱️0] [🔧7creimj539m]     at Writable.destroy (node:internal/streams/writable:1122:11)
  1470.602ms [⏱️0] [🔧7creimj539m]     at MockHttpSocket.destroy (/workspace/repro/node_modules/.pnpm/@mswjs+interceptors@file+../node_modules/@mswjs/interceptors/lib/node/chunk-EFBKFUZI.js:574:18)
  1470.661ms [⏱️0] [🔧7creimj539m]     at MockAgent.<anonymous> (node:_http_agent:154:14)
  1470.785ms [⏱️0] [🔧7creimj539m]     at MockAgent.emit (node:events:524:28)
     1.159ms [⏱️2090] [🔧9ia0oqu7u4p] ▶️ resume()
     1.312ms [⏱️2090] [🔧9ia0oqu7u4p] ✍️  write 95b 🇺🇸=unknown buffered=0
     1.384ms [⏱️2088] [🔧9ia0oqu7u4p] 🚀 onRequestStart path=/ keepAlive=true
     1.975ms [⏱️2090] [🔧9ia0oqu7u4p] ✍️  write 2b 🇺🇸=unknown buffered=1
     2.021ms [⏱️2090] [🔧9ia0oqu7u4p] ✍️  write 9b 🇺🇸=unknown buffered=2
     2.076ms [⏱️2088] [🔧9ia0oqu7u4p] 📦 onRequestBody 9b
     2.118ms [⏱️2090] [🔧9ia0oqu7u4p] ✍️  write 2b 🇺🇸=unknown buffered=3
     2.136ms [⏱️2090] [🔧9ia0oqu7u4p] ✍️  write 5b 🇺🇸=unknown buffered=4
     2.152ms [⏱️2088] [🔧9ia0oqu7u4p] 🏁 onRequestEnd hasStream=true
     2.197ms [⏱️2094] [🔧9ia0oqu7u4p] 📖 read([0])
     2.225ms [⏱️2094] [🔧9ia0oqu7u4p] 🔬 _read(16384) ⏳=true 🔐=undefined 🇺🇸=unknown 🔗=http://localhost:46477/ origFlowing=undefined
     2.247ms [⏱️2094] [🔧9ia0oqu7u4p] 📣 emit resume
     2.260ms [⏱️2094] [🔧9ia0oqu7u4p] 📖 read()
     2.833ms [⏱️0] [🔧9ia0oqu7u4p] 💨 passthrough() 🧨=false ⏳=true
     2.987ms [⏱️0] [🔧9ia0oqu7u4p] 🔌 created originalSocket
     3.015ms [⏱️0] [🔧9ia0oqu7u4p] 🚽 flushing writeBuffer (5 items)
     3.094ms [⏱️2108] [🔧9ia0oqu7u4p] ▶️ onResume
     3.117ms [⏱️2108] [🔧9ia0oqu7u4p] 📣 emit resume
     3.294ms [⏱️2107] [🔧9ia0oqu7u4p] 🔍 onLookup args=[null,"::1",6,"localhost"]
     3.369ms [⏱️2107] [🔧9ia0oqu7u4p] 📣 emit lookup null, "::1", 6, "localhost"
     3.395ms [⏱️2107] [🔧9ia0oqu7u4p] 🔍 onLookup args=[null,"127.0.0.1",4,"localhost"]
     3.470ms [⏱️2107] [🔧9ia0oqu7u4p] 📣 emit lookup null, "127.0.0.1", 4, "localhost"
  1552.458ms [⏱️1030] [🔧c4unvvisavw] 💾 onData 120b
  1552.628ms [⏱️1030] [🔧c4unvvisavw] 📤 push([{"type":"Buffer","data":[72,84,84,80,47)
  1552.732ms [⏱️702] [🔧c4unvvisavw] 📨 onResponseStart status=200 🇺🇸=passthrough
  1553.343ms [⏱️702] [🔧c4unvvisavw] 📥 onResponseBody 2b
  1553.427ms [⏱️702] [🔧c4unvvisavw] 🎬 onResponseEnd hasStream=true
  1553.610ms [⏱️1030] [🔧c4unvvisavw] 📣 emit data 120 chars
  1553.749ms [⏱️2137] [🔧c4unvvisavw] 📖 read([0])
  1553.832ms [⏱️2137] [🔧c4unvvisavw] 🔬 _read(16384) ⏳=false 🔐=undefined 🇺🇸=passthrough 🔗=http://localhost:46477/ origFlowing=true
  1554.068ms [⏱️705] [🔧c4unvvisavw] ▶️ resume()
  1554.754ms [⏱️2152] [🔧c4unvvisavw] 📣 emit free
     0.001ms [⏱️0] [🔧c3dxzysvi8j] 🏗️  constructor starting
     0.123ms [⏱️0] [🔧c3dxzysvi8j] 🏗️  constructor complete http://localhost:46477/
  1555.900ms [⏱️0] [🔧c4unvvisavw] 🧨 _destroy ⏳=false 🔐=undefined 🇺🇸=passthrough 🔗=http://localhost:46477/
  1555.993ms [⏱️0] [🔧c4unvvisavw] 🔧 HANDLE.close()
  1556.157ms [⏱️0] [🔧c4unvvisavw]     at closeSocketHandle (node:net:341:18)
  1556.177ms [⏱️0] [🔧c4unvvisavw]     at Socket._destroy (node:net:831:7)
  1556.257ms [⏱️0] [🔧c4unvvisavw]     at _destroy (node:internal/streams/destroy:121:10)
  1556.281ms [⏱️0] [🔧c4unvvisavw]     at MockHttpSocket.destroy (node:internal/streams/destroy:83:5)
  1556.302ms [⏱️0] [🔧c4unvvisavw]     at Writable.destroy (node:internal/streams/writable:1122:11)
  1556.313ms [⏱️0] [🔧c4unvvisavw]     at MockHttpSocket.destroy (/workspace/repro/node_modules/.pnpm/@mswjs+interceptors@file+../node_modules/@mswjs/interceptors/lib/node/chunk-EFBKFUZI.js:574:18)
  1556.330ms [⏱️0] [🔧c4unvvisavw]     at MockAgent.<anonymous> (node:_http_agent:154:14)
  1556.419ms [⏱️0] [🔧c4unvvisavw]     at MockAgent.emit (node:events:524:28)
     0.939ms [⏱️2159] [🔧c3dxzysvi8j] ▶️ resume()
     1.004ms [⏱️2159] [🔧c3dxzysvi8j] ✍️  write 95b 🇺🇸=unknown buffered=0
     1.038ms [⏱️2157] [🔧c3dxzysvi8j] 🚀 onRequestStart path=/ keepAlive=true
     1.633ms [⏱️2159] [🔧c3dxzysvi8j] ✍️  write 2b 🇺🇸=unknown buffered=1
     1.676ms [⏱️2159] [🔧c3dxzysvi8j] ✍️  write 9b 🇺🇸=unknown buffered=2
     1.721ms [⏱️2157] [🔧c3dxzysvi8j] 📦 onRequestBody 9b
     1.765ms [⏱️2159] [🔧c3dxzysvi8j] ✍️  write 2b 🇺🇸=unknown buffered=3
     1.793ms [⏱️2159] [🔧c3dxzysvi8j] ✍️  write 5b 🇺🇸=unknown buffered=4
     1.816ms [⏱️2157] [🔧c3dxzysvi8j] 🏁 onRequestEnd hasStream=true
     1.861ms [⏱️2163] [🔧c3dxzysvi8j] 📖 read([0])
     1.902ms [⏱️2163] [🔧c3dxzysvi8j] 🔬 _read(16384) ⏳=true 🔐=undefined 🇺🇸=unknown 🔗=http://localhost:46477/ origFlowing=undefined
     2.072ms [⏱️2163] [🔧c3dxzysvi8j] 📣 emit resume
     2.106ms [⏱️2163] [🔧c3dxzysvi8j] 📖 read()
     2.595ms [⏱️0] [🔧c3dxzysvi8j] 💨 passthrough() 🧨=false ⏳=true
     2.694ms [⏱️0] [🔧c3dxzysvi8j] 🔌 created originalSocket
     2.730ms [⏱️0] [🔧c3dxzysvi8j] 🚽 flushing writeBuffer (5 items)
     2.809ms [⏱️2177] [🔧c3dxzysvi8j] ▶️ onResume
     2.828ms [⏱️2177] [🔧c3dxzysvi8j] 📣 emit resume
     2.920ms [⏱️2176] [🔧c3dxzysvi8j] 🔍 onLookup args=[null,"::1",6,"localhost"]
     2.971ms [⏱️2176] [🔧c3dxzysvi8j] 📣 emit lookup null, "::1", 6, "localhost"
     2.994ms [⏱️2176] [🔧c3dxzysvi8j] 🔍 onLookup args=[null,"127.0.0.1",4,"localhost"]
     3.035ms [⏱️2176] [🔧c3dxzysvi8j] 📣 emit lookup null, "127.0.0.1", 4, "localhost"
   254.505ms [⏱️1932] [🔧jxcsaphkm98] 🔧 HANDLE.close()
   254.909ms [⏱️1932] [🔧jxcsaphkm98]     at Timeout.internalConnectMultipleTimeout [as _onTimeout] (node:net:1712:10)
   254.976ms [⏱️1932] [🔧jxcsaphkm98]     at listOnTimeout (node:internal/timers:583:11)
   255.007ms [⏱️1932] [🔧jxcsaphkm98]     at process.processTimers (node:internal/timers:519:7)
   255.158ms [⏱️1932] [🔧jxcsaphkm98] 🔧 HANDLE.close()
   255.310ms [⏱️1932] [🔧jxcsaphkm98]     at Socket.reinitializeHandle (node:net:1265:17)
   255.357ms [⏱️1932] [🔧jxcsaphkm98]     at internalConnectMultiple (node:net:1131:30)
   255.407ms [⏱️1932] [🔧jxcsaphkm98]     at Timeout.internalConnectMultipleTimeout (node:net:1716:5)
   255.632ms [⏱️1932] [🔧jxcsaphkm98]     at listOnTimeout (node:internal/timers:583:11)
   255.707ms [⏱️1932] [🔧jxcsaphkm98]     at process.processTimers (node:internal/timers:519:7)
   765.493ms [⏱️1800] [🔧bur3a7ar14k] 🔌 onConnect delay from lookup
   765.583ms [⏱️1800] [🔧bur3a7ar14k] ⚠️  HANDLE MISMATCH!
   765.604ms [⏱️1800] [🔧bur3a7ar14k]    My Handle: TCP 🔧=true 🆔=-22 📖=false
   765.624ms [⏱️1800] [🔧bur3a7ar14k]    Socket Handle: TCP 🔧=false 🆔=76 📖=false
   765.647ms [⏱️1800] [🔧bur3a7ar14k]    Object references are different!
   765.666ms [⏱️1800] [🔧bur3a7ar14k] 📣 emit connect
   765.694ms [⏱️1800] [🔧bur3a7ar14k] 🔬 _read(16384) ⏳=false 🔐=undefined 🇺🇸=passthrough 🔗=http://localhost:46477/ origFlowing=true
   765.718ms [⏱️1800] [🔧bur3a7ar14k] 🔧 HANDLE.readStart()
   765.854ms [⏱️1800] [🔧bur3a7ar14k]     at tryReadStart (node:net:705:30)
   765.873ms [⏱️1800] [🔧bur3a7ar14k]     at Socket._read (node:net:722:5)
   765.884ms [⏱️1800] [🔧bur3a7ar14k]     at MockHttpSocket._read (/workspace/repro/node_modules/.pnpm/@mswjs+interceptors@file+../node_modules/@mswjs/interceptors/lib/node/chunk-EFBKFUZI.js:550:11)
   765.899ms [⏱️1800] [🔧bur3a7ar14k]     at MockHttpSocket.<anonymous> (node:net:720:37)
   765.924ms [⏱️1800] [🔧bur3a7ar14k]     at Object.onceWrapper (node:events:638:28)
   766.030ms [⏱️1800] [🔧bur3a7ar14k]     at MockHttpSocket.emit (node:events:524:28)
   766.075ms [⏱️1800] [🔧bur3a7ar14k]     at MockHttpSocket.emit (/workspace/repro/node_modules/.pnpm/@mswjs+interceptors@file+../node_modules/@mswjs/interceptors/lib/node/chunk-EFBKFUZI.js:564:12)
   766.106ms [⏱️1800] [🔧bur3a7ar14k]     at Socket.<anonymous> (/workspace/repro/node_modules/.pnpm/@mswjs+interceptors@file+../node_modules/@mswjs/interceptors/lib/node/chunk-EFBKFUZI.js:704:12)
   766.163ms [⏱️1800] [🔧bur3a7ar14k] ✅ onReady
   766.193ms [⏱️1800] [🔧bur3a7ar14k] 📣 emit ready
  1086.605ms [⏱️1642] [🔧1rlbi8o2fy2] 💾 onData 120b
  1086.744ms [⏱️1642] [🔧1rlbi8o2fy2] 📤 push([{"type":"Buffer","data":[72,84,84,80,47)
  1086.874ms [⏱️1444] [🔧1rlbi8o2fy2] 📨 onResponseStart status=200 🇺🇸=passthrough
  1087.706ms [⏱️1444] [🔧1rlbi8o2fy2] 📥 onResponseBody 2b
  1087.827ms [⏱️1444] [🔧1rlbi8o2fy2] 🎬 onResponseEnd hasStream=true
  1087.950ms [⏱️1642] [🔧1rlbi8o2fy2] 📣 emit data 120 chars
  1088.060ms [⏱️2196] [🔧1rlbi8o2fy2] 📖 read([0])
  1088.139ms [⏱️2196] [🔧1rlbi8o2fy2] 🔬 _read(16384) ⏳=false 🔐=undefined 🇺🇸=passthrough 🔗=http://localhost:46477/ origFlowing=true
  1088.611ms [⏱️1447] [🔧1rlbi8o2fy2] ▶️ resume()
  1089.021ms [⏱️2211] [🔧1rlbi8o2fy2] 📣 emit free
     0.001ms [⏱️0] [🔧r2zcdbw2hya] 🏗️  constructor starting
     0.073ms [⏱️0] [🔧r2zcdbw2hya] 🏗️  constructor complete http://localhost:46477/
  1089.485ms [⏱️0] [🔧1rlbi8o2fy2] 🧨 _destroy ⏳=false 🔐=undefined 🇺🇸=passthrough 🔗=http://localhost:46477/
  1089.598ms [⏱️0] [🔧1rlbi8o2fy2] 🔧 HANDLE.close()
  1089.734ms [⏱️0] [🔧1rlbi8o2fy2]     at closeSocketHandle (node:net:341:18)
  1089.796ms [⏱️0] [🔧1rlbi8o2fy2]     at Socket._destroy (node:net:831:7)
  1089.839ms [⏱️0] [🔧1rlbi8o2fy2]     at _destroy (node:internal/streams/destroy:121:10)
  1089.864ms [⏱️0] [🔧1rlbi8o2fy2]     at MockHttpSocket.destroy (node:internal/streams/destroy:83:5)
  1089.891ms [⏱️0] [🔧1rlbi8o2fy2]     at Writable.destroy (node:internal/streams/writable:1122:11)
  1089.924ms [⏱️0] [🔧1rlbi8o2fy2]     at MockHttpSocket.destroy (/workspace/repro/node_modules/.pnpm/@mswjs+interceptors@file+../node_modules/@mswjs/interceptors/lib/node/chunk-EFBKFUZI.js:574:18)
  1089.951ms [⏱️0] [🔧1rlbi8o2fy2]     at MockAgent.<anonymous> (node:_http_agent:154:14)
  1089.981ms [⏱️0] [🔧1rlbi8o2fy2]     at MockAgent.emit (node:events:524:28)
     0.908ms [⏱️2218] [🔧r2zcdbw2hya] ▶️ resume()
     1.043ms [⏱️2218] [🔧r2zcdbw2hya] ✍️  write 95b 🇺🇸=unknown buffered=0
     1.096ms [⏱️2216] [🔧r2zcdbw2hya] 🚀 onRequestStart path=/ keepAlive=true
     1.565ms [⏱️2218] [🔧r2zcdbw2hya] ✍️  write 2b 🇺🇸=unknown buffered=1
     1.598ms [⏱️2218] [🔧r2zcdbw2hya] ✍️  write 9b 🇺🇸=unknown buffered=2
     1.625ms [⏱️2216] [🔧r2zcdbw2hya] 📦 onRequestBody 9b
     1.656ms [⏱️2218] [🔧r2zcdbw2hya] ✍️  write 2b 🇺🇸=unknown buffered=3
     1.680ms [⏱️2218] [🔧r2zcdbw2hya] ✍️  write 5b 🇺🇸=unknown buffered=4
     1.718ms [⏱️2216] [🔧r2zcdbw2hya] 🏁 onRequestEnd hasStream=true
     1.958ms [⏱️2222] [🔧r2zcdbw2hya] 📖 read([0])
     2.024ms [⏱️2222] [🔧r2zcdbw2hya] 🔬 _read(16384) ⏳=true 🔐=undefined 🇺🇸=unknown 🔗=http://localhost:46477/ origFlowing=undefined
     2.050ms [⏱️2222] [🔧r2zcdbw2hya] 📣 emit resume
     2.070ms [⏱️2222] [🔧r2zcdbw2hya] 📖 read()
     2.606ms [⏱️0] [🔧r2zcdbw2hya] 💨 passthrough() 🧨=false ⏳=true
     2.733ms [⏱️0] [🔧r2zcdbw2hya] 🔌 created originalSocket
     2.762ms [⏱️0] [🔧r2zcdbw2hya] 🚽 flushing writeBuffer (5 items)
     2.838ms [⏱️2236] [🔧r2zcdbw2hya] ▶️ onResume
     2.863ms [⏱️2236] [🔧r2zcdbw2hya] 📣 emit resume
     3.001ms [⏱️2235] [🔧r2zcdbw2hya] 🔍 onLookup args=[null,"::1",6,"localhost"]
     3.075ms [⏱️2235] [🔧r2zcdbw2hya] 📣 emit lookup null, "::1", 6, "localhost"
     3.114ms [⏱️2235] [🔧r2zcdbw2hya] 🔍 onLookup args=[null,"127.0.0.1",4,"localhost"]
     3.138ms [⏱️2235] [🔧r2zcdbw2hya] 📣 emit lookup null, "127.0.0.1", 4, "localhost"
   254.249ms [⏱️2003] [🔧dfwic4ild08] 🔧 HANDLE.close()
   254.527ms [⏱️2003] [🔧dfwic4ild08]     at Timeout.internalConnectMultipleTimeout [as _onTimeout] (node:net:1712:10)
   254.608ms [⏱️2003] [🔧dfwic4ild08]     at listOnTimeout (node:internal/timers:583:11)
   254.639ms [⏱️2003] [🔧dfwic4ild08]     at process.processTimers (node:internal/timers:519:7)
   254.862ms [⏱️2003] [🔧dfwic4ild08] 🔧 HANDLE.close()
   255.055ms [⏱️2003] [🔧dfwic4ild08]     at Socket.reinitializeHandle (node:net:1265:17)
   255.119ms [⏱️2003] [🔧dfwic4ild08]     at internalConnectMultiple (node:net:1131:30)
   255.150ms [⏱️2003] [🔧dfwic4ild08]     at Timeout.internalConnectMultipleTimeout (node:net:1716:5)
   255.251ms [⏱️2003] [🔧dfwic4ild08]     at listOnTimeout (node:internal/timers:583:11)
   255.389ms [⏱️2003] [🔧dfwic4ild08]     at process.processTimers (node:internal/timers:519:7)
   253.078ms [⏱️2051] [🔧oye8kbrs6cq] 🔧 HANDLE.close()
   253.216ms [⏱️2051] [🔧oye8kbrs6cq]     at Timeout.internalConnectMultipleTimeout [as _onTimeout] (node:net:1712:10)
   253.259ms [⏱️2051] [🔧oye8kbrs6cq]     at listOnTimeout (node:internal/timers:583:11)
   253.283ms [⏱️2051] [🔧oye8kbrs6cq]     at process.processTimers (node:internal/timers:519:7)
   253.364ms [⏱️2051] [🔧oye8kbrs6cq] 🔧 HANDLE.close()
   253.470ms [⏱️2051] [🔧oye8kbrs6cq]     at Socket.reinitializeHandle (node:net:1265:17)
   253.946ms [⏱️2051] [🔧oye8kbrs6cq]     at internalConnectMultiple (node:net:1131:30)
   253.996ms [⏱️2051] [🔧oye8kbrs6cq]     at Timeout.internalConnectMultipleTimeout (node:net:1716:5)
   254.298ms [⏱️2051] [🔧oye8kbrs6cq]     at listOnTimeout (node:internal/timers:583:11)
   254.368ms [⏱️2051] [🔧oye8kbrs6cq]     at process.processTimers (node:internal/timers:519:7)
  1257.547ms [⏱️1630] [🔧vbomzaigbm] 💾 onData 120b
  1257.708ms [⏱️1630] [🔧vbomzaigbm] 📤 push([{"type":"Buffer","data":[72,84,84,80,47)
  1257.759ms [⏱️1318] [🔧vbomzaigbm] 📨 onResponseStart status=200 🇺🇸=passthrough
  1258.355ms [⏱️1318] [🔧vbomzaigbm] 📥 onResponseBody 2b
  1258.407ms [⏱️1318] [🔧vbomzaigbm] 🎬 onResponseEnd hasStream=true
  1258.457ms [⏱️1630] [🔧vbomzaigbm] 📣 emit data 120 chars
  1258.510ms [⏱️2262] [🔧vbomzaigbm] 📖 read([0])
  1258.542ms [⏱️2262] [🔧vbomzaigbm] 🔬 _read(16384) ⏳=false 🔐=undefined 🇺🇸=passthrough 🔗=http://localhost:46477/ origFlowing=true
  1258.789ms [⏱️1321] [🔧vbomzaigbm] ▶️ resume()
  1259.010ms [⏱️2277] [🔧vbomzaigbm] 📣 emit free
     0.001ms [⏱️0] [🔧dui3r5dftgo] 🏗️  constructor starting
     0.087ms [⏱️0] [🔧dui3r5dftgo] 🏗️  constructor complete http://localhost:46477/
  1259.596ms [⏱️0] [🔧vbomzaigbm] 🧨 _destroy ⏳=false 🔐=undefined 🇺🇸=passthrough 🔗=http://localhost:46477/
  1259.632ms [⏱️0] [🔧vbomzaigbm] 🔧 HANDLE.close()
  1259.789ms [⏱️0] [🔧vbomzaigbm]     at closeSocketHandle (node:net:341:18)
  1259.823ms [⏱️0] [🔧vbomzaigbm]     at Socket._destroy (node:net:831:7)
  1259.842ms [⏱️0] [🔧vbomzaigbm]     at _destroy (node:internal/streams/destroy:121:10)
  1259.940ms [⏱️0] [🔧vbomzaigbm]     at MockHttpSocket.destroy (node:internal/streams/destroy:83:5)
  1260.003ms [⏱️0] [🔧vbomzaigbm]     at Writable.destroy (node:internal/streams/writable:1122:11)
  1260.046ms [⏱️0] [🔧vbomzaigbm]     at MockHttpSocket.destroy (/workspace/repro/node_modules/.pnpm/@mswjs+interceptors@file+../node_modules/@mswjs/interceptors/lib/node/chunk-EFBKFUZI.js:574:18)
  1260.086ms [⏱️0] [🔧vbomzaigbm]     at MockAgent.<anonymous> (node:_http_agent:154:14)
  1260.232ms [⏱️0] [🔧vbomzaigbm]     at MockAgent.emit (node:events:524:28)
     1.046ms [⏱️2284] [🔧dui3r5dftgo] ▶️ resume()
     1.178ms [⏱️2284] [🔧dui3r5dftgo] ✍️  write 95b 🇺🇸=unknown buffered=0
     1.449ms [⏱️2282] [🔧dui3r5dftgo] 🚀 onRequestStart path=/ keepAlive=true
     2.181ms [⏱️2284] [🔧dui3r5dftgo] ✍️  write 2b 🇺🇸=unknown buffered=1
     2.228ms [⏱️2284] [🔧dui3r5dftgo] ✍️  write 9b 🇺🇸=unknown buffered=2
     2.276ms [⏱️2282] [🔧dui3r5dftgo] 📦 onRequestBody 9b
     2.327ms [⏱️2284] [🔧dui3r5dftgo] ✍️  write 2b 🇺🇸=unknown buffered=3
     2.362ms [⏱️2284] [🔧dui3r5dftgo] ✍️  write 5b 🇺🇸=unknown buffered=4
     2.400ms [⏱️2282] [🔧dui3r5dftgo] 🏁 onRequestEnd hasStream=true
     2.502ms [⏱️2288] [🔧dui3r5dftgo] 📖 read([0])
     2.635ms [⏱️2288] [🔧dui3r5dftgo] 🔬 _read(16384) ⏳=true 🔐=undefined 🇺🇸=unknown 🔗=http://localhost:46477/ origFlowing=undefined
     2.715ms [⏱️2288] [🔧dui3r5dftgo] 📣 emit resume
     2.755ms [⏱️2288] [🔧dui3r5dftgo] 📖 read()
     3.416ms [⏱️0] [🔧dui3r5dftgo] 💨 passthrough() 🧨=false ⏳=true
     3.571ms [⏱️0] [🔧dui3r5dftgo] 🔌 created originalSocket
     3.615ms [⏱️0] [🔧dui3r5dftgo] 🚽 flushing writeBuffer (5 items)
     3.740ms [⏱️2302] [🔧dui3r5dftgo] ▶️ onResume
     3.780ms [⏱️2302] [🔧dui3r5dftgo] 📣 emit resume
     3.946ms [⏱️2301] [🔧dui3r5dftgo] 🔍 onLookup args=[null,"::1",6,"localhost"]
     4.097ms [⏱️2301] [🔧dui3r5dftgo] 📣 emit lookup null, "::1", 6, "localhost"
     4.132ms [⏱️2301] [🔧dui3r5dftgo] 🔍 onLookup args=[null,"127.0.0.1",4,"localhost"]
     4.189ms [⏱️2301] [🔧dui3r5dftgo] 📣 emit lookup null, "127.0.0.1", 4, "localhost"
   254.217ms [⏱️2112] [🔧9ia0oqu7u4p] 🔧 HANDLE.close()
   254.311ms [⏱️2112] [🔧9ia0oqu7u4p]     at Timeout.internalConnectMultipleTimeout [as _onTimeout] (node:net:1712:10)
   254.330ms [⏱️2112] [🔧9ia0oqu7u4p]     at listOnTimeout (node:internal/timers:583:11)
   254.357ms [⏱️2112] [🔧9ia0oqu7u4p]     at process.processTimers (node:internal/timers:519:7)
   254.417ms [⏱️2112] [🔧9ia0oqu7u4p] 🔧 HANDLE.close()
   254.472ms [⏱️2112] [🔧9ia0oqu7u4p]     at Socket.reinitializeHandle (node:net:1265:17)
   254.508ms [⏱️2112] [🔧9ia0oqu7u4p]     at internalConnectMultiple (node:net:1131:30)
   254.525ms [⏱️2112] [🔧9ia0oqu7u4p]     at Timeout.internalConnectMultipleTimeout (node:net:1716:5)
   254.535ms [⏱️2112] [🔧9ia0oqu7u4p]     at listOnTimeout (node:internal/timers:583:11)
   254.551ms [⏱️2112] [🔧9ia0oqu7u4p]     at process.processTimers (node:internal/timers:519:7)
   362.355ms [⏱️2249] [🔧dfwic4ild08] 🔌 onConnect delay from lookup
   362.483ms [⏱️2249] [🔧dfwic4ild08] ⚠️  HANDLE MISMATCH!
   362.545ms [⏱️2249] [🔧dfwic4ild08]    My Handle: TCP 🔧=true 🆔=-22 📖=false
   362.593ms [⏱️2249] [🔧dfwic4ild08]    Socket Handle: TCP 🔧=false 🆔=91 📖=false
   362.642ms [⏱️2249] [🔧dfwic4ild08]    Object references are different!
   362.692ms [⏱️2249] [🔧dfwic4ild08] 📣 emit connect
   362.763ms [⏱️2249] [🔧dfwic4ild08] 🔬 _read(16384) ⏳=false 🔐=undefined 🇺🇸=passthrough 🔗=http://localhost:46477/ origFlowing=true
   362.849ms [⏱️2249] [🔧dfwic4ild08] 🔧 HANDLE.readStart()
   362.996ms [⏱️2249] [🔧dfwic4ild08]     at tryReadStart (node:net:705:30)
   363.016ms [⏱️2249] [🔧dfwic4ild08]     at Socket._read (node:net:722:5)
   363.027ms [⏱️2249] [🔧dfwic4ild08]     at MockHttpSocket._read (/workspace/repro/node_modules/.pnpm/@mswjs+interceptors@file+../node_modules/@mswjs/interceptors/lib/node/chunk-EFBKFUZI.js:550:11)
   363.044ms [⏱️2249] [🔧dfwic4ild08]     at MockHttpSocket.<anonymous> (node:net:720:37)
   363.098ms [⏱️2249] [🔧dfwic4ild08]     at Object.onceWrapper (node:events:638:28)
   363.117ms [⏱️2249] [🔧dfwic4ild08]     at MockHttpSocket.emit (node:events:524:28)
   363.141ms [⏱️2249] [🔧dfwic4ild08]     at MockHttpSocket.emit (/workspace/repro/node_modules/.pnpm/@mswjs+interceptors@file+../node_modules/@mswjs/interceptors/lib/node/chunk-EFBKFUZI.js:564:12)
   363.161ms [⏱️2249] [🔧dfwic4ild08]     at Socket.<anonymous> (/workspace/repro/node_modules/.pnpm/@mswjs+interceptors@file+../node_modules/@mswjs/interceptors/lib/node/chunk-EFBKFUZI.js:704:12)
   363.191ms [⏱️2249] [🔧dfwic4ild08] ✅ onReady
   363.211ms [⏱️2249] [🔧dfwic4ild08] 📣 emit ready
   726.331ms [⏱️1875] [🔧6w9vdqmm3du] 💾 onData 120b
   726.441ms [⏱️1875] [🔧6w9vdqmm3du] 📤 push([{"type":"Buffer","data":[72,84,84,80,47)
   726.483ms [⏱️1756] [🔧6w9vdqmm3du] 📨 onResponseStart status=200 🇺🇸=passthrough
   726.901ms [⏱️1756] [🔧6w9vdqmm3du] 📥 onResponseBody 2b
   726.996ms [⏱️1756] [🔧6w9vdqmm3du] 🎬 onResponseEnd hasStream=true
   727.043ms [⏱️1875] [🔧6w9vdqmm3du] 📣 emit data 120 chars
   727.115ms [⏱️2324] [🔧6w9vdqmm3du] 📖 read([0])
   727.189ms [⏱️2324] [🔧6w9vdqmm3du] 🔬 _read(16384) ⏳=false 🔐=undefined 🇺🇸=passthrough 🔗=http://localhost:46477/ origFlowing=true
   727.590ms [⏱️1759] [🔧6w9vdqmm3du] ▶️ resume()
   727.974ms [⏱️2339] [🔧6w9vdqmm3du] 📣 emit free
     0.001ms [⏱️0] [🔧5hh1q7cinak] 🏗️  constructor starting
     0.135ms [⏱️0] [🔧5hh1q7cinak] 🏗️  constructor complete http://localhost:46477/
   728.603ms [⏱️0] [🔧6w9vdqmm3du] 🧨 _destroy ⏳=false 🔐=undefined 🇺🇸=passthrough 🔗=http://localhost:46477/
   728.673ms [⏱️0] [🔧6w9vdqmm3du] 🔧 HANDLE.close()
   728.910ms [⏱️0] [🔧6w9vdqmm3du]     at closeSocketHandle (node:net:341:18)
   728.985ms [⏱️0] [🔧6w9vdqmm3du]     at Socket._destroy (node:net:831:7)
   729.003ms [⏱️0] [🔧6w9vdqmm3du]     at _destroy (node:internal/streams/destroy:121:10)
   729.071ms [⏱️0] [🔧6w9vdqmm3du]     at MockHttpSocket.destroy (node:internal/streams/destroy:83:5)
   729.099ms [⏱️0] [🔧6w9vdqmm3du]     at Writable.destroy (node:internal/streams/writable:1122:11)
   729.118ms [⏱️0] [🔧6w9vdqmm3du]     at MockHttpSocket.destroy (/workspace/repro/node_modules/.pnpm/@mswjs+interceptors@file+../node_modules/@mswjs/interceptors/lib/node/chunk-EFBKFUZI.js:574:18)
   729.148ms [⏱️0] [🔧6w9vdqmm3du]     at MockAgent.<anonymous> (node:_http_agent:154:14)
   729.179ms [⏱️0] [🔧6w9vdqmm3du]     at MockAgent.emit (node:events:524:28)
     0.922ms [⏱️2346] [🔧5hh1q7cinak] ▶️ resume()
     0.972ms [⏱️2346] [🔧5hh1q7cinak] ✍️  write 95b 🇺🇸=unknown buffered=0
     1.053ms [⏱️2344] [🔧5hh1q7cinak] 🚀 onRequestStart path=/ keepAlive=true
     1.588ms [⏱️2346] [🔧5hh1q7cinak] ✍️  write 2b 🇺🇸=unknown buffered=1
     1.613ms [⏱️2346] [🔧5hh1q7cinak] ✍️  write 9b 🇺🇸=unknown buffered=2
     1.653ms [⏱️2344] [🔧5hh1q7cinak] 📦 onRequestBody 9b
     1.675ms [⏱️2346] [🔧5hh1q7cinak] ✍️  write 2b 🇺🇸=unknown buffered=3
     1.692ms [⏱️2346] [🔧5hh1q7cinak] ✍️  write 5b 🇺🇸=unknown buffered=4
     1.716ms [⏱️2344] [🔧5hh1q7cinak] 🏁 onRequestEnd hasStream=true
     1.748ms [⏱️2350] [🔧5hh1q7cinak] 📖 read([0])
     1.771ms [⏱️2350] [🔧5hh1q7cinak] 🔬 _read(16384) ⏳=true 🔐=undefined 🇺🇸=unknown 🔗=http://localhost:46477/ origFlowing=undefined
     1.799ms [⏱️2350] [🔧5hh1q7cinak] 📣 emit resume
     1.817ms [⏱️2350] [🔧5hh1q7cinak] 📖 read()
     2.232ms [⏱️0] [🔧5hh1q7cinak] 💨 passthrough() 🧨=false ⏳=true
     2.328ms [⏱️0] [🔧5hh1q7cinak] 🔌 created originalSocket
     2.359ms [⏱️0] [🔧5hh1q7cinak] 🚽 flushing writeBuffer (5 items)
     2.463ms [⏱️2364] [🔧5hh1q7cinak] ▶️ onResume
     2.493ms [⏱️2364] [🔧5hh1q7cinak] 📣 emit resume
     2.629ms [⏱️2363] [🔧5hh1q7cinak] 🔍 onLookup args=[null,"::1",6,"localhost"]
     2.793ms [⏱️2363] [🔧5hh1q7cinak] 📣 emit lookup null, "::1", 6, "localhost"
     2.879ms [⏱️2363] [🔧5hh1q7cinak] 🔍 onLookup args=[null,"127.0.0.1",4,"localhost"]
     2.908ms [⏱️2363] [🔧5hh1q7cinak] 📣 emit lookup null, "127.0.0.1", 4, "localhost"
  1451.244ms [⏱️1472] [🔧3hxyte3d73] 💾 onData 120b
  1451.309ms [⏱️1472] [🔧3hxyte3d73] 📤 push([{"type":"Buffer","data":[72,84,84,80,47)
  1451.345ms [⏱️1243] [🔧3hxyte3d73] 📨 onResponseStart status=200 🇺🇸=passthrough
  1451.676ms [⏱️1243] [🔧3hxyte3d73] 📥 onResponseBody 2b
  1451.711ms [⏱️1243] [🔧3hxyte3d73] 🎬 onResponseEnd hasStream=true
  1451.752ms [⏱️1472] [🔧3hxyte3d73] 📣 emit data 120 chars
  1451.792ms [⏱️2372] [🔧3hxyte3d73] 📖 read([0])
  1451.825ms [⏱️2372] [🔧3hxyte3d73] 🔬 _read(16384) ⏳=false 🔐=undefined 🇺🇸=passthrough 🔗=http://localhost:46477/ origFlowing=true
  1451.912ms [⏱️1246] [🔧3hxyte3d73] ▶️ resume()
  1452.036ms [⏱️2387] [🔧3hxyte3d73] 📣 emit free
     0.001ms [⏱️0] [🔧wpj9r5bmy4r] 🏗️  constructor starting
     0.121ms [⏱️0] [🔧wpj9r5bmy4r] 🏗️  constructor complete http://localhost:46477/
  1452.494ms [⏱️0] [🔧3hxyte3d73] 🧨 _destroy ⏳=false 🔐=undefined 🇺🇸=passthrough 🔗=http://localhost:46477/
  1452.562ms [⏱️0] [🔧3hxyte3d73] 🔧 HANDLE.close()
  1452.762ms [⏱️0] [🔧3hxyte3d73]     at closeSocketHandle (node:net:341:18)
  1452.846ms [⏱️0] [🔧3hxyte3d73]     at Socket._destroy (node:net:831:7)
  1452.868ms [⏱️0] [🔧3hxyte3d73]     at _destroy (node:internal/streams/destroy:121:10)
  1452.881ms [⏱️0] [🔧3hxyte3d73]     at MockHttpSocket.destroy (node:internal/streams/destroy:83:5)
  1452.897ms [⏱️0] [🔧3hxyte3d73]     at Writable.destroy (node:internal/streams/writable:1122:11)
  1452.908ms [⏱️0] [🔧3hxyte3d73]     at MockHttpSocket.destroy (/workspace/repro/node_modules/.pnpm/@mswjs+interceptors@file+../node_modules/@mswjs/interceptors/lib/node/chunk-EFBKFUZI.js:574:18)
  1452.928ms [⏱️0] [🔧3hxyte3d73]     at MockAgent.<anonymous> (node:_http_agent:154:14)
  1452.956ms [⏱️0] [🔧3hxyte3d73]     at MockAgent.emit (node:events:524:28)
     0.749ms [⏱️2394] [🔧wpj9r5bmy4r] ▶️ resume()
     0.801ms [⏱️2394] [🔧wpj9r5bmy4r] ✍️  write 95b 🇺🇸=unknown buffered=0
     0.846ms [⏱️2392] [🔧wpj9r5bmy4r] 🚀 onRequestStart path=/ keepAlive=true
     1.496ms [⏱️2394] [🔧wpj9r5bmy4r] ✍️  write 2b 🇺🇸=unknown buffered=1
     1.538ms [⏱️2394] [🔧wpj9r5bmy4r] ✍️  write 9b 🇺🇸=unknown buffered=2
     1.604ms [⏱️2392] [🔧wpj9r5bmy4r] 📦 onRequestBody 9b
     1.649ms [⏱️2394] [🔧wpj9r5bmy4r] ✍️  write 2b 🇺🇸=unknown buffered=3
     1.680ms [⏱️2394] [🔧wpj9r5bmy4r] ✍️  write 5b 🇺🇸=unknown buffered=4
     1.721ms [⏱️2392] [🔧wpj9r5bmy4r] 🏁 onRequestEnd hasStream=true
     1.762ms [⏱️2398] [🔧wpj9r5bmy4r] 📖 read([0])
     1.812ms [⏱️2398] [🔧wpj9r5bmy4r] 🔬 _read(16384) ⏳=true 🔐=undefined 🇺🇸=unknown 🔗=http://localhost:46477/ origFlowing=undefined
     1.845ms [⏱️2398] [🔧wpj9r5bmy4r] 📣 emit resume
     1.861ms [⏱️2398] [🔧wpj9r5bmy4r] 📖 read()
     2.471ms [⏱️0] [🔧wpj9r5bmy4r] 💨 passthrough() 🧨=false ⏳=true
     2.602ms [⏱️0] [🔧wpj9r5bmy4r] 🔌 created originalSocket
     2.636ms [⏱️0] [🔧wpj9r5bmy4r] 🚽 flushing writeBuffer (5 items)
     2.798ms [⏱️2412] [🔧wpj9r5bmy4r] ▶️ onResume
     2.876ms [⏱️2412] [🔧wpj9r5bmy4r] 📣 emit resume
   256.439ms [⏱️2181] [🔧c3dxzysvi8j] 🔧 HANDLE.close()
   256.654ms [⏱️2181] [🔧c3dxzysvi8j]     at Timeout.internalConnectMultipleTimeout [as _onTimeout] (node:net:1712:10)
   256.677ms [⏱️2181] [🔧c3dxzysvi8j]     at listOnTimeout (node:internal/timers:583:11)
   256.696ms [⏱️2181] [🔧c3dxzysvi8j]     at process.processTimers (node:internal/timers:519:7)
   256.746ms [⏱️2181] [🔧c3dxzysvi8j] 🔧 HANDLE.close()
   256.791ms [⏱️2181] [🔧c3dxzysvi8j]     at Socket.reinitializeHandle (node:net:1265:17)
   256.816ms [⏱️2181] [🔧c3dxzysvi8j]     at internalConnectMultiple (node:net:1131:30)
   256.836ms [⏱️2181] [🔧c3dxzysvi8j]     at Timeout.internalConnectMultipleTimeout (node:net:1716:5)
   256.855ms [⏱️2181] [🔧c3dxzysvi8j]     at listOnTimeout (node:internal/timers:583:11)
   256.865ms [⏱️2181] [🔧c3dxzysvi8j]     at process.processTimers (node:internal/timers:519:7)
     3.594ms [⏱️2411] [🔧wpj9r5bmy4r] 🔍 onLookup args=[null,"::1",6,"localhost"]
     3.624ms [⏱️2411] [🔧wpj9r5bmy4r] 📣 emit lookup null, "::1", 6, "localhost"
     3.648ms [⏱️2411] [🔧wpj9r5bmy4r] 🔍 onLookup args=[null,"127.0.0.1",4,"localhost"]
     3.667ms [⏱️2411] [🔧wpj9r5bmy4r] 📣 emit lookup null, "127.0.0.1", 4, "localhost"
  1599.833ms [⏱️1349] [🔧6xj9npgzagm] 💾 onData 120b
  1600.020ms [⏱️1349] [🔧6xj9npgzagm] 📤 push([{"type":"Buffer","data":[72,84,84,80,47)
  1600.104ms [⏱️994] [🔧6xj9npgzagm] 📨 onResponseStart status=200 🇺🇸=passthrough
  1600.805ms [⏱️994] [🔧6xj9npgzagm] 📥 onResponseBody 2b
  1600.882ms [⏱️994] [🔧6xj9npgzagm] 🎬 onResponseEnd hasStream=true
  1601.137ms [⏱️1349] [🔧6xj9npgzagm] 📣 emit data 120 chars
  1601.241ms [⏱️2423] [🔧6xj9npgzagm] 📖 read([0])
  1601.734ms [⏱️2423] [🔧6xj9npgzagm] 🔬 _read(16384) ⏳=false 🔐=undefined 🇺🇸=passthrough 🔗=http://localhost:46477/ origFlowing=true
  1601.976ms [⏱️997] [🔧6xj9npgzagm] ▶️ resume()
  1602.190ms [⏱️2438] [🔧6xj9npgzagm] 📣 emit free
     0.001ms [⏱️0] [🔧9g8oqew2c3l] 🏗️  constructor starting
     0.142ms [⏱️0] [🔧9g8oqew2c3l] 🏗️  constructor complete http://localhost:46477/
  1602.974ms [⏱️0] [🔧6xj9npgzagm] 🧨 _destroy ⏳=false 🔐=undefined 🇺🇸=passthrough 🔗=http://localhost:46477/
  1603.058ms [⏱️0] [🔧6xj9npgzagm] 🔧 HANDLE.close()
  1603.310ms [⏱️0] [🔧6xj9npgzagm]     at closeSocketHandle (node:net:341:18)
  1603.364ms [⏱️0] [🔧6xj9npgzagm]     at Socket._destroy (node:net:831:7)
  1603.425ms [⏱️0] [🔧6xj9npgzagm]     at _destroy (node:internal/streams/destroy:121:10)
  1603.449ms [⏱️0] [🔧6xj9npgzagm]     at MockHttpSocket.destroy (node:internal/streams/destroy:83:5)
  1603.474ms [⏱️0] [🔧6xj9npgzagm]     at Writable.destroy (node:internal/streams/writable:1122:11)
  1603.493ms [⏱️0] [🔧6xj9npgzagm]     at MockHttpSocket.destroy (/workspace/repro/node_modules/.pnpm/@mswjs+interceptors@file+../node_modules/@mswjs/interceptors/lib/node/chunk-EFBKFUZI.js:574:18)
  1603.562ms [⏱️0] [🔧6xj9npgzagm]     at MockAgent.<anonymous> (node:_http_agent:154:14)
  1603.611ms [⏱️0] [🔧6xj9npgzagm]     at MockAgent.emit (node:events:524:28)
     1.138ms [⏱️2445] [🔧9g8oqew2c3l] ▶️ resume()
     1.199ms [⏱️2445] [🔧9g8oqew2c3l] ✍️  write 95b 🇺🇸=unknown buffered=0
     1.243ms [⏱️2443] [🔧9g8oqew2c3l] 🚀 onRequestStart path=/ keepAlive=true
     2.824ms [⏱️2445] [🔧9g8oqew2c3l] ✍️  write 2b 🇺🇸=unknown buffered=1
     2.884ms [⏱️2445] [🔧9g8oqew2c3l] ✍️  write 9b 🇺🇸=unknown buffered=2
     2.919ms [⏱️2443] [🔧9g8oqew2c3l] 📦 onRequestBody 9b
     2.952ms [⏱️2445] [🔧9g8oqew2c3l] ✍️  write 2b 🇺🇸=unknown buffered=3
     2.974ms [⏱️2445] [🔧9g8oqew2c3l] ✍️  write 5b 🇺🇸=unknown buffered=4
     3.026ms [⏱️2443] [🔧9g8oqew2c3l] 🏁 onRequestEnd hasStream=true
     3.083ms [⏱️2449] [🔧9g8oqew2c3l] 📖 read([0])
     3.114ms [⏱️2449] [🔧9g8oqew2c3l] 🔬 _read(16384) ⏳=true 🔐=undefined 🇺🇸=unknown 🔗=http://localhost:46477/ origFlowing=undefined
     3.140ms [⏱️2449] [🔧9g8oqew2c3l] 📣 emit resume
     3.163ms [⏱️2449] [🔧9g8oqew2c3l] 📖 read()
     3.824ms [⏱️0] [🔧9g8oqew2c3l] 💨 passthrough() 🧨=false ⏳=true
     3.983ms [⏱️0] [🔧9g8oqew2c3l] 🔌 created originalSocket
     4.026ms [⏱️0] [🔧9g8oqew2c3l] 🚽 flushing writeBuffer (5 items)
     4.130ms [⏱️2463] [🔧9g8oqew2c3l] ▶️ onResume
     4.165ms [⏱️2463] [🔧9g8oqew2c3l] 📣 emit resume
   346.542ms [⏱️2315] [🔧9ia0oqu7u4p] 🔌 onConnect delay from lookup
   346.571ms [⏱️2315] [🔧9ia0oqu7u4p] ⚠️  HANDLE MISMATCH!
   346.593ms [⏱️2315] [🔧9ia0oqu7u4p]    My Handle: TCP 🔧=true 🆔=-22 📖=false
   346.606ms [⏱️2315] [🔧9ia0oqu7u4p]    Socket Handle: TCP 🔧=false 🆔=93 📖=false
   346.616ms [⏱️2315] [🔧9ia0oqu7u4p]    Object references are different!
   346.627ms [⏱️2315] [🔧9ia0oqu7u4p] 📣 emit connect
   346.645ms [⏱️2315] [🔧9ia0oqu7u4p] 🔬 _read(16384) ⏳=false 🔐=undefined 🇺🇸=passthrough 🔗=http://localhost:46477/ origFlowing=true
   346.662ms [⏱️2315] [🔧9ia0oqu7u4p] 🔧 HANDLE.readStart()
   346.867ms [⏱️2315] [🔧9ia0oqu7u4p]     at tryReadStart (node:net:705:30)
   346.943ms [⏱️2315] [🔧9ia0oqu7u4p]     at Socket._read (node:net:722:5)
   346.965ms [⏱️2315] [🔧9ia0oqu7u4p]     at MockHttpSocket._read (/workspace/repro/node_modules/.pnpm/@mswjs+interceptors@file+../node_modules/@mswjs/interceptors/lib/node/chunk-EFBKFUZI.js:550:11)
   346.984ms [⏱️2315] [🔧9ia0oqu7u4p]     at MockHttpSocket.<anonymous> (node:net:720:37)
   347.002ms [⏱️2315] [🔧9ia0oqu7u4p]     at Object.onceWrapper (node:events:638:28)
   347.021ms [⏱️2315] [🔧9ia0oqu7u4p]     at MockHttpSocket.emit (node:events:524:28)
   347.039ms [⏱️2315] [🔧9ia0oqu7u4p]     at MockHttpSocket.emit (/workspace/repro/node_modules/.pnpm/@mswjs+interceptors@file+../node_modules/@mswjs/interceptors/lib/node/chunk-EFBKFUZI.js:564:12)
   347.057ms [⏱️2315] [🔧9ia0oqu7u4p]     at Socket.<anonymous> (/workspace/repro/node_modules/.pnpm/@mswjs+interceptors@file+../node_modules/@mswjs/interceptors/lib/node/chunk-EFBKFUZI.js:704:12)
   347.082ms [⏱️2315] [🔧9ia0oqu7u4p] ✅ onReady
   347.102ms [⏱️2315] [🔧9ia0oqu7u4p] 📣 emit ready
     5.174ms [⏱️2462] [🔧9g8oqew2c3l] 🔍 onLookup args=[null,"::1",6,"localhost"]
     5.214ms [⏱️2462] [🔧9g8oqew2c3l] 📣 emit lookup null, "::1", 6, "localhost"
     5.240ms [⏱️2462] [🔧9g8oqew2c3l] 🔍 onLookup args=[null,"127.0.0.1",4,"localhost"]
     5.259ms [⏱️2462] [🔧9g8oqew2c3l] 📣 emit lookup null, "127.0.0.1", 4, "localhost"
  1242.923ms [⏱️1707] [🔧h22ow2wnep4] 🔌 onConnect delay from lookup
  1243.009ms [⏱️1707] [🔧h22ow2wnep4] ⚠️  HANDLE MISMATCH!
  1243.024ms [⏱️1707] [🔧h22ow2wnep4]    My Handle: TCP 🔧=true 🆔=-22 📖=false
  1243.046ms [⏱️1707] [🔧h22ow2wnep4]    Socket Handle: TCP 🔧=false 🆔=73 📖=false
  1243.060ms [⏱️1707] [🔧h22ow2wnep4]    Object references are different!
  1243.082ms [⏱️1707] [🔧h22ow2wnep4] 📣 emit connect
  1243.119ms [⏱️1707] [🔧h22ow2wnep4] 🔬 _read(16384) ⏳=false 🔐=undefined 🇺🇸=passthrough 🔗=http://localhost:46477/ origFlowing=true
  1243.143ms [⏱️1707] [🔧h22ow2wnep4] 🔧 HANDLE.readStart()
  1243.306ms [⏱️1707] [🔧h22ow2wnep4]     at tryReadStart (node:net:705:30)
  1243.328ms [⏱️1707] [🔧h22ow2wnep4]     at Socket._read (node:net:722:5)
  1243.347ms [⏱️1707] [🔧h22ow2wnep4]     at MockHttpSocket._read (/workspace/repro/node_modules/.pnpm/@mswjs+interceptors@file+../node_modules/@mswjs/interceptors/lib/node/chunk-EFBKFUZI.js:550:11)
  1243.365ms [⏱️1707] [🔧h22ow2wnep4]     at MockHttpSocket.<anonymous> (node:net:720:37)
  1243.382ms [⏱️1707] [🔧h22ow2wnep4]     at Object.onceWrapper (node:events:638:28)
  1243.397ms [⏱️1707] [🔧h22ow2wnep4]     at MockHttpSocket.emit (node:events:524:28)
  1243.432ms [⏱️1707] [🔧h22ow2wnep4]     at MockHttpSocket.emit (/workspace/repro/node_modules/.pnpm/@mswjs+interceptors@file+../node_modules/@mswjs/interceptors/lib/node/chunk-EFBKFUZI.js:564:12)
  1243.444ms [⏱️1707] [🔧h22ow2wnep4]     at Socket.<anonymous> (/workspace/repro/node_modules/.pnpm/@mswjs+interceptors@file+../node_modules/@mswjs/interceptors/lib/node/chunk-EFBKFUZI.js:704:12)
  1243.473ms [⏱️1707] [🔧h22ow2wnep4] ✅ onReady
  1243.490ms [⏱️1707] [🔧h22ow2wnep4] 📣 emit ready
  1678.213ms [⏱️1346] [🔧6lc4faakk6] 💾 onData 120b
  1678.353ms [⏱️1346] [🔧6lc4faakk6] 📤 push([{"type":"Buffer","data":[72,84,84,80,47)
  1678.402ms [⏱️949] [🔧6lc4faakk6] 📨 onResponseStart status=200 🇺🇸=passthrough
  1678.915ms [⏱️949] [🔧6lc4faakk6] 📥 onResponseBody 2b
  1679.008ms [⏱️949] [🔧6lc4faakk6] 🎬 onResponseEnd hasStream=true
  1679.064ms [⏱️1346] [🔧6lc4faakk6] 📣 emit data 120 chars
  1679.119ms [⏱️2478] [🔧6lc4faakk6] 📖 read([0])
  1679.186ms [⏱️2478] [🔧6lc4faakk6] 🔬 _read(16384) ⏳=false 🔐=undefined 🇺🇸=passthrough 🔗=http://localhost:46477/ origFlowing=true
  1679.396ms [⏱️952] [🔧6lc4faakk6] ▶️ resume()
  1679.669ms [⏱️2493] [🔧6lc4faakk6] 📣 emit free
     0.001ms [⏱️0] [🔧d76lcm7nveg] 🏗️  constructor starting
     0.137ms [⏱️0] [🔧d76lcm7nveg] 🏗️  constructor complete http://localhost:46477/
  1680.429ms [⏱️0] [🔧6lc4faakk6] 🧨 _destroy ⏳=false 🔐=undefined 🇺🇸=passthrough 🔗=http://localhost:46477/
  1680.681ms [⏱️0] [🔧6lc4faakk6] 🔧 HANDLE.close()
  1680.835ms [⏱️0] [🔧6lc4faakk6]     at closeSocketHandle (node:net:341:18)
  1680.888ms [⏱️0] [🔧6lc4faakk6]     at Socket._destroy (node:net:831:7)
  1680.918ms [⏱️0] [🔧6lc4faakk6]     at _destroy (node:internal/streams/destroy:121:10)
  1680.935ms [⏱️0] [🔧6lc4faakk6]     at MockHttpSocket.destroy (node:internal/streams/destroy:83:5)
  1681.013ms [⏱️0] [🔧6lc4faakk6]     at Writable.destroy (node:internal/streams/writable:1122:11)
  1681.040ms [⏱️0] [🔧6lc4faakk6]     at MockHttpSocket.destroy (/workspace/repro/node_modules/.pnpm/@mswjs+interceptors@file+../node_modules/@mswjs/interceptors/lib/node/chunk-EFBKFUZI.js:574:18)
  1681.080ms [⏱️0] [🔧6lc4faakk6]     at MockAgent.<anonymous> (node:_http_agent:154:14)
  1681.166ms [⏱️0] [🔧6lc4faakk6]     at MockAgent.emit (node:events:524:28)
     1.145ms [⏱️2500] [🔧d76lcm7nveg] ▶️ resume()
     1.199ms [⏱️2500] [🔧d76lcm7nveg] ✍️  write 95b 🇺🇸=unknown buffered=0
     1.270ms [⏱️2498] [🔧d76lcm7nveg] 🚀 onRequestStart path=/ keepAlive=true
     1.687ms [⏱️2500] [🔧d76lcm7nveg] ✍️  write 2b 🇺🇸=unknown buffered=1
     1.716ms [⏱️2500] [🔧d76lcm7nveg] ✍️  write 9b 🇺🇸=unknown buffered=2
     1.746ms [⏱️2498] [🔧d76lcm7nveg] 📦 onRequestBody 9b
     1.774ms [⏱️2500] [🔧d76lcm7nveg] ✍️  write 2b 🇺🇸=unknown buffered=3
     1.796ms [⏱️2500] [🔧d76lcm7nveg] ✍️  write 5b 🇺🇸=unknown buffered=4
     1.823ms [⏱️2498] [🔧d76lcm7nveg] 🏁 onRequestEnd hasStream=true
     1.867ms [⏱️2504] [🔧d76lcm7nveg] 📖 read([0])
     1.894ms [⏱️2504] [🔧d76lcm7nveg] 🔬 _read(16384) ⏳=true 🔐=undefined 🇺🇸=unknown 🔗=http://localhost:46477/ origFlowing=undefined
     1.925ms [⏱️2504] [🔧d76lcm7nveg] 📣 emit resume
     1.947ms [⏱️2504] [🔧d76lcm7nveg] 📖 read()
     2.320ms [⏱️0] [🔧d76lcm7nveg] 💨 passthrough() 🧨=false ⏳=true
     2.426ms [⏱️0] [🔧d76lcm7nveg] 🔌 created originalSocket
     2.460ms [⏱️0] [🔧d76lcm7nveg] 🚽 flushing writeBuffer (5 items)
     2.537ms [⏱️2518] [🔧d76lcm7nveg] ▶️ onResume
     2.557ms [⏱️2518] [🔧d76lcm7nveg] 📣 emit resume
   260.215ms [⏱️2240] [🔧r2zcdbw2hya] 🔧 HANDLE.close()
   260.320ms [⏱️2240] [🔧r2zcdbw2hya]     at Timeout.internalConnectMultipleTimeout [as _onTimeout] (node:net:1712:10)
   260.345ms [⏱️2240] [🔧r2zcdbw2hya]     at listOnTimeout (node:internal/timers:583:11)
   260.359ms [⏱️2240] [🔧r2zcdbw2hya]     at process.processTimers (node:internal/timers:519:7)
   260.426ms [⏱️2240] [🔧r2zcdbw2hya] 🔧 HANDLE.close()
   260.515ms [⏱️2240] [🔧r2zcdbw2hya]     at Socket.reinitializeHandle (node:net:1265:17)
   260.538ms [⏱️2240] [🔧r2zcdbw2hya]     at internalConnectMultiple (node:net:1131:30)
   260.552ms [⏱️2240] [🔧r2zcdbw2hya]     at Timeout.internalConnectMultipleTimeout (node:net:1716:5)
   260.593ms [⏱️2240] [🔧r2zcdbw2hya]     at listOnTimeout (node:internal/timers:583:11)
   260.619ms [⏱️2240] [🔧r2zcdbw2hya]     at process.processTimers (node:internal/timers:519:7)
     3.487ms [⏱️2517] [🔧d76lcm7nveg] 🔍 onLookup args=[null,"::1",6,"localhost"]
     3.524ms [⏱️2517] [🔧d76lcm7nveg] 📣 emit lookup null, "::1", 6, "localhost"
     3.551ms [⏱️2517] [🔧d76lcm7nveg] 🔍 onLookup args=[null,"127.0.0.1",4,"localhost"]
     3.576ms [⏱️2517] [🔧d76lcm7nveg] 📣 emit lookup null, "127.0.0.1", 4, "localhost"
  1305.238ms [⏱️1694] [🔧sfzj0s3pdm] 💾 onData 120b
  1305.334ms [⏱️1694] [🔧sfzj0s3pdm] 📤 push([{"type":"Buffer","data":[72,84,84,80,47)
  1305.365ms [⏱️1501] [🔧sfzj0s3pdm] 📨 onResponseStart status=200 🇺🇸=passthrough
  1305.751ms [⏱️1501] [🔧sfzj0s3pdm] 📥 onResponseBody 2b
  1305.859ms [⏱️1501] [🔧sfzj0s3pdm] 🎬 onResponseEnd hasStream=true
  1305.954ms [⏱️1694] [🔧sfzj0s3pdm] 📣 emit data 120 chars
  1306.014ms [⏱️2535] [🔧sfzj0s3pdm] 📖 read([0])
  1306.046ms [⏱️2535] [🔧sfzj0s3pdm] 🔬 _read(16384) ⏳=false 🔐=undefined 🇺🇸=passthrough 🔗=http://localhost:46477/ origFlowing=true
  1306.203ms [⏱️1504] [🔧sfzj0s3pdm] ▶️ resume()
  1306.461ms [⏱️2550] [🔧sfzj0s3pdm] 📣 emit free
     0.001ms [⏱️0] [🔧7wmcu84b48d] 🏗️  constructor starting
     0.188ms [⏱️0] [🔧7wmcu84b48d] 🏗️  constructor complete http://localhost:46477/
  1307.237ms [⏱️0] [🔧sfzj0s3pdm] 🧨 _destroy ⏳=false 🔐=undefined 🇺🇸=passthrough 🔗=http://localhost:46477/
  1307.287ms [⏱️0] [🔧sfzj0s3pdm] 🔧 HANDLE.close()
  1307.501ms [⏱️0] [🔧sfzj0s3pdm]     at closeSocketHandle (node:net:341:18)
  1307.552ms [⏱️0] [🔧sfzj0s3pdm]     at Socket._destroy (node:net:831:7)
  1307.584ms [⏱️0] [🔧sfzj0s3pdm]     at _destroy (node:internal/streams/destroy:121:10)
  1307.649ms [⏱️0] [🔧sfzj0s3pdm]     at MockHttpSocket.destroy (node:internal/streams/destroy:83:5)
  1307.707ms [⏱️0] [🔧sfzj0s3pdm]     at Writable.destroy (node:internal/streams/writable:1122:11)
  1307.754ms [⏱️0] [🔧sfzj0s3pdm]     at MockHttpSocket.destroy (/workspace/repro/node_modules/.pnpm/@mswjs+interceptors@file+../node_modules/@mswjs/interceptors/lib/node/chunk-EFBKFUZI.js:574:18)
  1307.775ms [⏱️0] [🔧sfzj0s3pdm]     at MockAgent.<anonymous> (node:_http_agent:154:14)
  1307.806ms [⏱️0] [🔧sfzj0s3pdm]     at MockAgent.emit (node:events:524:28)
     0.958ms [⏱️2557] [🔧7wmcu84b48d] ▶️ resume()
     1.039ms [⏱️2557] [🔧7wmcu84b48d] ✍️  write 95b 🇺🇸=unknown buffered=0
     1.199ms [⏱️2555] [🔧7wmcu84b48d] 🚀 onRequestStart path=/ keepAlive=true
     1.988ms [⏱️2557] [🔧7wmcu84b48d] ✍️  write 2b 🇺🇸=unknown buffered=1
     2.041ms [⏱️2557] [🔧7wmcu84b48d] ✍️  write 9b 🇺🇸=unknown buffered=2
     2.086ms [⏱️2555] [🔧7wmcu84b48d] 📦 onRequestBody 9b
     2.130ms [⏱️2557] [🔧7wmcu84b48d] ✍️  write 2b 🇺🇸=unknown buffered=3
     2.208ms [⏱️2557] [🔧7wmcu84b48d] ✍️  write 5b 🇺🇸=unknown buffered=4
     2.243ms [⏱️2555] [🔧7wmcu84b48d] 🏁 onRequestEnd hasStream=true
     2.294ms [⏱️2561] [🔧7wmcu84b48d] 📖 read([0])
     2.327ms [⏱️2561] [🔧7wmcu84b48d] 🔬 _read(16384) ⏳=true 🔐=undefined 🇺🇸=unknown 🔗=http://localhost:46477/ origFlowing=undefined
     2.397ms [⏱️2561] [🔧7wmcu84b48d] 📣 emit resume
     2.624ms [⏱️2561] [🔧7wmcu84b48d] 📖 read()
     3.312ms [⏱️0] [🔧7wmcu84b48d] 💨 passthrough() 🧨=false ⏳=true
     3.486ms [⏱️0] [🔧7wmcu84b48d] 🔌 created originalSocket
     3.593ms [⏱️0] [🔧7wmcu84b48d] 🚽 flushing writeBuffer (5 items)
     3.784ms [⏱️2575] [🔧7wmcu84b48d] ▶️ onResume
     3.817ms [⏱️2575] [🔧7wmcu84b48d] 📣 emit resume
     4.183ms [⏱️2574] [🔧7wmcu84b48d] 🔍 onLookup args=[null,"::1",6,"localhost"]
     4.216ms [⏱️2574] [🔧7wmcu84b48d] 📣 emit lookup null, "::1", 6, "localhost"
     4.235ms [⏱️2574] [🔧7wmcu84b48d] 🔍 onLookup args=[null,"127.0.0.1",4,"localhost"]
     4.262ms [⏱️2574] [🔧7wmcu84b48d] 📣 emit lookup null, "127.0.0.1", 4, "localhost"
  1793.938ms [⏱️1281] [🔧z67iewh126] 💾 onData 120b
  1794.047ms [⏱️1281] [🔧z67iewh126] 📤 push([{"type":"Buffer","data":[72,84,84,80,47)
  1794.092ms [⏱️837] [🔧z67iewh126] 📨 onResponseStart status=200 🇺🇸=passthrough
  1794.595ms [⏱️837] [🔧z67iewh126] 📥 onResponseBody 2b
  1794.725ms [⏱️837] [🔧z67iewh126] 🎬 onResponseEnd hasStream=true
  1794.780ms [⏱️1281] [🔧z67iewh126] 📣 emit data 120 chars
  1794.825ms [⏱️2586] [🔧z67iewh126] 📖 read([0])
  1794.856ms [⏱️2586] [🔧z67iewh126] 🔬 _read(16384) ⏳=false 🔐=undefined 🇺🇸=passthrough 🔗=http://localhost:46477/ origFlowing=true
  1794.982ms [⏱️840] [🔧z67iewh126] ▶️ resume()
  1795.146ms [⏱️2601] [🔧z67iewh126] 📣 emit free
     0.001ms [⏱️0] [🔧pkmbb5s9jx] 🏗️  constructor starting
     0.109ms [⏱️0] [🔧pkmbb5s9jx] 🏗️  constructor complete http://localhost:46477/
  1796.425ms [⏱️0] [🔧z67iewh126] 🧨 _destroy ⏳=false 🔐=undefined 🇺🇸=passthrough 🔗=http://localhost:46477/
  1796.490ms [⏱️0] [🔧z67iewh126] 🔧 HANDLE.close()
  1796.738ms [⏱️0] [🔧z67iewh126]     at closeSocketHandle (node:net:341:18)
  1796.768ms [⏱️0] [🔧z67iewh126]     at Socket._destroy (node:net:831:7)
  1796.808ms [⏱️0] [🔧z67iewh126]     at _destroy (node:internal/streams/destroy:121:10)
  1796.822ms [⏱️0] [🔧z67iewh126]     at MockHttpSocket.destroy (node:internal/streams/destroy:83:5)
  1796.841ms [⏱️0] [🔧z67iewh126]     at Writable.destroy (node:internal/streams/writable:1122:11)
  1796.892ms [⏱️0] [🔧z67iewh126]     at MockHttpSocket.destroy (/workspace/repro/node_modules/.pnpm/@mswjs+interceptors@file+../node_modules/@mswjs/interceptors/lib/node/chunk-EFBKFUZI.js:574:18)
  1796.915ms [⏱️0] [🔧z67iewh126]     at MockAgent.<anonymous> (node:_http_agent:154:14)
  1796.927ms [⏱️0] [🔧z67iewh126]     at MockAgent.emit (node:events:524:28)
     0.833ms [⏱️2608] [🔧pkmbb5s9jx] ▶️ resume()
     0.895ms [⏱️2608] [🔧pkmbb5s9jx] ✍️  write 95b 🇺🇸=unknown buffered=0
     0.992ms [⏱️2606] [🔧pkmbb5s9jx] 🚀 onRequestStart path=/ keepAlive=true
     1.613ms [⏱️2608] [🔧pkmbb5s9jx] ✍️  write 2b 🇺🇸=unknown buffered=1
     1.643ms [⏱️2608] [🔧pkmbb5s9jx] ✍️  write 9b 🇺🇸=unknown buffered=2
     1.664ms [⏱️2606] [🔧pkmbb5s9jx] 📦 onRequestBody 9b
     1.689ms [⏱️2608] [🔧pkmbb5s9jx] ✍️  write 2b 🇺🇸=unknown buffered=3
     1.708ms [⏱️2608] [🔧pkmbb5s9jx] ✍️  write 5b 🇺🇸=unknown buffered=4
     1.759ms [⏱️2606] [🔧pkmbb5s9jx] 🏁 onRequestEnd hasStream=true
     1.804ms [⏱️2612] [🔧pkmbb5s9jx] 📖 read([0])
     1.825ms [⏱️2612] [🔧pkmbb5s9jx] 🔬 _read(16384) ⏳=true 🔐=undefined 🇺🇸=unknown 🔗=http://localhost:46477/ origFlowing=undefined
     1.864ms [⏱️2612] [🔧pkmbb5s9jx] 📣 emit resume
     1.892ms [⏱️2612] [🔧pkmbb5s9jx] 📖 read()
     2.454ms [⏱️0] [🔧pkmbb5s9jx] 💨 passthrough() 🧨=false ⏳=true
     2.579ms [⏱️0] [🔧pkmbb5s9jx] 🔌 created originalSocket
     2.608ms [⏱️0] [🔧pkmbb5s9jx] 🚽 flushing writeBuffer (5 items)
     2.663ms [⏱️2626] [🔧pkmbb5s9jx] ▶️ onResume
     2.683ms [⏱️2626] [🔧pkmbb5s9jx] 📣 emit resume
     2.771ms [⏱️2625] [🔧pkmbb5s9jx] 🔍 onLookup args=[null,"::1",6,"localhost"]
     2.793ms [⏱️2625] [🔧pkmbb5s9jx] 📣 emit lookup null, "::1", 6, "localhost"
     2.918ms [⏱️2625] [🔧pkmbb5s9jx] 🔍 onLookup args=[null,"127.0.0.1",4,"localhost"]
     2.966ms [⏱️2625] [🔧pkmbb5s9jx] 📣 emit lookup null, "127.0.0.1", 4, "localhost"
   256.273ms [⏱️2306] [🔧dui3r5dftgo] 🔧 HANDLE.close()
   256.609ms [⏱️2306] [🔧dui3r5dftgo]     at Timeout.internalConnectMultipleTimeout [as _onTimeout] (node:net:1712:10)
   256.669ms [⏱️2306] [🔧dui3r5dftgo]     at listOnTimeout (node:internal/timers:583:11)
   256.700ms [⏱️2306] [🔧dui3r5dftgo]     at process.processTimers (node:internal/timers:519:7)
   256.850ms [⏱️2306] [🔧dui3r5dftgo] 🔧 HANDLE.close()
   256.983ms [⏱️2306] [🔧dui3r5dftgo]     at Socket.reinitializeHandle (node:net:1265:17)
   257.031ms [⏱️2306] [🔧dui3r5dftgo]     at internalConnectMultiple (node:net:1131:30)
   257.058ms [⏱️2306] [🔧dui3r5dftgo]     at Timeout.internalConnectMultipleTimeout (node:net:1716:5)
   257.097ms [⏱️2306] [🔧dui3r5dftgo]     at listOnTimeout (node:internal/timers:583:11)
   257.139ms [⏱️2306] [🔧dui3r5dftgo]     at process.processTimers (node:internal/timers:519:7)
  1510.791ms [⏱️1634] [🔧z6yvnznos8] 🔌 onConnect delay from lookup
  1510.883ms [⏱️1634] [🔧z6yvnznos8] ⚠️  HANDLE MISMATCH!
  1510.898ms [⏱️1634] [🔧z6yvnznos8]    My Handle: TCP 🔧=true 🆔=-22 📖=false
  1510.907ms [⏱️1634] [🔧z6yvnznos8]    Socket Handle: TCP 🔧=false 🆔=69 📖=false
  1510.915ms [⏱️1634] [🔧z6yvnznos8]    Object references are different!
  1510.927ms [⏱️1634] [🔧z6yvnznos8] 📣 emit connect
  1510.948ms [⏱️1634] [🔧z6yvnznos8] 🔬 _read(16384) ⏳=false 🔐=undefined 🇺🇸=passthrough 🔗=http://localhost:46477/ origFlowing=true
  1510.963ms [⏱️1634] [🔧z6yvnznos8] 🔧 HANDLE.readStart()
  1511.120ms [⏱️1634] [🔧z6yvnznos8]     at tryReadStart (node:net:705:30)
  1511.132ms [⏱️1634] [🔧z6yvnznos8]     at Socket._read (node:net:722:5)
  1511.139ms [⏱️1634] [🔧z6yvnznos8]     at MockHttpSocket._read (/workspace/repro/node_modules/.pnpm/@mswjs+interceptors@file+../node_modules/@mswjs/interceptors/lib/node/chunk-EFBKFUZI.js:550:11)
  1511.147ms [⏱️1634] [🔧z6yvnznos8]     at MockHttpSocket.<anonymous> (node:net:720:37)
  1511.154ms [⏱️1634] [🔧z6yvnznos8]     at Object.onceWrapper (node:events:638:28)
  1511.162ms [⏱️1634] [🔧z6yvnznos8]     at MockHttpSocket.emit (node:events:524:28)
  1511.169ms [⏱️1634] [🔧z6yvnznos8]     at MockHttpSocket.emit (/workspace/repro/node_modules/.pnpm/@mswjs+interceptors@file+../node_modules/@mswjs/interceptors/lib/node/chunk-EFBKFUZI.js:564:12)
  1511.176ms [⏱️1634] [🔧z6yvnznos8]     at Socket.<anonymous> (/workspace/repro/node_modules/.pnpm/@mswjs+interceptors@file+../node_modules/@mswjs/interceptors/lib/node/chunk-EFBKFUZI.js:704:12)
  1511.195ms [⏱️1634] [🔧z6yvnznos8] ✅ onReady
  1511.204ms [⏱️1634] [🔧z6yvnznos8] 📣 emit ready
   254.723ms [⏱️2368] [🔧5hh1q7cinak] 🔧 HANDLE.close()
   254.826ms [⏱️2368] [🔧5hh1q7cinak]     at Timeout.internalConnectMultipleTimeout [as _onTimeout] (node:net:1712:10)
   254.835ms [⏱️2368] [🔧5hh1q7cinak]     at listOnTimeout (node:internal/timers:583:11)
   254.840ms [⏱️2368] [🔧5hh1q7cinak]     at process.processTimers (node:internal/timers:519:7)
   254.881ms [⏱️2368] [🔧5hh1q7cinak] 🔧 HANDLE.close()
   254.956ms [⏱️2368] [🔧5hh1q7cinak]     at Socket.reinitializeHandle (node:net:1265:17)
   254.999ms [⏱️2368] [🔧5hh1q7cinak]     at internalConnectMultiple (node:net:1131:30)
   255.010ms [⏱️2368] [🔧5hh1q7cinak]     at Timeout.internalConnectMultipleTimeout (node:net:1716:5)
   255.018ms [⏱️2368] [🔧5hh1q7cinak]     at listOnTimeout (node:internal/timers:583:11)
   255.026ms [⏱️2368] [🔧5hh1q7cinak]     at process.processTimers (node:internal/timers:519:7)
   255.479ms [⏱️2419] [🔧wpj9r5bmy4r] 🔧 HANDLE.close()
   255.643ms [⏱️2419] [🔧wpj9r5bmy4r]     at Timeout.internalConnectMultipleTimeout [as _onTimeout] (node:net:1712:10)
   255.654ms [⏱️2419] [🔧wpj9r5bmy4r]     at listOnTimeout (node:internal/timers:583:11)
   255.659ms [⏱️2419] [🔧wpj9r5bmy4r]     at process.processTimers (node:internal/timers:519:7)
   255.718ms [⏱️2419] [🔧wpj9r5bmy4r] 🔧 HANDLE.close()
   255.744ms [⏱️2419] [🔧wpj9r5bmy4r]     at Socket.reinitializeHandle (node:net:1265:17)
   255.749ms [⏱️2419] [🔧wpj9r5bmy4r]     at internalConnectMultiple (node:net:1131:30)
   255.753ms [⏱️2419] [🔧wpj9r5bmy4r]     at Timeout.internalConnectMultipleTimeout (node:net:1716:5)
   255.757ms [⏱️2419] [🔧wpj9r5bmy4r]     at listOnTimeout (node:internal/timers:583:11)
   255.761ms [⏱️2419] [🔧wpj9r5bmy4r]     at process.processTimers (node:internal/timers:519:7)
   259.038ms [⏱️2472] [🔧9g8oqew2c3l] 🔧 HANDLE.close()
   259.237ms [⏱️2472] [🔧9g8oqew2c3l]     at Timeout.internalConnectMultipleTimeout [as _onTimeout] (node:net:1712:10)
   259.263ms [⏱️2472] [🔧9g8oqew2c3l]     at listOnTimeout (node:internal/timers:583:11)
   259.288ms [⏱️2472] [🔧9g8oqew2c3l]     at process.processTimers (node:internal/timers:519:7)
   259.375ms [⏱️2472] [🔧9g8oqew2c3l] 🔧 HANDLE.close()
   259.436ms [⏱️2472] [🔧9g8oqew2c3l]     at Socket.reinitializeHandle (node:net:1265:17)
   259.455ms [⏱️2472] [🔧9g8oqew2c3l]     at internalConnectMultiple (node:net:1131:30)
   259.466ms [⏱️2472] [🔧9g8oqew2c3l]     at Timeout.internalConnectMultipleTimeout (node:net:1716:5)
   259.479ms [⏱️2472] [🔧9g8oqew2c3l]     at listOnTimeout (node:internal/timers:583:11)
   259.494ms [⏱️2472] [🔧9g8oqew2c3l]     at process.processTimers (node:internal/timers:519:7)
   939.834ms [⏱️2058] [🔧pjx2ki9919] 🔌 onConnect delay from lookup
   939.953ms [⏱️2058] [🔧pjx2ki9919] ⚠️  HANDLE MISMATCH!
   940.012ms [⏱️2058] [🔧pjx2ki9919]    My Handle: TCP 🔧=true 🆔=-22 📖=false
   940.056ms [⏱️2058] [🔧pjx2ki9919]    Socket Handle: TCP 🔧=false 🆔=84 📖=false
   940.101ms [⏱️2058] [🔧pjx2ki9919]    Object references are different!
   940.222ms [⏱️2058] [🔧pjx2ki9919] 📣 emit connect
   940.315ms [⏱️2058] [🔧pjx2ki9919] 🔬 _read(16384) ⏳=false 🔐=undefined 🇺🇸=passthrough 🔗=http://localhost:46477/ origFlowing=true
   940.426ms [⏱️2058] [🔧pjx2ki9919] 🔧 HANDLE.readStart()
   940.873ms [⏱️2058] [🔧pjx2ki9919]     at tryReadStart (node:net:705:30)
   940.925ms [⏱️2058] [🔧pjx2ki9919]     at Socket._read (node:net:722:5)
   940.975ms [⏱️2058] [🔧pjx2ki9919]     at MockHttpSocket._read (/workspace/repro/node_modules/.pnpm/@mswjs+interceptors@file+../node_modules/@mswjs/interceptors/lib/node/chunk-EFBKFUZI.js:550:11)
   941.025ms [⏱️2058] [🔧pjx2ki9919]     at MockHttpSocket.<anonymous> (node:net:720:37)
   941.074ms [⏱️2058] [🔧pjx2ki9919]     at Object.onceWrapper (node:events:638:28)
   941.257ms [⏱️2058] [🔧pjx2ki9919]     at MockHttpSocket.emit (node:events:524:28)
   941.314ms [⏱️2058] [🔧pjx2ki9919]     at MockHttpSocket.emit (/workspace/repro/node_modules/.pnpm/@mswjs+interceptors@file+../node_modules/@mswjs/interceptors/lib/node/chunk-EFBKFUZI.js:564:12)
   941.360ms [⏱️2058] [🔧pjx2ki9919]     at Socket.<anonymous> (/workspace/repro/node_modules/.pnpm/@mswjs+interceptors@file+../node_modules/@mswjs/interceptors/lib/node/chunk-EFBKFUZI.js:704:12)
   941.494ms [⏱️2058] [🔧pjx2ki9919] ✅ onReady
   941.713ms [⏱️2058] [🔧pjx2ki9919] 📣 emit ready
  1859.709ms [⏱️1409] [🔧3741me22wvm] 💾 onData 120b
  1859.873ms [⏱️1409] [🔧3741me22wvm] 📤 push([{"type":"Buffer","data":[72,84,84,80,47)
  1860.039ms [⏱️1125] [🔧3741me22wvm] 📨 onResponseStart status=200 🇺🇸=passthrough
  1860.615ms [⏱️1125] [🔧3741me22wvm] 📥 onResponseBody 2b
  1860.646ms [⏱️1125] [🔧3741me22wvm] 🎬 onResponseEnd hasStream=true
  1860.681ms [⏱️1409] [🔧3741me22wvm] 📣 emit data 120 chars
  1860.715ms [⏱️2674] [🔧3741me22wvm] 📖 read([0])
  1860.735ms [⏱️2674] [🔧3741me22wvm] 🔬 _read(16384) ⏳=false 🔐=undefined 🇺🇸=passthrough 🔗=http://localhost:46477/ origFlowing=true
  1860.822ms [⏱️1128] [🔧3741me22wvm] ▶️ resume()
  1861.056ms [⏱️2689] [🔧3741me22wvm] 📣 emit free
     0.001ms [⏱️0] [🔧8qolfv5p0ko] 🏗️  constructor starting
     0.156ms [⏱️0] [🔧8qolfv5p0ko] 🏗️  constructor complete http://localhost:46477/
  1861.715ms [⏱️0] [🔧3741me22wvm] 🧨 _destroy ⏳=false 🔐=undefined 🇺🇸=passthrough 🔗=http://localhost:46477/
  1861.815ms [⏱️0] [🔧3741me22wvm] 🔧 HANDLE.close()
  1861.989ms [⏱️0] [🔧3741me22wvm]     at closeSocketHandle (node:net:341:18)
  1862.032ms [⏱️0] [🔧3741me22wvm]     at Socket._destroy (node:net:831:7)
  1862.056ms [⏱️0] [🔧3741me22wvm]     at _destroy (node:internal/streams/destroy:121:10)
  1862.214ms [⏱️0] [🔧3741me22wvm]     at MockHttpSocket.destroy (node:internal/streams/destroy:83:5)
  1862.275ms [⏱️0] [🔧3741me22wvm]     at Writable.destroy (node:internal/streams/writable:1122:11)
  1862.302ms [⏱️0] [🔧3741me22wvm]     at MockHttpSocket.destroy (/workspace/repro/node_modules/.pnpm/@mswjs+interceptors@file+../node_modules/@mswjs/interceptors/lib/node/chunk-EFBKFUZI.js:574:18)
  1862.323ms [⏱️0] [🔧3741me22wvm]     at MockAgent.<anonymous> (node:_http_agent:154:14)
  1862.347ms [⏱️0] [🔧3741me22wvm]     at MockAgent.emit (node:events:524:28)
     0.999ms [⏱️2696] [🔧8qolfv5p0ko] ▶️ resume()
     1.036ms [⏱️2696] [🔧8qolfv5p0ko] ✍️  write 95b 🇺🇸=unknown buffered=0
     1.076ms [⏱️2694] [🔧8qolfv5p0ko] 🚀 onRequestStart path=/ keepAlive=true
     1.512ms [⏱️2696] [🔧8qolfv5p0ko] ✍️  write 2b 🇺🇸=unknown buffered=1
     1.565ms [⏱️2696] [🔧8qolfv5p0ko] ✍️  write 9b 🇺🇸=unknown buffered=2
     1.591ms [⏱️2694] [🔧8qolfv5p0ko] 📦 onRequestBody 9b
     1.620ms [⏱️2696] [🔧8qolfv5p0ko] ✍️  write 2b 🇺🇸=unknown buffered=3
     1.643ms [⏱️2696] [🔧8qolfv5p0ko] ✍️  write 5b 🇺🇸=unknown buffered=4
     1.670ms [⏱️2694] [🔧8qolfv5p0ko] 🏁 onRequestEnd hasStream=true
     1.715ms [⏱️2700] [🔧8qolfv5p0ko] 📖 read([0])
     1.746ms [⏱️2700] [🔧8qolfv5p0ko] 🔬 _read(16384) ⏳=true 🔐=undefined 🇺🇸=unknown 🔗=http://localhost:46477/ origFlowing=undefined
     1.780ms [⏱️2700] [🔧8qolfv5p0ko] 📣 emit resume
     1.807ms [⏱️2700] [🔧8qolfv5p0ko] 📖 read()
     2.298ms [⏱️0] [🔧8qolfv5p0ko] 💨 passthrough() 🧨=false ⏳=true
     2.412ms [⏱️0] [🔧8qolfv5p0ko] 🔌 created originalSocket
     2.442ms [⏱️0] [🔧8qolfv5p0ko] 🚽 flushing writeBuffer (5 items)
     2.505ms [⏱️2714] [🔧8qolfv5p0ko] ▶️ onResume
     2.540ms [⏱️2714] [🔧8qolfv5p0ko] 📣 emit resume
     2.606ms [⏱️2713] [🔧8qolfv5p0ko] 🔍 onLookup args=[null,"::1",6,"localhost"]
     2.634ms [⏱️2713] [🔧8qolfv5p0ko] 📣 emit lookup null, "::1", 6, "localhost"
     2.764ms [⏱️2713] [🔧8qolfv5p0ko] 🔍 onLookup args=[null,"127.0.0.1",4,"localhost"]
     2.804ms [⏱️2713] [🔧8qolfv5p0ko] 📣 emit lookup null, "127.0.0.1", 4, "localhost"
   257.163ms [⏱️2525] [🔧d76lcm7nveg] 🔧 HANDLE.close()
   257.313ms [⏱️2525] [🔧d76lcm7nveg]     at Timeout.internalConnectMultipleTimeout [as _onTimeout] (node:net:1712:10)
   257.332ms [⏱️2525] [🔧d76lcm7nveg]     at listOnTimeout (node:internal/timers:583:11)
   257.342ms [⏱️2525] [🔧d76lcm7nveg]     at process.processTimers (node:internal/timers:519:7)
   257.413ms [⏱️2525] [🔧d76lcm7nveg] 🔧 HANDLE.close()
   257.465ms [⏱️2525] [🔧d76lcm7nveg]     at Socket.reinitializeHandle (node:net:1265:17)
   257.480ms [⏱️2525] [🔧d76lcm7nveg]     at internalConnectMultiple (node:net:1131:30)
   257.489ms [⏱️2525] [🔧d76lcm7nveg]     at Timeout.internalConnectMultipleTimeout (node:net:1716:5)
   257.502ms [⏱️2525] [🔧d76lcm7nveg]     at listOnTimeout (node:internal/timers:583:11)
   257.517ms [⏱️2525] [🔧d76lcm7nveg]     at process.processTimers (node:internal/timers:519:7)
   256.413ms [⏱️2582] [🔧7wmcu84b48d] 🔧 HANDLE.close()
   256.611ms [⏱️2582] [🔧7wmcu84b48d]     at Timeout.internalConnectMultipleTimeout [as _onTimeout] (node:net:1712:10)
   256.638ms [⏱️2582] [🔧7wmcu84b48d]     at listOnTimeout (node:internal/timers:583:11)
   256.661ms [⏱️2582] [🔧7wmcu84b48d]     at process.processTimers (node:internal/timers:519:7)
   256.749ms [⏱️2582] [🔧7wmcu84b48d] 🔧 HANDLE.close()
   256.828ms [⏱️2582] [🔧7wmcu84b48d]     at Socket.reinitializeHandle (node:net:1265:17)
   256.849ms [⏱️2582] [🔧7wmcu84b48d]     at internalConnectMultiple (node:net:1131:30)
   256.861ms [⏱️2582] [🔧7wmcu84b48d]     at Timeout.internalConnectMultipleTimeout (node:net:1716:5)
   256.879ms [⏱️2582] [🔧7wmcu84b48d]     at listOnTimeout (node:internal/timers:583:11)
   256.890ms [⏱️2582] [🔧7wmcu84b48d]     at process.processTimers (node:internal/timers:519:7)
   254.453ms [⏱️2630] [🔧pkmbb5s9jx] 🔧 HANDLE.close()
   254.644ms [⏱️2630] [🔧pkmbb5s9jx]     at Timeout.internalConnectMultipleTimeout [as _onTimeout] (node:net:1712:10)
   254.693ms [⏱️2630] [🔧pkmbb5s9jx]     at listOnTimeout (node:internal/timers:583:11)
   254.743ms [⏱️2630] [🔧pkmbb5s9jx]     at process.processTimers (node:internal/timers:519:7)
   254.935ms [⏱️2630] [🔧pkmbb5s9jx] 🔧 HANDLE.close()
   255.151ms [⏱️2630] [🔧pkmbb5s9jx]     at Socket.reinitializeHandle (node:net:1265:17)
   255.176ms [⏱️2630] [🔧pkmbb5s9jx]     at internalConnectMultiple (node:net:1131:30)
   255.187ms [⏱️2630] [🔧pkmbb5s9jx]     at Timeout.internalConnectMultipleTimeout (node:net:1716:5)
   255.203ms [⏱️2630] [🔧pkmbb5s9jx]     at listOnTimeout (node:internal/timers:583:11)
   255.240ms [⏱️2630] [🔧pkmbb5s9jx]     at process.processTimers (node:internal/timers:519:7)
   854.098ms [⏱️2248] [🔧dfwic4ild08] 💾 onData 120b
   854.297ms [⏱️2248] [🔧dfwic4ild08] 📤 push([{"type":"Buffer","data":[72,84,84,80,47)
   854.386ms [⏱️1980] [🔧dfwic4ild08] 📨 onResponseStart status=200 🇺🇸=passthrough
   854.941ms [⏱️1980] [🔧dfwic4ild08] 📥 onResponseBody 2b
   854.991ms [⏱️1980] [🔧dfwic4ild08] 🎬 onResponseEnd hasStream=true
   855.128ms [⏱️2248] [🔧dfwic4ild08] 📣 emit data 120 chars
   855.211ms [⏱️2743] [🔧dfwic4ild08] 📖 read([0])
   855.245ms [⏱️2743] [🔧dfwic4ild08] 🔬 _read(16384) ⏳=false 🔐=undefined 🇺🇸=passthrough 🔗=http://localhost:46477/ origFlowing=true
   855.540ms [⏱️1983] [🔧dfwic4ild08] ▶️ resume()
   855.706ms [⏱️2758] [🔧dfwic4ild08] 📣 emit free
     0.001ms [⏱️0] [🔧hj1qt08f4xh] 🏗️  constructor starting
     0.096ms [⏱️0] [🔧hj1qt08f4xh] 🏗️  constructor complete http://localhost:46477/
   856.319ms [⏱️0] [🔧dfwic4ild08] 🧨 _destroy ⏳=false 🔐=undefined 🇺🇸=passthrough 🔗=http://localhost:46477/
   856.367ms [⏱️0] [🔧dfwic4ild08] 🔧 HANDLE.close()
   856.555ms [⏱️0] [🔧dfwic4ild08]     at closeSocketHandle (node:net:341:18)
   856.606ms [⏱️0] [🔧dfwic4ild08]     at Socket._destroy (node:net:831:7)
   856.619ms [⏱️0] [🔧dfwic4ild08]     at _destroy (node:internal/streams/destroy:121:10)
   856.628ms [⏱️0] [🔧dfwic4ild08]     at MockHttpSocket.destroy (node:internal/streams/destroy:83:5)
   856.643ms [⏱️0] [🔧dfwic4ild08]     at Writable.destroy (node:internal/streams/writable:1122:11)
   856.685ms [⏱️0] [🔧dfwic4ild08]     at MockHttpSocket.destroy (/workspace/repro/node_modules/.pnpm/@mswjs+interceptors@file+../node_modules/@mswjs/interceptors/lib/node/chunk-EFBKFUZI.js:574:18)
   856.717ms [⏱️0] [🔧dfwic4ild08]     at MockAgent.<anonymous> (node:_http_agent:154:14)
   856.734ms [⏱️0] [🔧dfwic4ild08]     at MockAgent.emit (node:events:524:28)
     0.686ms [⏱️2765] [🔧hj1qt08f4xh] ▶️ resume()
     0.769ms [⏱️2765] [🔧hj1qt08f4xh] ✍️  write 95b 🇺🇸=unknown buffered=0
     0.888ms [⏱️2763] [🔧hj1qt08f4xh] 🚀 onRequestStart path=/ keepAlive=true
     1.629ms [⏱️2765] [🔧hj1qt08f4xh] ✍️  write 2b 🇺🇸=unknown buffered=1
     1.675ms [⏱️2765] [🔧hj1qt08f4xh] ✍️  write 9b 🇺🇸=unknown buffered=2
     1.731ms [⏱️2763] [🔧hj1qt08f4xh] 📦 onRequestBody 9b
     1.764ms [⏱️2765] [🔧hj1qt08f4xh] ✍️  write 2b 🇺🇸=unknown buffered=3
     1.787ms [⏱️2765] [🔧hj1qt08f4xh] ✍️  write 5b 🇺🇸=unknown buffered=4
     1.810ms [⏱️2763] [🔧hj1qt08f4xh] 🏁 onRequestEnd hasStream=true
     1.856ms [⏱️2769] [🔧hj1qt08f4xh] 📖 read([0])
     1.880ms [⏱️2769] [🔧hj1qt08f4xh] 🔬 _read(16384) ⏳=true 🔐=undefined 🇺🇸=unknown 🔗=http://localhost:46477/ origFlowing=undefined
     1.904ms [⏱️2769] [🔧hj1qt08f4xh] 📣 emit resume
     1.938ms [⏱️2769] [🔧hj1qt08f4xh] 📖 read()
     2.631ms [⏱️0] [🔧hj1qt08f4xh] 💨 passthrough() 🧨=false ⏳=true
     2.774ms [⏱️0] [🔧hj1qt08f4xh] 🔌 created originalSocket
     2.802ms [⏱️0] [🔧hj1qt08f4xh] 🚽 flushing writeBuffer (5 items)
     2.887ms [⏱️2783] [🔧hj1qt08f4xh] ▶️ onResume
     2.909ms [⏱️2783] [🔧hj1qt08f4xh] 📣 emit resume
     3.168ms [⏱️2782] [🔧hj1qt08f4xh] 🔍 onLookup args=[null,"::1",6,"localhost"]
     3.240ms [⏱️2782] [🔧hj1qt08f4xh] 📣 emit lookup null, "::1", 6, "localhost"
     3.288ms [⏱️2782] [🔧hj1qt08f4xh] 🔍 onLookup args=[null,"127.0.0.1",4,"localhost"]
     3.312ms [⏱️2782] [🔧hj1qt08f4xh] 📣 emit lookup null, "127.0.0.1", 4, "localhost"
   966.928ms [⏱️2190] [🔧jxcsaphkm98] 🔌 onConnect delay from lookup
   967.079ms [⏱️2190] [🔧jxcsaphkm98] ⚠️  HANDLE MISMATCH!
   967.111ms [⏱️2190] [🔧jxcsaphkm98]    My Handle: TCP 🔧=true 🆔=-22 📖=false
   967.136ms [⏱️2190] [🔧jxcsaphkm98]    Socket Handle: TCP 🔧=false 🆔=89 📖=false
   967.154ms [⏱️2190] [🔧jxcsaphkm98]    Object references are different!
   967.178ms [⏱️2190] [🔧jxcsaphkm98] 📣 emit connect
   967.218ms [⏱️2190] [🔧jxcsaphkm98] 🔬 _read(16384) ⏳=false 🔐=undefined 🇺🇸=passthrough 🔗=http://localhost:46477/ origFlowing=true
   967.245ms [⏱️2190] [🔧jxcsaphkm98] 🔧 HANDLE.readStart()
   967.394ms [⏱️2190] [🔧jxcsaphkm98]     at tryReadStart (node:net:705:30)
   967.416ms [⏱️2190] [🔧jxcsaphkm98]     at Socket._read (node:net:722:5)
   967.427ms [⏱️2190] [🔧jxcsaphkm98]     at MockHttpSocket._read (/workspace/repro/node_modules/.pnpm/@mswjs+interceptors@file+../node_modules/@mswjs/interceptors/lib/node/chunk-EFBKFUZI.js:550:11)
   967.444ms [⏱️2190] [🔧jxcsaphkm98]     at MockHttpSocket.<anonymous> (node:net:720:37)
   967.459ms [⏱️2190] [🔧jxcsaphkm98]     at Object.onceWrapper (node:events:638:28)
   967.478ms [⏱️2190] [🔧jxcsaphkm98]     at MockHttpSocket.emit (node:events:524:28)
   967.488ms [⏱️2190] [🔧jxcsaphkm98]     at MockHttpSocket.emit (/workspace/repro/node_modules/.pnpm/@mswjs+interceptors@file+../node_modules/@mswjs/interceptors/lib/node/chunk-EFBKFUZI.js:564:12)
   967.497ms [⏱️2190] [🔧jxcsaphkm98]     at Socket.<anonymous> (/workspace/repro/node_modules/.pnpm/@mswjs+interceptors@file+../node_modules/@mswjs/interceptors/lib/node/chunk-EFBKFUZI.js:704:12)
   967.599ms [⏱️2190] [🔧jxcsaphkm98] ✅ onReady
   967.613ms [⏱️2190] [🔧jxcsaphkm98] 📣 emit ready
   864.944ms [⏱️2314] [🔧9ia0oqu7u4p] 💾 onData 120b
   865.135ms [⏱️2314] [🔧9ia0oqu7u4p] 📤 push([{"type":"Buffer","data":[72,84,84,80,47)
   865.198ms [⏱️2089] [🔧9ia0oqu7u4p] 📨 onResponseStart status=200 🇺🇸=passthrough
   865.655ms [⏱️2089] [🔧9ia0oqu7u4p] 📥 onResponseBody 2b
   865.701ms [⏱️2089] [🔧9ia0oqu7u4p] 🎬 onResponseEnd hasStream=true
   865.845ms [⏱️2314] [🔧9ia0oqu7u4p] 📣 emit data 120 chars
   865.922ms [⏱️2796] [🔧9ia0oqu7u4p] 📖 read([0])
   866.015ms [⏱️2796] [🔧9ia0oqu7u4p] 🔬 _read(16384) ⏳=false 🔐=undefined 🇺🇸=passthrough 🔗=http://localhost:46477/ origFlowing=true
   866.178ms [⏱️2092] [🔧9ia0oqu7u4p] ▶️ resume()
   866.381ms [⏱️2811] [🔧9ia0oqu7u4p] 📣 emit free
     0.001ms [⏱️0] [🔧qjohfs6jen] 🏗️  constructor starting
     0.099ms [⏱️0] [🔧qjohfs6jen] 🏗️  constructor complete http://localhost:46477/
   866.873ms [⏱️0] [🔧9ia0oqu7u4p] 🧨 _destroy ⏳=false 🔐=undefined 🇺🇸=passthrough 🔗=http://localhost:46477/
   866.916ms [⏱️0] [🔧9ia0oqu7u4p] 🔧 HANDLE.close()
   867.048ms [⏱️0] [🔧9ia0oqu7u4p]     at closeSocketHandle (node:net:341:18)
   867.086ms [⏱️0] [🔧9ia0oqu7u4p]     at Socket._destroy (node:net:831:7)
   867.113ms [⏱️0] [🔧9ia0oqu7u4p]     at _destroy (node:internal/streams/destroy:121:10)
   867.132ms [⏱️0] [🔧9ia0oqu7u4p]     at MockHttpSocket.destroy (node:internal/streams/destroy:83:5)
   867.149ms [⏱️0] [🔧9ia0oqu7u4p]     at Writable.destroy (node:internal/streams/writable:1122:11)
   867.164ms [⏱️0] [🔧9ia0oqu7u4p]     at MockHttpSocket.destroy (/workspace/repro/node_modules/.pnpm/@mswjs+interceptors@file+../node_modules/@mswjs/interceptors/lib/node/chunk-EFBKFUZI.js:574:18)
   867.174ms [⏱️0] [🔧9ia0oqu7u4p]     at MockAgent.<anonymous> (node:_http_agent:154:14)
   867.218ms [⏱️0] [🔧9ia0oqu7u4p]     at MockAgent.emit (node:events:524:28)
     0.697ms [⏱️2818] [🔧qjohfs6jen] ▶️ resume()
     0.761ms [⏱️2818] [🔧qjohfs6jen] ✍️  write 95b 🇺🇸=unknown buffered=0
     0.852ms [⏱️2816] [🔧qjohfs6jen] 🚀 onRequestStart path=/ keepAlive=true
     1.509ms [⏱️2818] [🔧qjohfs6jen] ✍️  write 2b 🇺🇸=unknown buffered=1
     1.549ms [⏱️2818] [🔧qjohfs6jen] ✍️  write 9b 🇺🇸=unknown buffered=2
     1.583ms [⏱️2816] [🔧qjohfs6jen] 📦 onRequestBody 9b
     1.613ms [⏱️2818] [🔧qjohfs6jen] ✍️  write 2b 🇺🇸=unknown buffered=3
     1.632ms [⏱️2818] [🔧qjohfs6jen] ✍️  write 5b 🇺🇸=unknown buffered=4
     1.672ms [⏱️2816] [🔧qjohfs6jen] 🏁 onRequestEnd hasStream=true
     1.726ms [⏱️2822] [🔧qjohfs6jen] 📖 read([0])
     1.751ms [⏱️2822] [🔧qjohfs6jen] 🔬 _read(16384) ⏳=true 🔐=undefined 🇺🇸=unknown 🔗=http://localhost:46477/ origFlowing=undefined
     1.841ms [⏱️2822] [🔧qjohfs6jen] 📣 emit resume
     1.879ms [⏱️2822] [🔧qjohfs6jen] 📖 read()
     2.552ms [⏱️0] [🔧qjohfs6jen] 💨 passthrough() 🧨=false ⏳=true
     2.675ms [⏱️0] [🔧qjohfs6jen] 🔌 created originalSocket
     2.705ms [⏱️0] [🔧qjohfs6jen] 🚽 flushing writeBuffer (5 items)
     2.789ms [⏱️2836] [🔧qjohfs6jen] ▶️ onResume
     2.812ms [⏱️2836] [🔧qjohfs6jen] 📣 emit resume
     2.934ms [⏱️2835] [🔧qjohfs6jen] 🔍 onLookup args=[null,"::1",6,"localhost"]
     2.985ms [⏱️2835] [🔧qjohfs6jen] 📣 emit lookup null, "::1", 6, "localhost"
     3.048ms [⏱️2835] [🔧qjohfs6jen] 🔍 onLookup args=[null,"127.0.0.1",4,"localhost"]
     3.136ms [⏱️2835] [🔧qjohfs6jen] 📣 emit lookup null, "127.0.0.1", 4, "localhost"
   255.887ms [⏱️2718] [🔧8qolfv5p0ko] 🔧 HANDLE.close()
   256.029ms [⏱️2718] [🔧8qolfv5p0ko]     at Timeout.internalConnectMultipleTimeout [as _onTimeout] (node:net:1712:10)
   256.050ms [⏱️2718] [🔧8qolfv5p0ko]     at listOnTimeout (node:internal/timers:583:11)
   256.067ms [⏱️2718] [🔧8qolfv5p0ko]     at process.processTimers (node:internal/timers:519:7)
   256.177ms [⏱️2718] [🔧8qolfv5p0ko] 🔧 HANDLE.close()
   256.301ms [⏱️2718] [🔧8qolfv5p0ko]     at Socket.reinitializeHandle (node:net:1265:17)
   256.354ms [⏱️2718] [🔧8qolfv5p0ko]     at internalConnectMultiple (node:net:1131:30)
   256.406ms [⏱️2718] [🔧8qolfv5p0ko]     at Timeout.internalConnectMultipleTimeout (node:net:1716:5)
   256.434ms [⏱️2718] [🔧8qolfv5p0ko]     at listOnTimeout (node:internal/timers:583:11)
   256.455ms [⏱️2718] [🔧8qolfv5p0ko]     at process.processTimers (node:internal/timers:519:7)
  1759.797ms [⏱️1706] [🔧h22ow2wnep4] 💾 onData 120b
  1759.924ms [⏱️1706] [🔧h22ow2wnep4] 📤 push([{"type":"Buffer","data":[72,84,84,80,47)
  1760.000ms [⏱️1551] [🔧h22ow2wnep4] 📨 onResponseStart status=200 🇺🇸=passthrough
  1760.623ms [⏱️1551] [🔧h22ow2wnep4] 📥 onResponseBody 2b
  1760.695ms [⏱️1551] [🔧h22ow2wnep4] 🎬 onResponseEnd hasStream=true
  1760.863ms [⏱️1706] [🔧h22ow2wnep4] 📣 emit data 120 chars
  1760.919ms [⏱️2854] [🔧h22ow2wnep4] 📖 read([0])
  1760.985ms [⏱️2854] [🔧h22ow2wnep4] 🔬 _read(16384) ⏳=false 🔐=undefined 🇺🇸=passthrough 🔗=http://localhost:46477/ origFlowing=true
  1761.123ms [⏱️1554] [🔧h22ow2wnep4] ▶️ resume()
  1761.250ms [⏱️2869] [🔧h22ow2wnep4] 📣 emit free
     0.001ms [⏱️0] [🔧m6sibx21sbe] 🏗️  constructor starting
     0.081ms [⏱️0] [🔧m6sibx21sbe] 🏗️  constructor complete http://localhost:46477/
  1761.897ms [⏱️0] [🔧h22ow2wnep4] 🧨 _destroy ⏳=false 🔐=undefined 🇺🇸=passthrough 🔗=http://localhost:46477/
  1761.957ms [⏱️0] [🔧h22ow2wnep4] 🔧 HANDLE.close()
  1762.180ms [⏱️0] [🔧h22ow2wnep4]     at closeSocketHandle (node:net:341:18)
  1762.212ms [⏱️0] [🔧h22ow2wnep4]     at Socket._destroy (node:net:831:7)
  1762.224ms [⏱️0] [🔧h22ow2wnep4]     at _destroy (node:internal/streams/destroy:121:10)
  1762.238ms [⏱️0] [🔧h22ow2wnep4]     at MockHttpSocket.destroy (node:internal/streams/destroy:83:5)
  1762.256ms [⏱️0] [🔧h22ow2wnep4]     at Writable.destroy (node:internal/streams/writable:1122:11)
  1762.275ms [⏱️0] [🔧h22ow2wnep4]     at MockHttpSocket.destroy (/workspace/repro/node_modules/.pnpm/@mswjs+interceptors@file+../node_modules/@mswjs/interceptors/lib/node/chunk-EFBKFUZI.js:574:18)
  1762.290ms [⏱️0] [🔧h22ow2wnep4]     at MockAgent.<anonymous> (node:_http_agent:154:14)
  1762.305ms [⏱️0] [🔧h22ow2wnep4]     at MockAgent.emit (node:events:524:28)
     0.675ms [⏱️2876] [🔧m6sibx21sbe] ▶️ resume()
     0.708ms [⏱️2876] [🔧m6sibx21sbe] ✍️  write 95b 🇺🇸=unknown buffered=0
     0.758ms [⏱️2874] [🔧m6sibx21sbe] 🚀 onRequestStart path=/ keepAlive=true
     1.219ms [⏱️2876] [🔧m6sibx21sbe] ✍️  write 2b 🇺🇸=unknown buffered=1
     1.251ms [⏱️2876] [🔧m6sibx21sbe] ✍️  write 9b 🇺🇸=unknown buffered=2
     1.284ms [⏱️2874] [🔧m6sibx21sbe] 📦 onRequestBody 9b
     1.309ms [⏱️2876] [🔧m6sibx21sbe] ✍️  write 2b 🇺🇸=unknown buffered=3
     1.325ms [⏱️2876] [🔧m6sibx21sbe] ✍️  write 5b 🇺🇸=unknown buffered=4
     1.344ms [⏱️2874] [🔧m6sibx21sbe] 🏁 onRequestEnd hasStream=true
     1.378ms [⏱️2880] [🔧m6sibx21sbe] 📖 read([0])
     1.400ms [⏱️2880] [🔧m6sibx21sbe] 🔬 _read(16384) ⏳=true 🔐=undefined 🇺🇸=unknown 🔗=http://localhost:46477/ origFlowing=undefined
     1.426ms [⏱️2880] [🔧m6sibx21sbe] 📣 emit resume
     1.444ms [⏱️2880] [🔧m6sibx21sbe] 📖 read()
     1.884ms [⏱️0] [🔧m6sibx21sbe] 💨 passthrough() 🧨=false ⏳=true
     1.999ms [⏱️0] [🔧m6sibx21sbe] 🔌 created originalSocket
     2.026ms [⏱️0] [🔧m6sibx21sbe] 🚽 flushing writeBuffer (5 items)
     2.088ms [⏱️2894] [🔧m6sibx21sbe] ▶️ onResume
     2.173ms [⏱️2894] [🔧m6sibx21sbe] 📣 emit resume
     2.341ms [⏱️2893] [🔧m6sibx21sbe] 🔍 onLookup args=[null,"::1",6,"localhost"]
     2.376ms [⏱️2893] [🔧m6sibx21sbe] 📣 emit lookup null, "::1", 6, "localhost"
     2.401ms [⏱️2893] [🔧m6sibx21sbe] 🔍 onLookup args=[null,"127.0.0.1",4,"localhost"]
     2.435ms [⏱️2893] [🔧m6sibx21sbe] 📣 emit lookup null, "127.0.0.1", 4, "localhost"
   617.080ms [⏱️2650] [🔧wpj9r5bmy4r] 🔌 onConnect delay from lookup
   617.118ms [⏱️2650] [🔧wpj9r5bmy4r] ⚠️  HANDLE MISMATCH!
   617.130ms [⏱️2650] [🔧wpj9r5bmy4r]    My Handle: TCP 🔧=true 🆔=-22 📖=false
   617.144ms [⏱️2650] [🔧wpj9r5bmy4r]    Socket Handle: TCP 🔧=false 🆔=102 📖=false
   617.160ms [⏱️2650] [🔧wpj9r5bmy4r]    Object references are different!
   617.173ms [⏱️2650] [🔧wpj9r5bmy4r] 📣 emit connect
   617.196ms [⏱️2650] [🔧wpj9r5bmy4r] 🔬 _read(16384) ⏳=false 🔐=undefined 🇺🇸=passthrough 🔗=http://localhost:46477/ origFlowing=true
   617.215ms [⏱️2650] [🔧wpj9r5bmy4r] 🔧 HANDLE.readStart()
   617.336ms [⏱️2650] [🔧wpj9r5bmy4r]     at tryReadStart (node:net:705:30)
   617.363ms [⏱️2650] [🔧wpj9r5bmy4r]     at Socket._read (node:net:722:5)
   617.381ms [⏱️2650] [🔧wpj9r5bmy4r]     at MockHttpSocket._read (/workspace/repro/node_modules/.pnpm/@mswjs+interceptors@file+../node_modules/@mswjs/interceptors/lib/node/chunk-EFBKFUZI.js:550:11)
   617.396ms [⏱️2650] [🔧wpj9r5bmy4r]     at MockHttpSocket.<anonymous> (node:net:720:37)
   617.405ms [⏱️2650] [🔧wpj9r5bmy4r]     at Object.onceWrapper (node:events:638:28)
   617.418ms [⏱️2650] [🔧wpj9r5bmy4r]     at MockHttpSocket.emit (node:events:524:28)
   617.434ms [⏱️2650] [🔧wpj9r5bmy4r]     at MockHttpSocket.emit (/workspace/repro/node_modules/.pnpm/@mswjs+interceptors@file+../node_modules/@mswjs/interceptors/lib/node/chunk-EFBKFUZI.js:564:12)
   617.450ms [⏱️2650] [🔧wpj9r5bmy4r]     at Socket.<anonymous> (/workspace/repro/node_modules/.pnpm/@mswjs+interceptors@file+../node_modules/@mswjs/interceptors/lib/node/chunk-EFBKFUZI.js:704:12)
   617.503ms [⏱️2650] [🔧wpj9r5bmy4r] ✅ onReady
   617.524ms [⏱️2650] [🔧wpj9r5bmy4r] 📣 emit ready
   154.372ms [⏱️2786] [🔧hj1qt08f4xh] 🔌 onConnect delay from lookup
   154.431ms [⏱️2786] [🔧hj1qt08f4xh] ✅ Handles match
   154.454ms [⏱️2786] [🔧hj1qt08f4xh] 📣 emit connect
   154.479ms [⏱️2786] [🔧hj1qt08f4xh] 🔬 _read(16384) ⏳=false 🔐=undefined 🇺🇸=passthrough 🔗=http://localhost:46477/ origFlowing=true
   154.502ms [⏱️2786] [🔧hj1qt08f4xh] 🔧 HANDLE.readStart()
   154.600ms [⏱️2786] [🔧hj1qt08f4xh]     at tryReadStart (node:net:705:30)
   154.618ms [⏱️2786] [🔧hj1qt08f4xh]     at Socket._read (node:net:722:5)
   154.629ms [⏱️2786] [🔧hj1qt08f4xh]     at MockHttpSocket._read (/workspace/repro/node_modules/.pnpm/@mswjs+interceptors@file+../node_modules/@mswjs/interceptors/lib/node/chunk-EFBKFUZI.js:550:11)
   154.643ms [⏱️2786] [🔧hj1qt08f4xh]     at MockHttpSocket.<anonymous> (node:net:720:37)
   154.653ms [⏱️2786] [🔧hj1qt08f4xh]     at Object.onceWrapper (node:events:638:28)
   154.660ms [⏱️2786] [🔧hj1qt08f4xh]     at MockHttpSocket.emit (node:events:524:28)
   154.673ms [⏱️2786] [🔧hj1qt08f4xh]     at MockHttpSocket.emit (/workspace/repro/node_modules/.pnpm/@mswjs+interceptors@file+../node_modules/@mswjs/interceptors/lib/node/chunk-EFBKFUZI.js:564:12)
   154.688ms [⏱️2786] [🔧hj1qt08f4xh]     at Socket.<anonymous> (/workspace/repro/node_modules/.pnpm/@mswjs+interceptors@file+../node_modules/@mswjs/interceptors/lib/node/chunk-EFBKFUZI.js:704:12)
   154.726ms [⏱️2786] [🔧hj1qt08f4xh] ✅ onReady
   154.737ms [⏱️2786] [🔧hj1qt08f4xh] 📣 emit ready
   644.952ms [⏱️2644] [🔧5hh1q7cinak] 🔌 onConnect delay from lookup
   644.982ms [⏱️2644] [🔧5hh1q7cinak] ⚠️  HANDLE MISMATCH!
   645.000ms [⏱️2644] [🔧5hh1q7cinak]    My Handle: TCP 🔧=true 🆔=-22 📖=false
   645.027ms [⏱️2644] [🔧5hh1q7cinak]    Socket Handle: TCP 🔧=false 🆔=101 📖=false
   645.053ms [⏱️2644] [🔧5hh1q7cinak]    Object references are different!
   645.090ms [⏱️2644] [🔧5hh1q7cinak] 📣 emit connect
   645.117ms [⏱️2644] [🔧5hh1q7cinak] 🔬 _read(16384) ⏳=false 🔐=undefined 🇺🇸=passthrough 🔗=http://localhost:46477/ origFlowing=true
   645.138ms [⏱️2644] [🔧5hh1q7cinak] 🔧 HANDLE.readStart()
   645.218ms [⏱️2644] [🔧5hh1q7cinak]     at tryReadStart (node:net:705:30)
   645.235ms [⏱️2644] [🔧5hh1q7cinak]     at Socket._read (node:net:722:5)
   645.250ms [⏱️2644] [🔧5hh1q7cinak]     at MockHttpSocket._read (/workspace/repro/node_modules/.pnpm/@mswjs+interceptors@file+../node_modules/@mswjs/interceptors/lib/node/chunk-EFBKFUZI.js:550:11)
   645.265ms [⏱️2644] [🔧5hh1q7cinak]     at MockHttpSocket.<anonymous> (node:net:720:37)
   645.279ms [⏱️2644] [🔧5hh1q7cinak]     at Object.onceWrapper (node:events:638:28)
   645.288ms [⏱️2644] [🔧5hh1q7cinak]     at MockHttpSocket.emit (node:events:524:28)
   645.315ms [⏱️2644] [🔧5hh1q7cinak]     at MockHttpSocket.emit (/workspace/repro/node_modules/.pnpm/@mswjs+interceptors@file+../node_modules/@mswjs/interceptors/lib/node/chunk-EFBKFUZI.js:564:12)
   645.329ms [⏱️2644] [🔧5hh1q7cinak]     at Socket.<anonymous> (/workspace/repro/node_modules/.pnpm/@mswjs+interceptors@file+../node_modules/@mswjs/interceptors/lib/node/chunk-EFBKFUZI.js:704:12)
   645.434ms [⏱️2644] [🔧5hh1q7cinak] ✅ onReady
   645.458ms [⏱️2644] [🔧5hh1q7cinak] 📣 emit ready
   749.081ms [⏱️2636] [🔧dui3r5dftgo] 🔌 onConnect delay from lookup
   749.208ms [⏱️2636] [🔧dui3r5dftgo] ⚠️  HANDLE MISMATCH!
   749.279ms [⏱️2636] [🔧dui3r5dftgo]    My Handle: TCP 🔧=true 🆔=-22 📖=false
   749.317ms [⏱️2636] [🔧dui3r5dftgo]    Socket Handle: TCP 🔧=false 🆔=100 📖=false
   749.327ms [⏱️2636] [🔧dui3r5dftgo]    Object references are different!
   749.348ms [⏱️2636] [🔧dui3r5dftgo] 📣 emit connect
   749.377ms [⏱️2636] [🔧dui3r5dftgo] 🔬 _read(16384) ⏳=false 🔐=undefined 🇺🇸=passthrough 🔗=http://localhost:46477/ origFlowing=true
   749.399ms [⏱️2636] [🔧dui3r5dftgo] 🔧 HANDLE.readStart()
   749.535ms [⏱️2636] [🔧dui3r5dftgo]     at tryReadStart (node:net:705:30)
   749.564ms [⏱️2636] [🔧dui3r5dftgo]     at Socket._read (node:net:722:5)
   749.574ms [⏱️2636] [🔧dui3r5dftgo]     at MockHttpSocket._read (/workspace/repro/node_modules/.pnpm/@mswjs+interceptors@file+../node_modules/@mswjs/interceptors/lib/node/chunk-EFBKFUZI.js:550:11)
   749.614ms [⏱️2636] [🔧dui3r5dftgo]     at MockHttpSocket.<anonymous> (node:net:720:37)
   749.639ms [⏱️2636] [🔧dui3r5dftgo]     at Object.onceWrapper (node:events:638:28)
   749.656ms [⏱️2636] [🔧dui3r5dftgo]     at MockHttpSocket.emit (node:events:524:28)
   749.671ms [⏱️2636] [🔧dui3r5dftgo]     at MockHttpSocket.emit (/workspace/repro/node_modules/.pnpm/@mswjs+interceptors@file+../node_modules/@mswjs/interceptors/lib/node/chunk-EFBKFUZI.js:564:12)
   749.684ms [⏱️2636] [🔧dui3r5dftgo]     at Socket.<anonymous> (/workspace/repro/node_modules/.pnpm/@mswjs+interceptors@file+../node_modules/@mswjs/interceptors/lib/node/chunk-EFBKFUZI.js:704:12)
   749.710ms [⏱️2636] [🔧dui3r5dftgo] ✅ onReady
   749.728ms [⏱️2636] [🔧dui3r5dftgo] 📣 emit ready
   591.950ms [⏱️2721] [🔧d76lcm7nveg] 🔌 onConnect delay from lookup
   592.029ms [⏱️2721] [🔧d76lcm7nveg] ⚠️  HANDLE MISMATCH!
   592.046ms [⏱️2721] [🔧d76lcm7nveg]    My Handle: TCP 🔧=true 🆔=-22 📖=false
   592.063ms [⏱️2721] [🔧d76lcm7nveg]    Socket Handle: TCP 🔧=false 🆔=105 📖=false
   592.121ms [⏱️2721] [🔧d76lcm7nveg]    Object references are different!
   592.154ms [⏱️2721] [🔧d76lcm7nveg] 📣 emit connect
   592.191ms [⏱️2721] [🔧d76lcm7nveg] 🔬 _read(16384) ⏳=false 🔐=undefined 🇺🇸=passthrough 🔗=http://localhost:46477/ origFlowing=true
   592.218ms [⏱️2721] [🔧d76lcm7nveg] 🔧 HANDLE.readStart()
   592.372ms [⏱️2721] [🔧d76lcm7nveg]     at tryReadStart (node:net:705:30)
   592.392ms [⏱️2721] [🔧d76lcm7nveg]     at Socket._read (node:net:722:5)
   592.416ms [⏱️2721] [🔧d76lcm7nveg]     at MockHttpSocket._read (/workspace/repro/node_modules/.pnpm/@mswjs+interceptors@file+../node_modules/@mswjs/interceptors/lib/node/chunk-EFBKFUZI.js:550:11)
   592.433ms [⏱️2721] [🔧d76lcm7nveg]     at MockHttpSocket.<anonymous> (node:net:720:37)
   592.453ms [⏱️2721] [🔧d76lcm7nveg]     at Object.onceWrapper (node:events:638:28)
   592.475ms [⏱️2721] [🔧d76lcm7nveg]     at MockHttpSocket.emit (node:events:524:28)
   592.493ms [⏱️2721] [🔧d76lcm7nveg]     at MockHttpSocket.emit (/workspace/repro/node_modules/.pnpm/@mswjs+interceptors@file+../node_modules/@mswjs/interceptors/lib/node/chunk-EFBKFUZI.js:564:12)
   592.512ms [⏱️2721] [🔧d76lcm7nveg]     at Socket.<anonymous> (/workspace/repro/node_modules/.pnpm/@mswjs+interceptors@file+../node_modules/@mswjs/interceptors/lib/node/chunk-EFBKFUZI.js:704:12)
   592.546ms [⏱️2721] [🔧d76lcm7nveg] ✅ onReady
   592.580ms [⏱️2721] [🔧d76lcm7nveg] 📣 emit ready
   960.566ms [⏱️2416] [🔧c3dxzysvi8j] 🔌 onConnect delay from lookup
   960.634ms [⏱️2416] [🔧c3dxzysvi8j] ⚠️  HANDLE MISMATCH!
   960.659ms [⏱️2416] [🔧c3dxzysvi8j]    My Handle: TCP 🔧=true 🆔=-22 📖=false
   960.675ms [⏱️2416] [🔧c3dxzysvi8j]    Socket Handle: TCP 🔧=false 🆔=97 📖=false
   960.691ms [⏱️2416] [🔧c3dxzysvi8j]    Object references are different!
   960.718ms [⏱️2416] [🔧c3dxzysvi8j] 📣 emit connect
   960.745ms [⏱️2416] [🔧c3dxzysvi8j] 🔬 _read(16384) ⏳=false 🔐=undefined 🇺🇸=passthrough 🔗=http://localhost:46477/ origFlowing=true
   960.769ms [⏱️2416] [🔧c3dxzysvi8j] 🔧 HANDLE.readStart()
   960.918ms [⏱️2416] [🔧c3dxzysvi8j]     at tryReadStart (node:net:705:30)
   960.937ms [⏱️2416] [🔧c3dxzysvi8j]     at Socket._read (node:net:722:5)
   960.945ms [⏱️2416] [🔧c3dxzysvi8j]     at MockHttpSocket._read (/workspace/repro/node_modules/.pnpm/@mswjs+interceptors@file+../node_modules/@mswjs/interceptors/lib/node/chunk-EFBKFUZI.js:550:11)
   960.968ms [⏱️2416] [🔧c3dxzysvi8j]     at MockHttpSocket.<anonymous> (node:net:720:37)
   960.977ms [⏱️2416] [🔧c3dxzysvi8j]     at Object.onceWrapper (node:events:638:28)
   960.991ms [⏱️2416] [🔧c3dxzysvi8j]     at MockHttpSocket.emit (node:events:524:28)
   961.000ms [⏱️2416] [🔧c3dxzysvi8j]     at MockHttpSocket.emit (/workspace/repro/node_modules/.pnpm/@mswjs+interceptors@file+../node_modules/@mswjs/interceptors/lib/node/chunk-EFBKFUZI.js:564:12)
   961.016ms [⏱️2416] [🔧c3dxzysvi8j]     at Socket.<anonymous> (/workspace/repro/node_modules/.pnpm/@mswjs+interceptors@file+../node_modules/@mswjs/interceptors/lib/node/chunk-EFBKFUZI.js:704:12)
   961.039ms [⏱️2416] [🔧c3dxzysvi8j] ✅ onReady
   961.057ms [⏱️2416] [🔧c3dxzysvi8j] 📣 emit ready
   174.398ms [⏱️2839] [🔧qjohfs6jen] 🔌 onConnect delay from lookup
   174.525ms [⏱️2839] [🔧qjohfs6jen] ✅ Handles match
   174.558ms [⏱️2839] [🔧qjohfs6jen] 📣 emit connect
   174.592ms [⏱️2839] [🔧qjohfs6jen] 🔬 _read(16384) ⏳=false 🔐=undefined 🇺🇸=passthrough 🔗=http://localhost:46477/ origFlowing=true
   174.649ms [⏱️2839] [🔧qjohfs6jen] 🔧 HANDLE.readStart()
   174.819ms [⏱️2839] [🔧qjohfs6jen]     at tryReadStart (node:net:705:30)
   174.845ms [⏱️2839] [🔧qjohfs6jen]     at Socket._read (node:net:722:5)
   174.874ms [⏱️2839] [🔧qjohfs6jen]     at MockHttpSocket._read (/workspace/repro/node_modules/.pnpm/@mswjs+interceptors@file+../node_modules/@mswjs/interceptors/lib/node/chunk-EFBKFUZI.js:550:11)
   174.896ms [⏱️2839] [🔧qjohfs6jen]     at MockHttpSocket.<anonymous> (node:net:720:37)
   174.914ms [⏱️2839] [🔧qjohfs6jen]     at Object.onceWrapper (node:events:638:28)
   174.963ms [⏱️2839] [🔧qjohfs6jen]     at MockHttpSocket.emit (node:events:524:28)
   175.005ms [⏱️2839] [🔧qjohfs6jen]     at MockHttpSocket.emit (/workspace/repro/node_modules/.pnpm/@mswjs+interceptors@file+../node_modules/@mswjs/interceptors/lib/node/chunk-EFBKFUZI.js:564:12)
   175.037ms [⏱️2839] [🔧qjohfs6jen]     at Socket.<anonymous> (/workspace/repro/node_modules/.pnpm/@mswjs+interceptors@file+../node_modules/@mswjs/interceptors/lib/node/chunk-EFBKFUZI.js:704:12)
   175.074ms [⏱️2839] [🔧qjohfs6jen] ✅ onReady
   175.103ms [⏱️2839] [🔧qjohfs6jen] 📣 emit ready
  2215.452ms [⏱️1469] [🔧ye6yezc6ezn] 💾 onData 120b
  2215.591ms [⏱️1469] [🔧ye6yezc6ezn] 📤 push([{"type":"Buffer","data":[72,84,84,80,47)
  2215.669ms [⏱️1195] [🔧ye6yezc6ezn] 📨 onResponseStart status=200 🇺🇸=passthrough
  2216.273ms [⏱️1195] [🔧ye6yezc6ezn] 📥 onResponseBody 2b
  2216.351ms [⏱️1195] [🔧ye6yezc6ezn] 🎬 onResponseEnd hasStream=true
  2216.456ms [⏱️1469] [🔧ye6yezc6ezn] 📣 emit data 120 chars
  2216.532ms [⏱️2937] [🔧ye6yezc6ezn] 📖 read([0])
  2216.594ms [⏱️2937] [🔧ye6yezc6ezn] 🔬 _read(16384) ⏳=false 🔐=undefined 🇺🇸=passthrough 🔗=http://localhost:46477/ origFlowing=true
  2216.827ms [⏱️1198] [🔧ye6yezc6ezn] ▶️ resume()
  2217.080ms [⏱️2952] [🔧ye6yezc6ezn] 📣 emit free
     0.002ms [⏱️0] [🔧ydvytufkelh] 🏗️  constructor starting
     0.254ms [⏱️0] [🔧ydvytufkelh] 🏗️  constructor complete http://localhost:46477/
  2218.171ms [⏱️0] [🔧ye6yezc6ezn] 🧨 _destroy ⏳=false 🔐=undefined 🇺🇸=passthrough 🔗=http://localhost:46477/
  2218.242ms [⏱️0] [🔧ye6yezc6ezn] 🔧 HANDLE.close()
  2218.520ms [⏱️0] [🔧ye6yezc6ezn]     at closeSocketHandle (node:net:341:18)
  2218.569ms [⏱️0] [🔧ye6yezc6ezn]     at Socket._destroy (node:net:831:7)
  2218.637ms [⏱️0] [🔧ye6yezc6ezn]     at _destroy (node:internal/streams/destroy:121:10)
  2218.684ms [⏱️0] [🔧ye6yezc6ezn]     at MockHttpSocket.destroy (node:internal/streams/destroy:83:5)
  2218.762ms [⏱️0] [🔧ye6yezc6ezn]     at Writable.destroy (node:internal/streams/writable:1122:11)
  2218.878ms [⏱️0] [🔧ye6yezc6ezn]     at MockHttpSocket.destroy (/workspace/repro/node_modules/.pnpm/@mswjs+interceptors@file+../node_modules/@mswjs/interceptors/lib/node/chunk-EFBKFUZI.js:574:18)
  2218.913ms [⏱️0] [🔧ye6yezc6ezn]     at MockAgent.<anonymous> (node:_http_agent:154:14)
  2218.943ms [⏱️0] [🔧ye6yezc6ezn]     at MockAgent.emit (node:events:524:28)
     1.333ms [⏱️2959] [🔧ydvytufkelh] ▶️ resume()
     1.400ms [⏱️2959] [🔧ydvytufkelh] ✍️  write 95b 🇺🇸=unknown buffered=0
     1.463ms [⏱️2957] [🔧ydvytufkelh] 🚀 onRequestStart path=/ keepAlive=true
     2.130ms [⏱️2959] [🔧ydvytufkelh] ✍️  write 2b 🇺🇸=unknown buffered=1
     2.184ms [⏱️2959] [🔧ydvytufkelh] ✍️  write 9b 🇺🇸=unknown buffered=2
     2.225ms [⏱️2957] [🔧ydvytufkelh] 📦 onRequestBody 9b
     2.278ms [⏱️2959] [🔧ydvytufkelh] ✍️  write 2b 🇺🇸=unknown buffered=3
     2.394ms [⏱️2959] [🔧ydvytufkelh] ✍️  write 5b 🇺🇸=unknown buffered=4
     2.448ms [⏱️2957] [🔧ydvytufkelh] 🏁 onRequestEnd hasStream=true
     2.505ms [⏱️2963] [🔧ydvytufkelh] 📖 read([0])
     2.554ms [⏱️2963] [🔧ydvytufkelh] 🔬 _read(16384) ⏳=true 🔐=undefined 🇺🇸=unknown 🔗=http://localhost:46477/ origFlowing=undefined
     2.643ms [⏱️2963] [🔧ydvytufkelh] 📣 emit resume
     2.689ms [⏱️2963] [🔧ydvytufkelh] 📖 read()
     3.345ms [⏱️0] [🔧ydvytufkelh] 💨 passthrough() 🧨=false ⏳=true
     3.490ms [⏱️0] [🔧ydvytufkelh] 🔌 created originalSocket
     3.530ms [⏱️0] [🔧ydvytufkelh] 🚽 flushing writeBuffer (5 items)
     3.615ms [⏱️2977] [🔧ydvytufkelh] ▶️ onResume
     3.723ms [⏱️2977] [🔧ydvytufkelh] 📣 emit resume
     3.826ms [⏱️2976] [🔧ydvytufkelh] 🔍 onLookup args=[null,"::1",6,"localhost"]
     3.865ms [⏱️2976] [🔧ydvytufkelh] 📣 emit lookup null, "::1", 6, "localhost"
     3.898ms [⏱️2976] [🔧ydvytufkelh] 🔍 onLookup args=[null,"127.0.0.1",4,"localhost"]
     3.924ms [⏱️2976] [🔧ydvytufkelh] 📣 emit lookup null, "127.0.0.1", 4, "localhost"
  1752.915ms [⏱️1799] [🔧bur3a7ar14k] 💾 onData 120b
  1753.153ms [⏱️1799] [🔧bur3a7ar14k] 📤 push([{"type":"Buffer","data":[72,84,84,80,47)
  1753.243ms [⏱️1672] [🔧bur3a7ar14k] 📨 onResponseStart status=200 🇺🇸=passthrough
  1753.879ms [⏱️1672] [🔧bur3a7ar14k] 📥 onResponseBody 2b
  1753.950ms [⏱️1672] [🔧bur3a7ar14k] 🎬 onResponseEnd hasStream=true
  1754.102ms [⏱️1799] [🔧bur3a7ar14k] 📣 emit data 120 chars
  1754.144ms [⏱️2988] [🔧bur3a7ar14k] 📖 read([0])
  1754.170ms [⏱️2988] [🔧bur3a7ar14k] 🔬 _read(16384) ⏳=false 🔐=undefined 🇺🇸=passthrough 🔗=http://localhost:46477/ origFlowing=true
  1754.268ms [⏱️1675] [🔧bur3a7ar14k] ▶️ resume()
  1754.401ms [⏱️3003] [🔧bur3a7ar14k] 📣 emit free
     0.001ms [⏱️0] [🔧fn8mha45qw] 🏗️  constructor starting
     0.090ms [⏱️0] [🔧fn8mha45qw] 🏗️  constructor complete http://localhost:46477/
  1754.965ms [⏱️0] [🔧bur3a7ar14k] 🧨 _destroy ⏳=false 🔐=undefined 🇺🇸=passthrough 🔗=http://localhost:46477/
  1755.019ms [⏱️0] [🔧bur3a7ar14k] 🔧 HANDLE.close()
  1755.191ms [⏱️0] [🔧bur3a7ar14k]     at closeSocketHandle (node:net:341:18)
  1755.220ms [⏱️0] [🔧bur3a7ar14k]     at Socket._destroy (node:net:831:7)
  1755.240ms [⏱️0] [🔧bur3a7ar14k]     at _destroy (node:internal/streams/destroy:121:10)
  1755.258ms [⏱️0] [🔧bur3a7ar14k]     at MockHttpSocket.destroy (node:internal/streams/destroy:83:5)
  1755.276ms [⏱️0] [🔧bur3a7ar14k]     at Writable.destroy (node:internal/streams/writable:1122:11)
  1755.292ms [⏱️0] [🔧bur3a7ar14k]     at MockHttpSocket.destroy (/workspace/repro/node_modules/.pnpm/@mswjs+interceptors@file+../node_modules/@mswjs/interceptors/lib/node/chunk-EFBKFUZI.js:574:18)
  1755.301ms [⏱️0] [🔧bur3a7ar14k]     at MockAgent.<anonymous> (node:_http_agent:154:14)
  1755.316ms [⏱️0] [🔧bur3a7ar14k]     at MockAgent.emit (node:events:524:28)
     0.615ms [⏱️3010] [🔧fn8mha45qw] ▶️ resume()
     0.668ms [⏱️3010] [🔧fn8mha45qw] ✍️  write 95b 🇺🇸=unknown buffered=0
     0.722ms [⏱️3008] [🔧fn8mha45qw] 🚀 onRequestStart path=/ keepAlive=true
     1.275ms [⏱️3010] [🔧fn8mha45qw] ✍️  write 2b 🇺🇸=unknown buffered=1
     1.317ms [⏱️3010] [🔧fn8mha45qw] ✍️  write 9b 🇺🇸=unknown buffered=2
     1.351ms [⏱️3008] [🔧fn8mha45qw] 📦 onRequestBody 9b
     1.382ms [⏱️3010] [🔧fn8mha45qw] ✍️  write 2b 🇺🇸=unknown buffered=3
     1.404ms [⏱️3010] [🔧fn8mha45qw] ✍️  write 5b 🇺🇸=unknown buffered=4
     1.428ms [⏱️3008] [🔧fn8mha45qw] 🏁 onRequestEnd hasStream=true
     1.470ms [⏱️3014] [🔧fn8mha45qw] 📖 read([0])
     1.496ms [⏱️3014] [🔧fn8mha45qw] 🔬 _read(16384) ⏳=true 🔐=undefined 🇺🇸=unknown 🔗=http://localhost:46477/ origFlowing=undefined
     1.531ms [⏱️3014] [🔧fn8mha45qw] 📣 emit resume
     1.548ms [⏱️3014] [🔧fn8mha45qw] 📖 read()
     2.041ms [⏱️0] [🔧fn8mha45qw] 💨 passthrough() 🧨=false ⏳=true
     2.152ms [⏱️0] [🔧fn8mha45qw] 🔌 created originalSocket
     2.182ms [⏱️0] [🔧fn8mha45qw] 🚽 flushing writeBuffer (5 items)
     2.270ms [⏱️3028] [🔧fn8mha45qw] ▶️ onResume
     2.286ms [⏱️3028] [🔧fn8mha45qw] 📣 emit resume
  1910.925ms [⏱️1719] [🔧14rulic9q4h] 💾 onData 120b
  1910.970ms [⏱️1719] [🔧14rulic9q4h] 📤 push([{"type":"Buffer","data":[72,84,84,80,47)
  1911.004ms [⏱️1605] [🔧14rulic9q4h] 📨 onResponseStart status=200 🇺🇸=passthrough
  1911.264ms [⏱️1605] [🔧14rulic9q4h] 📥 onResponseBody 2b
  1911.304ms [⏱️1605] [🔧14rulic9q4h] 🎬 onResponseEnd hasStream=true
  1911.345ms [⏱️1719] [🔧14rulic9q4h] 📣 emit data 120 chars
  1911.378ms [⏱️3033] [🔧14rulic9q4h] 📖 read([0])
  1911.404ms [⏱️3033] [🔧14rulic9q4h] 🔬 _read(16384) ⏳=false 🔐=undefined 🇺🇸=passthrough 🔗=http://localhost:46477/ origFlowing=true
  1911.478ms [⏱️1608] [🔧14rulic9q4h] ▶️ resume()
  1911.584ms [⏱️3048] [🔧14rulic9q4h] 📣 emit free
     0.001ms [⏱️0] [🔧oiqe9ohurih] 🏗️  constructor starting
     0.073ms [⏱️0] [🔧oiqe9ohurih] 🏗️  constructor complete http://localhost:46477/
  1911.945ms [⏱️0] [🔧14rulic9q4h] 🧨 _destroy ⏳=false 🔐=undefined 🇺🇸=passthrough 🔗=http://localhost:46477/
  1911.977ms [⏱️0] [🔧14rulic9q4h] 🔧 HANDLE.close()
  1912.068ms [⏱️0] [🔧14rulic9q4h]     at closeSocketHandle (node:net:341:18)
  1912.090ms [⏱️0] [🔧14rulic9q4h]     at Socket._destroy (node:net:831:7)
  1912.109ms [⏱️0] [🔧14rulic9q4h]     at _destroy (node:internal/streams/destroy:121:10)
  1912.125ms [⏱️0] [🔧14rulic9q4h]     at MockHttpSocket.destroy (node:internal/streams/destroy:83:5)
  1912.141ms [⏱️0] [🔧14rulic9q4h]     at Writable.destroy (node:internal/streams/writable:1122:11)
  1912.160ms [⏱️0] [🔧14rulic9q4h]     at MockHttpSocket.destroy (/workspace/repro/node_modules/.pnpm/@mswjs+interceptors@file+../node_modules/@mswjs/interceptors/lib/node/chunk-EFBKFUZI.js:574:18)
  1912.180ms [⏱️0] [🔧14rulic9q4h]     at MockAgent.<anonymous> (node:_http_agent:154:14)
  1912.190ms [⏱️0] [🔧14rulic9q4h]     at MockAgent.emit (node:events:524:28)
     0.453ms [⏱️3055] [🔧oiqe9ohurih] ▶️ resume()
     0.480ms [⏱️3055] [🔧oiqe9ohurih] ✍️  write 95b 🇺🇸=unknown buffered=0
     0.507ms [⏱️3053] [🔧oiqe9ohurih] 🚀 onRequestStart path=/ keepAlive=true
     0.783ms [⏱️3055] [🔧oiqe9ohurih] ✍️  write 2b 🇺🇸=unknown buffered=1
     0.804ms [⏱️3055] [🔧oiqe9ohurih] ✍️  write 9b 🇺🇸=unknown buffered=2
     0.827ms [⏱️3053] [🔧oiqe9ohurih] 📦 onRequestBody 9b
     0.849ms [⏱️3055] [🔧oiqe9ohurih] ✍️  write 2b 🇺🇸=unknown buffered=3
     0.867ms [⏱️3055] [🔧oiqe9ohurih] ✍️  write 5b 🇺🇸=unknown buffered=4
     0.892ms [⏱️3053] [🔧oiqe9ohurih] 🏁 onRequestEnd hasStream=true
     0.920ms [⏱️3059] [🔧oiqe9ohurih] 📖 read([0])
     0.942ms [⏱️3059] [🔧oiqe9ohurih] 🔬 _read(16384) ⏳=true 🔐=undefined 🇺🇸=unknown 🔗=http://localhost:46477/ origFlowing=undefined
     0.964ms [⏱️3059] [🔧oiqe9ohurih] 📣 emit resume
     0.981ms [⏱️3059] [🔧oiqe9ohurih] 📖 read()
     1.375ms [⏱️0] [🔧oiqe9ohurih] 💨 passthrough() 🧨=false ⏳=true
     1.473ms [⏱️0] [🔧oiqe9ohurih] 🔌 created originalSocket
     1.503ms [⏱️0] [🔧oiqe9ohurih] 🚽 flushing writeBuffer (5 items)
     1.546ms [⏱️3073] [🔧oiqe9ohurih] ▶️ onResume
     1.560ms [⏱️3073] [🔧oiqe9ohurih] 📣 emit resume
     4.796ms [⏱️3027] [🔧fn8mha45qw] 🔍 onLookup args=[null,"::1",6,"localhost"]
     4.811ms [⏱️3027] [🔧fn8mha45qw] 📣 emit lookup null, "::1", 6, "localhost"
     4.828ms [⏱️3027] [🔧fn8mha45qw] 🔍 onLookup args=[null,"127.0.0.1",4,"localhost"]
     4.846ms [⏱️3027] [🔧fn8mha45qw] 📣 emit lookup null, "127.0.0.1", 4, "localhost"
  1087.801ms [⏱️2415] [🔧c3dxzysvi8j] 💾 onData 120b
  1087.833ms [⏱️2415] [🔧c3dxzysvi8j] 📤 push([{"type":"Buffer","data":[72,84,84,80,47)
  1087.855ms [⏱️2158] [🔧c3dxzysvi8j] 📨 onResponseStart status=200 🇺🇸=passthrough
  1088.092ms [⏱️2158] [🔧c3dxzysvi8j] 📥 onResponseBody 2b
  1088.131ms [⏱️2158] [🔧c3dxzysvi8j] 🎬 onResponseEnd hasStream=true
  1088.160ms [⏱️2415] [🔧c3dxzysvi8j] 📣 emit data 120 chars
  1088.214ms [⏱️3081] [🔧c3dxzysvi8j] 📖 read([0])
  1088.235ms [⏱️3081] [🔧c3dxzysvi8j] 🔬 _read(16384) ⏳=false 🔐=undefined 🇺🇸=passthrough 🔗=http://localhost:46477/ origFlowing=true
  1088.305ms [⏱️2161] [🔧c3dxzysvi8j] ▶️ resume()
  1088.420ms [⏱️3096] [🔧c3dxzysvi8j] 📣 emit free
     0.001ms [⏱️0] [🔧mi0mv9izcwl] 🏗️  constructor starting
     0.051ms [⏱️0] [🔧mi0mv9izcwl] 🏗️  constructor complete http://localhost:46477/
  1088.733ms [⏱️0] [🔧c3dxzysvi8j] 🧨 _destroy ⏳=false 🔐=undefined 🇺🇸=passthrough 🔗=http://localhost:46477/
  1088.753ms [⏱️0] [🔧c3dxzysvi8j] 🔧 HANDLE.close()
  1088.834ms [⏱️0] [🔧c3dxzysvi8j]     at closeSocketHandle (node:net:341:18)
  1088.846ms [⏱️0] [🔧c3dxzysvi8j]     at Socket._destroy (node:net:831:7)
  1088.854ms [⏱️0] [🔧c3dxzysvi8j]     at _destroy (node:internal/streams/destroy:121:10)
  1088.862ms [⏱️0] [🔧c3dxzysvi8j]     at MockHttpSocket.destroy (node:internal/streams/destroy:83:5)
  1088.871ms [⏱️0] [🔧c3dxzysvi8j]     at Writable.destroy (node:internal/streams/writable:1122:11)
  1088.879ms [⏱️0] [🔧c3dxzysvi8j]     at MockHttpSocket.destroy (/workspace/repro/node_modules/.pnpm/@mswjs+interceptors@file+../node_modules/@mswjs/interceptors/lib/node/chunk-EFBKFUZI.js:574:18)
  1088.889ms [⏱️0] [🔧c3dxzysvi8j]     at MockAgent.<anonymous> (node:_http_agent:154:14)
  1088.896ms [⏱️0] [🔧c3dxzysvi8j]     at MockAgent.emit (node:events:524:28)
     0.302ms [⏱️3103] [🔧mi0mv9izcwl] ▶️ resume()
     0.324ms [⏱️3103] [🔧mi0mv9izcwl] ✍️  write 95b 🇺🇸=unknown buffered=0
     0.361ms [⏱️3101] [🔧mi0mv9izcwl] 🚀 onRequestStart path=/ keepAlive=true
     1.005ms [⏱️3103] [🔧mi0mv9izcwl] ✍️  write 2b 🇺🇸=unknown buffered=1
     1.055ms [⏱️3103] [🔧mi0mv9izcwl] ✍️  write 9b 🇺🇸=unknown buffered=2
     1.080ms [⏱️3101] [🔧mi0mv9izcwl] 📦 onRequestBody 9b
     1.100ms [⏱️3103] [🔧mi0mv9izcwl] ✍️  write 2b 🇺🇸=unknown buffered=3
     1.112ms [⏱️3103] [🔧mi0mv9izcwl] ✍️  write 5b 🇺🇸=unknown buffered=4
     1.127ms [⏱️3101] [🔧mi0mv9izcwl] 🏁 onRequestEnd hasStream=true
     1.159ms [⏱️3107] [🔧mi0mv9izcwl] 📖 read([0])
     1.177ms [⏱️3107] [🔧mi0mv9izcwl] 🔬 _read(16384) ⏳=true 🔐=undefined 🇺🇸=unknown 🔗=http://localhost:46477/ origFlowing=undefined
     1.195ms [⏱️3107] [🔧mi0mv9izcwl] 📣 emit resume
     1.206ms [⏱️3107] [🔧mi0mv9izcwl] 📖 read()
     1.664ms [⏱️0] [🔧mi0mv9izcwl] 💨 passthrough() 🧨=false ⏳=true
     1.826ms [⏱️0] [🔧mi0mv9izcwl] 🔌 created originalSocket
     1.859ms [⏱️0] [🔧mi0mv9izcwl] 🚽 flushing writeBuffer (5 items)
     1.910ms [⏱️3121] [🔧mi0mv9izcwl] ▶️ onResume
     1.934ms [⏱️3121] [🔧mi0mv9izcwl] 📣 emit resume
     4.575ms [⏱️3072] [🔧oiqe9ohurih] 🔍 onLookup args=[null,"::1",6,"localhost"]
     4.591ms [⏱️3072] [🔧oiqe9ohurih] 📣 emit lookup null, "::1", 6, "localhost"
     4.606ms [⏱️3072] [🔧oiqe9ohurih] 🔍 onLookup args=[null,"127.0.0.1",4,"localhost"]
     4.618ms [⏱️3072] [🔧oiqe9ohurih] 📣 emit lookup null, "127.0.0.1", 4, "localhost"
     2.354ms [⏱️3120] [🔧mi0mv9izcwl] 🔍 onLookup args=[null,"::1",6,"localhost"]
     2.389ms [⏱️3120] [🔧mi0mv9izcwl] 📣 emit lookup null, "::1", 6, "localhost"
     2.412ms [⏱️3120] [🔧mi0mv9izcwl] 🔍 onLookup args=[null,"127.0.0.1",4,"localhost"]
     2.424ms [⏱️3120] [🔧mi0mv9izcwl] 📣 emit lookup null, "127.0.0.1", 4, "localhost"
   258.750ms [⏱️2898] [🔧m6sibx21sbe] 🔧 HANDLE.close()
   258.905ms [⏱️2898] [🔧m6sibx21sbe]     at Timeout.internalConnectMultipleTimeout [as _onTimeout] (node:net:1712:10)
   258.921ms [⏱️2898] [🔧m6sibx21sbe]     at listOnTimeout (node:internal/timers:583:11)
   258.931ms [⏱️2898] [🔧m6sibx21sbe]     at process.processTimers (node:internal/timers:519:7)
   259.010ms [⏱️2898] [🔧m6sibx21sbe] 🔧 HANDLE.close()
   259.077ms [⏱️2898] [🔧m6sibx21sbe]     at Socket.reinitializeHandle (node:net:1265:17)
   259.097ms [⏱️2898] [🔧m6sibx21sbe]     at internalConnectMultiple (node:net:1131:30)
   259.118ms [⏱️2898] [🔧m6sibx21sbe]     at Timeout.internalConnectMultipleTimeout (node:net:1716:5)
   259.132ms [⏱️2898] [🔧m6sibx21sbe]     at listOnTimeout (node:internal/timers:583:11)
   259.142ms [⏱️2898] [🔧m6sibx21sbe]     at process.processTimers (node:internal/timers:519:7)
   741.981ms [⏱️2724] [🔧7wmcu84b48d] 🔌 onConnect delay from lookup
   742.013ms [⏱️2724] [🔧7wmcu84b48d] ⚠️  HANDLE MISMATCH!
   742.055ms [⏱️2724] [🔧7wmcu84b48d]    My Handle: TCP 🔧=true 🆔=-22 📖=false
   742.077ms [⏱️2724] [🔧7wmcu84b48d]    Socket Handle: TCP 🔧=false 🆔=106 📖=false
   742.099ms [⏱️2724] [🔧7wmcu84b48d]    Object references are different!
   742.117ms [⏱️2724] [🔧7wmcu84b48d] 📣 emit connect
   742.152ms [⏱️2724] [🔧7wmcu84b48d] 🔬 _read(16384) ⏳=false 🔐=undefined 🇺🇸=passthrough 🔗=http://localhost:46477/ origFlowing=true
   742.172ms [⏱️2724] [🔧7wmcu84b48d] 🔧 HANDLE.readStart()
   742.286ms [⏱️2724] [🔧7wmcu84b48d]     at tryReadStart (node:net:705:30)
   742.306ms [⏱️2724] [🔧7wmcu84b48d]     at Socket._read (node:net:722:5)
   742.315ms [⏱️2724] [🔧7wmcu84b48d]     at MockHttpSocket._read (/workspace/repro/node_modules/.pnpm/@mswjs+interceptors@file+../node_modules/@mswjs/interceptors/lib/node/chunk-EFBKFUZI.js:550:11)
   742.324ms [⏱️2724] [🔧7wmcu84b48d]     at MockHttpSocket.<anonymous> (node:net:720:37)
   742.336ms [⏱️2724] [🔧7wmcu84b48d]     at Object.onceWrapper (node:events:638:28)
   742.346ms [⏱️2724] [🔧7wmcu84b48d]     at MockHttpSocket.emit (node:events:524:28)
   742.353ms [⏱️2724] [🔧7wmcu84b48d]     at MockHttpSocket.emit (/workspace/repro/node_modules/.pnpm/@mswjs+interceptors@file+../node_modules/@mswjs/interceptors/lib/node/chunk-EFBKFUZI.js:564:12)
   742.361ms [⏱️2724] [🔧7wmcu84b48d]     at Socket.<anonymous> (/workspace/repro/node_modules/.pnpm/@mswjs+interceptors@file+../node_modules/@mswjs/interceptors/lib/node/chunk-EFBKFUZI.js:704:12)
   742.385ms [⏱️2724] [🔧7wmcu84b48d] ✅ onReady
   742.402ms [⏱️2724] [🔧7wmcu84b48d] 📣 emit ready
   892.061ms [⏱️2643] [🔧5hh1q7cinak] 💾 onData 120b
   892.184ms [⏱️2643] [🔧5hh1q7cinak] 📤 push([{"type":"Buffer","data":[72,84,84,80,47)
   892.250ms [⏱️2345] [🔧5hh1q7cinak] 📨 onResponseStart status=200 🇺🇸=passthrough
   892.617ms [⏱️2345] [🔧5hh1q7cinak] 📥 onResponseBody 2b
   892.653ms [⏱️2345] [🔧5hh1q7cinak] 🎬 onResponseEnd hasStream=true
   892.749ms [⏱️2643] [🔧5hh1q7cinak] 📣 emit data 120 chars
   892.805ms [⏱️3149] [🔧5hh1q7cinak] 📖 read([0])
   892.832ms [⏱️3149] [🔧5hh1q7cinak] 🔬 _read(16384) ⏳=false 🔐=undefined 🇺🇸=passthrough 🔗=http://localhost:46477/ origFlowing=true
   892.927ms [⏱️2348] [🔧5hh1q7cinak] ▶️ resume()
   893.117ms [⏱️3164] [🔧5hh1q7cinak] 📣 emit free
     0.001ms [⏱️0] [🔧kvgdb209wx] 🏗️  constructor starting
     0.076ms [⏱️0] [🔧kvgdb209wx] 🏗️  constructor complete http://localhost:46477/
   893.597ms [⏱️0] [🔧5hh1q7cinak] 🧨 _destroy ⏳=false 🔐=undefined 🇺🇸=passthrough 🔗=http://localhost:46477/
   893.633ms [⏱️0] [🔧5hh1q7cinak] 🔧 HANDLE.close()
   893.775ms [⏱️0] [🔧5hh1q7cinak]     at closeSocketHandle (node:net:341:18)
   893.796ms [⏱️0] [🔧5hh1q7cinak]     at Socket._destroy (node:net:831:7)
   893.805ms [⏱️0] [🔧5hh1q7cinak]     at _destroy (node:internal/streams/destroy:121:10)
   893.819ms [⏱️0] [🔧5hh1q7cinak]     at MockHttpSocket.destroy (node:internal/streams/destroy:83:5)
   893.836ms [⏱️0] [🔧5hh1q7cinak]     at Writable.destroy (node:internal/streams/writable:1122:11)
   893.850ms [⏱️0] [🔧5hh1q7cinak]     at MockHttpSocket.destroy (/workspace/repro/node_modules/.pnpm/@mswjs+interceptors@file+../node_modules/@mswjs/interceptors/lib/node/chunk-EFBKFUZI.js:574:18)
   893.867ms [⏱️0] [🔧5hh1q7cinak]     at MockAgent.<anonymous> (node:_http_agent:154:14)
   893.879ms [⏱️0] [🔧5hh1q7cinak]     at MockAgent.emit (node:events:524:28)
     0.533ms [⏱️3171] [🔧kvgdb209wx] ▶️ resume()
     0.582ms [⏱️3171] [🔧kvgdb209wx] ✍️  write 95b 🇺🇸=unknown buffered=0
     0.625ms [⏱️3169] [🔧kvgdb209wx] 🚀 onRequestStart path=/ keepAlive=true
     1.041ms [⏱️3171] [🔧kvgdb209wx] ✍️  write 2b 🇺🇸=unknown buffered=1
     1.068ms [⏱️3171] [🔧kvgdb209wx] ✍️  write 9b 🇺🇸=unknown buffered=2
     1.096ms [⏱️3169] [🔧kvgdb209wx] 📦 onRequestBody 9b
     1.120ms [⏱️3171] [🔧kvgdb209wx] ✍️  write 2b 🇺🇸=unknown buffered=3
     1.139ms [⏱️3171] [🔧kvgdb209wx] ✍️  write 5b 🇺🇸=unknown buffered=4
     1.160ms [⏱️3169] [🔧kvgdb209wx] 🏁 onRequestEnd hasStream=true
     1.193ms [⏱️3175] [🔧kvgdb209wx] 📖 read([0])
     1.212ms [⏱️3175] [🔧kvgdb209wx] 🔬 _read(16384) ⏳=true 🔐=undefined 🇺🇸=unknown 🔗=http://localhost:46477/ origFlowing=undefined
     1.249ms [⏱️3175] [🔧kvgdb209wx] 📣 emit resume
     1.265ms [⏱️3175] [🔧kvgdb209wx] 📖 read()
     1.752ms [⏱️0] [🔧kvgdb209wx] 💨 passthrough() 🧨=false ⏳=true
     2.078ms [⏱️0] [🔧kvgdb209wx] 🔌 created originalSocket
     2.130ms [⏱️0] [🔧kvgdb209wx] 🚽 flushing writeBuffer (5 items)
     2.203ms [⏱️3189] [🔧kvgdb209wx] ▶️ onResume
     2.227ms [⏱️3189] [🔧kvgdb209wx] 📣 emit resume
     2.365ms [⏱️3188] [🔧kvgdb209wx] 🔍 onLookup args=[null,"::1",6,"localhost"]
     2.406ms [⏱️3188] [🔧kvgdb209wx] 📣 emit lookup null, "::1", 6, "localhost"
     2.433ms [⏱️3188] [🔧kvgdb209wx] 🔍 onLookup args=[null,"127.0.0.1",4,"localhost"]
     2.453ms [⏱️3188] [🔧kvgdb209wx] 📣 emit lookup null, "127.0.0.1", 4, "localhost"
  2228.569ms [⏱️1633] [🔧z6yvnznos8] 💾 onData 120b
  2228.658ms [⏱️1633] [🔧z6yvnznos8] 📤 push([{"type":"Buffer","data":[72,84,84,80,47)
  2228.690ms [⏱️1381] [🔧z6yvnznos8] 📨 onResponseStart status=200 🇺🇸=passthrough
  2228.951ms [⏱️1381] [🔧z6yvnznos8] 📥 onResponseBody 2b
  2228.975ms [⏱️1381] [🔧z6yvnznos8] 🎬 onResponseEnd hasStream=true
  2229.034ms [⏱️1633] [🔧z6yvnznos8] 📣 emit data 120 chars
  2229.065ms [⏱️3200] [🔧z6yvnznos8] 📖 read([0])
  2229.084ms [⏱️3200] [🔧z6yvnznos8] 🔬 _read(16384) ⏳=false 🔐=undefined 🇺🇸=passthrough 🔗=http://localhost:46477/ origFlowing=true
  2229.160ms [⏱️1384] [🔧z6yvnznos8] ▶️ resume()
  2229.322ms [⏱️3215] [🔧z6yvnznos8] 📣 emit free
     0.001ms [⏱️0] [🔧rq0upyy7zsk] 🏗️  constructor starting
     0.070ms [⏱️0] [🔧rq0upyy7zsk] 🏗️  constructor complete http://localhost:46477/
  2229.731ms [⏱️0] [🔧z6yvnznos8] 🧨 _destroy ⏳=false 🔐=undefined 🇺🇸=passthrough 🔗=http://localhost:46477/
  2229.765ms [⏱️0] [🔧z6yvnznos8] 🔧 HANDLE.close()
  2229.889ms [⏱️0] [🔧z6yvnznos8]     at closeSocketHandle (node:net:341:18)
  2229.913ms [⏱️0] [🔧z6yvnznos8]     at Socket._destroy (node:net:831:7)
  2229.955ms [⏱️0] [🔧z6yvnznos8]     at _destroy (node:internal/streams/destroy:121:10)
  2230.004ms [⏱️0] [🔧z6yvnznos8]     at MockHttpSocket.destroy (node:internal/streams/destroy:83:5)
  2230.018ms [⏱️0] [🔧z6yvnznos8]     at Writable.destroy (node:internal/streams/writable:1122:11)
  2230.029ms [⏱️0] [🔧z6yvnznos8]     at MockHttpSocket.destroy (/workspace/repro/node_modules/.pnpm/@mswjs+interceptors@file+../node_modules/@mswjs/interceptors/lib/node/chunk-EFBKFUZI.js:574:18)
  2230.039ms [⏱️0] [🔧z6yvnznos8]     at MockAgent.<anonymous> (node:_http_agent:154:14)
  2230.058ms [⏱️0] [🔧z6yvnznos8]     at MockAgent.emit (node:events:524:28)
     0.556ms [⏱️3222] [🔧rq0upyy7zsk] ▶️ resume()
     0.601ms [⏱️3222] [🔧rq0upyy7zsk] ✍️  write 95b 🇺🇸=unknown buffered=0
     0.648ms [⏱️3220] [🔧rq0upyy7zsk] 🚀 onRequestStart path=/ keepAlive=true
     1.116ms [⏱️3222] [🔧rq0upyy7zsk] ✍️  write 2b 🇺🇸=unknown buffered=1
     1.157ms [⏱️3222] [🔧rq0upyy7zsk] ✍️  write 9b 🇺🇸=unknown buffered=2
     1.192ms [⏱️3220] [🔧rq0upyy7zsk] 📦 onRequestBody 9b
     1.227ms [⏱️3222] [🔧rq0upyy7zsk] ✍️  write 2b 🇺🇸=unknown buffered=3
     1.253ms [⏱️3222] [🔧rq0upyy7zsk] ✍️  write 5b 🇺🇸=unknown buffered=4
     1.272ms [⏱️3220] [🔧rq0upyy7zsk] 🏁 onRequestEnd hasStream=true
     1.335ms [⏱️3226] [🔧rq0upyy7zsk] 📖 read([0])
     1.366ms [⏱️3226] [🔧rq0upyy7zsk] 🔬 _read(16384) ⏳=true 🔐=undefined 🇺🇸=unknown 🔗=http://localhost:46477/ origFlowing=undefined
     1.402ms [⏱️3226] [🔧rq0upyy7zsk] 📣 emit resume
     1.472ms [⏱️3226] [🔧rq0upyy7zsk] 📖 read()
     1.979ms [⏱️0] [🔧rq0upyy7zsk] 💨 passthrough() 🧨=false ⏳=true
     2.095ms [⏱️0] [🔧rq0upyy7zsk] 🔌 created originalSocket
     2.122ms [⏱️0] [🔧rq0upyy7zsk] 🚽 flushing writeBuffer (5 items)
     2.186ms [⏱️3240] [🔧rq0upyy7zsk] ▶️ onResume
     2.205ms [⏱️3240] [🔧rq0upyy7zsk] 📣 emit resume
     2.327ms [⏱️3239] [🔧rq0upyy7zsk] 🔍 onLookup args=[null,"::1",6,"localhost"]
     2.363ms [⏱️3239] [🔧rq0upyy7zsk] 📣 emit lookup null, "::1", 6, "localhost"
     2.381ms [⏱️3239] [🔧rq0upyy7zsk] 🔍 onLookup args=[null,"127.0.0.1",4,"localhost"]
     2.403ms [⏱️3239] [🔧rq0upyy7zsk] 📣 emit lookup null, "127.0.0.1", 4, "localhost"
  1110.854ms [⏱️2522] [🔧r2zcdbw2hya] 🔌 onConnect delay from lookup
  1110.903ms [⏱️2522] [🔧r2zcdbw2hya] ⚠️  HANDLE MISMATCH!
  1110.926ms [⏱️2522] [🔧r2zcdbw2hya]    My Handle: TCP 🔧=true 🆔=-22 📖=false
  1110.945ms [⏱️2522] [🔧r2zcdbw2hya]    Socket Handle: TCP 🔧=false 🆔=99 📖=false
  1110.963ms [⏱️2522] [🔧r2zcdbw2hya]    Object references are different!
  1110.993ms [⏱️2522] [🔧r2zcdbw2hya] 📣 emit connect
  1111.019ms [⏱️2522] [🔧r2zcdbw2hya] 🔬 _read(16384) ⏳=false 🔐=undefined 🇺🇸=passthrough 🔗=http://localhost:46477/ origFlowing=true
  1111.043ms [⏱️2522] [🔧r2zcdbw2hya] 🔧 HANDLE.readStart()
  1111.165ms [⏱️2522] [🔧r2zcdbw2hya]     at tryReadStart (node:net:705:30)
  1111.198ms [⏱️2522] [🔧r2zcdbw2hya]     at Socket._read (node:net:722:5)
  1111.210ms [⏱️2522] [🔧r2zcdbw2hya]     at MockHttpSocket._read (/workspace/repro/node_modules/.pnpm/@mswjs+interceptors@file+../node_modules/@mswjs/interceptors/lib/node/chunk-EFBKFUZI.js:550:11)
  1111.227ms [⏱️2522] [🔧r2zcdbw2hya]     at MockHttpSocket.<anonymous> (node:net:720:37)
  1111.265ms [⏱️2522] [🔧r2zcdbw2hya]     at Object.onceWrapper (node:events:638:28)
  1111.292ms [⏱️2522] [🔧r2zcdbw2hya]     at MockHttpSocket.emit (node:events:524:28)
  1111.307ms [⏱️2522] [🔧r2zcdbw2hya]     at MockHttpSocket.emit (/workspace/repro/node_modules/.pnpm/@mswjs+interceptors@file+../node_modules/@mswjs/interceptors/lib/node/chunk-EFBKFUZI.js:564:12)
  1111.320ms [⏱️2522] [🔧r2zcdbw2hya]     at Socket.<anonymous> (/workspace/repro/node_modules/.pnpm/@mswjs+interceptors@file+../node_modules/@mswjs/interceptors/lib/node/chunk-EFBKFUZI.js:704:12)
  1111.348ms [⏱️2522] [🔧r2zcdbw2hya] ✅ onReady
  1111.367ms [⏱️2522] [🔧r2zcdbw2hya] 📣 emit ready
   830.483ms [⏱️2730] [🔧pkmbb5s9jx] 🔌 onConnect delay from lookup
   830.530ms [⏱️2730] [🔧pkmbb5s9jx] ⚠️  HANDLE MISMATCH!
   830.544ms [⏱️2730] [🔧pkmbb5s9jx]    My Handle: TCP 🔧=true 🆔=-22 📖=false
   830.563ms [⏱️2730] [🔧pkmbb5s9jx]    Socket Handle: TCP 🔧=false 🆔=107 📖=false
   830.580ms [⏱️2730] [🔧pkmbb5s9jx]    Object references are different!
   830.624ms [⏱️2730] [🔧pkmbb5s9jx] 📣 emit connect
   830.660ms [⏱️2730] [🔧pkmbb5s9jx] 🔬 _read(16384) ⏳=false 🔐=undefined 🇺🇸=passthrough 🔗=http://localhost:46477/ origFlowing=true
   830.691ms [⏱️2730] [🔧pkmbb5s9jx] 🔧 HANDLE.readStart()
   830.791ms [⏱️2730] [🔧pkmbb5s9jx]     at tryReadStart (node:net:705:30)
   830.807ms [⏱️2730] [🔧pkmbb5s9jx]     at Socket._read (node:net:722:5)
   830.818ms [⏱️2730] [🔧pkmbb5s9jx]     at MockHttpSocket._read (/workspace/repro/node_modules/.pnpm/@mswjs+interceptors@file+../node_modules/@mswjs/interceptors/lib/node/chunk-EFBKFUZI.js:550:11)
   830.833ms [⏱️2730] [🔧pkmbb5s9jx]     at MockHttpSocket.<anonymous> (node:net:720:37)
   830.855ms [⏱️2730] [🔧pkmbb5s9jx]     at Object.onceWrapper (node:events:638:28)
   830.868ms [⏱️2730] [🔧pkmbb5s9jx]     at MockHttpSocket.emit (node:events:524:28)
   830.883ms [⏱️2730] [🔧pkmbb5s9jx]     at MockHttpSocket.emit (/workspace/repro/node_modules/.pnpm/@mswjs+interceptors@file+../node_modules/@mswjs/interceptors/lib/node/chunk-EFBKFUZI.js:564:12)
   830.893ms [⏱️2730] [🔧pkmbb5s9jx]     at Socket.<anonymous> (/workspace/repro/node_modules/.pnpm/@mswjs+interceptors@file+../node_modules/@mswjs/interceptors/lib/node/chunk-EFBKFUZI.js:704:12)
   830.959ms [⏱️2730] [🔧pkmbb5s9jx] ✅ onReady
   830.989ms [⏱️2730] [🔧pkmbb5s9jx] 📣 emit ready
   150.466ms [⏱️3124] [🔧oiqe9ohurih] 🔌 onConnect delay from lookup
   150.517ms [⏱️3124] [🔧oiqe9ohurih] ✅ Handles match
   150.544ms [⏱️3124] [🔧oiqe9ohurih] 📣 emit connect
   150.614ms [⏱️3124] [🔧oiqe9ohurih] 🔬 _read(16384) ⏳=false 🔐=undefined 🇺🇸=passthrough 🔗=http://localhost:46477/ origFlowing=true
   150.643ms [⏱️3124] [🔧oiqe9ohurih] 🔧 HANDLE.readStart()
   150.754ms [⏱️3124] [🔧oiqe9ohurih]     at tryReadStart (node:net:705:30)
   150.774ms [⏱️3124] [🔧oiqe9ohurih]     at Socket._read (node:net:722:5)
   150.786ms [⏱️3124] [🔧oiqe9ohurih]     at MockHttpSocket._read (/workspace/repro/node_modules/.pnpm/@mswjs+interceptors@file+../node_modules/@mswjs/interceptors/lib/node/chunk-EFBKFUZI.js:550:11)
   150.798ms [⏱️3124] [🔧oiqe9ohurih]     at MockHttpSocket.<anonymous> (node:net:720:37)
   150.820ms [⏱️3124] [🔧oiqe9ohurih]     at Object.onceWrapper (node:events:638:28)
   150.830ms [⏱️3124] [🔧oiqe9ohurih]     at MockHttpSocket.emit (node:events:524:28)
   150.847ms [⏱️3124] [🔧oiqe9ohurih]     at MockHttpSocket.emit (/workspace/repro/node_modules/.pnpm/@mswjs+interceptors@file+../node_modules/@mswjs/interceptors/lib/node/chunk-EFBKFUZI.js:564:12)
   150.866ms [⏱️3124] [🔧oiqe9ohurih]     at Socket.<anonymous> (/workspace/repro/node_modules/.pnpm/@mswjs+interceptors@file+../node_modules/@mswjs/interceptors/lib/node/chunk-EFBKFUZI.js:704:12)
   150.903ms [⏱️3124] [🔧oiqe9ohurih] ✅ onReady
   150.915ms [⏱️3124] [🔧oiqe9ohurih] 📣 emit ready
   255.292ms [⏱️2981] [🔧ydvytufkelh] 🔧 HANDLE.close()
   255.494ms [⏱️2981] [🔧ydvytufkelh]     at Timeout.internalConnectMultipleTimeout [as _onTimeout] (node:net:1712:10)
   255.521ms [⏱️2981] [🔧ydvytufkelh]     at listOnTimeout (node:internal/timers:583:11)
   255.545ms [⏱️2981] [🔧ydvytufkelh]     at process.processTimers (node:internal/timers:519:7)
   255.641ms [⏱️2981] [🔧ydvytufkelh] 🔧 HANDLE.close()
   255.700ms [⏱️2981] [🔧ydvytufkelh]     at Socket.reinitializeHandle (node:net:1265:17)
   255.725ms [⏱️2981] [🔧ydvytufkelh]     at internalConnectMultiple (node:net:1131:30)
   255.743ms [⏱️2981] [🔧ydvytufkelh]     at Timeout.internalConnectMultipleTimeout (node:net:1716:5)
   255.762ms [⏱️2981] [🔧ydvytufkelh]     at listOnTimeout (node:internal/timers:583:11)
   255.779ms [⏱️2981] [🔧ydvytufkelh]     at process.processTimers (node:internal/timers:519:7)
  1493.365ms [⏱️2189] [🔧jxcsaphkm98] 💾 onData 120b
  1493.460ms [⏱️2189] [🔧jxcsaphkm98] 📤 push([{"type":"Buffer","data":[72,84,84,80,47)
  1493.493ms [⏱️1906] [🔧jxcsaphkm98] 📨 onResponseStart status=200 🇺🇸=passthrough
  1493.875ms [⏱️1906] [🔧jxcsaphkm98] 📥 onResponseBody 2b
  1493.912ms [⏱️1906] [🔧jxcsaphkm98] 🎬 onResponseEnd hasStream=true
  1493.966ms [⏱️2189] [🔧jxcsaphkm98] 📣 emit data 120 chars
  1494.008ms [⏱️3281] [🔧jxcsaphkm98] 📖 read([0])
  1494.039ms [⏱️3281] [🔧jxcsaphkm98] 🔬 _read(16384) ⏳=false 🔐=undefined 🇺🇸=passthrough 🔗=http://localhost:46477/ origFlowing=true
  1494.133ms [⏱️1909] [🔧jxcsaphkm98] ▶️ resume()
  1494.249ms [⏱️3296] [🔧jxcsaphkm98] 📣 emit free
     0.001ms [⏱️0] [🔧0ktxroi1aiw] 🏗️  constructor starting
     0.105ms [⏱️0] [🔧0ktxroi1aiw] 🏗️  constructor complete http://localhost:46477/
  1494.739ms [⏱️0] [🔧jxcsaphkm98] 🧨 _destroy ⏳=false 🔐=undefined 🇺🇸=passthrough 🔗=http://localhost:46477/
  1494.775ms [⏱️0] [🔧jxcsaphkm98] 🔧 HANDLE.close()
  1494.917ms [⏱️0] [🔧jxcsaphkm98]     at closeSocketHandle (node:net:341:18)
  1494.939ms [⏱️0] [🔧jxcsaphkm98]     at Socket._destroy (node:net:831:7)
  1494.949ms [⏱️0] [🔧jxcsaphkm98]     at _destroy (node:internal/streams/destroy:121:10)
  1494.966ms [⏱️0] [🔧jxcsaphkm98]     at MockHttpSocket.destroy (node:internal/streams/destroy:83:5)
  1495.030ms [⏱️0] [🔧jxcsaphkm98]     at Writable.destroy (node:internal/streams/writable:1122:11)
  1495.063ms [⏱️0] [🔧jxcsaphkm98]     at MockHttpSocket.destroy (/workspace/repro/node_modules/.pnpm/@mswjs+interceptors@file+../node_modules/@mswjs/interceptors/lib/node/chunk-EFBKFUZI.js:574:18)
  1495.087ms [⏱️0] [🔧jxcsaphkm98]     at MockAgent.<anonymous> (node:_http_agent:154:14)
  1495.098ms [⏱️0] [🔧jxcsaphkm98]     at MockAgent.emit (node:events:524:28)
     0.625ms [⏱️3303] [🔧0ktxroi1aiw] ▶️ resume()
     0.766ms [⏱️3303] [🔧0ktxroi1aiw] ✍️  write 95b 🇺🇸=unknown buffered=0
     0.834ms [⏱️3301] [🔧0ktxroi1aiw] 🚀 onRequestStart path=/ keepAlive=true
     1.492ms [⏱️3303] [🔧0ktxroi1aiw] ✍️  write 2b 🇺🇸=unknown buffered=1
     1.558ms [⏱️3303] [🔧0ktxroi1aiw] ✍️  write 9b 🇺🇸=unknown buffered=2
     1.597ms [⏱️3301] [🔧0ktxroi1aiw] 📦 onRequestBody 9b
     1.633ms [⏱️3303] [🔧0ktxroi1aiw] ✍️  write 2b 🇺🇸=unknown buffered=3
     1.657ms [⏱️3303] [🔧0ktxroi1aiw] ✍️  write 5b 🇺🇸=unknown buffered=4
     1.684ms [⏱️3301] [🔧0ktxroi1aiw] 🏁 onRequestEnd hasStream=true
     1.752ms [⏱️3307] [🔧0ktxroi1aiw] 📖 read([0])
     1.789ms [⏱️3307] [🔧0ktxroi1aiw] 🔬 _read(16384) ⏳=true 🔐=undefined 🇺🇸=unknown 🔗=http://localhost:46477/ origFlowing=undefined
     1.831ms [⏱️3307] [🔧0ktxroi1aiw] 📣 emit resume
     1.854ms [⏱️3307] [🔧0ktxroi1aiw] 📖 read()
     2.596ms [⏱️0] [🔧0ktxroi1aiw] 💨 passthrough() 🧨=false ⏳=true
     2.753ms [⏱️0] [🔧0ktxroi1aiw] 🔌 created originalSocket
     2.789ms [⏱️0] [🔧0ktxroi1aiw] 🚽 flushing writeBuffer (5 items)
     2.870ms [⏱️3321] [🔧0ktxroi1aiw] ▶️ onResume
     2.895ms [⏱️3321] [🔧0ktxroi1aiw] 📣 emit resume
     3.055ms [⏱️3320] [🔧0ktxroi1aiw] 🔍 onLookup args=[null,"::1",6,"localhost"]
     3.107ms [⏱️3320] [🔧0ktxroi1aiw] 📣 emit lookup null, "::1", 6, "localhost"
     3.136ms [⏱️3320] [🔧0ktxroi1aiw] 🔍 onLookup args=[null,"127.0.0.1",4,"localhost"]
     3.164ms [⏱️3320] [🔧0ktxroi1aiw] 📣 emit lookup null, "127.0.0.1", 4, "localhost"
  1034.253ms [⏱️2653] [🔧9g8oqew2c3l] 🔌 onConnect delay from lookup
  1034.297ms [⏱️2653] [🔧9g8oqew2c3l] ⚠️  HANDLE MISMATCH!
  1034.311ms [⏱️2653] [🔧9g8oqew2c3l]    My Handle: TCP 🔧=true 🆔=-22 📖=false
  1034.330ms [⏱️2653] [🔧9g8oqew2c3l]    Socket Handle: TCP 🔧=false 🆔=104 📖=false
  1034.346ms [⏱️2653] [🔧9g8oqew2c3l]    Object references are different!
  1034.367ms [⏱️2653] [🔧9g8oqew2c3l] 📣 emit connect
  1034.395ms [⏱️2653] [🔧9g8oqew2c3l] 🔬 _read(16384) ⏳=false 🔐=undefined 🇺🇸=passthrough 🔗=http://localhost:46477/ origFlowing=true
  1034.419ms [⏱️2653] [🔧9g8oqew2c3l] 🔧 HANDLE.readStart()
  1034.555ms [⏱️2653] [🔧9g8oqew2c3l]     at tryReadStart (node:net:705:30)
  1034.576ms [⏱️2653] [🔧9g8oqew2c3l]     at Socket._read (node:net:722:5)
  1034.586ms [⏱️2653] [🔧9g8oqew2c3l]     at MockHttpSocket._read (/workspace/repro/node_modules/.pnpm/@mswjs+interceptors@file+../node_modules/@mswjs/interceptors/lib/node/chunk-EFBKFUZI.js:550:11)
  1034.604ms [⏱️2653] [🔧9g8oqew2c3l]     at MockHttpSocket.<anonymous> (node:net:720:37)
  1034.616ms [⏱️2653] [🔧9g8oqew2c3l]     at Object.onceWrapper (node:events:638:28)
  1034.636ms [⏱️2653] [🔧9g8oqew2c3l]     at MockHttpSocket.emit (node:events:524:28)
  1034.671ms [⏱️2653] [🔧9g8oqew2c3l]     at MockHttpSocket.emit (/workspace/repro/node_modules/.pnpm/@mswjs+interceptors@file+../node_modules/@mswjs/interceptors/lib/node/chunk-EFBKFUZI.js:564:12)
  1034.684ms [⏱️2653] [🔧9g8oqew2c3l]     at Socket.<anonymous> (/workspace/repro/node_modules/.pnpm/@mswjs+interceptors@file+../node_modules/@mswjs/interceptors/lib/node/chunk-EFBKFUZI.js:704:12)
  1034.709ms [⏱️2653] [🔧9g8oqew2c3l] ✅ onReady
  1034.722ms [⏱️2653] [🔧9g8oqew2c3l] 📣 emit ready
   259.164ms [⏱️3077] [🔧fn8mha45qw] 🔧 HANDLE.close()
   259.335ms [⏱️3077] [🔧fn8mha45qw]     at Timeout.internalConnectMultipleTimeout [as _onTimeout] (node:net:1712:10)
   259.357ms [⏱️3077] [🔧fn8mha45qw]     at listOnTimeout (node:internal/timers:583:11)
   259.367ms [⏱️3077] [🔧fn8mha45qw]     at process.processTimers (node:internal/timers:519:7)
   259.454ms [⏱️3077] [🔧fn8mha45qw] 🔧 HANDLE.close()
   259.507ms [⏱️3077] [🔧fn8mha45qw]     at Socket.reinitializeHandle (node:net:1265:17)
   259.523ms [⏱️3077] [🔧fn8mha45qw]     at internalConnectMultiple (node:net:1131:30)
   259.533ms [⏱️3077] [🔧fn8mha45qw]     at Timeout.internalConnectMultipleTimeout (node:net:1716:5)
   259.549ms [⏱️3077] [🔧fn8mha45qw]     at listOnTimeout (node:internal/timers:583:11)
   259.558ms [⏱️3077] [🔧fn8mha45qw]     at process.processTimers (node:internal/timers:519:7)
   253.924ms [⏱️3128] [🔧mi0mv9izcwl] 🔧 HANDLE.close()
   253.973ms [⏱️3128] [🔧mi0mv9izcwl]     at Timeout.internalConnectMultipleTimeout [as _onTimeout] (node:net:1712:10)
   254.012ms [⏱️3128] [🔧mi0mv9izcwl]     at listOnTimeout (node:internal/timers:583:11)
   254.045ms [⏱️3128] [🔧mi0mv9izcwl]     at process.processTimers (node:internal/timers:519:7)
   254.097ms [⏱️3128] [🔧mi0mv9izcwl] 🔧 HANDLE.close()
   254.162ms [⏱️3128] [🔧mi0mv9izcwl]     at Socket.reinitializeHandle (node:net:1265:17)
   254.185ms [⏱️3128] [🔧mi0mv9izcwl]     at internalConnectMultiple (node:net:1131:30)
   254.197ms [⏱️3128] [🔧mi0mv9izcwl]     at Timeout.internalConnectMultipleTimeout (node:net:1716:5)
   254.206ms [⏱️3128] [🔧mi0mv9izcwl]     at listOnTimeout (node:internal/timers:583:11)
   254.226ms [⏱️3128] [🔧mi0mv9izcwl]     at process.processTimers (node:internal/timers:519:7)
   254.982ms [⏱️3193] [🔧kvgdb209wx] 🔧 HANDLE.close()
   255.162ms [⏱️3193] [🔧kvgdb209wx]     at Timeout.internalConnectMultipleTimeout [as _onTimeout] (node:net:1712:10)
   255.187ms [⏱️3193] [🔧kvgdb209wx]     at listOnTimeout (node:internal/timers:583:11)
   255.215ms [⏱️3193] [🔧kvgdb209wx]     at process.processTimers (node:internal/timers:519:7)
   255.321ms [⏱️3193] [🔧kvgdb209wx] 🔧 HANDLE.close()
   255.390ms [⏱️3193] [🔧kvgdb209wx]     at Socket.reinitializeHandle (node:net:1265:17)
   255.412ms [⏱️3193] [🔧kvgdb209wx]     at internalConnectMultiple (node:net:1131:30)
   255.426ms [⏱️3193] [🔧kvgdb209wx]     at Timeout.internalConnectMultipleTimeout (node:net:1716:5)
   255.444ms [⏱️3193] [🔧kvgdb209wx]     at listOnTimeout (node:internal/timers:583:11)
   255.466ms [⏱️3193] [🔧kvgdb209wx]     at process.processTimers (node:internal/timers:519:7)
  1747.950ms [⏱️2057] [🔧pjx2ki9919] 💾 onData 120b
  1748.097ms [⏱️2057] [🔧pjx2ki9919] 📤 push([{"type":"Buffer","data":[72,84,84,80,47)
  1748.187ms [⏱️1832] [🔧pjx2ki9919] 📨 onResponseStart status=200 🇺🇸=passthrough
  1748.908ms [⏱️1832] [🔧pjx2ki9919] 📥 onResponseBody 2b
  1748.979ms [⏱️1832] [🔧pjx2ki9919] 🎬 onResponseEnd hasStream=true
  1749.074ms [⏱️2057] [🔧pjx2ki9919] 📣 emit data 120 chars
  1749.175ms [⏱️3349] [🔧pjx2ki9919] 📖 read([0])
  1749.248ms [⏱️3349] [🔧pjx2ki9919] 🔬 _read(16384) ⏳=false 🔐=undefined 🇺🇸=passthrough 🔗=http://localhost:46477/ origFlowing=true
  1749.462ms [⏱️1835] [🔧pjx2ki9919] ▶️ resume()
  1749.678ms [⏱️3364] [🔧pjx2ki9919] 📣 emit free
     0.001ms [⏱️0] [🔧8xhi6abhzce] 🏗️  constructor starting
     0.074ms [⏱️0] [🔧8xhi6abhzce] 🏗️  constructor complete http://localhost:46477/
  1750.165ms [⏱️0] [🔧pjx2ki9919] 🧨 _destroy ⏳=false 🔐=undefined 🇺🇸=passthrough 🔗=http://localhost:46477/
  1750.196ms [⏱️0] [🔧pjx2ki9919] 🔧 HANDLE.close()
  1750.304ms [⏱️0] [🔧pjx2ki9919]     at closeSocketHandle (node:net:341:18)
  1750.318ms [⏱️0] [🔧pjx2ki9919]     at Socket._destroy (node:net:831:7)
  1750.326ms [⏱️0] [🔧pjx2ki9919]     at _destroy (node:internal/streams/destroy:121:10)
  1750.339ms [⏱️0] [🔧pjx2ki9919]     at MockHttpSocket.destroy (node:internal/streams/destroy:83:5)
  1750.347ms [⏱️0] [🔧pjx2ki9919]     at Writable.destroy (node:internal/streams/writable:1122:11)
  1750.359ms [⏱️0] [🔧pjx2ki9919]     at MockHttpSocket.destroy (/workspace/repro/node_modules/.pnpm/@mswjs+interceptors@file+../node_modules/@mswjs/interceptors/lib/node/chunk-EFBKFUZI.js:574:18)
  1750.368ms [⏱️0] [🔧pjx2ki9919]     at MockAgent.<anonymous> (node:_http_agent:154:14)
  1750.380ms [⏱️0] [🔧pjx2ki9919]     at MockAgent.emit (node:events:524:28)
     0.418ms [⏱️3371] [🔧8xhi6abhzce] ▶️ resume()
     0.447ms [⏱️3371] [🔧8xhi6abhzce] ✍️  write 95b 🇺🇸=unknown buffered=0
     0.484ms [⏱️3369] [🔧8xhi6abhzce] 🚀 onRequestStart path=/ keepAlive=true
     0.910ms [⏱️3371] [🔧8xhi6abhzce] ✍️  write 2b 🇺🇸=unknown buffered=1
     0.951ms [⏱️3371] [🔧8xhi6abhzce] ✍️  write 9b 🇺🇸=unknown buffered=2
     0.995ms [⏱️3369] [🔧8xhi6abhzce] 📦 onRequestBody 9b
     1.035ms [⏱️3371] [🔧8xhi6abhzce] ✍️  write 2b 🇺🇸=unknown buffered=3
     1.074ms [⏱️3371] [🔧8xhi6abhzce] ✍️  write 5b 🇺🇸=unknown buffered=4
     1.106ms [⏱️3369] [🔧8xhi6abhzce] 🏁 onRequestEnd hasStream=true
     1.163ms [⏱️3375] [🔧8xhi6abhzce] 📖 read([0])
     1.201ms [⏱️3375] [🔧8xhi6abhzce] 🔬 _read(16384) ⏳=true 🔐=undefined 🇺🇸=unknown 🔗=http://localhost:46477/ origFlowing=undefined
     1.234ms [⏱️3375] [🔧8xhi6abhzce] 📣 emit resume
     1.254ms [⏱️3375] [🔧8xhi6abhzce] 📖 read()
     1.779ms [⏱️0] [🔧8xhi6abhzce] 💨 passthrough() 🧨=false ⏳=true
     1.903ms [⏱️0] [🔧8xhi6abhzce] 🔌 created originalSocket
     1.933ms [⏱️0] [🔧8xhi6abhzce] 🚽 flushing writeBuffer (5 items)
     2.001ms [⏱️3389] [🔧8xhi6abhzce] ▶️ onResume
     2.020ms [⏱️3389] [🔧8xhi6abhzce] 📣 emit resume
     2.162ms [⏱️3388] [🔧8xhi6abhzce] 🔍 onLookup args=[null,"::1",6,"localhost"]
     2.197ms [⏱️3388] [🔧8xhi6abhzce] 📣 emit lookup null, "::1", 6, "localhost"
     2.225ms [⏱️3388] [🔧8xhi6abhzce] 🔍 onLookup args=[null,"127.0.0.1",4,"localhost"]
     2.239ms [⏱️3388] [🔧8xhi6abhzce] 📣 emit lookup null, "127.0.0.1", 4, "localhost"
  1571.127ms [⏱️2252] [🔧oye8kbrs6cq] 🔌 onConnect delay from lookup
  1571.274ms [⏱️2252] [🔧oye8kbrs6cq] ⚠️  HANDLE MISMATCH!
  1571.329ms [⏱️2252] [🔧oye8kbrs6cq]    My Handle: TCP 🔧=true 🆔=-22 📖=false
  1571.379ms [⏱️2252] [🔧oye8kbrs6cq]    Socket Handle: TCP 🔧=false 🆔=92 📖=false
  1571.404ms [⏱️2252] [🔧oye8kbrs6cq]    Object references are different!
  1571.452ms [⏱️2252] [🔧oye8kbrs6cq] 📣 emit connect
  1571.513ms [⏱️2252] [🔧oye8kbrs6cq] 🔬 _read(16384) ⏳=false 🔐=undefined 🇺🇸=passthrough 🔗=http://localhost:46477/ origFlowing=true
  1571.583ms [⏱️2252] [🔧oye8kbrs6cq] 🔧 HANDLE.readStart()
  1571.879ms [⏱️2252] [🔧oye8kbrs6cq]     at tryReadStart (node:net:705:30)
  1571.926ms [⏱️2252] [🔧oye8kbrs6cq]     at Socket._read (node:net:722:5)
  1571.954ms [⏱️2252] [🔧oye8kbrs6cq]     at MockHttpSocket._read (/workspace/repro/node_modules/.pnpm/@mswjs+interceptors@file+../node_modules/@mswjs/interceptors/lib/node/chunk-EFBKFUZI.js:550:11)
  1571.991ms [⏱️2252] [🔧oye8kbrs6cq]     at MockHttpSocket.<anonymous> (node:net:720:37)
  1572.020ms [⏱️2252] [🔧oye8kbrs6cq]     at Object.onceWrapper (node:events:638:28)
  1572.055ms [⏱️2252] [🔧oye8kbrs6cq]     at MockHttpSocket.emit (node:events:524:28)
  1572.123ms [⏱️2252] [🔧oye8kbrs6cq]     at MockHttpSocket.emit (/workspace/repro/node_modules/.pnpm/@mswjs+interceptors@file+../node_modules/@mswjs/interceptors/lib/node/chunk-EFBKFUZI.js:564:12)
  1572.151ms [⏱️2252] [🔧oye8kbrs6cq]     at Socket.<anonymous> (/workspace/repro/node_modules/.pnpm/@mswjs+interceptors@file+../node_modules/@mswjs/interceptors/lib/node/chunk-EFBKFUZI.js:704:12)
  1572.229ms [⏱️2252] [🔧oye8kbrs6cq] ✅ onReady
  1572.259ms [⏱️2252] [🔧oye8kbrs6cq] 📣 emit ready
   253.800ms [⏱️3244] [🔧rq0upyy7zsk] 🔧 HANDLE.close()
   253.992ms [⏱️3244] [🔧rq0upyy7zsk]     at Timeout.internalConnectMultipleTimeout [as _onTimeout] (node:net:1712:10)
   254.019ms [⏱️3244] [🔧rq0upyy7zsk]     at listOnTimeout (node:internal/timers:583:11)
   254.032ms [⏱️3244] [🔧rq0upyy7zsk]     at process.processTimers (node:internal/timers:519:7)
   254.146ms [⏱️3244] [🔧rq0upyy7zsk] 🔧 HANDLE.close()
   254.260ms [⏱️3244] [🔧rq0upyy7zsk]     at Socket.reinitializeHandle (node:net:1265:17)
   254.305ms [⏱️3244] [🔧rq0upyy7zsk]     at internalConnectMultiple (node:net:1131:30)
   254.351ms [⏱️3244] [🔧rq0upyy7zsk]     at Timeout.internalConnectMultipleTimeout (node:net:1716:5)
   254.391ms [⏱️3244] [🔧rq0upyy7zsk]     at listOnTimeout (node:internal/timers:583:11)
   254.475ms [⏱️3244] [🔧rq0upyy7zsk]     at process.processTimers (node:internal/timers:519:7)
  1239.447ms [⏱️2649] [🔧wpj9r5bmy4r] 💾 onData 120b
  1239.736ms [⏱️2649] [🔧wpj9r5bmy4r] 📤 push([{"type":"Buffer","data":[72,84,84,80,47)
  1239.839ms [⏱️2393] [🔧wpj9r5bmy4r] 📨 onResponseStart status=200 🇺🇸=passthrough
  1240.429ms [⏱️2393] [🔧wpj9r5bmy4r] 📥 onResponseBody 2b
  1240.468ms [⏱️2393] [🔧wpj9r5bmy4r] 🎬 onResponseEnd hasStream=true
  1240.534ms [⏱️2649] [🔧wpj9r5bmy4r] 📣 emit data 120 chars
  1240.585ms [⏱️3414] [🔧wpj9r5bmy4r] 📖 read([0])
  1240.630ms [⏱️3414] [🔧wpj9r5bmy4r] 🔬 _read(16384) ⏳=false 🔐=undefined 🇺🇸=passthrough 🔗=http://localhost:46477/ origFlowing=true
  1240.775ms [⏱️2396] [🔧wpj9r5bmy4r] ▶️ resume()
  1240.911ms [⏱️3429] [🔧wpj9r5bmy4r] 📣 emit free
     0.001ms [⏱️0] [🔧s21cdtmztok] 🏗️  constructor starting
     0.095ms [⏱️0] [🔧s21cdtmztok] 🏗️  constructor complete http://localhost:46477/
  1241.505ms [⏱️0] [🔧wpj9r5bmy4r] 🧨 _destroy ⏳=false 🔐=undefined 🇺🇸=passthrough 🔗=http://localhost:46477/
  1241.538ms [⏱️0] [🔧wpj9r5bmy4r] 🔧 HANDLE.close()
  1241.677ms [⏱️0] [🔧wpj9r5bmy4r]     at closeSocketHandle (node:net:341:18)
  1241.701ms [⏱️0] [🔧wpj9r5bmy4r]     at Socket._destroy (node:net:831:7)
  1241.715ms [⏱️0] [🔧wpj9r5bmy4r]     at _destroy (node:internal/streams/destroy:121:10)
  1241.722ms [⏱️0] [🔧wpj9r5bmy4r]     at MockHttpSocket.destroy (node:internal/streams/destroy:83:5)
  1241.735ms [⏱️0] [🔧wpj9r5bmy4r]     at Writable.destroy (node:internal/streams/writable:1122:11)
  1241.748ms [⏱️0] [🔧wpj9r5bmy4r]     at MockHttpSocket.destroy (/workspace/repro/node_modules/.pnpm/@mswjs+interceptors@file+../node_modules/@mswjs/interceptors/lib/node/chunk-EFBKFUZI.js:574:18)
  1241.765ms [⏱️0] [🔧wpj9r5bmy4r]     at MockAgent.<anonymous> (node:_http_agent:154:14)
  1241.778ms [⏱️0] [🔧wpj9r5bmy4r]     at MockAgent.emit (node:events:524:28)
     0.585ms [⏱️3436] [🔧s21cdtmztok] ▶️ resume()
     0.623ms [⏱️3436] [🔧s21cdtmztok] ✍️  write 95b 🇺🇸=unknown buffered=0
     0.667ms [⏱️3434] [🔧s21cdtmztok] 🚀 onRequestStart path=/ keepAlive=true
     1.228ms [⏱️3436] [🔧s21cdtmztok] ✍️  write 2b 🇺🇸=unknown buffered=1
     1.269ms [⏱️3436] [🔧s21cdtmztok] ✍️  write 9b 🇺🇸=unknown buffered=2
     1.305ms [⏱️3434] [🔧s21cdtmztok] 📦 onRequestBody 9b
     1.332ms [⏱️3436] [🔧s21cdtmztok] ✍️  write 2b 🇺🇸=unknown buffered=3
     1.410ms [⏱️3436] [🔧s21cdtmztok] ✍️  write 5b 🇺🇸=unknown buffered=4
     1.467ms [⏱️3434] [🔧s21cdtmztok] 🏁 onRequestEnd hasStream=true
     1.518ms [⏱️3440] [🔧s21cdtmztok] 📖 read([0])
     1.550ms [⏱️3440] [🔧s21cdtmztok] 🔬 _read(16384) ⏳=true 🔐=undefined 🇺🇸=unknown 🔗=http://localhost:46477/ origFlowing=undefined
     1.575ms [⏱️3440] [🔧s21cdtmztok] 📣 emit resume
     1.592ms [⏱️3440] [🔧s21cdtmztok] 📖 read()
     2.236ms [⏱️0] [🔧s21cdtmztok] 💨 passthrough() 🧨=false ⏳=true
     2.399ms [⏱️0] [🔧s21cdtmztok] 🔌 created originalSocket
     2.431ms [⏱️0] [🔧s21cdtmztok] 🚽 flushing writeBuffer (5 items)
     2.521ms [⏱️3454] [🔧s21cdtmztok] ▶️ onResume
     2.541ms [⏱️3454] [🔧s21cdtmztok] 📣 emit resume
     2.740ms [⏱️3453] [🔧s21cdtmztok] 🔍 onLookup args=[null,"::1",6,"localhost"]
     2.777ms [⏱️3453] [🔧s21cdtmztok] 📣 emit lookup null, "::1", 6, "localhost"
     2.814ms [⏱️3453] [🔧s21cdtmztok] 🔍 onLookup args=[null,"127.0.0.1",4,"localhost"]
     2.839ms [⏱️3453] [🔧s21cdtmztok] 📣 emit lookup null, "127.0.0.1", 4, "localhost"
   333.205ms [⏱️3407] [🔧rq0upyy7zsk] 🔌 onConnect delay from lookup
   333.319ms [⏱️3407] [🔧rq0upyy7zsk] ⚠️  HANDLE MISMATCH!
   333.357ms [⏱️3407] [🔧rq0upyy7zsk]    My Handle: TCP 🔧=true 🆔=-22 📖=false
   333.380ms [⏱️3407] [🔧rq0upyy7zsk]    Socket Handle: TCP 🔧=false 🆔=129 📖=false
   333.400ms [⏱️3407] [🔧rq0upyy7zsk]    Object references are different!
   333.470ms [⏱️3407] [🔧rq0upyy7zsk] 📣 emit connect
   333.519ms [⏱️3407] [🔧rq0upyy7zsk] 🔬 _read(16384) ⏳=false 🔐=undefined 🇺🇸=passthrough 🔗=http://localhost:46477/ origFlowing=true
   333.557ms [⏱️3407] [🔧rq0upyy7zsk] 🔧 HANDLE.readStart()
   333.781ms [⏱️3407] [🔧rq0upyy7zsk]     at tryReadStart (node:net:705:30)
   333.815ms [⏱️3407] [🔧rq0upyy7zsk]     at Socket._read (node:net:722:5)
   333.831ms [⏱️3407] [🔧rq0upyy7zsk]     at MockHttpSocket._read (/workspace/repro/node_modules/.pnpm/@mswjs+interceptors@file+../node_modules/@mswjs/interceptors/lib/node/chunk-EFBKFUZI.js:550:11)
   333.853ms [⏱️3407] [🔧rq0upyy7zsk]     at MockHttpSocket.<anonymous> (node:net:720:37)
   333.865ms [⏱️3407] [🔧rq0upyy7zsk]     at Object.onceWrapper (node:events:638:28)
   333.885ms [⏱️3407] [🔧rq0upyy7zsk]     at MockHttpSocket.emit (node:events:524:28)
   333.898ms [⏱️3407] [🔧rq0upyy7zsk]     at MockHttpSocket.emit (/workspace/repro/node_modules/.pnpm/@mswjs+interceptors@file+../node_modules/@mswjs/interceptors/lib/node/chunk-EFBKFUZI.js:564:12)
   333.927ms [⏱️3407] [🔧rq0upyy7zsk]     at Socket.<anonymous> (/workspace/repro/node_modules/.pnpm/@mswjs+interceptors@file+../node_modules/@mswjs/interceptors/lib/node/chunk-EFBKFUZI.js:704:12)
   334.045ms [⏱️3407] [🔧rq0upyy7zsk] ✅ onReady
   334.093ms [⏱️3407] [🔧rq0upyy7zsk] 📣 emit ready
   254.510ms [⏱️3325] [🔧0ktxroi1aiw] 🔧 HANDLE.close()
   254.728ms [⏱️3325] [🔧0ktxroi1aiw]     at Timeout.internalConnectMultipleTimeout [as _onTimeout] (node:net:1712:10)
   254.787ms [⏱️3325] [🔧0ktxroi1aiw]     at listOnTimeout (node:internal/timers:583:11)
   254.929ms [⏱️3325] [🔧0ktxroi1aiw]     at process.processTimers (node:internal/timers:519:7)
   255.110ms [⏱️3325] [🔧0ktxroi1aiw] 🔧 HANDLE.close()
   255.283ms [⏱️3325] [🔧0ktxroi1aiw]     at Socket.reinitializeHandle (node:net:1265:17)
   255.341ms [⏱️3325] [🔧0ktxroi1aiw]     at internalConnectMultiple (node:net:1131:30)
   255.369ms [⏱️3325] [🔧0ktxroi1aiw]     at Timeout.internalConnectMultipleTimeout (node:net:1716:5)
   255.390ms [⏱️3325] [🔧0ktxroi1aiw]     at listOnTimeout (node:internal/timers:583:11)
   255.474ms [⏱️3325] [🔧0ktxroi1aiw]     at process.processTimers (node:internal/timers:519:7)
   853.120ms [⏱️2781] [🔧hj1qt08f4xh] 💾 onData 120b
   853.274ms [⏱️2781] [🔧hj1qt08f4xh] 📤 push([{"type":"Buffer","data":[72,84,84,80,47)
   853.348ms [⏱️2764] [🔧hj1qt08f4xh] 📨 onResponseStart status=200 🇺🇸=passthrough
   854.018ms [⏱️2764] [🔧hj1qt08f4xh] 📥 onResponseBody 2b
   854.100ms [⏱️2764] [🔧hj1qt08f4xh] 🎬 onResponseEnd hasStream=true
   854.185ms [⏱️2781] [🔧hj1qt08f4xh] 📣 emit data 120 chars
   854.261ms [⏱️3485] [🔧hj1qt08f4xh] 📖 read([0])
   854.329ms [⏱️3485] [🔧hj1qt08f4xh] 🔬 _read(16384) ⏳=false 🔐=undefined 🇺🇸=passthrough 🔗=http://localhost:46477/ origFlowing=true
   854.502ms [⏱️2767] [🔧hj1qt08f4xh] ▶️ resume()
   854.693ms [⏱️3500] [🔧hj1qt08f4xh] 📣 emit free
     0.001ms [⏱️0] [🔧glbbarmtqr9] 🏗️  constructor starting
     0.155ms [⏱️0] [🔧glbbarmtqr9] 🏗️  constructor complete http://localhost:46477/
   855.439ms [⏱️0] [🔧hj1qt08f4xh] 🧨 _destroy ⏳=false 🔐=undefined 🇺🇸=passthrough 🔗=http://localhost:46477/
   855.525ms [⏱️0] [🔧hj1qt08f4xh] 🔧 HANDLE.close()
   855.739ms [⏱️0] [🔧hj1qt08f4xh]     at closeSocketHandle (node:net:341:18)
   855.776ms [⏱️0] [🔧hj1qt08f4xh]     at Socket._destroy (node:net:831:7)
   855.807ms [⏱️0] [🔧hj1qt08f4xh]     at _destroy (node:internal/streams/destroy:121:10)
   855.874ms [⏱️0] [🔧hj1qt08f4xh]     at MockHttpSocket.destroy (node:internal/streams/destroy:83:5)
   855.932ms [⏱️0] [🔧hj1qt08f4xh]     at Writable.destroy (node:internal/streams/writable:1122:11)
   855.968ms [⏱️0] [🔧hj1qt08f4xh]     at MockHttpSocket.destroy (/workspace/repro/node_modules/.pnpm/@mswjs+interceptors@file+../node_modules/@mswjs/interceptors/lib/node/chunk-EFBKFUZI.js:574:18)
   855.997ms [⏱️0] [🔧hj1qt08f4xh]     at MockAgent.<anonymous> (node:_http_agent:154:14)
   856.031ms [⏱️0] [🔧hj1qt08f4xh]     at MockAgent.emit (node:events:524:28)
     1.019ms [⏱️3507] [🔧glbbarmtqr9] ▶️ resume()
     1.085ms [⏱️3507] [🔧glbbarmtqr9] ✍️  write 95b 🇺🇸=unknown buffered=0
     1.153ms [⏱️3505] [🔧glbbarmtqr9] 🚀 onRequestStart path=/ keepAlive=true
     1.777ms [⏱️3507] [🔧glbbarmtqr9] ✍️  write 2b 🇺🇸=unknown buffered=1
     1.814ms [⏱️3507] [🔧glbbarmtqr9] ✍️  write 9b 🇺🇸=unknown buffered=2
     1.848ms [⏱️3505] [🔧glbbarmtqr9] 📦 onRequestBody 9b
     1.884ms [⏱️3507] [🔧glbbarmtqr9] ✍️  write 2b 🇺🇸=unknown buffered=3
     1.911ms [⏱️3507] [🔧glbbarmtqr9] ✍️  write 5b 🇺🇸=unknown buffered=4
     1.941ms [⏱️3505] [🔧glbbarmtqr9] 🏁 onRequestEnd hasStream=true
     2.009ms [⏱️3511] [🔧glbbarmtqr9] 📖 read([0])
     2.064ms [⏱️3511] [🔧glbbarmtqr9] 🔬 _read(16384) ⏳=true 🔐=undefined 🇺🇸=unknown 🔗=http://localhost:46477/ origFlowing=undefined
     2.115ms [⏱️3511] [🔧glbbarmtqr9] 📣 emit resume
     2.142ms [⏱️3511] [🔧glbbarmtqr9] 📖 read()
     2.610ms [⏱️0] [🔧glbbarmtqr9] 💨 passthrough() 🧨=false ⏳=true
     2.742ms [⏱️0] [🔧glbbarmtqr9] 🔌 created originalSocket
     2.777ms [⏱️0] [🔧glbbarmtqr9] 🚽 flushing writeBuffer (5 items)
     2.846ms [⏱️3525] [🔧glbbarmtqr9] ▶️ onResume
     2.869ms [⏱️3525] [🔧glbbarmtqr9] 📣 emit resume
   858.055ms [⏱️2781] [🔧hj1qt08f4xh] 📣 emit close false
     2.994ms [⏱️3524] [🔧glbbarmtqr9] 🔍 onLookup args=[null,"::1",6,"localhost"]
     3.022ms [⏱️3524] [🔧glbbarmtqr9] 📣 emit lookup null, "::1", 6, "localhost"
     3.042ms [⏱️3524] [🔧glbbarmtqr9] 🔍 onLookup args=[null,"127.0.0.1",4,"localhost"]
     3.057ms [⏱️3524] [🔧glbbarmtqr9] 📣 emit lookup null, "127.0.0.1", 4, "localhost"
   380.064ms [⏱️3406] [🔧rq0upyy7zsk] 💾 onData 120b
   380.106ms [⏱️3406] [🔧rq0upyy7zsk] 📤 push([{"type":"Buffer","data":[72,84,84,80,47)
   380.138ms [⏱️3221] [🔧rq0upyy7zsk] 📨 onResponseStart status=200 🇺🇸=passthrough
   380.475ms [⏱️3221] [🔧rq0upyy7zsk] 📥 onResponseBody 2b
   380.521ms [⏱️3221] [🔧rq0upyy7zsk] 🎬 onResponseEnd hasStream=true
   380.563ms [⏱️3406] [🔧rq0upyy7zsk] 📣 emit data 120 chars
   380.600ms [⏱️3534] [🔧rq0upyy7zsk] 📖 read([0])
   380.630ms [⏱️3534] [🔧rq0upyy7zsk] 🔬 _read(16384) ⏳=false 🔐=undefined 🇺🇸=passthrough 🔗=http://localhost:46477/ origFlowing=true
   380.715ms [⏱️3224] [🔧rq0upyy7zsk] ▶️ resume()
   380.808ms [⏱️3549] [🔧rq0upyy7zsk] 📣 emit free
     0.001ms [⏱️0] [🔧4nxxok4a4z] 🏗️  constructor starting
     0.076ms [⏱️0] [🔧4nxxok4a4z] 🏗️  constructor complete http://localhost:46477/
   381.164ms [⏱️0] [🔧rq0upyy7zsk] 🧨 _destroy ⏳=false 🔐=undefined 🇺🇸=passthrough 🔗=http://localhost:46477/
   381.192ms [⏱️0] [🔧rq0upyy7zsk] 🔧 HANDLE.close()
   381.293ms [⏱️0] [🔧rq0upyy7zsk]     at closeSocketHandle (node:net:341:18)
   381.310ms [⏱️0] [🔧rq0upyy7zsk]     at Socket._destroy (node:net:831:7)
   381.347ms [⏱️0] [🔧rq0upyy7zsk]     at _destroy (node:internal/streams/destroy:121:10)
   381.403ms [⏱️0] [🔧rq0upyy7zsk]     at MockHttpSocket.destroy (node:internal/streams/destroy:83:5)
   381.439ms [⏱️0] [🔧rq0upyy7zsk]     at Writable.destroy (node:internal/streams/writable:1122:11)
   381.458ms [⏱️0] [🔧rq0upyy7zsk]     at MockHttpSocket.destroy (/workspace/repro/node_modules/.pnpm/@mswjs+interceptors@file+../node_modules/@mswjs/interceptors/lib/node/chunk-EFBKFUZI.js:574:18)
   381.467ms [⏱️0] [🔧rq0upyy7zsk]     at MockAgent.<anonymous> (node:_http_agent:154:14)
   381.475ms [⏱️0] [🔧rq0upyy7zsk]     at MockAgent.emit (node:events:524:28)
     0.564ms [⏱️3556] [🔧4nxxok4a4z] ▶️ resume()
     0.601ms [⏱️3556] [🔧4nxxok4a4z] ✍️  write 95b 🇺🇸=unknown buffered=0
     0.638ms [⏱️3554] [🔧4nxxok4a4z] 🚀 onRequestStart path=/ keepAlive=true
     1.009ms [⏱️3556] [🔧4nxxok4a4z] ✍️  write 2b 🇺🇸=unknown buffered=1
     1.044ms [⏱️3556] [🔧4nxxok4a4z] ✍️  write 9b 🇺🇸=unknown buffered=2
     1.077ms [⏱️3554] [🔧4nxxok4a4z] 📦 onRequestBody 9b
     1.106ms [⏱️3556] [🔧4nxxok4a4z] ✍️  write 2b 🇺🇸=unknown buffered=3
     1.133ms [⏱️3556] [🔧4nxxok4a4z] ✍️  write 5b 🇺🇸=unknown buffered=4
     1.156ms [⏱️3554] [🔧4nxxok4a4z] 🏁 onRequestEnd hasStream=true
     1.197ms [⏱️3560] [🔧4nxxok4a4z] 📖 read([0])
     1.226ms [⏱️3560] [🔧4nxxok4a4z] 🔬 _read(16384) ⏳=true 🔐=undefined 🇺🇸=unknown 🔗=http://localhost:46477/ origFlowing=undefined
     1.250ms [⏱️3560] [🔧4nxxok4a4z] 📣 emit resume
     1.272ms [⏱️3560] [🔧4nxxok4a4z] 📖 read()
     1.732ms [⏱️0] [🔧4nxxok4a4z] 💨 passthrough() 🧨=false ⏳=true
     1.876ms [⏱️0] [🔧4nxxok4a4z] 🔌 created originalSocket
     1.928ms [⏱️0] [🔧4nxxok4a4z] 🚽 flushing writeBuffer (5 items)
     1.997ms [⏱️3574] [🔧4nxxok4a4z] ▶️ onResume
     2.020ms [⏱️3574] [🔧4nxxok4a4z] 📣 emit resume
     2.071ms [⏱️3573] [🔧4nxxok4a4z] 🔍 onLookup args=[null,"::1",6,"localhost"]
     2.097ms [⏱️3573] [🔧4nxxok4a4z] 📣 emit lookup null, "::1", 6, "localhost"
     2.123ms [⏱️3573] [🔧4nxxok4a4z] 🔍 onLookup args=[null,"127.0.0.1",4,"localhost"]
     2.134ms [⏱️3573] [🔧4nxxok4a4z] 📣 emit lookup null, "127.0.0.1", 4, "localhost"
   584.961ms [⏱️3265] [🔧ydvytufkelh] 🔌 onConnect delay from lookup
   584.984ms [⏱️3265] [🔧ydvytufkelh] ⚠️  HANDLE MISMATCH!
   585.003ms [⏱️3265] [🔧ydvytufkelh]    My Handle: TCP 🔧=true 🆔=-22 📖=false
   585.019ms [⏱️3265] [🔧ydvytufkelh]    Socket Handle: TCP 🔧=false 🆔=121 📖=false
   585.033ms [⏱️3265] [🔧ydvytufkelh]    Object references are different!
   585.060ms [⏱️3265] [🔧ydvytufkelh] 📣 emit connect
   585.078ms [⏱️3265] [🔧ydvytufkelh] 🔬 _read(16384) ⏳=false 🔐=undefined 🇺🇸=passthrough 🔗=http://localhost:46477/ origFlowing=true
   585.110ms [⏱️3265] [🔧ydvytufkelh] 🔧 HANDLE.readStart()
   585.264ms [⏱️3265] [🔧ydvytufkelh]     at tryReadStart (node:net:705:30)
   585.284ms [⏱️3265] [🔧ydvytufkelh]     at Socket._read (node:net:722:5)
   585.299ms [⏱️3265] [🔧ydvytufkelh]     at MockHttpSocket._read (/workspace/repro/node_modules/.pnpm/@mswjs+interceptors@file+../node_modules/@mswjs/interceptors/lib/node/chunk-EFBKFUZI.js:550:11)
   585.367ms [⏱️3265] [🔧ydvytufkelh]     at MockHttpSocket.<anonymous> (node:net:720:37)
   585.439ms [⏱️3265] [🔧ydvytufkelh]     at Object.onceWrapper (node:events:638:28)
   585.470ms [⏱️3265] [🔧ydvytufkelh]     at MockHttpSocket.emit (node:events:524:28)
   585.491ms [⏱️3265] [🔧ydvytufkelh]     at MockHttpSocket.emit (/workspace/repro/node_modules/.pnpm/@mswjs+interceptors@file+../node_modules/@mswjs/interceptors/lib/node/chunk-EFBKFUZI.js:564:12)
   585.501ms [⏱️3265] [🔧ydvytufkelh]     at Socket.<anonymous> (/workspace/repro/node_modules/.pnpm/@mswjs+interceptors@file+../node_modules/@mswjs/interceptors/lib/node/chunk-EFBKFUZI.js:704:12)
   585.532ms [⏱️3265] [🔧ydvytufkelh] ✅ onReady
   585.556ms [⏱️3265] [🔧ydvytufkelh] 📣 emit ready
   522.862ms [⏱️3336] [🔧fn8mha45qw] 🔌 onConnect delay from lookup
   522.944ms [⏱️3336] [🔧fn8mha45qw] ⚠️  HANDLE MISMATCH!
   522.971ms [⏱️3336] [🔧fn8mha45qw]    My Handle: TCP 🔧=true 🆔=-22 📖=false
   522.996ms [⏱️3336] [🔧fn8mha45qw]    Socket Handle: TCP 🔧=false 🆔=122 📖=false
   523.035ms [⏱️3336] [🔧fn8mha45qw]    Object references are different!
   523.075ms [⏱️3336] [🔧fn8mha45qw] 📣 emit connect
   523.112ms [⏱️3336] [🔧fn8mha45qw] 🔬 _read(16384) ⏳=false 🔐=undefined 🇺🇸=passthrough 🔗=http://localhost:46477/ origFlowing=true
   523.144ms [⏱️3336] [🔧fn8mha45qw] 🔧 HANDLE.readStart()
   523.307ms [⏱️3336] [🔧fn8mha45qw]     at tryReadStart (node:net:705:30)
   523.347ms [⏱️3336] [🔧fn8mha45qw]     at Socket._read (node:net:722:5)
   523.366ms [⏱️3336] [🔧fn8mha45qw]     at MockHttpSocket._read (/workspace/repro/node_modules/.pnpm/@mswjs+interceptors@file+../node_modules/@mswjs/interceptors/lib/node/chunk-EFBKFUZI.js:550:11)
   523.378ms [⏱️3336] [🔧fn8mha45qw]     at MockHttpSocket.<anonymous> (node:net:720:37)
   523.396ms [⏱️3336] [🔧fn8mha45qw]     at Object.onceWrapper (node:events:638:28)
   523.408ms [⏱️3336] [🔧fn8mha45qw]     at MockHttpSocket.emit (node:events:524:28)
   523.424ms [⏱️3336] [🔧fn8mha45qw]     at MockHttpSocket.emit (/workspace/repro/node_modules/.pnpm/@mswjs+interceptors@file+../node_modules/@mswjs/interceptors/lib/node/chunk-EFBKFUZI.js:564:12)
   523.476ms [⏱️3336] [🔧fn8mha45qw]     at Socket.<anonymous> (/workspace/repro/node_modules/.pnpm/@mswjs+interceptors@file+../node_modules/@mswjs/interceptors/lib/node/chunk-EFBKFUZI.js:704:12)
   523.545ms [⏱️3336] [🔧fn8mha45qw] ✅ onReady
   523.574ms [⏱️3336] [🔧fn8mha45qw] 📣 emit ready
   795.992ms [⏱️3134] [🔧m6sibx21sbe] 🔌 onConnect delay from lookup
   796.098ms [⏱️3134] [🔧m6sibx21sbe] ⚠️  HANDLE MISMATCH!
   796.136ms [⏱️3134] [🔧m6sibx21sbe]    My Handle: TCP 🔧=true 🆔=-22 📖=false
   796.176ms [⏱️3134] [🔧m6sibx21sbe]    Socket Handle: TCP 🔧=false 🆔=116 📖=false
   796.223ms [⏱️3134] [🔧m6sibx21sbe]    Object references are different!
   796.269ms [⏱️3134] [🔧m6sibx21sbe] 📣 emit connect
   796.334ms [⏱️3134] [🔧m6sibx21sbe] 🔬 _read(16384) ⏳=false 🔐=undefined 🇺🇸=passthrough 🔗=http://localhost:46477/ origFlowing=true
   796.389ms [⏱️3134] [🔧m6sibx21sbe] 🔧 HANDLE.readStart()
   796.686ms [⏱️3134] [🔧m6sibx21sbe]     at tryReadStart (node:net:705:30)
   796.742ms [⏱️3134] [🔧m6sibx21sbe]     at Socket._read (node:net:722:5)
   796.769ms [⏱️3134] [🔧m6sibx21sbe]     at MockHttpSocket._read (/workspace/repro/node_modules/.pnpm/@mswjs+interceptors@file+../node_modules/@mswjs/interceptors/lib/node/chunk-EFBKFUZI.js:550:11)
   796.814ms [⏱️3134] [🔧m6sibx21sbe]     at MockHttpSocket.<anonymous> (node:net:720:37)
   796.856ms [⏱️3134] [🔧m6sibx21sbe]     at Object.onceWrapper (node:events:638:28)
   796.903ms [⏱️3134] [🔧m6sibx21sbe]     at MockHttpSocket.emit (node:events:524:28)
   796.959ms [⏱️3134] [🔧m6sibx21sbe]     at MockHttpSocket.emit (/workspace/repro/node_modules/.pnpm/@mswjs+interceptors@file+../node_modules/@mswjs/interceptors/lib/node/chunk-EFBKFUZI.js:564:12)
   797.011ms [⏱️3134] [🔧m6sibx21sbe]     at Socket.<anonymous> (/workspace/repro/node_modules/.pnpm/@mswjs+interceptors@file+../node_modules/@mswjs/interceptors/lib/node/chunk-EFBKFUZI.js:704:12)
   797.079ms [⏱️3134] [🔧m6sibx21sbe] ✅ onReady
   797.136ms [⏱️3134] [🔧m6sibx21sbe] 📣 emit ready
   254.559ms [⏱️3393] [🔧8xhi6abhzce] 🔧 HANDLE.close()
   254.759ms [⏱️3393] [🔧8xhi6abhzce]     at Timeout.internalConnectMultipleTimeout [as _onTimeout] (node:net:1712:10)
   254.808ms [⏱️3393] [🔧8xhi6abhzce]     at listOnTimeout (node:internal/timers:583:11)
   254.859ms [⏱️3393] [🔧8xhi6abhzce]     at process.processTimers (node:internal/timers:519:7)
   254.986ms [⏱️3393] [🔧8xhi6abhzce] 🔧 HANDLE.close()
   255.123ms [⏱️3393] [🔧8xhi6abhzce]     at Socket.reinitializeHandle (node:net:1265:17)
   255.287ms [⏱️3393] [🔧8xhi6abhzce]     at internalConnectMultiple (node:net:1131:30)
   255.437ms [⏱️3393] [🔧8xhi6abhzce]     at Timeout.internalConnectMultipleTimeout (node:net:1716:5)
   255.485ms [⏱️3393] [🔧8xhi6abhzce]     at listOnTimeout (node:internal/timers:583:11)
   255.532ms [⏱️3393] [🔧8xhi6abhzce]     at process.processTimers (node:internal/timers:519:7)
  1324.559ms [⏱️2720] [🔧d76lcm7nveg] 💾 onData 120b
  1324.717ms [⏱️2720] [🔧d76lcm7nveg] 📤 push([{"type":"Buffer","data":[72,84,84,80,47)
  1324.788ms [⏱️2499] [🔧d76lcm7nveg] 📨 onResponseStart status=200 🇺🇸=passthrough
  1325.399ms [⏱️2499] [🔧d76lcm7nveg] 📥 onResponseBody 2b
  1325.471ms [⏱️2499] [🔧d76lcm7nveg] 🎬 onResponseEnd hasStream=true
  1325.552ms [⏱️2720] [🔧d76lcm7nveg] 📣 emit data 120 chars
  1325.636ms [⏱️3615] [🔧d76lcm7nveg] 📖 read([0])
  1325.717ms [⏱️3615] [🔧d76lcm7nveg] 🔬 _read(16384) ⏳=false 🔐=undefined 🇺🇸=passthrough 🔗=http://localhost:46477/ origFlowing=true
  1325.894ms [⏱️2502] [🔧d76lcm7nveg] ▶️ resume()
  1326.041ms [⏱️3630] [🔧d76lcm7nveg] 📣 emit free
     0.001ms [⏱️0] [🔧6arwvi06sha] 🏗️  constructor starting
     0.092ms [⏱️0] [🔧6arwvi06sha] 🏗️  constructor complete http://localhost:46477/
  1326.593ms [⏱️0] [🔧d76lcm7nveg] 🧨 _destroy ⏳=false 🔐=undefined 🇺🇸=passthrough 🔗=http://localhost:46477/
  1326.639ms [⏱️0] [🔧d76lcm7nveg] 🔧 HANDLE.close()
  1326.806ms [⏱️0] [🔧d76lcm7nveg]     at closeSocketHandle (node:net:341:18)
  1326.835ms [⏱️0] [🔧d76lcm7nveg]     at Socket._destroy (node:net:831:7)
  1326.852ms [⏱️0] [🔧d76lcm7nveg]     at _destroy (node:internal/streams/destroy:121:10)
  1326.875ms [⏱️0] [🔧d76lcm7nveg]     at MockHttpSocket.destroy (node:internal/streams/destroy:83:5)
  1326.911ms [⏱️0] [🔧d76lcm7nveg]     at Writable.destroy (node:internal/streams/writable:1122:11)
  1326.992ms [⏱️0] [🔧d76lcm7nveg]     at MockHttpSocket.destroy (/workspace/repro/node_modules/.pnpm/@mswjs+interceptors@file+../node_modules/@mswjs/interceptors/lib/node/chunk-EFBKFUZI.js:574:18)
  1327.099ms [⏱️0] [🔧d76lcm7nveg]     at MockAgent.<anonymous> (node:_http_agent:154:14)
  1327.116ms [⏱️0] [🔧d76lcm7nveg]     at MockAgent.emit (node:events:524:28)
     0.790ms [⏱️3637] [🔧6arwvi06sha] ▶️ resume()
     0.827ms [⏱️3637] [🔧6arwvi06sha] ✍️  write 95b 🇺🇸=unknown buffered=0
     0.874ms [⏱️3635] [🔧6arwvi06sha] 🚀 onRequestStart path=/ keepAlive=true
     1.298ms [⏱️3637] [🔧6arwvi06sha] ✍️  write 2b 🇺🇸=unknown buffered=1
     1.330ms [⏱️3637] [🔧6arwvi06sha] ✍️  write 9b 🇺🇸=unknown buffered=2
     1.364ms [⏱️3635] [🔧6arwvi06sha] 📦 onRequestBody 9b
     1.390ms [⏱️3637] [🔧6arwvi06sha] ✍️  write 2b 🇺🇸=unknown buffered=3
     1.410ms [⏱️3637] [🔧6arwvi06sha] ✍️  write 5b 🇺🇸=unknown buffered=4
     1.434ms [⏱️3635] [🔧6arwvi06sha] 🏁 onRequestEnd hasStream=true
     1.470ms [⏱️3641] [🔧6arwvi06sha] 📖 read([0])
     1.494ms [⏱️3641] [🔧6arwvi06sha] 🔬 _read(16384) ⏳=true 🔐=undefined 🇺🇸=unknown 🔗=http://localhost:46477/ origFlowing=undefined
     1.523ms [⏱️3641] [🔧6arwvi06sha] 📣 emit resume
     1.542ms [⏱️3641] [🔧6arwvi06sha] 📖 read()
     1.993ms [⏱️0] [🔧6arwvi06sha] 💨 passthrough() 🧨=false ⏳=true
     2.148ms [⏱️0] [🔧6arwvi06sha] 🔌 created originalSocket
     2.197ms [⏱️0] [🔧6arwvi06sha] 🚽 flushing writeBuffer (5 items)
     2.275ms [⏱️3655] [🔧6arwvi06sha] ▶️ onResume
     2.313ms [⏱️3655] [🔧6arwvi06sha] 📣 emit resume
     2.484ms [⏱️3654] [🔧6arwvi06sha] 🔍 onLookup args=[null,"::1",6,"localhost"]
     2.525ms [⏱️3654] [🔧6arwvi06sha] 📣 emit lookup null, "::1", 6, "localhost"
     2.562ms [⏱️3654] [🔧6arwvi06sha] 🔍 onLookup args=[null,"127.0.0.1",4,"localhost"]
     2.604ms [⏱️3654] [🔧6arwvi06sha] 📣 emit lookup null, "127.0.0.1", 4, "localhost"
   214.744ms [⏱️3457] [🔧s21cdtmztok] 🔌 onConnect delay from lookup
   214.865ms [⏱️3457] [🔧s21cdtmztok] ✅ Handles match
   214.884ms [⏱️3457] [🔧s21cdtmztok] 📣 emit connect
   214.922ms [⏱️3457] [🔧s21cdtmztok] 🔬 _read(16384) ⏳=false 🔐=undefined 🇺🇸=passthrough 🔗=http://localhost:46477/ origFlowing=true
   214.953ms [⏱️3457] [🔧s21cdtmztok] 🔧 HANDLE.readStart()
   215.107ms [⏱️3457] [🔧s21cdtmztok]     at tryReadStart (node:net:705:30)
   215.129ms [⏱️3457] [🔧s21cdtmztok]     at Socket._read (node:net:722:5)
   215.141ms [⏱️3457] [🔧s21cdtmztok]     at MockHttpSocket._read (/workspace/repro/node_modules/.pnpm/@mswjs+interceptors@file+../node_modules/@mswjs/interceptors/lib/node/chunk-EFBKFUZI.js:550:11)
   215.155ms [⏱️3457] [🔧s21cdtmztok]     at MockHttpSocket.<anonymous> (node:net:720:37)
   215.177ms [⏱️3457] [🔧s21cdtmztok]     at Object.onceWrapper (node:events:638:28)
   215.186ms [⏱️3457] [🔧s21cdtmztok]     at MockHttpSocket.emit (node:events:524:28)
   215.203ms [⏱️3457] [🔧s21cdtmztok]     at MockHttpSocket.emit (/workspace/repro/node_modules/.pnpm/@mswjs+interceptors@file+../node_modules/@mswjs/interceptors/lib/node/chunk-EFBKFUZI.js:564:12)
   215.221ms [⏱️3457] [🔧s21cdtmztok]     at Socket.<anonymous> (/workspace/repro/node_modules/.pnpm/@mswjs+interceptors@file+../node_modules/@mswjs/interceptors/lib/node/chunk-EFBKFUZI.js:704:12)
   215.245ms [⏱️3457] [🔧s21cdtmztok] ✅ onReady
   215.264ms [⏱️3457] [🔧s21cdtmztok] 📣 emit ready
  1368.156ms [⏱️2729] [🔧pkmbb5s9jx] 💾 onData 120b
  1368.348ms [⏱️2729] [🔧pkmbb5s9jx] 📤 push([{"type":"Buffer","data":[72,84,84,80,47)
  1368.429ms [⏱️2607] [🔧pkmbb5s9jx] 📨 onResponseStart status=200 🇺🇸=passthrough
  1369.069ms [⏱️2607] [🔧pkmbb5s9jx] 📥 onResponseBody 2b
  1369.165ms [⏱️2607] [🔧pkmbb5s9jx] 🎬 onResponseEnd hasStream=true
  1369.263ms [⏱️2729] [🔧pkmbb5s9jx] 📣 emit data 120 chars
  1369.333ms [⏱️3674] [🔧pkmbb5s9jx] 📖 read([0])
  1369.385ms [⏱️3674] [🔧pkmbb5s9jx] 🔬 _read(16384) ⏳=false 🔐=undefined 🇺🇸=passthrough 🔗=http://localhost:46477/ origFlowing=true
  1369.606ms [⏱️2610] [🔧pkmbb5s9jx] ▶️ resume()
  1369.816ms [⏱️3689] [🔧pkmbb5s9jx] 📣 emit free
     0.001ms [⏱️0] [🔧50yc8s3hyyd] 🏗️  constructor starting
     0.101ms [⏱️0] [🔧50yc8s3hyyd] 🏗️  constructor complete http://localhost:46477/
  1370.402ms [⏱️0] [🔧pkmbb5s9jx] 🧨 _destroy ⏳=false 🔐=undefined 🇺🇸=passthrough 🔗=http://localhost:46477/
  1370.449ms [⏱️0] [🔧pkmbb5s9jx] 🔧 HANDLE.close()
  1370.664ms [⏱️0] [🔧pkmbb5s9jx]     at closeSocketHandle (node:net:341:18)
  1370.711ms [⏱️0] [🔧pkmbb5s9jx]     at Socket._destroy (node:net:831:7)
  1370.736ms [⏱️0] [🔧pkmbb5s9jx]     at _destroy (node:internal/streams/destroy:121:10)
  1370.837ms [⏱️0] [🔧pkmbb5s9jx]     at MockHttpSocket.destroy (node:internal/streams/destroy:83:5)
  1370.927ms [⏱️0] [🔧pkmbb5s9jx]     at Writable.destroy (node:internal/streams/writable:1122:11)
  1370.974ms [⏱️0] [🔧pkmbb5s9jx]     at MockHttpSocket.destroy (/workspace/repro/node_modules/.pnpm/@mswjs+interceptors@file+../node_modules/@mswjs/interceptors/lib/node/chunk-EFBKFUZI.js:574:18)
  1371.016ms [⏱️0] [🔧pkmbb5s9jx]     at MockAgent.<anonymous> (node:_http_agent:154:14)
  1371.062ms [⏱️0] [🔧pkmbb5s9jx]     at MockAgent.emit (node:events:524:28)
     1.018ms [⏱️3696] [🔧50yc8s3hyyd] ▶️ resume()
     1.163ms [⏱️3696] [🔧50yc8s3hyyd] ✍️  write 95b 🇺🇸=unknown buffered=0
     1.286ms [⏱️3694] [🔧50yc8s3hyyd] 🚀 onRequestStart path=/ keepAlive=true
     2.009ms [⏱️3696] [🔧50yc8s3hyyd] ✍️  write 2b 🇺🇸=unknown buffered=1
     2.062ms [⏱️3696] [🔧50yc8s3hyyd] ✍️  write 9b 🇺🇸=unknown buffered=2
     2.108ms [⏱️3694] [🔧50yc8s3hyyd] 📦 onRequestBody 9b
     2.159ms [⏱️3696] [🔧50yc8s3hyyd] ✍️  write 2b 🇺🇸=unknown buffered=3
     2.221ms [⏱️3696] [🔧50yc8s3hyyd] ✍️  write 5b 🇺🇸=unknown buffered=4
     2.266ms [⏱️3694] [🔧50yc8s3hyyd] 🏁 onRequestEnd hasStream=true
     2.338ms [⏱️3700] [🔧50yc8s3hyyd] 📖 read([0])
     2.354ms [⏱️3700] [🔧50yc8s3hyyd] 🔬 _read(16384) ⏳=true 🔐=undefined 🇺🇸=unknown 🔗=http://localhost:46477/ origFlowing=undefined
     2.382ms [⏱️3700] [🔧50yc8s3hyyd] 📣 emit resume
     2.392ms [⏱️3700] [🔧50yc8s3hyyd] 📖 read()
     2.791ms [⏱️0] [🔧50yc8s3hyyd] 💨 passthrough() 🧨=false ⏳=true
     2.895ms [⏱️0] [🔧50yc8s3hyyd] 🔌 created originalSocket
     2.925ms [⏱️0] [🔧50yc8s3hyyd] 🚽 flushing writeBuffer (5 items)
     2.993ms [⏱️3714] [🔧50yc8s3hyyd] ▶️ onResume
     3.052ms [⏱️3714] [🔧50yc8s3hyyd] 📣 emit resume
     3.254ms [⏱️3713] [🔧50yc8s3hyyd] 🔍 onLookup args=[null,"::1",6,"localhost"]
     3.308ms [⏱️3713] [🔧50yc8s3hyyd] 📣 emit lookup null, "::1", 6, "localhost"
     3.334ms [⏱️3713] [🔧50yc8s3hyyd] 🔍 onLookup args=[null,"127.0.0.1",4,"localhost"]
     3.354ms [⏱️3713] [🔧50yc8s3hyyd] 📣 emit lookup null, "127.0.0.1", 4, "localhost"
   531.736ms [⏱️3478] [🔧0ktxroi1aiw] 🔌 onConnect delay from lookup
   531.875ms [⏱️3478] [🔧0ktxroi1aiw] ⚠️  HANDLE MISMATCH!
   531.935ms [⏱️3478] [🔧0ktxroi1aiw]    My Handle: TCP 🔧=true 🆔=-22 📖=false
   531.985ms [⏱️3478] [🔧0ktxroi1aiw]    Socket Handle: TCP 🔧=false 🆔=133 📖=false
   532.078ms [⏱️3478] [🔧0ktxroi1aiw]    Object references are different!
   532.111ms [⏱️3478] [🔧0ktxroi1aiw] 📣 emit connect
   532.146ms [⏱️3478] [🔧0ktxroi1aiw] 🔬 _read(16384) ⏳=false 🔐=undefined 🇺🇸=passthrough 🔗=http://localhost:46477/ origFlowing=true
   532.169ms [⏱️3478] [🔧0ktxroi1aiw] 🔧 HANDLE.readStart()
   532.310ms [⏱️3478] [🔧0ktxroi1aiw]     at tryReadStart (node:net:705:30)
   532.327ms [⏱️3478] [🔧0ktxroi1aiw]     at Socket._read (node:net:722:5)
   532.336ms [⏱️3478] [🔧0ktxroi1aiw]     at MockHttpSocket._read (/workspace/repro/node_modules/.pnpm/@mswjs+interceptors@file+../node_modules/@mswjs/interceptors/lib/node/chunk-EFBKFUZI.js:550:11)
   532.351ms [⏱️3478] [🔧0ktxroi1aiw]     at MockHttpSocket.<anonymous> (node:net:720:37)
   532.365ms [⏱️3478] [🔧0ktxroi1aiw]     at Object.onceWrapper (node:events:638:28)
   532.374ms [⏱️3478] [🔧0ktxroi1aiw]     at MockHttpSocket.emit (node:events:524:28)
   532.392ms [⏱️3478] [🔧0ktxroi1aiw]     at MockHttpSocket.emit (/workspace/repro/node_modules/.pnpm/@mswjs+interceptors@file+../node_modules/@mswjs/interceptors/lib/node/chunk-EFBKFUZI.js:564:12)
   532.402ms [⏱️3478] [🔧0ktxroi1aiw]     at Socket.<anonymous> (/workspace/repro/node_modules/.pnpm/@mswjs+interceptors@file+../node_modules/@mswjs/interceptors/lib/node/chunk-EFBKFUZI.js:704:12)
   532.428ms [⏱️3478] [🔧0ktxroi1aiw] ✅ onReady
   532.468ms [⏱️3478] [🔧0ktxroi1aiw] 📣 emit ready
   253.889ms [⏱️3530] [🔧glbbarmtqr9] 🔧 HANDLE.close()
   253.986ms [⏱️3530] [🔧glbbarmtqr9]     at Timeout.internalConnectMultipleTimeout [as _onTimeout] (node:net:1712:10)
   254.006ms [⏱️3530] [🔧glbbarmtqr9]     at listOnTimeout (node:internal/timers:583:11)
   254.016ms [⏱️3530] [🔧glbbarmtqr9]     at process.processTimers (node:internal/timers:519:7)
   254.106ms [⏱️3530] [🔧glbbarmtqr9] 🔧 HANDLE.close()
   254.176ms [⏱️3530] [🔧glbbarmtqr9]     at Socket.reinitializeHandle (node:net:1265:17)
   254.195ms [⏱️3530] [🔧glbbarmtqr9]     at internalConnectMultiple (node:net:1131:30)
   254.207ms [⏱️3530] [🔧glbbarmtqr9]     at Timeout.internalConnectMultipleTimeout (node:net:1716:5)
   254.215ms [⏱️3530] [🔧glbbarmtqr9]     at listOnTimeout (node:internal/timers:583:11)
   254.230ms [⏱️3530] [🔧glbbarmtqr9]     at process.processTimers (node:internal/timers:519:7)
   252.719ms [⏱️3578] [🔧4nxxok4a4z] 🔧 HANDLE.close()
   252.868ms [⏱️3578] [🔧4nxxok4a4z]     at Timeout.internalConnectMultipleTimeout [as _onTimeout] (node:net:1712:10)
   252.914ms [⏱️3578] [🔧4nxxok4a4z]     at listOnTimeout (node:internal/timers:583:11)
   252.967ms [⏱️3578] [🔧4nxxok4a4z]     at process.processTimers (node:internal/timers:519:7)
   253.030ms [⏱️3578] [🔧4nxxok4a4z] 🔧 HANDLE.close()
   253.070ms [⏱️3578] [🔧4nxxok4a4z]     at Socket.reinitializeHandle (node:net:1265:17)
   253.085ms [⏱️3578] [🔧4nxxok4a4z]     at internalConnectMultiple (node:net:1131:30)
   253.100ms [⏱️3578] [🔧4nxxok4a4z]     at Timeout.internalConnectMultipleTimeout (node:net:1716:5)
   253.115ms [⏱️3578] [🔧4nxxok4a4z]     at listOnTimeout (node:internal/timers:583:11)
   253.128ms [⏱️3578] [🔧4nxxok4a4z]     at process.processTimers (node:internal/timers:519:7)
   835.722ms [⏱️3071] [🔧oiqe9ohurih] 💾 onData 120b
   835.854ms [⏱️3071] [🔧oiqe9ohurih] 📤 push([{"type":"Buffer","data":[72,84,84,80,47)
   835.896ms [⏱️3054] [🔧oiqe9ohurih] 📨 onResponseStart status=200 🇺🇸=passthrough
   836.393ms [⏱️3054] [🔧oiqe9ohurih] 📥 onResponseBody 2b
   836.432ms [⏱️3054] [🔧oiqe9ohurih] 🎬 onResponseEnd hasStream=true
   836.470ms [⏱️3071] [🔧oiqe9ohurih] 📣 emit data 120 chars
   836.508ms [⏱️3757] [🔧oiqe9ohurih] 📖 read([0])
   836.525ms [⏱️3757] [🔧oiqe9ohurih] 🔬 _read(16384) ⏳=false 🔐=undefined 🇺🇸=passthrough 🔗=http://localhost:46477/ origFlowing=true
   836.605ms [⏱️3057] [🔧oiqe9ohurih] ▶️ resume()
   836.777ms [⏱️3772] [🔧oiqe9ohurih] 📣 emit free
     0.001ms [⏱️0] [🔧4axxvggf484] 🏗️  constructor starting
     0.099ms [⏱️0] [🔧4axxvggf484] 🏗️  constructor complete http://localhost:46477/
   837.188ms [⏱️0] [🔧oiqe9ohurih] 🧨 _destroy ⏳=false 🔐=undefined 🇺🇸=passthrough 🔗=http://localhost:46477/
   837.296ms [⏱️0] [🔧oiqe9ohurih] 🔧 HANDLE.close()
   837.405ms [⏱️0] [🔧oiqe9ohurih]     at closeSocketHandle (node:net:341:18)
   837.423ms [⏱️0] [🔧oiqe9ohurih]     at Socket._destroy (node:net:831:7)
   837.430ms [⏱️0] [🔧oiqe9ohurih]     at _destroy (node:internal/streams/destroy:121:10)
   837.435ms [⏱️0] [🔧oiqe9ohurih]     at MockHttpSocket.destroy (node:internal/streams/destroy:83:5)
   837.440ms [⏱️0] [🔧oiqe9ohurih]     at Writable.destroy (node:internal/streams/writable:1122:11)
   837.519ms [⏱️0] [🔧oiqe9ohurih]     at MockHttpSocket.destroy (/workspace/repro/node_modules/.pnpm/@mswjs+interceptors@file+../node_modules/@mswjs/interceptors/lib/node/chunk-EFBKFUZI.js:574:18)
   837.639ms [⏱️0] [🔧oiqe9ohurih]     at MockAgent.<anonymous> (node:_http_agent:154:14)
   837.722ms [⏱️0] [🔧oiqe9ohurih]     at MockAgent.emit (node:events:524:28)
     0.822ms [⏱️3779] [🔧4axxvggf484] ▶️ resume()
     0.858ms [⏱️3779] [🔧4axxvggf484] ✍️  write 95b 🇺🇸=unknown buffered=0
     0.901ms [⏱️3777] [🔧4axxvggf484] 🚀 onRequestStart path=/ keepAlive=true
     1.193ms [⏱️3779] [🔧4axxvggf484] ✍️  write 2b 🇺🇸=unknown buffered=1
     1.214ms [⏱️3779] [🔧4axxvggf484] ✍️  write 9b 🇺🇸=unknown buffered=2
     1.226ms [⏱️3777] [🔧4axxvggf484] 📦 onRequestBody 9b
     1.242ms [⏱️3779] [🔧4axxvggf484] ✍️  write 2b 🇺🇸=unknown buffered=3
     1.257ms [⏱️3779] [🔧4axxvggf484] ✍️  write 5b 🇺🇸=unknown buffered=4
     1.264ms [⏱️3777] [🔧4axxvggf484] 🏁 onRequestEnd hasStream=true
     1.315ms [⏱️3783] [🔧4axxvggf484] 📖 read([0])
     1.334ms [⏱️3783] [🔧4axxvggf484] 🔬 _read(16384) ⏳=true 🔐=undefined 🇺🇸=unknown 🔗=http://localhost:46477/ origFlowing=undefined
     1.346ms [⏱️3783] [🔧4axxvggf484] 📣 emit resume
     1.358ms [⏱️3783] [🔧4axxvggf484] 📖 read()
     1.585ms [⏱️0] [🔧4axxvggf484] 💨 passthrough() 🧨=false ⏳=true
     1.658ms [⏱️0] [🔧4axxvggf484] 🔌 created originalSocket
     1.677ms [⏱️0] [🔧4axxvggf484] 🚽 flushing writeBuffer (5 items)
     1.707ms [⏱️3797] [🔧4axxvggf484] ▶️ onResume
     1.723ms [⏱️3797] [🔧4axxvggf484] 📣 emit resume
   838.745ms [⏱️3071] [🔧oiqe9ohurih] 📣 emit close false
     1.857ms [⏱️3796] [🔧4axxvggf484] 🔍 onLookup args=[null,"::1",6,"localhost"]
     1.889ms [⏱️3796] [🔧4axxvggf484] 📣 emit lookup null, "::1", 6, "localhost"
     1.909ms [⏱️3796] [🔧4axxvggf484] 🔍 onLookup args=[null,"127.0.0.1",4,"localhost"]
     1.917ms [⏱️3796] [🔧4axxvggf484] 📣 emit lookup null, "127.0.0.1", 4, "localhost"
   253.948ms [⏱️3659] [🔧6arwvi06sha] 🔧 HANDLE.close()
   253.981ms [⏱️3659] [🔧6arwvi06sha]     at Timeout.internalConnectMultipleTimeout [as _onTimeout] (node:net:1712:10)
   253.990ms [⏱️3659] [🔧6arwvi06sha]     at listOnTimeout (node:internal/timers:583:11)
   253.994ms [⏱️3659] [🔧6arwvi06sha]     at process.processTimers (node:internal/timers:519:7)
   254.019ms [⏱️3659] [🔧6arwvi06sha] 🔧 HANDLE.close()
   254.042ms [⏱️3659] [🔧6arwvi06sha]     at Socket.reinitializeHandle (node:net:1265:17)
   254.053ms [⏱️3659] [🔧6arwvi06sha]     at internalConnectMultiple (node:net:1131:30)
   254.058ms [⏱️3659] [🔧6arwvi06sha]     at Timeout.internalConnectMultipleTimeout (node:net:1716:5)
   254.075ms [⏱️3659] [🔧6arwvi06sha]     at listOnTimeout (node:internal/timers:583:11)
   254.080ms [⏱️3659] [🔧6arwvi06sha]     at process.processTimers (node:internal/timers:519:7)
  1794.004ms [⏱️2635] [🔧dui3r5dftgo] 💾 onData 120b
  1794.024ms [⏱️2635] [🔧dui3r5dftgo] 📤 push([{"type":"Buffer","data":[72,84,84,80,47)
  1794.055ms [⏱️2283] [🔧dui3r5dftgo] 📨 onResponseStart status=200 🇺🇸=passthrough
  1794.145ms [⏱️2283] [🔧dui3r5dftgo] 📥 onResponseBody 2b
  1794.157ms [⏱️2283] [🔧dui3r5dftgo] 🎬 onResponseEnd hasStream=true
  1794.167ms [⏱️2635] [🔧dui3r5dftgo] 📣 emit data 120 chars
  1794.203ms [⏱️3817] [🔧dui3r5dftgo] 📖 read([0])
  1794.214ms [⏱️3817] [🔧dui3r5dftgo] 🔬 _read(16384) ⏳=false 🔐=undefined 🇺🇸=passthrough 🔗=http://localhost:46477/ origFlowing=true
  1794.250ms [⏱️2286] [🔧dui3r5dftgo] ▶️ resume()
  1794.284ms [⏱️3832] [🔧dui3r5dftgo] 📣 emit free
     0.000ms [⏱️0] [🔧xphnflizxsa] 🏗️  constructor starting
     0.027ms [⏱️0] [🔧xphnflizxsa] 🏗️  constructor complete http://localhost:46477/
  1794.444ms [⏱️0] [🔧dui3r5dftgo] 🧨 _destroy ⏳=false 🔐=undefined 🇺🇸=passthrough 🔗=http://localhost:46477/
  1794.456ms [⏱️0] [🔧dui3r5dftgo] 🔧 HANDLE.close()
  1794.491ms [⏱️0] [🔧dui3r5dftgo]     at closeSocketHandle (node:net:341:18)
  1794.514ms [⏱️0] [🔧dui3r5dftgo]     at Socket._destroy (node:net:831:7)
  1794.522ms [⏱️0] [🔧dui3r5dftgo]     at _destroy (node:internal/streams/destroy:121:10)
  1794.526ms [⏱️0] [🔧dui3r5dftgo]     at MockHttpSocket.destroy (node:internal/streams/destroy:83:5)
  1794.529ms [⏱️0] [🔧dui3r5dftgo]     at Writable.destroy (node:internal/streams/writable:1122:11)
  1794.532ms [⏱️0] [🔧dui3r5dftgo]     at MockHttpSocket.destroy (/workspace/repro/node_modules/.pnpm/@mswjs+interceptors@file+../node_modules/@mswjs/interceptors/lib/node/chunk-EFBKFUZI.js:574:18)
  1794.565ms [⏱️0] [🔧dui3r5dftgo]     at MockAgent.<anonymous> (node:_http_agent:154:14)
  1794.571ms [⏱️0] [🔧dui3r5dftgo]     at MockAgent.emit (node:events:524:28)
     0.198ms [⏱️3839] [🔧xphnflizxsa] ▶️ resume()
     0.207ms [⏱️3839] [🔧xphnflizxsa] ✍️  write 95b 🇺🇸=unknown buffered=0
     0.221ms [⏱️3837] [🔧xphnflizxsa] 🚀 onRequestStart path=/ keepAlive=true
     0.358ms [⏱️3839] [🔧xphnflizxsa] ✍️  write 2b 🇺🇸=unknown buffered=1
     0.369ms [⏱️3839] [🔧xphnflizxsa] ✍️  write 9b 🇺🇸=unknown buffered=2
     0.376ms [⏱️3837] [🔧xphnflizxsa] 📦 onRequestBody 9b
     0.385ms [⏱️3839] [🔧xphnflizxsa] ✍️  write 2b 🇺🇸=unknown buffered=3
     0.393ms [⏱️3839] [🔧xphnflizxsa] ✍️  write 5b 🇺🇸=unknown buffered=4
     0.398ms [⏱️3837] [🔧xphnflizxsa] 🏁 onRequestEnd hasStream=true
     0.406ms [⏱️3843] [🔧xphnflizxsa] 📖 read([0])
     0.415ms [⏱️3843] [🔧xphnflizxsa] 🔬 _read(16384) ⏳=true 🔐=undefined 🇺🇸=unknown 🔗=http://localhost:46477/ origFlowing=undefined
     0.425ms [⏱️3843] [🔧xphnflizxsa] 📣 emit resume
     0.429ms [⏱️3843] [🔧xphnflizxsa] 📖 read()
     0.542ms [⏱️0] [🔧xphnflizxsa] 💨 passthrough() 🧨=false ⏳=true
     0.578ms [⏱️0] [🔧xphnflizxsa] 🔌 created originalSocket
     0.589ms [⏱️0] [🔧xphnflizxsa] 🚽 flushing writeBuffer (5 items)
     0.605ms [⏱️3857] [🔧xphnflizxsa] ▶️ onResume
     0.613ms [⏱️3857] [🔧xphnflizxsa] 📣 emit resume
     0.659ms [⏱️3856] [🔧xphnflizxsa] 🔍 onLookup args=[null,"::1",6,"localhost"]
     0.671ms [⏱️3856] [🔧xphnflizxsa] 📣 emit lookup null, "::1", 6, "localhost"
     0.677ms [⏱️3856] [🔧xphnflizxsa] 🔍 onLookup args=[null,"127.0.0.1",4,"localhost"]
     0.687ms [⏱️3856] [🔧xphnflizxsa] 📣 emit lookup null, "127.0.0.1", 4, "localhost"
  1134.709ms [⏱️3133] [🔧m6sibx21sbe] 💾 onData 120b
  1134.724ms [⏱️3133] [🔧m6sibx21sbe] 📤 push([{"type":"Buffer","data":[72,84,84,80,47)
  1134.734ms [⏱️2875] [🔧m6sibx21sbe] 📨 onResponseStart status=200 🇺🇸=passthrough
  1134.791ms [⏱️2875] [🔧m6sibx21sbe] 📥 onResponseBody 2b
  1134.803ms [⏱️2875] [🔧m6sibx21sbe] 🎬 onResponseEnd hasStream=true
  1134.811ms [⏱️3133] [🔧m6sibx21sbe] 📣 emit data 120 chars
  1134.817ms [⏱️3865] [🔧m6sibx21sbe] 📖 read([0])
  1134.829ms [⏱️3865] [🔧m6sibx21sbe] 🔬 _read(16384) ⏳=false 🔐=undefined 🇺🇸=passthrough 🔗=http://localhost:46477/ origFlowing=true
  1134.848ms [⏱️2878] [🔧m6sibx21sbe] ▶️ resume()
  1134.871ms [⏱️3880] [🔧m6sibx21sbe] 📣 emit free
     0.000ms [⏱️0] [🔧9t8y9skx37] 🏗️  constructor starting
     0.021ms [⏱️0] [🔧9t8y9skx37] 🏗️  constructor complete http://localhost:46477/
  1135.016ms [⏱️0] [🔧m6sibx21sbe] 🧨 _destroy ⏳=false 🔐=undefined 🇺🇸=passthrough 🔗=http://localhost:46477/
  1135.023ms [⏱️0] [🔧m6sibx21sbe] 🔧 HANDLE.close()
  1135.051ms [⏱️0] [🔧m6sibx21sbe]     at closeSocketHandle (node:net:341:18)
  1135.059ms [⏱️0] [🔧m6sibx21sbe]     at Socket._destroy (node:net:831:7)
  1135.062ms [⏱️0] [🔧m6sibx21sbe]     at _destroy (node:internal/streams/destroy:121:10)
  1135.065ms [⏱️0] [🔧m6sibx21sbe]     at MockHttpSocket.destroy (node:internal/streams/destroy:83:5)
  1135.068ms [⏱️0] [🔧m6sibx21sbe]     at Writable.destroy (node:internal/streams/writable:1122:11)
  1135.071ms [⏱️0] [🔧m6sibx21sbe]     at MockHttpSocket.destroy (/workspace/repro/node_modules/.pnpm/@mswjs+interceptors@file+../node_modules/@mswjs/interceptors/lib/node/chunk-EFBKFUZI.js:574:18)
  1135.074ms [⏱️0] [🔧m6sibx21sbe]     at MockAgent.<anonymous> (node:_http_agent:154:14)
  1135.077ms [⏱️0] [🔧m6sibx21sbe]     at MockAgent.emit (node:events:524:28)
     0.117ms [⏱️3887] [🔧9t8y9skx37] ▶️ resume()
     0.124ms [⏱️3887] [🔧9t8y9skx37] ✍️  write 95b 🇺🇸=unknown buffered=0
     0.131ms [⏱️3885] [🔧9t8y9skx37] 🚀 onRequestStart path=/ keepAlive=true
     0.217ms [⏱️3887] [🔧9t8y9skx37] ✍️  write 2b 🇺🇸=unknown buffered=1
     0.227ms [⏱️3887] [🔧9t8y9skx37] ✍️  write 9b 🇺🇸=unknown buffered=2
     0.233ms [⏱️3885] [🔧9t8y9skx37] 📦 onRequestBody 9b
     0.238ms [⏱️3887] [🔧9t8y9skx37] ✍️  write 2b 🇺🇸=unknown buffered=3
     0.242ms [⏱️3887] [🔧9t8y9skx37] ✍️  write 5b 🇺🇸=unknown buffered=4
     0.246ms [⏱️3885] [🔧9t8y9skx37] 🏁 onRequestEnd hasStream=true
     0.253ms [⏱️3891] [🔧9t8y9skx37] 📖 read([0])
     0.257ms [⏱️3891] [🔧9t8y9skx37] 🔬 _read(16384) ⏳=true 🔐=undefined 🇺🇸=unknown 🔗=http://localhost:46477/ origFlowing=undefined
     0.262ms [⏱️3891] [🔧9t8y9skx37] 📣 emit resume
     0.265ms [⏱️3891] [🔧9t8y9skx37] 📖 read()
     0.352ms [⏱️0] [🔧9t8y9skx37] 💨 passthrough() 🧨=false ⏳=true
     0.382ms [⏱️0] [🔧9t8y9skx37] 🔌 created originalSocket
     0.394ms [⏱️0] [🔧9t8y9skx37] 🚽 flushing writeBuffer (5 items)
     0.412ms [⏱️3905] [🔧9t8y9skx37] ▶️ onResume
     0.419ms [⏱️3905] [🔧9t8y9skx37] 📣 emit resume
     0.578ms [⏱️3904] [🔧9t8y9skx37] 🔍 onLookup args=[null,"::1",6,"localhost"]
     0.590ms [⏱️3904] [🔧9t8y9skx37] 📣 emit lookup null, "::1", 6, "localhost"
     0.596ms [⏱️3904] [🔧9t8y9skx37] 🔍 onLookup args=[null,"127.0.0.1",4,"localhost"]
     0.603ms [⏱️3904] [🔧9t8y9skx37] 📣 emit lookup null, "127.0.0.1", 4, "localhost"
   258.148ms [⏱️3718] [🔧50yc8s3hyyd] 🔧 HANDLE.close()
   258.173ms [⏱️3718] [🔧50yc8s3hyyd]     at Timeout.internalConnectMultipleTimeout [as _onTimeout] (node:net:1712:10)
   258.181ms [⏱️3718] [🔧50yc8s3hyyd]     at listOnTimeout (node:internal/timers:583:11)
   258.185ms [⏱️3718] [🔧50yc8s3hyyd]     at process.processTimers (node:internal/timers:519:7)
   258.204ms [⏱️3718] [🔧50yc8s3hyyd] 🔧 HANDLE.close()
   258.223ms [⏱️3718] [🔧50yc8s3hyyd]     at Socket.reinitializeHandle (node:net:1265:17)
   258.227ms [⏱️3718] [🔧50yc8s3hyyd]     at internalConnectMultiple (node:net:1131:30)
   258.229ms [⏱️3718] [🔧50yc8s3hyyd]     at Timeout.internalConnectMultipleTimeout (node:net:1716:5)
   258.232ms [⏱️3718] [🔧50yc8s3hyyd]     at listOnTimeout (node:internal/timers:583:11)
   258.235ms [⏱️3718] [🔧50yc8s3hyyd]     at process.processTimers (node:internal/timers:519:7)
   915.850ms [⏱️3345] [🔧kvgdb209wx] 🔌 onConnect delay from lookup
   915.862ms [⏱️3345] [🔧kvgdb209wx] ⚠️  HANDLE MISMATCH!
   915.879ms [⏱️3345] [🔧kvgdb209wx]    My Handle: TCP 🔧=true 🆔=-22 📖=false
   915.889ms [⏱️3345] [🔧kvgdb209wx]    Socket Handle: TCP 🔧=false 🆔=127 📖=false
   915.893ms [⏱️3345] [🔧kvgdb209wx]    Object references are different!
   915.897ms [⏱️3345] [🔧kvgdb209wx] 📣 emit connect
   915.904ms [⏱️3345] [🔧kvgdb209wx] 🔬 _read(16384) ⏳=false 🔐=undefined 🇺🇸=passthrough 🔗=http://localhost:46477/ origFlowing=true
   915.914ms [⏱️3345] [🔧kvgdb209wx] 🔧 HANDLE.readStart()
   915.946ms [⏱️3345] [🔧kvgdb209wx]     at tryReadStart (node:net:705:30)
   915.955ms [⏱️3345] [🔧kvgdb209wx]     at Socket._read (node:net:722:5)
   915.958ms [⏱️3345] [🔧kvgdb209wx]     at MockHttpSocket._read (/workspace/repro/node_modules/.pnpm/@mswjs+interceptors@file+../node_modules/@mswjs/interceptors/lib/node/chunk-EFBKFUZI.js:550:11)
   915.967ms [⏱️3345] [🔧kvgdb209wx]     at MockHttpSocket.<anonymous> (node:net:720:37)
   915.970ms [⏱️3345] [🔧kvgdb209wx]     at Object.onceWrapper (node:events:638:28)
   915.973ms [⏱️3345] [🔧kvgdb209wx]     at MockHttpSocket.emit (node:events:524:28)
   915.979ms [⏱️3345] [🔧kvgdb209wx]     at MockHttpSocket.emit (/workspace/repro/node_modules/.pnpm/@mswjs+interceptors@file+../node_modules/@mswjs/interceptors/lib/node/chunk-EFBKFUZI.js:564:12)
   915.984ms [⏱️3345] [🔧kvgdb209wx]     at Socket.<anonymous> (/workspace/repro/node_modules/.pnpm/@mswjs+interceptors@file+../node_modules/@mswjs/interceptors/lib/node/chunk-EFBKFUZI.js:704:12)
   915.991ms [⏱️3345] [🔧kvgdb209wx] ✅ onReady
   915.994ms [⏱️3345] [🔧kvgdb209wx] 📣 emit ready
  1470.774ms [⏱️2850] [🔧8qolfv5p0ko] 🔌 onConnect delay from lookup
  1470.803ms [⏱️2850] [🔧8qolfv5p0ko] ⚠️  HANDLE MISMATCH!
  1470.809ms [⏱️2850] [🔧8qolfv5p0ko]    My Handle: TCP 🔧=true 🆔=-22 📖=false
  1470.813ms [⏱️2850] [🔧8qolfv5p0ko]    Socket Handle: TCP 🔧=false 🆔=112 📖=false
  1470.816ms [⏱️2850] [🔧8qolfv5p0ko]    Object references are different!
  1470.822ms [⏱️2850] [🔧8qolfv5p0ko] 📣 emit connect
  1470.832ms [⏱️2850] [🔧8qolfv5p0ko] 🔬 _read(16384) ⏳=false 🔐=undefined 🇺🇸=passthrough 🔗=http://localhost:46477/ origFlowing=true
  1470.838ms [⏱️2850] [🔧8qolfv5p0ko] 🔧 HANDLE.readStart()
  1470.884ms [⏱️2850] [🔧8qolfv5p0ko]     at tryReadStart (node:net:705:30)
  1470.892ms [⏱️2850] [🔧8qolfv5p0ko]     at Socket._read (node:net:722:5)
  1470.896ms [⏱️2850] [🔧8qolfv5p0ko]     at MockHttpSocket._read (/workspace/repro/node_modules/.pnpm/@mswjs+interceptors@file+../node_modules/@mswjs/interceptors/lib/node/chunk-EFBKFUZI.js:550:11)
  1470.899ms [⏱️2850] [🔧8qolfv5p0ko]     at MockHttpSocket.<anonymous> (node:net:720:37)
  1470.902ms [⏱️2850] [🔧8qolfv5p0ko]     at Object.onceWrapper (node:events:638:28)
  1470.905ms [⏱️2850] [🔧8qolfv5p0ko]     at MockHttpSocket.emit (node:events:524:28)
  1470.908ms [⏱️2850] [🔧8qolfv5p0ko]     at MockHttpSocket.emit (/workspace/repro/node_modules/.pnpm/@mswjs+interceptors@file+../node_modules/@mswjs/interceptors/lib/node/chunk-EFBKFUZI.js:564:12)
  1470.911ms [⏱️2850] [🔧8qolfv5p0ko]     at Socket.<anonymous> (/workspace/repro/node_modules/.pnpm/@mswjs+interceptors@file+../node_modules/@mswjs/interceptors/lib/node/chunk-EFBKFUZI.js:704:12)
  1470.919ms [⏱️2850] [🔧8qolfv5p0ko] ✅ onReady
  1470.923ms [⏱️2850] [🔧8qolfv5p0ko] 📣 emit ready
  1471.255ms [⏱️2849] [🔧8qolfv5p0ko] 💾 onData 120b
  1471.299ms [⏱️2849] [🔧8qolfv5p0ko] 📤 push([{"type":"Buffer","data":[72,84,84,80,47)
  1471.317ms [⏱️2695] [🔧8qolfv5p0ko] 📨 onResponseStart status=200 🇺🇸=passthrough
  1471.517ms [⏱️2695] [🔧8qolfv5p0ko] 📥 onResponseBody 2b
  1471.577ms [⏱️2695] [🔧8qolfv5p0ko] 🎬 onResponseEnd hasStream=true
  1471.598ms [⏱️2849] [🔧8qolfv5p0ko] 📣 emit data 120 chars
  1471.616ms [⏱️3935] [🔧8qolfv5p0ko] 📖 read([0])
  1471.629ms [⏱️3935] [🔧8qolfv5p0ko] 🔬 _read(16384) ⏳=false 🔐=undefined 🇺🇸=passthrough 🔗=http://localhost:46477/ origFlowing=true
  1471.680ms [⏱️2698] [🔧8qolfv5p0ko] ▶️ resume()
  1471.743ms [⏱️3950] [🔧8qolfv5p0ko] 📣 emit free
     0.001ms [⏱️0] [🔧4j0f5qd04nh] 🏗️  constructor starting
     0.056ms [⏱️0] [🔧4j0f5qd04nh] 🏗️  constructor complete http://localhost:46477/
  1472.166ms [⏱️0] [🔧8qolfv5p0ko] 🧨 _destroy ⏳=false 🔐=undefined 🇺🇸=passthrough 🔗=http://localhost:46477/
  1472.186ms [⏱️0] [🔧8qolfv5p0ko] 🔧 HANDLE.close()
  1472.256ms [⏱️0] [🔧8qolfv5p0ko]     at closeSocketHandle (node:net:341:18)
  1472.266ms [⏱️0] [🔧8qolfv5p0ko]     at Socket._destroy (node:net:831:7)
  1472.272ms [⏱️0] [🔧8qolfv5p0ko]     at _destroy (node:internal/streams/destroy:121:10)
  1472.279ms [⏱️0] [🔧8qolfv5p0ko]     at MockHttpSocket.destroy (node:internal/streams/destroy:83:5)
  1472.285ms [⏱️0] [🔧8qolfv5p0ko]     at Writable.destroy (node:internal/streams/writable:1122:11)
  1472.291ms [⏱️0] [🔧8qolfv5p0ko]     at MockHttpSocket.destroy (/workspace/repro/node_modules/.pnpm/@mswjs+interceptors@file+../node_modules/@mswjs/interceptors/lib/node/chunk-EFBKFUZI.js:574:18)
  1472.298ms [⏱️0] [🔧8qolfv5p0ko]     at MockAgent.<anonymous> (node:_http_agent:154:14)
  1472.304ms [⏱️0] [🔧8qolfv5p0ko]     at MockAgent.emit (node:events:524:28)
     0.401ms [⏱️3957] [🔧4j0f5qd04nh] ▶️ resume()
     0.419ms [⏱️3957] [🔧4j0f5qd04nh] ✍️  write 95b 🇺🇸=unknown buffered=0
     0.439ms [⏱️3955] [🔧4j0f5qd04nh] 🚀 onRequestStart path=/ keepAlive=true
     0.737ms [⏱️3957] [🔧4j0f5qd04nh] ✍️  write 2b 🇺🇸=unknown buffered=1
     0.753ms [⏱️3957] [🔧4j0f5qd04nh] ✍️  write 9b 🇺🇸=unknown buffered=2
     0.769ms [⏱️3955] [🔧4j0f5qd04nh] 📦 onRequestBody 9b
     0.783ms [⏱️3957] [🔧4j0f5qd04nh] ✍️  write 2b 🇺🇸=unknown buffered=3
     0.793ms [⏱️3957] [🔧4j0f5qd04nh] ✍️  write 5b 🇺🇸=unknown buffered=4
     0.803ms [⏱️3955] [🔧4j0f5qd04nh] 🏁 onRequestEnd hasStream=true
     0.822ms [⏱️3961] [🔧4j0f5qd04nh] 📖 read([0])
     0.837ms [⏱️3961] [🔧4j0f5qd04nh] 🔬 _read(16384) ⏳=true 🔐=undefined 🇺🇸=unknown 🔗=http://localhost:46477/ origFlowing=undefined
     0.946ms [⏱️3961] [🔧4j0f5qd04nh] 📣 emit resume
     0.962ms [⏱️3961] [🔧4j0f5qd04nh] 📖 read()
     1.281ms [⏱️0] [🔧4j0f5qd04nh] 💨 passthrough() 🧨=false ⏳=true
     1.353ms [⏱️0] [🔧4j0f5qd04nh] 🔌 created originalSocket
     1.370ms [⏱️0] [🔧4j0f5qd04nh] 🚽 flushing writeBuffer (5 items)
     1.407ms [⏱️3975] [🔧4j0f5qd04nh] ▶️ onResume
     1.417ms [⏱️3975] [🔧4j0f5qd04nh] 📣 emit resume
     2.598ms [⏱️3974] [🔧4j0f5qd04nh] 🔍 onLookup args=[null,"::1",6,"localhost"]
     2.659ms [⏱️3974] [🔧4j0f5qd04nh] 📣 emit lookup null, "::1", 6, "localhost"
     2.677ms [⏱️3974] [🔧4j0f5qd04nh] 🔍 onLookup args=[null,"127.0.0.1",4,"localhost"]
     2.688ms [⏱️3974] [🔧4j0f5qd04nh] 📣 emit lookup null, "127.0.0.1", 4, "localhost"
  1707.414ms [⏱️2723] [🔧7wmcu84b48d] 💾 onData 120b
  1707.461ms [⏱️2723] [🔧7wmcu84b48d] 📤 push([{"type":"Buffer","data":[72,84,84,80,47)
  1707.482ms [⏱️2556] [🔧7wmcu84b48d] 📨 onResponseStart status=200 🇺🇸=passthrough
  1707.638ms [⏱️2556] [🔧7wmcu84b48d] 📥 onResponseBody 2b
  1707.652ms [⏱️2556] [🔧7wmcu84b48d] 🎬 onResponseEnd hasStream=true
  1707.668ms [⏱️2723] [🔧7wmcu84b48d] 📣 emit data 120 chars
  1707.681ms [⏱️3983] [🔧7wmcu84b48d] 📖 read([0])
  1707.690ms [⏱️3983] [🔧7wmcu84b48d] 🔬 _read(16384) ⏳=false 🔐=undefined 🇺🇸=passthrough 🔗=http://localhost:46477/ origFlowing=true
  1707.734ms [⏱️2559] [🔧7wmcu84b48d] ▶️ resume()
  1707.986ms [⏱️3998] [🔧7wmcu84b48d] 📣 emit free
     0.000ms [⏱️0] [🔧lo7xlnuduqc] 🏗️  constructor starting
     0.029ms [⏱️0] [🔧lo7xlnuduqc] 🏗️  constructor complete http://localhost:46477/
  1708.186ms [⏱️0] [🔧7wmcu84b48d] 🧨 _destroy ⏳=false 🔐=undefined 🇺🇸=passthrough 🔗=http://localhost:46477/
  1708.202ms [⏱️0] [🔧7wmcu84b48d] 🔧 HANDLE.close()
  1708.247ms [⏱️0] [🔧7wmcu84b48d]     at closeSocketHandle (node:net:341:18)
  1708.256ms [⏱️0] [🔧7wmcu84b48d]     at Socket._destroy (node:net:831:7)
  1708.259ms [⏱️0] [🔧7wmcu84b48d]     at _destroy (node:internal/streams/destroy:121:10)
  1708.263ms [⏱️0] [🔧7wmcu84b48d]     at MockHttpSocket.destroy (node:internal/streams/destroy:83:5)
  1708.265ms [⏱️0] [🔧7wmcu84b48d]     at Writable.destroy (node:internal/streams/writable:1122:11)
  1708.277ms [⏱️0] [🔧7wmcu84b48d]     at MockHttpSocket.destroy (/workspace/repro/node_modules/.pnpm/@mswjs+interceptors@file+../node_modules/@mswjs/interceptors/lib/node/chunk-EFBKFUZI.js:574:18)
  1708.282ms [⏱️0] [🔧7wmcu84b48d]     at MockAgent.<anonymous> (node:_http_agent:154:14)
  1708.284ms [⏱️0] [🔧7wmcu84b48d]     at MockAgent.emit (node:events:524:28)
     0.193ms [⏱️4005] [🔧lo7xlnuduqc] ▶️ resume()
     0.293ms [⏱️4005] [🔧lo7xlnuduqc] ✍️  write 95b 🇺🇸=unknown buffered=0
     0.315ms [⏱️4003] [🔧lo7xlnuduqc] 🚀 onRequestStart path=/ keepAlive=true
     0.484ms [⏱️4005] [🔧lo7xlnuduqc] ✍️  write 2b 🇺🇸=unknown buffered=1
     0.497ms [⏱️4005] [🔧lo7xlnuduqc] ✍️  write 9b 🇺🇸=unknown buffered=2
     0.506ms [⏱️4003] [🔧lo7xlnuduqc] 📦 onRequestBody 9b
     0.519ms [⏱️4005] [🔧lo7xlnuduqc] ✍️  write 2b 🇺🇸=unknown buffered=3
     0.523ms [⏱️4005] [🔧lo7xlnuduqc] ✍️  write 5b 🇺🇸=unknown buffered=4
     0.528ms [⏱️4003] [🔧lo7xlnuduqc] 🏁 onRequestEnd hasStream=true
     0.553ms [⏱️4009] [🔧lo7xlnuduqc] 📖 read([0])
     0.614ms [⏱️4009] [🔧lo7xlnuduqc] 🔬 _read(16384) ⏳=true 🔐=undefined 🇺🇸=unknown 🔗=http://localhost:46477/ origFlowing=undefined
     0.661ms [⏱️4009] [🔧lo7xlnuduqc] 📣 emit resume
     0.668ms [⏱️4009] [🔧lo7xlnuduqc] 📖 read()
     0.840ms [⏱️0] [🔧lo7xlnuduqc] 💨 passthrough() 🧨=false ⏳=true
     0.902ms [⏱️0] [🔧lo7xlnuduqc] 🔌 created originalSocket
     0.926ms [⏱️0] [🔧lo7xlnuduqc] 🚽 flushing writeBuffer (5 items)
     0.951ms [⏱️4023] [🔧lo7xlnuduqc] ▶️ onResume
     0.961ms [⏱️4023] [🔧lo7xlnuduqc] 📣 emit resume
     0.996ms [⏱️4022] [🔧lo7xlnuduqc] 🔍 onLookup args=[null,"::1",6,"localhost"]
     1.014ms [⏱️4022] [🔧lo7xlnuduqc] 📣 emit lookup null, "::1", 6, "localhost"
     1.029ms [⏱️4022] [🔧lo7xlnuduqc] 🔍 onLookup args=[null,"127.0.0.1",4,"localhost"]
     1.047ms [⏱️4022] [🔧lo7xlnuduqc] 📣 emit lookup null, "127.0.0.1", 4, "localhost"
  1310.567ms [⏱️2834] [🔧qjohfs6jen] 💾 onData 120b
  1310.612ms [⏱️2834] [🔧qjohfs6jen] 📤 push([{"type":"Buffer","data":[72,84,84,80,47)
  1310.628ms [⏱️2817] [🔧qjohfs6jen] 📨 onResponseStart status=200 🇺🇸=passthrough
  1310.768ms [⏱️2817] [🔧qjohfs6jen] 📥 onResponseBody 2b
  1310.782ms [⏱️2817] [🔧qjohfs6jen] 🎬 onResponseEnd hasStream=true
  1310.795ms [⏱️2834] [🔧qjohfs6jen] 📣 emit data 120 chars
  1310.810ms [⏱️4031] [🔧qjohfs6jen] 📖 read([0])
  1310.822ms [⏱️4031] [🔧qjohfs6jen] 🔬 _read(16384) ⏳=false 🔐=undefined 🇺🇸=passthrough 🔗=http://localhost:46477/ origFlowing=true
  1310.862ms [⏱️2820] [🔧qjohfs6jen] ▶️ resume()
  1310.909ms [⏱️4046] [🔧qjohfs6jen] 📣 emit free
     0.000ms [⏱️0] [🔧hbxag1b8xpm] 🏗️  constructor starting
     0.037ms [⏱️0] [🔧hbxag1b8xpm] 🏗️  constructor complete http://localhost:46477/
  1311.086ms [⏱️0] [🔧qjohfs6jen] 🧨 _destroy ⏳=false 🔐=undefined 🇺🇸=passthrough 🔗=http://localhost:46477/
  1311.100ms [⏱️0] [🔧qjohfs6jen] 🔧 HANDLE.close()
  1311.174ms [⏱️0] [🔧qjohfs6jen]     at closeSocketHandle (node:net:341:18)
  1311.187ms [⏱️0] [🔧qjohfs6jen]     at Socket._destroy (node:net:831:7)
  1311.191ms [⏱️0] [🔧qjohfs6jen]     at _destroy (node:internal/streams/destroy:121:10)
  1311.216ms [⏱️0] [🔧qjohfs6jen]     at MockHttpSocket.destroy (node:internal/streams/destroy:83:5)
  1311.238ms [⏱️0] [🔧qjohfs6jen]     at Writable.destroy (node:internal/streams/writable:1122:11)
  1311.243ms [⏱️0] [🔧qjohfs6jen]     at MockHttpSocket.destroy (/workspace/repro/node_modules/.pnpm/@mswjs+interceptors@file+../node_modules/@mswjs/interceptors/lib/node/chunk-EFBKFUZI.js:574:18)
  1311.250ms [⏱️0] [🔧qjohfs6jen]     at MockAgent.<anonymous> (node:_http_agent:154:14)
  1311.254ms [⏱️0] [🔧qjohfs6jen]     at MockAgent.emit (node:events:524:28)
     0.282ms [⏱️4053] [🔧hbxag1b8xpm] ▶️ resume()
     0.298ms [⏱️4053] [🔧hbxag1b8xpm] ✍️  write 95b 🇺🇸=unknown buffered=0
     0.310ms [⏱️4051] [🔧hbxag1b8xpm] 🚀 onRequestStart path=/ keepAlive=true
     0.474ms [⏱️4053] [🔧hbxag1b8xpm] ✍️  write 2b 🇺🇸=unknown buffered=1
     0.485ms [⏱️4053] [🔧hbxag1b8xpm] ✍️  write 9b 🇺🇸=unknown buffered=2
     0.493ms [⏱️4051] [🔧hbxag1b8xpm] 📦 onRequestBody 9b
     0.504ms [⏱️4053] [🔧hbxag1b8xpm] ✍️  write 2b 🇺🇸=unknown buffered=3
     0.513ms [⏱️4053] [🔧hbxag1b8xpm] ✍️  write 5b 🇺🇸=unknown buffered=4
     0.521ms [⏱️4051] [🔧hbxag1b8xpm] 🏁 onRequestEnd hasStream=true
     0.531ms [⏱️4057] [🔧hbxag1b8xpm] 📖 read([0])
     0.552ms [⏱️4057] [🔧hbxag1b8xpm] 🔬 _read(16384) ⏳=true 🔐=undefined 🇺🇸=unknown 🔗=http://localhost:46477/ origFlowing=undefined
     0.571ms [⏱️4057] [🔧hbxag1b8xpm] 📣 emit resume
     0.576ms [⏱️4057] [🔧hbxag1b8xpm] 📖 read()
     0.729ms [⏱️0] [🔧hbxag1b8xpm] 💨 passthrough() 🧨=false ⏳=true
     0.774ms [⏱️0] [🔧hbxag1b8xpm] 🔌 created originalSocket
     0.785ms [⏱️0] [🔧hbxag1b8xpm] 🚽 flushing writeBuffer (5 items)
     0.807ms [⏱️4071] [🔧hbxag1b8xpm] ▶️ onResume
     0.815ms [⏱️4071] [🔧hbxag1b8xpm] 📣 emit resume
  1311.834ms [⏱️2834] [🔧qjohfs6jen] 📣 emit close false
     0.862ms [⏱️4070] [🔧hbxag1b8xpm] 🔍 onLookup args=[null,"::1",6,"localhost"]
     0.871ms [⏱️4070] [🔧hbxag1b8xpm] 📣 emit lookup null, "::1", 6, "localhost"
     0.878ms [⏱️4070] [🔧hbxag1b8xpm] 🔍 onLookup args=[null,"127.0.0.1",4,"localhost"]
     0.887ms [⏱️4070] [🔧hbxag1b8xpm] 📣 emit lookup null, "127.0.0.1", 4, "localhost"
   730.856ms [⏱️3608] [🔧8xhi6abhzce] 🔌 onConnect delay from lookup
   730.877ms [⏱️3608] [🔧8xhi6abhzce] ⚠️  HANDLE MISMATCH!
   730.892ms [⏱️3608] [🔧8xhi6abhzce]    My Handle: TCP 🔧=true 🆔=-22 📖=false
   730.964ms [⏱️3608] [🔧8xhi6abhzce]    Socket Handle: TCP 🔧=false 🆔=136 📖=false
   730.990ms [⏱️3608] [🔧8xhi6abhzce]    Object references are different!
   731.006ms [⏱️3608] [🔧8xhi6abhzce] 📣 emit connect
   731.014ms [⏱️3608] [🔧8xhi6abhzce] 🔬 _read(16384) ⏳=false 🔐=undefined 🇺🇸=passthrough 🔗=http://localhost:46477/ origFlowing=true
   731.019ms [⏱️3608] [🔧8xhi6abhzce] 🔧 HANDLE.readStart()
   731.056ms [⏱️3608] [🔧8xhi6abhzce]     at tryReadStart (node:net:705:30)
   731.065ms [⏱️3608] [🔧8xhi6abhzce]     at Socket._read (node:net:722:5)
   731.069ms [⏱️3608] [🔧8xhi6abhzce]     at MockHttpSocket._read (/workspace/repro/node_modules/.pnpm/@mswjs+interceptors@file+../node_modules/@mswjs/interceptors/lib/node/chunk-EFBKFUZI.js:550:11)
   731.072ms [⏱️3608] [🔧8xhi6abhzce]     at MockHttpSocket.<anonymous> (node:net:720:37)
   731.075ms [⏱️3608] [🔧8xhi6abhzce]     at Object.onceWrapper (node:events:638:28)
   731.105ms [⏱️3608] [🔧8xhi6abhzce]     at MockHttpSocket.emit (node:events:524:28)
   731.115ms [⏱️3608] [🔧8xhi6abhzce]     at MockHttpSocket.emit (/workspace/repro/node_modules/.pnpm/@mswjs+interceptors@file+../node_modules/@mswjs/interceptors/lib/node/chunk-EFBKFUZI.js:564:12)
   731.118ms [⏱️3608] [🔧8xhi6abhzce]     at Socket.<anonymous> (/workspace/repro/node_modules/.pnpm/@mswjs+interceptors@file+../node_modules/@mswjs/interceptors/lib/node/chunk-EFBKFUZI.js:704:12)
   731.128ms [⏱️3608] [🔧8xhi6abhzce] ✅ onReady
   731.136ms [⏱️3608] [🔧8xhi6abhzce] 📣 emit ready
  1877.472ms [⏱️2652] [🔧9g8oqew2c3l] 💾 onData 120b
  1877.494ms [⏱️2652] [🔧9g8oqew2c3l] 📤 push([{"type":"Buffer","data":[72,84,84,80,47)
  1877.506ms [⏱️2444] [🔧9g8oqew2c3l] 📨 onResponseStart status=200 🇺🇸=passthrough
  1877.598ms [⏱️2444] [🔧9g8oqew2c3l] 📥 onResponseBody 2b
  1877.609ms [⏱️2444] [🔧9g8oqew2c3l] 🎬 onResponseEnd hasStream=true
  1877.617ms [⏱️2652] [🔧9g8oqew2c3l] 📣 emit data 120 chars
  1877.628ms [⏱️4100] [🔧9g8oqew2c3l] 📖 read([0])
  1877.633ms [⏱️4100] [🔧9g8oqew2c3l] 🔬 _read(16384) ⏳=false 🔐=undefined 🇺🇸=passthrough 🔗=http://localhost:46477/ origFlowing=true
  1877.736ms [⏱️2447] [🔧9g8oqew2c3l] ▶️ resume()
  1877.782ms [⏱️4115] [🔧9g8oqew2c3l] 📣 emit free
     0.000ms [⏱️0] [🔧m572vvez0u] 🏗️  constructor starting
     0.023ms [⏱️0] [🔧m572vvez0u] 🏗️  constructor complete http://localhost:46477/
  1877.934ms [⏱️0] [🔧9g8oqew2c3l] 🧨 _destroy ⏳=false 🔐=undefined 🇺🇸=passthrough 🔗=http://localhost:46477/
  1877.972ms [⏱️0] [🔧9g8oqew2c3l] 🔧 HANDLE.close()
  1878.008ms [⏱️0] [🔧9g8oqew2c3l]     at closeSocketHandle (node:net:341:18)
  1878.015ms [⏱️0] [🔧9g8oqew2c3l]     at Socket._destroy (node:net:831:7)
  1878.018ms [⏱️0] [🔧9g8oqew2c3l]     at _destroy (node:internal/streams/destroy:121:10)
  1878.021ms [⏱️0] [🔧9g8oqew2c3l]     at MockHttpSocket.destroy (node:internal/streams/destroy:83:5)
  1878.039ms [⏱️0] [🔧9g8oqew2c3l]     at Writable.destroy (node:internal/streams/writable:1122:11)
  1878.052ms [⏱️0] [🔧9g8oqew2c3l]     at MockHttpSocket.destroy (/workspace/repro/node_modules/.pnpm/@mswjs+interceptors@file+../node_modules/@mswjs/interceptors/lib/node/chunk-EFBKFUZI.js:574:18)
  1878.056ms [⏱️0] [🔧9g8oqew2c3l]     at MockAgent.<anonymous> (node:_http_agent:154:14)
  1878.063ms [⏱️0] [🔧9g8oqew2c3l]     at MockAgent.emit (node:events:524:28)
     0.220ms [⏱️4122] [🔧m572vvez0u] ▶️ resume()
     0.265ms [⏱️4122] [🔧m572vvez0u] ✍️  write 95b 🇺🇸=unknown buffered=0
     0.279ms [⏱️4120] [🔧m572vvez0u] 🚀 onRequestStart path=/ keepAlive=true
     0.404ms [⏱️4122] [🔧m572vvez0u] ✍️  write 2b 🇺🇸=unknown buffered=1
     0.414ms [⏱️4122] [🔧m572vvez0u] ✍️  write 9b 🇺🇸=unknown buffered=2
     0.421ms [⏱️4120] [🔧m572vvez0u] 📦 onRequestBody 9b
     0.432ms [⏱️4122] [🔧m572vvez0u] ✍️  write 2b 🇺🇸=unknown buffered=3
     0.437ms [⏱️4122] [🔧m572vvez0u] ✍️  write 5b 🇺🇸=unknown buffered=4
     0.447ms [⏱️4120] [🔧m572vvez0u] 🏁 onRequestEnd hasStream=true
     0.455ms [⏱️4126] [🔧m572vvez0u] 📖 read([0])
     0.465ms [⏱️4126] [🔧m572vvez0u] 🔬 _read(16384) ⏳=true 🔐=undefined 🇺🇸=unknown 🔗=http://localhost:46477/ origFlowing=undefined
     0.471ms [⏱️4126] [🔧m572vvez0u] 📣 emit resume
     0.480ms [⏱️4126] [🔧m572vvez0u] 📖 read()
     0.597ms [⏱️0] [🔧m572vvez0u] 💨 passthrough() 🧨=false ⏳=true
     0.662ms [⏱️0] [🔧m572vvez0u] 🔌 created originalSocket
     0.680ms [⏱️0] [🔧m572vvez0u] 🚽 flushing writeBuffer (5 items)
     0.727ms [⏱️4140] [🔧m572vvez0u] ▶️ onResume
     0.736ms [⏱️4140] [🔧m572vvez0u] 📣 emit resume
     0.754ms [⏱️4139] [🔧m572vvez0u] 🔍 onLookup args=[null,"::1",6,"localhost"]
     0.764ms [⏱️4139] [🔧m572vvez0u] 📣 emit lookup null, "::1", 6, "localhost"
     0.769ms [⏱️4139] [🔧m572vvez0u] 🔍 onLookup args=[null,"127.0.0.1",4,"localhost"]
     0.773ms [⏱️4139] [🔧m572vvez0u] 📣 emit lookup null, "127.0.0.1", 4, "localhost"
   252.760ms [⏱️3802] [🔧4axxvggf484] 🔧 HANDLE.close()
   252.792ms [⏱️3802] [🔧4axxvggf484]     at Timeout.internalConnectMultipleTimeout [as _onTimeout] (node:net:1712:10)
   252.800ms [⏱️3802] [🔧4axxvggf484]     at listOnTimeout (node:internal/timers:583:11)
   252.803ms [⏱️3802] [🔧4axxvggf484]     at process.processTimers (node:internal/timers:519:7)
   252.822ms [⏱️3802] [🔧4axxvggf484] 🔧 HANDLE.close()
   252.843ms [⏱️3802] [🔧4axxvggf484]     at Socket.reinitializeHandle (node:net:1265:17)
   252.847ms [⏱️3802] [🔧4axxvggf484]     at internalConnectMultiple (node:net:1131:30)
   252.850ms [⏱️3802] [🔧4axxvggf484]     at Timeout.internalConnectMultipleTimeout (node:net:1716:5)
   252.853ms [⏱️3802] [🔧4axxvggf484]     at listOnTimeout (node:internal/timers:583:11)
   252.862ms [⏱️3802] [🔧4axxvggf484]     at process.processTimers (node:internal/timers:519:7)
   194.481ms [⏱️3860] [🔧xphnflizxsa] 🔌 onConnect delay from lookup
   194.495ms [⏱️3860] [🔧xphnflizxsa] ✅ Handles match
   194.501ms [⏱️3860] [🔧xphnflizxsa] 📣 emit connect
   194.512ms [⏱️3860] [🔧xphnflizxsa] 🔬 _read(16384) ⏳=false 🔐=undefined 🇺🇸=passthrough 🔗=http://localhost:46477/ origFlowing=true
   194.520ms [⏱️3860] [🔧xphnflizxsa] 🔧 HANDLE.readStart()
   194.560ms [⏱️3860] [🔧xphnflizxsa]     at tryReadStart (node:net:705:30)
   194.568ms [⏱️3860] [🔧xphnflizxsa]     at Socket._read (node:net:722:5)
   194.572ms [⏱️3860] [🔧xphnflizxsa]     at MockHttpSocket._read (/workspace/repro/node_modules/.pnpm/@mswjs+interceptors@file+../node_modules/@mswjs/interceptors/lib/node/chunk-EFBKFUZI.js:550:11)
   194.575ms [⏱️3860] [🔧xphnflizxsa]     at MockHttpSocket.<anonymous> (node:net:720:37)
   194.579ms [⏱️3860] [🔧xphnflizxsa]     at Object.onceWrapper (node:events:638:28)
   194.582ms [⏱️3860] [🔧xphnflizxsa]     at MockHttpSocket.emit (node:events:524:28)
   194.706ms [⏱️3860] [🔧xphnflizxsa]     at MockHttpSocket.emit (/workspace/repro/node_modules/.pnpm/@mswjs+interceptors@file+../node_modules/@mswjs/interceptors/lib/node/chunk-EFBKFUZI.js:564:12)
   194.841ms [⏱️3860] [🔧xphnflizxsa]     at Socket.<anonymous> (/workspace/repro/node_modules/.pnpm/@mswjs+interceptors@file+../node_modules/@mswjs/interceptors/lib/node/chunk-EFBKFUZI.js:704:12)
   194.856ms [⏱️3860] [🔧xphnflizxsa] ✅ onReady
   194.861ms [⏱️3860] [🔧xphnflizxsa] 📣 emit ready
  2099.095ms [⏱️2521] [🔧r2zcdbw2hya] 💾 onData 120b
  2099.139ms [⏱️2521] [🔧r2zcdbw2hya] 📤 push([{"type":"Buffer","data":[72,84,84,80,47)
  2099.159ms [⏱️2217] [🔧r2zcdbw2hya] 📨 onResponseStart status=200 🇺🇸=passthrough
  2099.314ms [⏱️2217] [🔧r2zcdbw2hya] 📥 onResponseBody 2b
  2099.328ms [⏱️2217] [🔧r2zcdbw2hya] 🎬 onResponseEnd hasStream=true
  2099.341ms [⏱️2521] [🔧r2zcdbw2hya] 📣 emit data 120 chars
  2099.372ms [⏱️4153] [🔧r2zcdbw2hya] 📖 read([0])
  2099.388ms [⏱️4153] [🔧r2zcdbw2hya] 🔬 _read(16384) ⏳=false 🔐=undefined 🇺🇸=passthrough 🔗=http://localhost:46477/ origFlowing=true
  2099.433ms [⏱️2220] [🔧r2zcdbw2hya] ▶️ resume()
  2099.492ms [⏱️4168] [🔧r2zcdbw2hya] 📣 emit free
     0.000ms [⏱️0] [🔧57udt7ycjha] 🏗️  constructor starting
     0.027ms [⏱️0] [🔧57udt7ycjha] 🏗️  constructor complete http://localhost:46477/
  2099.657ms [⏱️0] [🔧r2zcdbw2hya] 🧨 _destroy ⏳=false 🔐=undefined 🇺🇸=passthrough 🔗=http://localhost:46477/
  2099.745ms [⏱️0] [🔧r2zcdbw2hya] 🔧 HANDLE.close()
  2099.863ms [⏱️0] [🔧r2zcdbw2hya]     at closeSocketHandle (node:net:341:18)
  2099.874ms [⏱️0] [🔧r2zcdbw2hya]     at Socket._destroy (node:net:831:7)
  2099.878ms [⏱️0] [🔧r2zcdbw2hya]     at _destroy (node:internal/streams/destroy:121:10)
  2099.882ms [⏱️0] [🔧r2zcdbw2hya]     at MockHttpSocket.destroy (node:internal/streams/destroy:83:5)
  2099.891ms [⏱️0] [🔧r2zcdbw2hya]     at Writable.destroy (node:internal/streams/writable:1122:11)
  2099.894ms [⏱️0] [🔧r2zcdbw2hya]     at MockHttpSocket.destroy (/workspace/repro/node_modules/.pnpm/@mswjs+interceptors@file+../node_modules/@mswjs/interceptors/lib/node/chunk-EFBKFUZI.js:574:18)
  2099.898ms [⏱️0] [🔧r2zcdbw2hya]     at MockAgent.<anonymous> (node:_http_agent:154:14)
  2099.902ms [⏱️0] [🔧r2zcdbw2hya]     at MockAgent.emit (node:events:524:28)
     0.325ms [⏱️4175] [🔧57udt7ycjha] ▶️ resume()
     0.342ms [⏱️4175] [🔧57udt7ycjha] ✍️  write 95b 🇺🇸=unknown buffered=0
     0.364ms [⏱️4173] [🔧57udt7ycjha] 🚀 onRequestStart path=/ keepAlive=true
     0.543ms [⏱️4175] [🔧57udt7ycjha] ✍️  write 2b 🇺🇸=unknown buffered=1
     0.556ms [⏱️4175] [🔧57udt7ycjha] ✍️  write 9b 🇺🇸=unknown buffered=2
     0.564ms [⏱️4173] [🔧57udt7ycjha] 📦 onRequestBody 9b
     0.577ms [⏱️4175] [🔧57udt7ycjha] ✍️  write 2b 🇺🇸=unknown buffered=3
     0.582ms [⏱️4175] [🔧57udt7ycjha] ✍️  write 5b 🇺🇸=unknown buffered=4
     0.592ms [⏱️4173] [🔧57udt7ycjha] 🏁 onRequestEnd hasStream=true
     0.607ms [⏱️4179] [🔧57udt7ycjha] 📖 read([0])
     0.618ms [⏱️4179] [🔧57udt7ycjha] 🔬 _read(16384) ⏳=true 🔐=undefined 🇺🇸=unknown 🔗=http://localhost:46477/ origFlowing=undefined
     0.626ms [⏱️4179] [🔧57udt7ycjha] 📣 emit resume
     0.634ms [⏱️4179] [🔧57udt7ycjha] 📖 read()
     0.777ms [⏱️0] [🔧57udt7ycjha] 💨 passthrough() 🧨=false ⏳=true
     0.825ms [⏱️0] [🔧57udt7ycjha] 🔌 created originalSocket
     0.839ms [⏱️0] [🔧57udt7ycjha] 🚽 flushing writeBuffer (5 items)
     0.859ms [⏱️4193] [🔧57udt7ycjha] ▶️ onResume
     0.926ms [⏱️4193] [🔧57udt7ycjha] 📣 emit resume
     0.953ms [⏱️4192] [🔧57udt7ycjha] 🔍 onLookup args=[null,"::1",6,"localhost"]
     0.965ms [⏱️4192] [🔧57udt7ycjha] 📣 emit lookup null, "::1", 6, "localhost"
     0.971ms [⏱️4192] [🔧57udt7ycjha] 🔍 onLookup args=[null,"127.0.0.1",4,"localhost"]
     0.975ms [⏱️4192] [🔧57udt7ycjha] 📣 emit lookup null, "127.0.0.1", 4, "localhost"
  1155.149ms [⏱️3335] [🔧fn8mha45qw] 💾 onData 120b
  1155.204ms [⏱️3335] [🔧fn8mha45qw] 📤 push([{"type":"Buffer","data":[72,84,84,80,47)
  1155.239ms [⏱️3009] [🔧fn8mha45qw] 📨 onResponseStart status=200 🇺🇸=passthrough
  1155.413ms [⏱️3009] [🔧fn8mha45qw] 📥 onResponseBody 2b
  1155.428ms [⏱️3009] [🔧fn8mha45qw] 🎬 onResponseEnd hasStream=true
  1155.443ms [⏱️3335] [🔧fn8mha45qw] 📣 emit data 120 chars
  1155.462ms [⏱️4201] [🔧fn8mha45qw] 📖 read([0])
  1155.476ms [⏱️4201] [🔧fn8mha45qw] 🔬 _read(16384) ⏳=false 🔐=undefined 🇺🇸=passthrough 🔗=http://localhost:46477/ origFlowing=true
  1155.520ms [⏱️3012] [🔧fn8mha45qw] ▶️ resume()
  1155.570ms [⏱️4216] [🔧fn8mha45qw] 📣 emit free
     0.000ms [⏱️0] [🔧e0uisyw53jo] 🏗️  constructor starting
     0.152ms [⏱️0] [🔧e0uisyw53jo] 🏗️  constructor complete http://localhost:46477/
  1155.899ms [⏱️0] [🔧fn8mha45qw] 🧨 _destroy ⏳=false 🔐=undefined 🇺🇸=passthrough 🔗=http://localhost:46477/
  1155.941ms [⏱️0] [🔧fn8mha45qw] 🔧 HANDLE.close()
  1156.013ms [⏱️0] [🔧fn8mha45qw]     at closeSocketHandle (node:net:341:18)
  1156.023ms [⏱️0] [🔧fn8mha45qw]     at Socket._destroy (node:net:831:7)
  1156.027ms [⏱️0] [🔧fn8mha45qw]     at _destroy (node:internal/streams/destroy:121:10)
  1156.031ms [⏱️0] [🔧fn8mha45qw]     at MockHttpSocket.destroy (node:internal/streams/destroy:83:5)
  1156.040ms [⏱️0] [🔧fn8mha45qw]     at Writable.destroy (node:internal/streams/writable:1122:11)
  1156.044ms [⏱️0] [🔧fn8mha45qw]     at MockHttpSocket.destroy (/workspace/repro/node_modules/.pnpm/@mswjs+interceptors@file+../node_modules/@mswjs/interceptors/lib/node/chunk-EFBKFUZI.js:574:18)
  1156.053ms [⏱️0] [🔧fn8mha45qw]     at MockAgent.<anonymous> (node:_http_agent:154:14)
  1156.062ms [⏱️0] [🔧fn8mha45qw]     at MockAgent.emit (node:events:524:28)
     0.400ms [⏱️4223] [🔧e0uisyw53jo] ▶️ resume()
     0.416ms [⏱️4223] [🔧e0uisyw53jo] ✍️  write 95b 🇺🇸=unknown buffered=0
     0.435ms [⏱️4221] [🔧e0uisyw53jo] 🚀 onRequestStart path=/ keepAlive=true
     0.637ms [⏱️4223] [🔧e0uisyw53jo] ✍️  write 2b 🇺🇸=unknown buffered=1
     0.651ms [⏱️4223] [🔧e0uisyw53jo] ✍️  write 9b 🇺🇸=unknown buffered=2
     0.660ms [⏱️4221] [🔧e0uisyw53jo] 📦 onRequestBody 9b
     0.668ms [⏱️4223] [🔧e0uisyw53jo] ✍️  write 2b 🇺🇸=unknown buffered=3
     0.713ms [⏱️4223] [🔧e0uisyw53jo] ✍️  write 5b 🇺🇸=unknown buffered=4
     0.734ms [⏱️4221] [🔧e0uisyw53jo] 🏁 onRequestEnd hasStream=true
     0.751ms [⏱️4227] [🔧e0uisyw53jo] 📖 read([0])
     0.765ms [⏱️4227] [🔧e0uisyw53jo] 🔬 _read(16384) ⏳=true 🔐=undefined 🇺🇸=unknown 🔗=http://localhost:46477/ origFlowing=undefined
     0.774ms [⏱️4227] [🔧e0uisyw53jo] 📣 emit resume
     0.784ms [⏱️4227] [🔧e0uisyw53jo] 📖 read()
     0.976ms [⏱️0] [🔧e0uisyw53jo] 💨 passthrough() 🧨=false ⏳=true
     1.030ms [⏱️0] [🔧e0uisyw53jo] 🔌 created originalSocket
     1.044ms [⏱️0] [🔧e0uisyw53jo] 🚽 flushing writeBuffer (5 items)
     1.073ms [⏱️4241] [🔧e0uisyw53jo] ▶️ onResume
     1.083ms [⏱️4241] [🔧e0uisyw53jo] 📣 emit resume
     1.151ms [⏱️4240] [🔧e0uisyw53jo] 🔍 onLookup args=[null,"::1",6,"localhost"]
     1.165ms [⏱️4240] [🔧e0uisyw53jo] 📣 emit lookup null, "::1", 6, "localhost"
     1.177ms [⏱️4240] [🔧e0uisyw53jo] 🔍 onLookup args=[null,"127.0.0.1",4,"localhost"]
     1.187ms [⏱️4240] [🔧e0uisyw53jo] 📣 emit lookup null, "127.0.0.1", 4, "localhost"
   251.762ms [⏱️3909] [🔧9t8y9skx37] 🔧 HANDLE.close()
   251.795ms [⏱️3909] [🔧9t8y9skx37]     at Timeout.internalConnectMultipleTimeout [as _onTimeout] (node:net:1712:10)
   251.804ms [⏱️3909] [🔧9t8y9skx37]     at listOnTimeout (node:internal/timers:583:11)
   251.809ms [⏱️3909] [🔧9t8y9skx37]     at process.processTimers (node:internal/timers:519:7)
   251.834ms [⏱️3909] [🔧9t8y9skx37] 🔧 HANDLE.close()
   251.857ms [⏱️3909] [🔧9t8y9skx37]     at Socket.reinitializeHandle (node:net:1265:17)
   251.867ms [⏱️3909] [🔧9t8y9skx37]     at internalConnectMultiple (node:net:1131:30)
   251.872ms [⏱️3909] [🔧9t8y9skx37]     at Timeout.internalConnectMultipleTimeout (node:net:1716:5)
   251.876ms [⏱️3909] [🔧9t8y9skx37]     at listOnTimeout (node:internal/timers:583:11)
   251.880ms [⏱️3909] [🔧9t8y9skx37]     at process.processTimers (node:internal/timers:519:7)
   700.629ms [⏱️3745] [🔧4nxxok4a4z] 🔌 onConnect delay from lookup
   700.662ms [⏱️3745] [🔧4nxxok4a4z] ⚠️  HANDLE MISMATCH!
   700.671ms [⏱️3745] [🔧4nxxok4a4z]    My Handle: TCP 🔧=true 🆔=-22 📖=false
   700.679ms [⏱️3745] [🔧4nxxok4a4z]    Socket Handle: TCP 🔧=false 🆔=140 📖=false
   700.695ms [⏱️3745] [🔧4nxxok4a4z]    Object references are different!
   700.710ms [⏱️3745] [🔧4nxxok4a4z] 📣 emit connect
   700.772ms [⏱️3745] [🔧4nxxok4a4z] 🔬 _read(16384) ⏳=false 🔐=undefined 🇺🇸=passthrough 🔗=http://localhost:46477/ origFlowing=true
   700.801ms [⏱️3745] [🔧4nxxok4a4z] 🔧 HANDLE.readStart()
   700.901ms [⏱️3745] [🔧4nxxok4a4z]     at tryReadStart (node:net:705:30)
   700.918ms [⏱️3745] [🔧4nxxok4a4z]     at Socket._read (node:net:722:5)
   700.924ms [⏱️3745] [🔧4nxxok4a4z]     at MockHttpSocket._read (/workspace/repro/node_modules/.pnpm/@mswjs+interceptors@file+../node_modules/@mswjs/interceptors/lib/node/chunk-EFBKFUZI.js:550:11)
   700.930ms [⏱️3745] [🔧4nxxok4a4z]     at MockHttpSocket.<anonymous> (node:net:720:37)
   700.936ms [⏱️3745] [🔧4nxxok4a4z]     at Object.onceWrapper (node:events:638:28)
   700.941ms [⏱️3745] [🔧4nxxok4a4z]     at MockHttpSocket.emit (node:events:524:28)
   701.079ms [⏱️3745] [🔧4nxxok4a4z]     at MockHttpSocket.emit (/workspace/repro/node_modules/.pnpm/@mswjs+interceptors@file+../node_modules/@mswjs/interceptors/lib/node/chunk-EFBKFUZI.js:564:12)
   701.166ms [⏱️3745] [🔧4nxxok4a4z]     at Socket.<anonymous> (/workspace/repro/node_modules/.pnpm/@mswjs+interceptors@file+../node_modules/@mswjs/interceptors/lib/node/chunk-EFBKFUZI.js:704:12)
   701.205ms [⏱️3745] [🔧4nxxok4a4z] ✅ onReady
   701.221ms [⏱️3745] [🔧4nxxok4a4z] 📣 emit ready
   324.363ms [⏱️4248] [🔧9t8y9skx37] 🔌 onConnect delay from lookup
   324.401ms [⏱️4248] [🔧9t8y9skx37] ⚠️  HANDLE MISMATCH!
   324.412ms [⏱️4248] [🔧9t8y9skx37]    My Handle: TCP 🔧=true 🆔=-22 📖=false
   324.429ms [⏱️4248] [🔧9t8y9skx37]    Socket Handle: TCP 🔧=false 🆔=148 📖=false
   324.444ms [⏱️4248] [🔧9t8y9skx37]    Object references are different!
   324.462ms [⏱️4248] [🔧9t8y9skx37] 📣 emit connect
   324.482ms [⏱️4248] [🔧9t8y9skx37] 🔬 _read(16384) ⏳=false 🔐=undefined 🇺🇸=passthrough 🔗=http://localhost:46477/ origFlowing=true
   324.511ms [⏱️4248] [🔧9t8y9skx37] 🔧 HANDLE.readStart()
   324.671ms [⏱️4248] [🔧9t8y9skx37]     at tryReadStart (node:net:705:30)
   324.700ms [⏱️4248] [🔧9t8y9skx37]     at Socket._read (node:net:722:5)
   324.710ms [⏱️4248] [🔧9t8y9skx37]     at MockHttpSocket._read (/workspace/repro/node_modules/.pnpm/@mswjs+interceptors@file+../node_modules/@mswjs/interceptors/lib/node/chunk-EFBKFUZI.js:550:11)
   324.718ms [⏱️4248] [🔧9t8y9skx37]     at MockHttpSocket.<anonymous> (node:net:720:37)
   324.736ms [⏱️4248] [🔧9t8y9skx37]     at Object.onceWrapper (node:events:638:28)
   324.752ms [⏱️4248] [🔧9t8y9skx37]     at MockHttpSocket.emit (node:events:524:28)
   324.760ms [⏱️4248] [🔧9t8y9skx37]     at MockHttpSocket.emit (/workspace/repro/node_modules/.pnpm/@mswjs+interceptors@file+../node_modules/@mswjs/interceptors/lib/node/chunk-EFBKFUZI.js:564:12)
   324.776ms [⏱️4248] [🔧9t8y9skx37]     at Socket.<anonymous> (/workspace/repro/node_modules/.pnpm/@mswjs+interceptors@file+../node_modules/@mswjs/interceptors/lib/node/chunk-EFBKFUZI.js:704:12)
   324.797ms [⏱️4248] [🔧9t8y9skx37] ✅ onReady
   324.816ms [⏱️4248] [🔧9t8y9skx37] 📣 emit ready
   253.848ms [⏱️3979] [🔧4j0f5qd04nh] 🔧 HANDLE.close()
   253.905ms [⏱️3979] [🔧4j0f5qd04nh]     at Timeout.internalConnectMultipleTimeout [as _onTimeout] (node:net:1712:10)
   253.922ms [⏱️3979] [🔧4j0f5qd04nh]     at listOnTimeout (node:internal/timers:583:11)
   253.929ms [⏱️3979] [🔧4j0f5qd04nh]     at process.processTimers (node:internal/timers:519:7)
   254.002ms [⏱️3979] [🔧4j0f5qd04nh] 🔧 HANDLE.close()
   254.073ms [⏱️3979] [🔧4j0f5qd04nh]     at Socket.reinitializeHandle (node:net:1265:17)
   254.082ms [⏱️3979] [🔧4j0f5qd04nh]     at internalConnectMultiple (node:net:1131:30)
   254.101ms [⏱️3979] [🔧4j0f5qd04nh]     at Timeout.internalConnectMultipleTimeout (node:net:1716:5)
   254.135ms [⏱️3979] [🔧4j0f5qd04nh]     at listOnTimeout (node:internal/timers:583:11)
   254.160ms [⏱️3979] [🔧4j0f5qd04nh]     at process.processTimers (node:internal/timers:519:7)
  1317.357ms [⏱️3264] [🔧ydvytufkelh] 💾 onData 120b
  1317.399ms [⏱️3264] [🔧ydvytufkelh] 📤 push([{"type":"Buffer","data":[72,84,84,80,47)
  1317.438ms [⏱️2958] [🔧ydvytufkelh] 📨 onResponseStart status=200 🇺🇸=passthrough
  1317.711ms [⏱️2958] [🔧ydvytufkelh] 📥 onResponseBody 2b
  1317.737ms [⏱️2958] [🔧ydvytufkelh] 🎬 onResponseEnd hasStream=true
  1317.758ms [⏱️3264] [🔧ydvytufkelh] 📣 emit data 120 chars
  1317.784ms [⏱️4271] [🔧ydvytufkelh] 📖 read([0])
  1317.797ms [⏱️4271] [🔧ydvytufkelh] 🔬 _read(16384) ⏳=false 🔐=undefined 🇺🇸=passthrough 🔗=http://localhost:46477/ origFlowing=true
  1317.852ms [⏱️2961] [🔧ydvytufkelh] ▶️ resume()
  1317.924ms [⏱️4286] [🔧ydvytufkelh] 📣 emit free
     0.001ms [⏱️0] [🔧mysnt4vuac] 🏗️  constructor starting
     0.051ms [⏱️0] [🔧mysnt4vuac] 🏗️  constructor complete http://localhost:46477/
  1318.237ms [⏱️0] [🔧ydvytufkelh] 🧨 _destroy ⏳=false 🔐=undefined 🇺🇸=passthrough 🔗=http://localhost:46477/
  1318.265ms [⏱️0] [🔧ydvytufkelh] 🔧 HANDLE.close()
  1318.334ms [⏱️0] [🔧ydvytufkelh]     at closeSocketHandle (node:net:341:18)
  1318.344ms [⏱️0] [🔧ydvytufkelh]     at Socket._destroy (node:net:831:7)
  1318.351ms [⏱️0] [🔧ydvytufkelh]     at _destroy (node:internal/streams/destroy:121:10)
  1318.357ms [⏱️0] [🔧ydvytufkelh]     at MockHttpSocket.destroy (node:internal/streams/destroy:83:5)
  1318.364ms [⏱️0] [🔧ydvytufkelh]     at Writable.destroy (node:internal/streams/writable:1122:11)
  1318.503ms [⏱️0] [🔧ydvytufkelh]     at MockHttpSocket.destroy (/workspace/repro/node_modules/.pnpm/@mswjs+interceptors@file+../node_modules/@mswjs/interceptors/lib/node/chunk-EFBKFUZI.js:574:18)
  1318.628ms [⏱️0] [🔧ydvytufkelh]     at MockAgent.<anonymous> (node:_http_agent:154:14)
  1318.780ms [⏱️0] [🔧ydvytufkelh]     at MockAgent.emit (node:events:524:28)
     0.726ms [⏱️4293] [🔧mysnt4vuac] ▶️ resume()
     0.763ms [⏱️4293] [🔧mysnt4vuac] ✍️  write 95b 🇺🇸=unknown buffered=0
     0.784ms [⏱️4291] [🔧mysnt4vuac] 🚀 onRequestStart path=/ keepAlive=true
     1.103ms [⏱️4293] [🔧mysnt4vuac] ✍️  write 2b 🇺🇸=unknown buffered=1
     1.124ms [⏱️4293] [🔧mysnt4vuac] ✍️  write 9b 🇺🇸=unknown buffered=2
     1.139ms [⏱️4291] [🔧mysnt4vuac] 📦 onRequestBody 9b
     1.158ms [⏱️4293] [🔧mysnt4vuac] ✍️  write 2b 🇺🇸=unknown buffered=3
     1.174ms [⏱️4293] [🔧mysnt4vuac] ✍️  write 5b 🇺🇸=unknown buffered=4
     1.184ms [⏱️4291] [🔧mysnt4vuac] 🏁 onRequestEnd hasStream=true
     1.212ms [⏱️4297] [🔧mysnt4vuac] 📖 read([0])
     1.223ms [⏱️4297] [🔧mysnt4vuac] 🔬 _read(16384) ⏳=true 🔐=undefined 🇺🇸=unknown 🔗=http://localhost:46477/ origFlowing=undefined
     1.237ms [⏱️4297] [🔧mysnt4vuac] 📣 emit resume
     1.289ms [⏱️4297] [🔧mysnt4vuac] 📖 read()
     1.595ms [⏱️0] [🔧mysnt4vuac] 💨 passthrough() 🧨=false ⏳=true
     1.679ms [⏱️0] [🔧mysnt4vuac] 🔌 created originalSocket
     1.703ms [⏱️0] [🔧mysnt4vuac] 🚽 flushing writeBuffer (5 items)
     1.739ms [⏱️4311] [🔧mysnt4vuac] ▶️ onResume
     1.783ms [⏱️4311] [🔧mysnt4vuac] 📣 emit resume
     1.911ms [⏱️4310] [🔧mysnt4vuac] 🔍 onLookup args=[null,"::1",6,"localhost"]
     1.955ms [⏱️4310] [🔧mysnt4vuac] 📣 emit lookup null, "::1", 6, "localhost"
     1.967ms [⏱️4310] [🔧mysnt4vuac] 🔍 onLookup args=[null,"127.0.0.1",4,"localhost"]
     1.976ms [⏱️4310] [🔧mysnt4vuac] 📣 emit lookup null, "127.0.0.1", 4, "localhost"
   253.290ms [⏱️4027] [🔧lo7xlnuduqc] 🔧 HANDLE.close()
   253.349ms [⏱️4027] [🔧lo7xlnuduqc]     at Timeout.internalConnectMultipleTimeout [as _onTimeout] (node:net:1712:10)
   253.365ms [⏱️4027] [🔧lo7xlnuduqc]     at listOnTimeout (node:internal/timers:583:11)
   253.372ms [⏱️4027] [🔧lo7xlnuduqc]     at process.processTimers (node:internal/timers:519:7)
   253.407ms [⏱️4027] [🔧lo7xlnuduqc] 🔧 HANDLE.close()
   253.447ms [⏱️4027] [🔧lo7xlnuduqc]     at Socket.reinitializeHandle (node:net:1265:17)
   253.469ms [⏱️4027] [🔧lo7xlnuduqc]     at internalConnectMultiple (node:net:1131:30)
   253.476ms [⏱️4027] [🔧lo7xlnuduqc]     at Timeout.internalConnectMultipleTimeout (node:net:1716:5)
   253.493ms [⏱️4027] [🔧lo7xlnuduqc]     at listOnTimeout (node:internal/timers:583:11)
   253.499ms [⏱️4027] [🔧lo7xlnuduqc]     at process.processTimers (node:internal/timers:519:7)
   446.731ms [⏱️4147] [🔧4axxvggf484] 🔌 onConnect delay from lookup
   446.815ms [⏱️4147] [🔧4axxvggf484] ⚠️  HANDLE MISMATCH!
   446.829ms [⏱️4147] [🔧4axxvggf484]    My Handle: TCP 🔧=true 🆔=-22 📖=false
   446.853ms [⏱️4147] [🔧4axxvggf484]    Socket Handle: TCP 🔧=false 🆔=123 📖=false
   446.868ms [⏱️4147] [🔧4axxvggf484]    Object references are different!
   446.886ms [⏱️4147] [🔧4axxvggf484] 📣 emit connect
   446.911ms [⏱️4147] [🔧4axxvggf484] 🔬 _read(16384) ⏳=false 🔐=undefined 🇺🇸=passthrough 🔗=http://localhost:46477/ origFlowing=true
   446.935ms [⏱️4147] [🔧4axxvggf484] 🔧 HANDLE.readStart()
   447.069ms [⏱️4147] [🔧4axxvggf484]     at tryReadStart (node:net:705:30)
   447.086ms [⏱️4147] [🔧4axxvggf484]     at Socket._read (node:net:722:5)
   447.095ms [⏱️4147] [🔧4axxvggf484]     at MockHttpSocket._read (/workspace/repro/node_modules/.pnpm/@mswjs+interceptors@file+../node_modules/@mswjs/interceptors/lib/node/chunk-EFBKFUZI.js:550:11)
   447.109ms [⏱️4147] [🔧4axxvggf484]     at MockHttpSocket.<anonymous> (node:net:720:37)
   447.123ms [⏱️4147] [🔧4axxvggf484]     at Object.onceWrapper (node:events:638:28)
   447.139ms [⏱️4147] [🔧4axxvggf484]     at MockHttpSocket.emit (node:events:524:28)
   447.153ms [⏱️4147] [🔧4axxvggf484]     at MockHttpSocket.emit (/workspace/repro/node_modules/.pnpm/@mswjs+interceptors@file+../node_modules/@mswjs/interceptors/lib/node/chunk-EFBKFUZI.js:564:12)
   447.169ms [⏱️4147] [🔧4axxvggf484]     at Socket.<anonymous> (/workspace/repro/node_modules/.pnpm/@mswjs+interceptors@file+../node_modules/@mswjs/interceptors/lib/node/chunk-EFBKFUZI.js:704:12)
   447.190ms [⏱️4147] [🔧4axxvggf484] ✅ onReady
   447.208ms [⏱️4147] [🔧4axxvggf484] 📣 emit ready
   250.475ms [⏱️4076] [🔧hbxag1b8xpm] 🔧 HANDLE.close()
   250.532ms [⏱️4076] [🔧hbxag1b8xpm]     at Timeout.internalConnectMultipleTimeout [as _onTimeout] (node:net:1712:10)
   250.549ms [⏱️4076] [🔧hbxag1b8xpm]     at listOnTimeout (node:internal/timers:583:11)
   250.558ms [⏱️4076] [🔧hbxag1b8xpm]     at process.processTimers (node:internal/timers:519:7)
   250.627ms [⏱️4076] [🔧hbxag1b8xpm] 🔧 HANDLE.close()
   250.685ms [⏱️4076] [🔧hbxag1b8xpm]     at Socket.reinitializeHandle (node:net:1265:17)
   250.702ms [⏱️4076] [🔧hbxag1b8xpm]     at internalConnectMultiple (node:net:1131:30)
   250.721ms [⏱️4076] [🔧hbxag1b8xpm]     at Timeout.internalConnectMultipleTimeout (node:net:1716:5)
   250.736ms [⏱️4076] [🔧hbxag1b8xpm]     at listOnTimeout (node:internal/timers:583:11)
   250.752ms [⏱️4076] [🔧hbxag1b8xpm]     at process.processTimers (node:internal/timers:519:7)
   703.617ms [⏱️3805] [🔧6arwvi06sha] 🔌 onConnect delay from lookup
   703.718ms [⏱️3805] [🔧6arwvi06sha] ⚠️  HANDLE MISMATCH!
   703.741ms [⏱️3805] [🔧6arwvi06sha]    My Handle: TCP 🔧=true 🆔=-22 📖=false
   703.758ms [⏱️3805] [🔧6arwvi06sha]    Socket Handle: TCP 🔧=false 🆔=144 📖=false
   703.779ms [⏱️3805] [🔧6arwvi06sha]    Object references are different!
   703.801ms [⏱️3805] [🔧6arwvi06sha] 📣 emit connect
   703.833ms [⏱️3805] [🔧6arwvi06sha] 🔬 _read(16384) ⏳=false 🔐=undefined 🇺🇸=passthrough 🔗=http://localhost:46477/ origFlowing=true
   703.859ms [⏱️3805] [🔧6arwvi06sha] 🔧 HANDLE.readStart()
   704.001ms [⏱️3805] [🔧6arwvi06sha]     at tryReadStart (node:net:705:30)
   704.020ms [⏱️3805] [🔧6arwvi06sha]     at Socket._read (node:net:722:5)
   704.030ms [⏱️3805] [🔧6arwvi06sha]     at MockHttpSocket._read (/workspace/repro/node_modules/.pnpm/@mswjs+interceptors@file+../node_modules/@mswjs/interceptors/lib/node/chunk-EFBKFUZI.js:550:11)
   704.042ms [⏱️3805] [🔧6arwvi06sha]     at MockHttpSocket.<anonymous> (node:net:720:37)
   704.059ms [⏱️3805] [🔧6arwvi06sha]     at Object.onceWrapper (node:events:638:28)
   704.074ms [⏱️3805] [🔧6arwvi06sha]     at MockHttpSocket.emit (node:events:524:28)
   704.088ms [⏱️3805] [🔧6arwvi06sha]     at MockHttpSocket.emit (/workspace/repro/node_modules/.pnpm/@mswjs+interceptors@file+../node_modules/@mswjs/interceptors/lib/node/chunk-EFBKFUZI.js:564:12)
   704.144ms [⏱️3805] [🔧6arwvi06sha]     at Socket.<anonymous> (/workspace/repro/node_modules/.pnpm/@mswjs+interceptors@file+../node_modules/@mswjs/interceptors/lib/node/chunk-EFBKFUZI.js:704:12)
   704.216ms [⏱️3805] [🔧6arwvi06sha] ✅ onReady
   704.237ms [⏱️3805] [🔧6arwvi06sha] 📣 emit ready
  1330.285ms [⏱️3339] [🔧mi0mv9izcwl] 🔌 onConnect delay from lookup
  1330.377ms [⏱️3339] [🔧mi0mv9izcwl] ⚠️  HANDLE MISMATCH!
  1330.395ms [⏱️3339] [🔧mi0mv9izcwl]    My Handle: TCP 🔧=true 🆔=-22 📖=false
  1330.417ms [⏱️3339] [🔧mi0mv9izcwl]    Socket Handle: TCP 🔧=false 🆔=124 📖=false
  1330.437ms [⏱️3339] [🔧mi0mv9izcwl]    Object references are different!
  1330.477ms [⏱️3339] [🔧mi0mv9izcwl] 📣 emit connect
  1330.516ms [⏱️3339] [🔧mi0mv9izcwl] 🔬 _read(16384) ⏳=false 🔐=undefined 🇺🇸=passthrough 🔗=http://localhost:46477/ origFlowing=true
  1330.549ms [⏱️3339] [🔧mi0mv9izcwl] 🔧 HANDLE.readStart()
  1330.713ms [⏱️3339] [🔧mi0mv9izcwl]     at tryReadStart (node:net:705:30)
  1330.736ms [⏱️3339] [🔧mi0mv9izcwl]     at Socket._read (node:net:722:5)
  1330.748ms [⏱️3339] [🔧mi0mv9izcwl]     at MockHttpSocket._read (/workspace/repro/node_modules/.pnpm/@mswjs+interceptors@file+../node_modules/@mswjs/interceptors/lib/node/chunk-EFBKFUZI.js:550:11)
  1330.771ms [⏱️3339] [🔧mi0mv9izcwl]     at MockHttpSocket.<anonymous> (node:net:720:37)
  1330.790ms [⏱️3339] [🔧mi0mv9izcwl]     at Object.onceWrapper (node:events:638:28)
  1330.814ms [⏱️3339] [🔧mi0mv9izcwl]     at MockHttpSocket.emit (node:events:524:28)
  1330.834ms [⏱️3339] [🔧mi0mv9izcwl]     at MockHttpSocket.emit (/workspace/repro/node_modules/.pnpm/@mswjs+interceptors@file+../node_modules/@mswjs/interceptors/lib/node/chunk-EFBKFUZI.js:564:12)
  1330.909ms [⏱️3339] [🔧mi0mv9izcwl]     at Socket.<anonymous> (/workspace/repro/node_modules/.pnpm/@mswjs+interceptors@file+../node_modules/@mswjs/interceptors/lib/node/chunk-EFBKFUZI.js:704:12)
  1330.968ms [⏱️3339] [🔧mi0mv9izcwl] ✅ onReady
  1330.986ms [⏱️3339] [🔧mi0mv9izcwl] 📣 emit ready
   257.438ms [⏱️4144] [🔧m572vvez0u] 🔧 HANDLE.close()
   257.532ms [⏱️4144] [🔧m572vvez0u]     at Timeout.internalConnectMultipleTimeout [as _onTimeout] (node:net:1712:10)
   257.559ms [⏱️4144] [🔧m572vvez0u]     at listOnTimeout (node:internal/timers:583:11)
   257.585ms [⏱️4144] [🔧m572vvez0u]     at process.processTimers (node:internal/timers:519:7)
   257.674ms [⏱️4144] [🔧m572vvez0u] 🔧 HANDLE.close()
   257.834ms [⏱️4144] [🔧m572vvez0u]     at Socket.reinitializeHandle (node:net:1265:17)
   257.872ms [⏱️4144] [🔧m572vvez0u]     at internalConnectMultiple (node:net:1131:30)
   257.896ms [⏱️4144] [🔧m572vvez0u]     at Timeout.internalConnectMultipleTimeout (node:net:1716:5)
   257.921ms [⏱️4144] [🔧m572vvez0u]     at listOnTimeout (node:internal/timers:583:11)
   257.941ms [⏱️4144] [🔧m572vvez0u]     at process.processTimers (node:internal/timers:519:7)
   253.517ms [⏱️4197] [🔧57udt7ycjha] 🔧 HANDLE.close()
   253.701ms [⏱️4197] [🔧57udt7ycjha]     at Timeout.internalConnectMultipleTimeout [as _onTimeout] (node:net:1712:10)
   253.729ms [⏱️4197] [🔧57udt7ycjha]     at listOnTimeout (node:internal/timers:583:11)
   253.757ms [⏱️4197] [🔧57udt7ycjha]     at process.processTimers (node:internal/timers:519:7)
   253.831ms [⏱️4197] [🔧57udt7ycjha] 🔧 HANDLE.close()
   253.934ms [⏱️4197] [🔧57udt7ycjha]     at Socket.reinitializeHandle (node:net:1265:17)
   253.963ms [⏱️4197] [🔧57udt7ycjha]     at internalConnectMultiple (node:net:1131:30)
   253.977ms [⏱️4197] [🔧57udt7ycjha]     at Timeout.internalConnectMultipleTimeout (node:net:1716:5)
   253.987ms [⏱️4197] [🔧57udt7ycjha]     at listOnTimeout (node:internal/timers:583:11)
   254.006ms [⏱️4197] [🔧57udt7ycjha]     at process.processTimers (node:internal/timers:519:7)
   256.303ms [⏱️4245] [🔧e0uisyw53jo] 🔧 HANDLE.close()
   256.622ms [⏱️4245] [🔧e0uisyw53jo]     at Timeout.internalConnectMultipleTimeout [as _onTimeout] (node:net:1712:10)
   256.679ms [⏱️4245] [🔧e0uisyw53jo]     at listOnTimeout (node:internal/timers:583:11)
   256.780ms [⏱️4245] [🔧e0uisyw53jo]     at process.processTimers (node:internal/timers:519:7)
   256.883ms [⏱️4245] [🔧e0uisyw53jo] 🔧 HANDLE.close()
   256.955ms [⏱️4245] [🔧e0uisyw53jo]     at Socket.reinitializeHandle (node:net:1265:17)
   256.977ms [⏱️4245] [🔧e0uisyw53jo]     at internalConnectMultiple (node:net:1131:30)
   256.990ms [⏱️4245] [🔧e0uisyw53jo]     at Timeout.internalConnectMultipleTimeout (node:net:1716:5)
   257.008ms [⏱️4245] [🔧e0uisyw53jo]     at listOnTimeout (node:internal/timers:583:11)
   257.021ms [⏱️4245] [🔧e0uisyw53jo]     at process.processTimers (node:internal/timers:519:7)
   496.205ms [⏱️4267] [🔧4j0f5qd04nh] 🔌 onConnect delay from lookup
   496.306ms [⏱️4267] [🔧4j0f5qd04nh] ⚠️  HANDLE MISMATCH!
   496.357ms [⏱️4267] [🔧4j0f5qd04nh]    My Handle: TCP 🔧=true 🆔=-22 📖=false
   496.403ms [⏱️4267] [🔧4j0f5qd04nh]    Socket Handle: TCP 🔧=false 🆔=151 📖=false
   496.429ms [⏱️4267] [🔧4j0f5qd04nh]    Object references are different!
   496.476ms [⏱️4267] [🔧4j0f5qd04nh] 📣 emit connect
   496.542ms [⏱️4267] [🔧4j0f5qd04nh] 🔬 _read(16384) ⏳=false 🔐=undefined 🇺🇸=passthrough 🔗=http://localhost:46477/ origFlowing=true
   496.597ms [⏱️4267] [🔧4j0f5qd04nh] 🔧 HANDLE.readStart()
   496.805ms [⏱️4267] [🔧4j0f5qd04nh]     at tryReadStart (node:net:705:30)
   496.822ms [⏱️4267] [🔧4j0f5qd04nh]     at Socket._read (node:net:722:5)
   496.839ms [⏱️4267] [🔧4j0f5qd04nh]     at MockHttpSocket._read (/workspace/repro/node_modules/.pnpm/@mswjs+interceptors@file+../node_modules/@mswjs/interceptors/lib/node/chunk-EFBKFUZI.js:550:11)
   496.856ms [⏱️4267] [🔧4j0f5qd04nh]     at MockHttpSocket.<anonymous> (node:net:720:37)
   496.870ms [⏱️4267] [🔧4j0f5qd04nh]     at Object.onceWrapper (node:events:638:28)
   497.324ms [⏱️4267] [🔧4j0f5qd04nh]     at MockHttpSocket.emit (node:events:524:28)
   497.355ms [⏱️4267] [🔧4j0f5qd04nh]     at MockHttpSocket.emit (/workspace/repro/node_modules/.pnpm/@mswjs+interceptors@file+../node_modules/@mswjs/interceptors/lib/node/chunk-EFBKFUZI.js:564:12)
   497.375ms [⏱️4267] [🔧4j0f5qd04nh]     at Socket.<anonymous> (/workspace/repro/node_modules/.pnpm/@mswjs+interceptors@file+../node_modules/@mswjs/interceptors/lib/node/chunk-EFBKFUZI.js:704:12)
   497.421ms [⏱️4267] [🔧4j0f5qd04nh] ✅ onReady
   497.443ms [⏱️4267] [🔧4j0f5qd04nh] 📣 emit ready
   253.702ms [⏱️4315] [🔧mysnt4vuac] 🔧 HANDLE.close()
   253.829ms [⏱️4315] [🔧mysnt4vuac]     at Timeout.internalConnectMultipleTimeout [as _onTimeout] (node:net:1712:10)
   253.854ms [⏱️4315] [🔧mysnt4vuac]     at listOnTimeout (node:internal/timers:583:11)
   253.871ms [⏱️4315] [🔧mysnt4vuac]     at process.processTimers (node:internal/timers:519:7)
   254.023ms [⏱️4315] [🔧mysnt4vuac] 🔧 HANDLE.close()
   254.104ms [⏱️4315] [🔧mysnt4vuac]     at Socket.reinitializeHandle (node:net:1265:17)
   254.127ms [⏱️4315] [🔧mysnt4vuac]     at internalConnectMultiple (node:net:1131:30)
   254.140ms [⏱️4315] [🔧mysnt4vuac]     at Timeout.internalConnectMultipleTimeout (node:net:1716:5)
   254.163ms [⏱️4315] [🔧mysnt4vuac]     at listOnTimeout (node:internal/timers:583:11)
   254.187ms [⏱️4315] [🔧mysnt4vuac]     at process.processTimers (node:internal/timers:519:7)
  1026.288ms [⏱️3742] [🔧glbbarmtqr9] 🔌 onConnect delay from lookup
  1026.379ms [⏱️3742] [🔧glbbarmtqr9] ⚠️  HANDLE MISMATCH!
  1026.408ms [⏱️3742] [🔧glbbarmtqr9]    My Handle: TCP 🔧=true 🆔=-22 📖=false
  1026.449ms [⏱️3742] [🔧glbbarmtqr9]    Socket Handle: TCP 🔧=false 🆔=113 📖=false
  1026.489ms [⏱️3742] [🔧glbbarmtqr9]    Object references are different!
  1026.522ms [⏱️3742] [🔧glbbarmtqr9] 📣 emit connect
  1026.633ms [⏱️3742] [🔧glbbarmtqr9] 🔬 _read(16384) ⏳=false 🔐=undefined 🇺🇸=passthrough 🔗=http://localhost:46477/ origFlowing=true
  1026.664ms [⏱️3742] [🔧glbbarmtqr9] 🔧 HANDLE.readStart()
  1026.825ms [⏱️3742] [🔧glbbarmtqr9]     at tryReadStart (node:net:705:30)
  1026.848ms [⏱️3742] [🔧glbbarmtqr9]     at Socket._read (node:net:722:5)
  1026.870ms [⏱️3742] [🔧glbbarmtqr9]     at MockHttpSocket._read (/workspace/repro/node_modules/.pnpm/@mswjs+interceptors@file+../node_modules/@mswjs/interceptors/lib/node/chunk-EFBKFUZI.js:550:11)
  1026.893ms [⏱️3742] [🔧glbbarmtqr9]     at MockHttpSocket.<anonymous> (node:net:720:37)
  1026.916ms [⏱️3742] [🔧glbbarmtqr9]     at Object.onceWrapper (node:events:638:28)
  1026.937ms [⏱️3742] [🔧glbbarmtqr9]     at MockHttpSocket.emit (node:events:524:28)
  1026.960ms [⏱️3742] [🔧glbbarmtqr9]     at MockHttpSocket.emit (/workspace/repro/node_modules/.pnpm/@mswjs+interceptors@file+../node_modules/@mswjs/interceptors/lib/node/chunk-EFBKFUZI.js:564:12)
  1026.978ms [⏱️3742] [🔧glbbarmtqr9]     at Socket.<anonymous> (/workspace/repro/node_modules/.pnpm/@mswjs+interceptors@file+../node_modules/@mswjs/interceptors/lib/node/chunk-EFBKFUZI.js:704:12)
  1027.007ms [⏱️3742] [🔧glbbarmtqr9] ✅ onReady
  1027.028ms [⏱️3742] [🔧glbbarmtqr9] 📣 emit ready
  2749.392ms [⏱️2251] [🔧oye8kbrs6cq] 💾 onData 120b
  2749.602ms [⏱️2251] [🔧oye8kbrs6cq] 📤 push([{"type":"Buffer","data":[72,84,84,80,47)
  2749.650ms [⏱️2028] [🔧oye8kbrs6cq] 📨 onResponseStart status=200 🇺🇸=passthrough
  2750.167ms [⏱️2028] [🔧oye8kbrs6cq] 📥 onResponseBody 2b
  2750.223ms [⏱️2028] [🔧oye8kbrs6cq] 🎬 onResponseEnd hasStream=true
  2750.266ms [⏱️2251] [🔧oye8kbrs6cq] 📣 emit data 120 chars
  2750.309ms [⏱️4379] [🔧oye8kbrs6cq] 📖 read([0])
  2750.337ms [⏱️4379] [🔧oye8kbrs6cq] 🔬 _read(16384) ⏳=false 🔐=undefined 🇺🇸=passthrough 🔗=http://localhost:46477/ origFlowing=true
  2750.448ms [⏱️2031] [🔧oye8kbrs6cq] ▶️ resume()
  2750.573ms [⏱️4394] [🔧oye8kbrs6cq] 📣 emit free
     0.000ms [⏱️0] [🔧yw0rd85w0k] 🏗️  constructor starting
     0.093ms [⏱️0] [🔧yw0rd85w0k] 🏗️  constructor complete http://localhost:46477/
  2751.104ms [⏱️0] [🔧oye8kbrs6cq] 🧨 _destroy ⏳=false 🔐=undefined 🇺🇸=passthrough 🔗=http://localhost:46477/
  2751.147ms [⏱️0] [🔧oye8kbrs6cq] 🔧 HANDLE.close()
  2751.286ms [⏱️0] [🔧oye8kbrs6cq]     at closeSocketHandle (node:net:341:18)
  2751.310ms [⏱️0] [🔧oye8kbrs6cq]     at Socket._destroy (node:net:831:7)
  2751.325ms [⏱️0] [🔧oye8kbrs6cq]     at _destroy (node:internal/streams/destroy:121:10)
  2751.334ms [⏱️0] [🔧oye8kbrs6cq]     at MockHttpSocket.destroy (node:internal/streams/destroy:83:5)
  2751.349ms [⏱️0] [🔧oye8kbrs6cq]     at Writable.destroy (node:internal/streams/writable:1122:11)
  2751.360ms [⏱️0] [🔧oye8kbrs6cq]     at MockHttpSocket.destroy (/workspace/repro/node_modules/.pnpm/@mswjs+interceptors@file+../node_modules/@mswjs/interceptors/lib/node/chunk-EFBKFUZI.js:574:18)
  2751.385ms [⏱️0] [🔧oye8kbrs6cq]     at MockAgent.<anonymous> (node:_http_agent:154:14)
  2751.395ms [⏱️0] [🔧oye8kbrs6cq]     at MockAgent.emit (node:events:524:28)
     0.615ms [⏱️4401] [🔧yw0rd85w0k] ▶️ resume()
     0.653ms [⏱️4401] [🔧yw0rd85w0k] ✍️  write 95b 🇺🇸=unknown buffered=0
     0.697ms [⏱️4399] [🔧yw0rd85w0k] 🚀 onRequestStart path=/ keepAlive=true
     1.324ms [⏱️4401] [🔧yw0rd85w0k] ✍️  write 2b 🇺🇸=unknown buffered=1
     1.361ms [⏱️4401] [🔧yw0rd85w0k] ✍️  write 9b 🇺🇸=unknown buffered=2
     1.391ms [⏱️4399] [🔧yw0rd85w0k] 📦 onRequestBody 9b
     1.414ms [⏱️4401] [🔧yw0rd85w0k] ✍️  write 2b 🇺🇸=unknown buffered=3
     1.432ms [⏱️4401] [🔧yw0rd85w0k] ✍️  write 5b 🇺🇸=unknown buffered=4
     1.445ms [⏱️4399] [🔧yw0rd85w0k] 🏁 onRequestEnd hasStream=true
     1.481ms [⏱️4405] [🔧yw0rd85w0k] 📖 read([0])
     1.535ms [⏱️4405] [🔧yw0rd85w0k] 🔬 _read(16384) ⏳=true 🔐=undefined 🇺🇸=unknown 🔗=http://localhost:46477/ origFlowing=undefined
     1.573ms [⏱️4405] [🔧yw0rd85w0k] 📣 emit resume
     1.594ms [⏱️4405] [🔧yw0rd85w0k] 📖 read()
     2.142ms [⏱️0] [🔧yw0rd85w0k] 💨 passthrough() 🧨=false ⏳=true
     2.262ms [⏱️0] [🔧yw0rd85w0k] 🔌 created originalSocket
     2.290ms [⏱️0] [🔧yw0rd85w0k] 🚽 flushing writeBuffer (5 items)
     2.352ms [⏱️4419] [🔧yw0rd85w0k] ▶️ onResume
     2.370ms [⏱️4419] [🔧yw0rd85w0k] 📣 emit resume
     2.510ms [⏱️4418] [🔧yw0rd85w0k] 🔍 onLookup args=[null,"::1",6,"localhost"]
     2.547ms [⏱️4418] [🔧yw0rd85w0k] 📣 emit lookup null, "::1", 6, "localhost"
     2.572ms [⏱️4418] [🔧yw0rd85w0k] 🔍 onLookup args=[null,"127.0.0.1",4,"localhost"]
     2.585ms [⏱️4418] [🔧yw0rd85w0k] 📣 emit lookup null, "127.0.0.1", 4, "localhost"
  1337.396ms [⏱️3477] [🔧0ktxroi1aiw] 💾 onData 120b
  1337.485ms [⏱️3477] [🔧0ktxroi1aiw] 📤 push([{"type":"Buffer","data":[72,84,84,80,47)
  1337.541ms [⏱️3302] [🔧0ktxroi1aiw] 📨 onResponseStart status=200 🇺🇸=passthrough
  1337.936ms [⏱️3302] [🔧0ktxroi1aiw] 📥 onResponseBody 2b
  1337.976ms [⏱️3302] [🔧0ktxroi1aiw] 🎬 onResponseEnd hasStream=true
  1338.044ms [⏱️3477] [🔧0ktxroi1aiw] 📣 emit data 120 chars
  1338.092ms [⏱️4433] [🔧0ktxroi1aiw] 📖 read([0])
  1338.120ms [⏱️4433] [🔧0ktxroi1aiw] 🔬 _read(16384) ⏳=false 🔐=undefined 🇺🇸=passthrough 🔗=http://localhost:46477/ origFlowing=true
  1338.252ms [⏱️3305] [🔧0ktxroi1aiw] ▶️ resume()
  1338.398ms [⏱️4448] [🔧0ktxroi1aiw] 📣 emit free
     0.001ms [⏱️0] [🔧2uq1c73j6f4] 🏗️  constructor starting
     0.106ms [⏱️0] [🔧2uq1c73j6f4] 🏗️  constructor complete http://localhost:46477/
  1338.926ms [⏱️0] [🔧0ktxroi1aiw] 🧨 _destroy ⏳=false 🔐=undefined 🇺🇸=passthrough 🔗=http://localhost:46477/
  1338.978ms [⏱️0] [🔧0ktxroi1aiw] 🔧 HANDLE.close()
  1339.172ms [⏱️0] [🔧0ktxroi1aiw]     at closeSocketHandle (node:net:341:18)
  1339.198ms [⏱️0] [🔧0ktxroi1aiw]     at Socket._destroy (node:net:831:7)
  1339.211ms [⏱️0] [🔧0ktxroi1aiw]     at _destroy (node:internal/streams/destroy:121:10)
  1339.255ms [⏱️0] [🔧0ktxroi1aiw]     at MockHttpSocket.destroy (node:internal/streams/destroy:83:5)
  1339.273ms [⏱️0] [🔧0ktxroi1aiw]     at Writable.destroy (node:internal/streams/writable:1122:11)
  1339.282ms [⏱️0] [🔧0ktxroi1aiw]     at MockHttpSocket.destroy (/workspace/repro/node_modules/.pnpm/@mswjs+interceptors@file+../node_modules/@mswjs/interceptors/lib/node/chunk-EFBKFUZI.js:574:18)
  1339.292ms [⏱️0] [🔧0ktxroi1aiw]     at MockAgent.<anonymous> (node:_http_agent:154:14)
  1339.300ms [⏱️0] [🔧0ktxroi1aiw]     at MockAgent.emit (node:events:524:28)
     0.639ms [⏱️4455] [🔧2uq1c73j6f4] ▶️ resume()
     0.674ms [⏱️4455] [🔧2uq1c73j6f4] ✍️  write 95b 🇺🇸=unknown buffered=0
     0.714ms [⏱️4453] [🔧2uq1c73j6f4] 🚀 onRequestStart path=/ keepAlive=true
     1.152ms [⏱️4455] [🔧2uq1c73j6f4] ✍️  write 2b 🇺🇸=unknown buffered=1
     1.177ms [⏱️4455] [🔧2uq1c73j6f4] ✍️  write 9b 🇺🇸=unknown buffered=2
     1.206ms [⏱️4453] [🔧2uq1c73j6f4] 📦 onRequestBody 9b
     1.232ms [⏱️4455] [🔧2uq1c73j6f4] ✍️  write 2b 🇺🇸=unknown buffered=3
     1.253ms [⏱️4455] [🔧2uq1c73j6f4] ✍️  write 5b 🇺🇸=unknown buffered=4
     1.273ms [⏱️4453] [🔧2uq1c73j6f4] 🏁 onRequestEnd hasStream=true
     1.305ms [⏱️4459] [🔧2uq1c73j6f4] 📖 read([0])
     1.338ms [⏱️4459] [🔧2uq1c73j6f4] 🔬 _read(16384) ⏳=true 🔐=undefined 🇺🇸=unknown 🔗=http://localhost:46477/ origFlowing=undefined
     1.357ms [⏱️4459] [🔧2uq1c73j6f4] 📣 emit resume
     1.374ms [⏱️4459] [🔧2uq1c73j6f4] 📖 read()
     1.796ms [⏱️0] [🔧2uq1c73j6f4] 💨 passthrough() 🧨=false ⏳=true
     1.900ms [⏱️0] [🔧2uq1c73j6f4] 🔌 created originalSocket
     1.926ms [⏱️0] [🔧2uq1c73j6f4] 🚽 flushing writeBuffer (5 items)
     1.981ms [⏱️4473] [🔧2uq1c73j6f4] ▶️ onResume
     1.998ms [⏱️4473] [🔧2uq1c73j6f4] 📣 emit resume
     2.110ms [⏱️4472] [🔧2uq1c73j6f4] 🔍 onLookup args=[null,"::1",6,"localhost"]
     2.134ms [⏱️4472] [🔧2uq1c73j6f4] 📣 emit lookup null, "::1", 6, "localhost"
     2.157ms [⏱️4472] [🔧2uq1c73j6f4] 🔍 onLookup args=[null,"127.0.0.1",4,"localhost"]
     2.177ms [⏱️4472] [🔧2uq1c73j6f4] 📣 emit lookup null, "127.0.0.1", 4, "localhost"
  1169.686ms [⏱️3452] [🔧s21cdtmztok] 💾 onData 120b
  1169.758ms [⏱️3452] [🔧s21cdtmztok] 📤 push([{"type":"Buffer","data":[72,84,84,80,47)
  1169.790ms [⏱️3435] [🔧s21cdtmztok] 📨 onResponseStart status=200 🇺🇸=passthrough
  1170.081ms [⏱️3435] [🔧s21cdtmztok] 📥 onResponseBody 2b
  1170.110ms [⏱️3435] [🔧s21cdtmztok] 🎬 onResponseEnd hasStream=true
  1170.148ms [⏱️3452] [🔧s21cdtmztok] 📣 emit data 120 chars
  1170.177ms [⏱️4481] [🔧s21cdtmztok] 📖 read([0])
  1170.204ms [⏱️4481] [🔧s21cdtmztok] 🔬 _read(16384) ⏳=false 🔐=undefined 🇺🇸=passthrough 🔗=http://localhost:46477/ origFlowing=true
  1170.290ms [⏱️3438] [🔧s21cdtmztok] ▶️ resume()
  1170.419ms [⏱️4496] [🔧s21cdtmztok] 📣 emit free
     0.001ms [⏱️0] [🔧8892o5783ys] 🏗️  constructor starting
     0.076ms [⏱️0] [🔧8892o5783ys] 🏗️  constructor complete http://localhost:46477/
  1170.843ms [⏱️0] [🔧s21cdtmztok] 🧨 _destroy ⏳=false 🔐=undefined 🇺🇸=passthrough 🔗=http://localhost:46477/
  1170.875ms [⏱️0] [🔧s21cdtmztok] 🔧 HANDLE.close()
  1170.983ms [⏱️0] [🔧s21cdtmztok]     at closeSocketHandle (node:net:341:18)
  1171.001ms [⏱️0] [🔧s21cdtmztok]     at Socket._destroy (node:net:831:7)
  1171.011ms [⏱️0] [🔧s21cdtmztok]     at _destroy (node:internal/streams/destroy:121:10)
  1171.022ms [⏱️0] [🔧s21cdtmztok]     at MockHttpSocket.destroy (node:internal/streams/destroy:83:5)
  1171.035ms [⏱️0] [🔧s21cdtmztok]     at Writable.destroy (node:internal/streams/writable:1122:11)
  1171.043ms [⏱️0] [🔧s21cdtmztok]     at MockHttpSocket.destroy (/workspace/repro/node_modules/.pnpm/@mswjs+interceptors@file+../node_modules/@mswjs/interceptors/lib/node/chunk-EFBKFUZI.js:574:18)
  1171.054ms [⏱️0] [🔧s21cdtmztok]     at MockAgent.<anonymous> (node:_http_agent:154:14)
  1171.069ms [⏱️0] [🔧s21cdtmztok]     at MockAgent.emit (node:events:524:28)
     0.464ms [⏱️4503] [🔧8892o5783ys] ▶️ resume()
     0.493ms [⏱️4503] [🔧8892o5783ys] ✍️  write 95b 🇺🇸=unknown buffered=0
     0.526ms [⏱️4501] [🔧8892o5783ys] 🚀 onRequestStart path=/ keepAlive=true
     1.008ms [⏱️4503] [🔧8892o5783ys] ✍️  write 2b 🇺🇸=unknown buffered=1
     1.034ms [⏱️4503] [🔧8892o5783ys] ✍️  write 9b 🇺🇸=unknown buffered=2
     1.086ms [⏱️4501] [🔧8892o5783ys] 📦 onRequestBody 9b
     1.119ms [⏱️4503] [🔧8892o5783ys] ✍️  write 2b 🇺🇸=unknown buffered=3
     1.138ms [⏱️4503] [🔧8892o5783ys] ✍️  write 5b 🇺🇸=unknown buffered=4
     1.161ms [⏱️4501] [🔧8892o5783ys] 🏁 onRequestEnd hasStream=true
     1.195ms [⏱️4507] [🔧8892o5783ys] 📖 read([0])
     1.217ms [⏱️4507] [🔧8892o5783ys] 🔬 _read(16384) ⏳=true 🔐=undefined 🇺🇸=unknown 🔗=http://localhost:46477/ origFlowing=undefined
     1.236ms [⏱️4507] [🔧8892o5783ys] 📣 emit resume
     1.252ms [⏱️4507] [🔧8892o5783ys] 📖 read()
     1.578ms [⏱️0] [🔧8892o5783ys] 💨 passthrough() 🧨=false ⏳=true
     1.729ms [⏱️0] [🔧8892o5783ys] 🔌 created originalSocket
     1.842ms [⏱️0] [🔧8892o5783ys] 🚽 flushing writeBuffer (5 items)
     2.066ms [⏱️4521] [🔧8892o5783ys] ▶️ onResume
     2.145ms [⏱️4521] [🔧8892o5783ys] 📣 emit resume
  1173.205ms [⏱️3452] [🔧s21cdtmztok] 📣 emit close false
     2.635ms [⏱️4520] [🔧8892o5783ys] 🔍 onLookup args=[null,"::1",6,"localhost"]
     2.670ms [⏱️4520] [🔧8892o5783ys] 📣 emit lookup null, "::1", 6, "localhost"
     2.703ms [⏱️4520] [🔧8892o5783ys] 🔍 onLookup args=[null,"127.0.0.1",4,"localhost"]
     2.733ms [⏱️4520] [🔧8892o5783ys] 📣 emit lookup null, "127.0.0.1", 4, "localhost"
   964.514ms [⏱️3918] [🔧50yc8s3hyyd] 🔌 onConnect delay from lookup
   964.555ms [⏱️3918] [🔧50yc8s3hyyd] ⚠️  HANDLE MISMATCH!
   964.563ms [⏱️3918] [🔧50yc8s3hyyd]    My Handle: TCP 🔧=true 🆔=-22 📖=false
   964.568ms [⏱️3918] [🔧50yc8s3hyyd]    Socket Handle: TCP 🔧=false 🆔=145 📖=false
   964.573ms [⏱️3918] [🔧50yc8s3hyyd]    Object references are different!
   964.580ms [⏱️3918] [🔧50yc8s3hyyd] 📣 emit connect
   964.600ms [⏱️3918] [🔧50yc8s3hyyd] 🔬 _read(16384) ⏳=false 🔐=undefined 🇺🇸=passthrough 🔗=http://localhost:46477/ origFlowing=true
   964.610ms [⏱️3918] [🔧50yc8s3hyyd] 🔧 HANDLE.readStart()
   964.680ms [⏱️3918] [🔧50yc8s3hyyd]     at tryReadStart (node:net:705:30)
   964.692ms [⏱️3918] [🔧50yc8s3hyyd]     at Socket._read (node:net:722:5)
   964.697ms [⏱️3918] [🔧50yc8s3hyyd]     at MockHttpSocket._read (/workspace/repro/node_modules/.pnpm/@mswjs+interceptors@file+../node_modules/@mswjs/interceptors/lib/node/chunk-EFBKFUZI.js:550:11)
   964.701ms [⏱️3918] [🔧50yc8s3hyyd]     at MockHttpSocket.<anonymous> (node:net:720:37)
   964.705ms [⏱️3918] [🔧50yc8s3hyyd]     at Object.onceWrapper (node:events:638:28)
   964.708ms [⏱️3918] [🔧50yc8s3hyyd]     at MockHttpSocket.emit (node:events:524:28)
   964.712ms [⏱️3918] [🔧50yc8s3hyyd]     at MockHttpSocket.emit (/workspace/repro/node_modules/.pnpm/@mswjs+interceptors@file+../node_modules/@mswjs/interceptors/lib/node/chunk-EFBKFUZI.js:564:12)
   964.717ms [⏱️3918] [🔧50yc8s3hyyd]     at Socket.<anonymous> (/workspace/repro/node_modules/.pnpm/@mswjs+interceptors@file+../node_modules/@mswjs/interceptors/lib/node/chunk-EFBKFUZI.js:704:12)
   964.727ms [⏱️3918] [🔧50yc8s3hyyd] ✅ onReady
   964.732ms [⏱️3918] [🔧50yc8s3hyyd] 📣 emit ready
  1168.729ms [⏱️3744] [🔧4nxxok4a4z] 💾 onData 120b
  1168.788ms [⏱️3744] [🔧4nxxok4a4z] 📤 push([{"type":"Buffer","data":[72,84,84,80,47)
  1168.811ms [⏱️3555] [🔧4nxxok4a4z] 📨 onResponseStart status=200 🇺🇸=passthrough
  1169.201ms [⏱️3555] [🔧4nxxok4a4z] 📥 onResponseBody 2b
  1169.235ms [⏱️3555] [🔧4nxxok4a4z] 🎬 onResponseEnd hasStream=true
  1169.262ms [⏱️3744] [🔧4nxxok4a4z] 📣 emit data 120 chars
  1169.279ms [⏱️4559] [🔧4nxxok4a4z] 📖 read([0])
  1169.296ms [⏱️4559] [🔧4nxxok4a4z] 🔬 _read(16384) ⏳=false 🔐=undefined 🇺🇸=passthrough 🔗=http://localhost:46477/ origFlowing=true
  1169.355ms [⏱️3558] [🔧4nxxok4a4z] ▶️ resume()
  1169.431ms [⏱️4574] [🔧4nxxok4a4z] 📣 emit free
     0.000ms [⏱️0] [🔧k3n02diu5s] 🏗️  constructor starting
     0.041ms [⏱️0] [🔧k3n02diu5s] 🏗️  constructor complete http://localhost:46477/
  1169.743ms [⏱️0] [🔧4nxxok4a4z] 🧨 _destroy ⏳=false 🔐=undefined 🇺🇸=passthrough 🔗=http://localhost:46477/
  1169.771ms [⏱️0] [🔧4nxxok4a4z] 🔧 HANDLE.close()
  1169.824ms [⏱️0] [🔧4nxxok4a4z]     at closeSocketHandle (node:net:341:18)
  1169.860ms [⏱️0] [🔧4nxxok4a4z]     at Socket._destroy (node:net:831:7)
  1169.874ms [⏱️0] [🔧4nxxok4a4z]     at _destroy (node:internal/streams/destroy:121:10)
  1169.881ms [⏱️0] [🔧4nxxok4a4z]     at MockHttpSocket.destroy (node:internal/streams/destroy:83:5)
  1169.885ms [⏱️0] [🔧4nxxok4a4z]     at Writable.destroy (node:internal/streams/writable:1122:11)
  1169.889ms [⏱️0] [🔧4nxxok4a4z]     at MockHttpSocket.destroy (/workspace/repro/node_modules/.pnpm/@mswjs+interceptors@file+../node_modules/@mswjs/interceptors/lib/node/chunk-EFBKFUZI.js:574:18)
  1169.900ms [⏱️0] [🔧4nxxok4a4z]     at MockAgent.<anonymous> (node:_http_agent:154:14)
  1169.910ms [⏱️0] [🔧4nxxok4a4z]     at MockAgent.emit (node:events:524:28)
     0.363ms [⏱️4581] [🔧k3n02diu5s] ▶️ resume()
     0.382ms [⏱️4581] [🔧k3n02diu5s] ✍️  write 95b 🇺🇸=unknown buffered=0
     0.406ms [⏱️4579] [🔧k3n02diu5s] 🚀 onRequestStart path=/ keepAlive=true
     1.126ms [⏱️4581] [🔧k3n02diu5s] ✍️  write 2b 🇺🇸=unknown buffered=1
     1.180ms [⏱️4581] [🔧k3n02diu5s] ✍️  write 9b 🇺🇸=unknown buffered=2
     1.204ms [⏱️4579] [🔧k3n02diu5s] 📦 onRequestBody 9b
     1.223ms [⏱️4581] [🔧k3n02diu5s] ✍️  write 2b 🇺🇸=unknown buffered=3
     1.234ms [⏱️4581] [🔧k3n02diu5s] ✍️  write 5b 🇺🇸=unknown buffered=4
     1.247ms [⏱️4579] [🔧k3n02diu5s] 🏁 onRequestEnd hasStream=true
     1.299ms [⏱️4585] [🔧k3n02diu5s] 📖 read([0])
     1.393ms [⏱️4585] [🔧k3n02diu5s] 🔬 _read(16384) ⏳=true 🔐=undefined 🇺🇸=unknown 🔗=http://localhost:46477/ origFlowing=undefined
     1.416ms [⏱️4585] [🔧k3n02diu5s] 📣 emit resume
     1.544ms [⏱️4585] [🔧k3n02diu5s] 📖 read()
     2.041ms [⏱️0] [🔧k3n02diu5s] 💨 passthrough() 🧨=false ⏳=true
     2.174ms [⏱️0] [🔧k3n02diu5s] 🔌 created originalSocket
     2.203ms [⏱️0] [🔧k3n02diu5s] 🚽 flushing writeBuffer (5 items)
     2.250ms [⏱️4599] [🔧k3n02diu5s] ▶️ onResume
     2.262ms [⏱️4599] [🔧k3n02diu5s] 📣 emit resume
     2.417ms [⏱️4598] [🔧k3n02diu5s] 🔍 onLookup args=[null,"::1",6,"localhost"]
     2.442ms [⏱️4598] [🔧k3n02diu5s] 📣 emit lookup null, "::1", 6, "localhost"
     2.456ms [⏱️4598] [🔧k3n02diu5s] 🔍 onLookup args=[null,"127.0.0.1",4,"localhost"]
     2.466ms [⏱️4598] [🔧k3n02diu5s] 📣 emit lookup null, "127.0.0.1", 4, "localhost"
   636.991ms [⏱️4339] [🔧m572vvez0u] 🔌 onConnect delay from lookup
   637.121ms [⏱️4339] [🔧m572vvez0u] ⚠️  HANDLE MISMATCH!
   637.180ms [⏱️4339] [🔧m572vvez0u]    My Handle: TCP 🔧=true 🆔=-22 📖=false
   637.225ms [⏱️4339] [🔧m572vvez0u]    Socket Handle: TCP 🔧=false 🆔=154 📖=false
   637.270ms [⏱️4339] [🔧m572vvez0u]    Object references are different!
   637.302ms [⏱️4339] [🔧m572vvez0u] 📣 emit connect
   637.360ms [⏱️4339] [🔧m572vvez0u] 🔬 _read(16384) ⏳=false 🔐=undefined 🇺🇸=passthrough 🔗=http://localhost:46477/ origFlowing=true
   637.417ms [⏱️4339] [🔧m572vvez0u] 🔧 HANDLE.readStart()
   637.684ms [⏱️4339] [🔧m572vvez0u]     at tryReadStart (node:net:705:30)
   637.735ms [⏱️4339] [🔧m572vvez0u]     at Socket._read (node:net:722:5)
   637.816ms [⏱️4339] [🔧m572vvez0u]     at MockHttpSocket._read (/workspace/repro/node_modules/.pnpm/@mswjs+interceptors@file+../node_modules/@mswjs/interceptors/lib/node/chunk-EFBKFUZI.js:550:11)
   637.935ms [⏱️4339] [🔧m572vvez0u]     at MockHttpSocket.<anonymous> (node:net:720:37)
   637.984ms [⏱️4339] [🔧m572vvez0u]     at Object.onceWrapper (node:events:638:28)
   638.013ms [⏱️4339] [🔧m572vvez0u]     at MockHttpSocket.emit (node:events:524:28)
   638.035ms [⏱️4339] [🔧m572vvez0u]     at MockHttpSocket.emit (/workspace/repro/node_modules/.pnpm/@mswjs+interceptors@file+../node_modules/@mswjs/interceptors/lib/node/chunk-EFBKFUZI.js:564:12)
   638.103ms [⏱️4339] [🔧m572vvez0u]     at Socket.<anonymous> (/workspace/repro/node_modules/.pnpm/@mswjs+interceptors@file+../node_modules/@mswjs/interceptors/lib/node/chunk-EFBKFUZI.js:704:12)
   638.157ms [⏱️4339] [🔧m572vvez0u] ✅ onReady
   638.178ms [⏱️4339] [🔧m572vvez0u] 📣 emit ready
   254.968ms [⏱️4423] [🔧yw0rd85w0k] 🔧 HANDLE.close()
   255.245ms [⏱️4423] [🔧yw0rd85w0k]     at Timeout.internalConnectMultipleTimeout [as _onTimeout] (node:net:1712:10)
   255.298ms [⏱️4423] [🔧yw0rd85w0k]     at listOnTimeout (node:internal/timers:583:11)
   255.346ms [⏱️4423] [🔧yw0rd85w0k]     at process.processTimers (node:internal/timers:519:7)
   255.487ms [⏱️4423] [🔧yw0rd85w0k] 🔧 HANDLE.close()
   255.620ms [⏱️4423] [🔧yw0rd85w0k]     at Socket.reinitializeHandle (node:net:1265:17)
   255.673ms [⏱️4423] [🔧yw0rd85w0k]     at internalConnectMultiple (node:net:1131:30)
   255.715ms [⏱️4423] [🔧yw0rd85w0k]     at Timeout.internalConnectMultipleTimeout (node:net:1716:5)
   255.759ms [⏱️4423] [🔧yw0rd85w0k]     at listOnTimeout (node:internal/timers:583:11)
   255.805ms [⏱️4423] [🔧yw0rd85w0k]     at process.processTimers (node:internal/timers:519:7)
   253.333ms [⏱️4477] [🔧2uq1c73j6f4] 🔧 HANDLE.close()
   253.423ms [⏱️4477] [🔧2uq1c73j6f4]     at Timeout.internalConnectMultipleTimeout [as _onTimeout] (node:net:1712:10)
   253.442ms [⏱️4477] [🔧2uq1c73j6f4]     at listOnTimeout (node:internal/timers:583:11)
   253.453ms [⏱️4477] [🔧2uq1c73j6f4]     at process.processTimers (node:internal/timers:519:7)
   253.512ms [⏱️4477] [🔧2uq1c73j6f4] 🔧 HANDLE.close()
   253.555ms [⏱️4477] [🔧2uq1c73j6f4]     at Socket.reinitializeHandle (node:net:1265:17)
   253.564ms [⏱️4477] [🔧2uq1c73j6f4]     at internalConnectMultiple (node:net:1131:30)
   253.577ms [⏱️4477] [🔧2uq1c73j6f4]     at Timeout.internalConnectMultipleTimeout (node:net:1716:5)
   253.617ms [⏱️4477] [🔧2uq1c73j6f4]     at listOnTimeout (node:internal/timers:583:11)
   253.639ms [⏱️4477] [🔧2uq1c73j6f4]     at process.processTimers (node:internal/timers:519:7)
   983.417ms [⏱️4146] [🔧4axxvggf484] 💾 onData 120b
   983.585ms [⏱️4146] [🔧4axxvggf484] 📤 push([{"type":"Buffer","data":[72,84,84,80,47)
   983.636ms [⏱️3778] [🔧4axxvggf484] 📨 onResponseStart status=200 🇺🇸=passthrough
   984.075ms [⏱️3778] [🔧4axxvggf484] 📥 onResponseBody 2b
   984.140ms [⏱️3778] [🔧4axxvggf484] 🎬 onResponseEnd hasStream=true
   984.209ms [⏱️4146] [🔧4axxvggf484] 📣 emit data 120 chars
   984.270ms [⏱️4643] [🔧4axxvggf484] 📖 read([0])
   984.301ms [⏱️4643] [🔧4axxvggf484] 🔬 _read(16384) ⏳=false 🔐=undefined 🇺🇸=passthrough 🔗=http://localhost:46477/ origFlowing=true
   984.456ms [⏱️3781] [🔧4axxvggf484] ▶️ resume()
   984.625ms [⏱️4658] [🔧4axxvggf484] 📣 emit free
     0.001ms [⏱️0] [🔧zop8mf3rmwe] 🏗️  constructor starting
     0.108ms [⏱️0] [🔧zop8mf3rmwe] 🏗️  constructor complete http://localhost:46477/
   985.195ms [⏱️0] [🔧4axxvggf484] 🧨 _destroy ⏳=false 🔐=undefined 🇺🇸=passthrough 🔗=http://localhost:46477/
   985.232ms [⏱️0] [🔧4axxvggf484] 🔧 HANDLE.close()
   985.490ms [⏱️0] [🔧4axxvggf484]     at closeSocketHandle (node:net:341:18)
   985.596ms [⏱️0] [🔧4axxvggf484]     at Socket._destroy (node:net:831:7)
   985.619ms [⏱️0] [🔧4axxvggf484]     at _destroy (node:internal/streams/destroy:121:10)
   985.636ms [⏱️0] [🔧4axxvggf484]     at MockHttpSocket.destroy (node:internal/streams/destroy:83:5)
   985.644ms [⏱️0] [🔧4axxvggf484]     at Writable.destroy (node:internal/streams/writable:1122:11)
   985.651ms [⏱️0] [🔧4axxvggf484]     at MockHttpSocket.destroy (/workspace/repro/node_modules/.pnpm/@mswjs+interceptors@file+../node_modules/@mswjs/interceptors/lib/node/chunk-EFBKFUZI.js:574:18)
   985.658ms [⏱️0] [🔧4axxvggf484]     at MockAgent.<anonymous> (node:_http_agent:154:14)
   985.674ms [⏱️0] [🔧4axxvggf484]     at MockAgent.emit (node:events:524:28)
     0.766ms [⏱️4665] [🔧zop8mf3rmwe] ▶️ resume()
     0.824ms [⏱️4665] [🔧zop8mf3rmwe] ✍️  write 95b 🇺🇸=unknown buffered=0
     0.891ms [⏱️4663] [🔧zop8mf3rmwe] 🚀 onRequestStart path=/ keepAlive=true
     1.482ms [⏱️4665] [🔧zop8mf3rmwe] ✍️  write 2b 🇺🇸=unknown buffered=1
     1.519ms [⏱️4665] [🔧zop8mf3rmwe] ✍️  write 9b 🇺🇸=unknown buffered=2
     1.549ms [⏱️4663] [🔧zop8mf3rmwe] 📦 onRequestBody 9b
     1.576ms [⏱️4665] [🔧zop8mf3rmwe] ✍️  write 2b 🇺🇸=unknown buffered=3
     1.596ms [⏱️4665] [🔧zop8mf3rmwe] ✍️  write 5b 🇺🇸=unknown buffered=4
     1.610ms [⏱️4663] [🔧zop8mf3rmwe] 🏁 onRequestEnd hasStream=true
     1.648ms [⏱️4669] [🔧zop8mf3rmwe] 📖 read([0])
     1.669ms [⏱️4669] [🔧zop8mf3rmwe] 🔬 _read(16384) ⏳=true 🔐=undefined 🇺🇸=unknown 🔗=http://localhost:46477/ origFlowing=undefined
     1.694ms [⏱️4669] [🔧zop8mf3rmwe] 📣 emit resume
     1.711ms [⏱️4669] [🔧zop8mf3rmwe] 📖 read()
     2.107ms [⏱️0] [🔧zop8mf3rmwe] 💨 passthrough() 🧨=false ⏳=true
     2.208ms [⏱️0] [🔧zop8mf3rmwe] 🔌 created originalSocket
     2.233ms [⏱️0] [🔧zop8mf3rmwe] 🚽 flushing writeBuffer (5 items)
     2.287ms [⏱️4683] [🔧zop8mf3rmwe] ▶️ onResume
     2.303ms [⏱️4683] [🔧zop8mf3rmwe] 📣 emit resume
  1509.841ms [⏱️3607] [🔧8xhi6abhzce] 💾 onData 120b
  1509.875ms [⏱️3607] [🔧8xhi6abhzce] 📤 push([{"type":"Buffer","data":[72,84,84,80,47)
  1509.901ms [⏱️3370] [🔧8xhi6abhzce] 📨 onResponseStart status=200 🇺🇸=passthrough
  1510.054ms [⏱️3370] [🔧8xhi6abhzce] 📥 onResponseBody 2b
  1510.078ms [⏱️3370] [🔧8xhi6abhzce] 🎬 onResponseEnd hasStream=true
  1510.103ms [⏱️3607] [🔧8xhi6abhzce] 📣 emit data 120 chars
  1510.131ms [⏱️4688] [🔧8xhi6abhzce] 📖 read([0])
  1510.151ms [⏱️4688] [🔧8xhi6abhzce] 🔬 _read(16384) ⏳=false 🔐=undefined 🇺🇸=passthrough 🔗=http://localhost:46477/ origFlowing=true
  1510.208ms [⏱️3373] [🔧8xhi6abhzce] ▶️ resume()
  1510.275ms [⏱️4703] [🔧8xhi6abhzce] 📣 emit free
     0.000ms [⏱️0] [🔧2wzuh4vk8e2] 🏗️  constructor starting
     0.042ms [⏱️0] [🔧2wzuh4vk8e2] 🏗️  constructor complete http://localhost:46477/
  1510.531ms [⏱️0] [🔧8xhi6abhzce] 🧨 _destroy ⏳=false 🔐=undefined 🇺🇸=passthrough 🔗=http://localhost:46477/
  1510.557ms [⏱️0] [🔧8xhi6abhzce] 🔧 HANDLE.close()
  1510.648ms [⏱️0] [🔧8xhi6abhzce]     at closeSocketHandle (node:net:341:18)
  1510.666ms [⏱️0] [🔧8xhi6abhzce]     at Socket._destroy (node:net:831:7)
  1510.675ms [⏱️0] [🔧8xhi6abhzce]     at _destroy (node:internal/streams/destroy:121:10)
  1510.708ms [⏱️0] [🔧8xhi6abhzce]     at MockHttpSocket.destroy (node:internal/streams/destroy:83:5)
  1510.728ms [⏱️0] [🔧8xhi6abhzce]     at Writable.destroy (node:internal/streams/writable:1122:11)
  1510.737ms [⏱️0] [🔧8xhi6abhzce]     at MockHttpSocket.destroy (/workspace/repro/node_modules/.pnpm/@mswjs+interceptors@file+../node_modules/@mswjs/interceptors/lib/node/chunk-EFBKFUZI.js:574:18)
  1510.745ms [⏱️0] [🔧8xhi6abhzce]     at MockAgent.<anonymous> (node:_http_agent:154:14)
  1510.764ms [⏱️0] [🔧8xhi6abhzce]     at MockAgent.emit (node:events:524:28)
     0.372ms [⏱️4710] [🔧2wzuh4vk8e2] ▶️ resume()
     0.399ms [⏱️4710] [🔧2wzuh4vk8e2] ✍️  write 95b 🇺🇸=unknown buffered=0
     0.428ms [⏱️4708] [🔧2wzuh4vk8e2] 🚀 onRequestStart path=/ keepAlive=true
     0.716ms [⏱️4710] [🔧2wzuh4vk8e2] ✍️  write 2b 🇺🇸=unknown buffered=1
     0.739ms [⏱️4710] [🔧2wzuh4vk8e2] ✍️  write 9b 🇺🇸=unknown buffered=2
     0.762ms [⏱️4708] [🔧2wzuh4vk8e2] 📦 onRequestBody 9b
     0.785ms [⏱️4710] [🔧2wzuh4vk8e2] ✍️  write 2b 🇺🇸=unknown buffered=3
     0.803ms [⏱️4710] [🔧2wzuh4vk8e2] ✍️  write 5b 🇺🇸=unknown buffered=4
     0.821ms [⏱️4708] [🔧2wzuh4vk8e2] 🏁 onRequestEnd hasStream=true
     0.850ms [⏱️4714] [🔧2wzuh4vk8e2] 📖 read([0])
     0.868ms [⏱️4714] [🔧2wzuh4vk8e2] 🔬 _read(16384) ⏳=true 🔐=undefined 🇺🇸=unknown 🔗=http://localhost:46477/ origFlowing=undefined
     0.890ms [⏱️4714] [🔧2wzuh4vk8e2] 📣 emit resume
     0.906ms [⏱️4714] [🔧2wzuh4vk8e2] 📖 read()
     1.158ms [⏱️0] [🔧2wzuh4vk8e2] 💨 passthrough() 🧨=false ⏳=true
     1.235ms [⏱️0] [🔧2wzuh4vk8e2] 🔌 created originalSocket
     1.261ms [⏱️0] [🔧2wzuh4vk8e2] 🚽 flushing writeBuffer (5 items)
     1.302ms [⏱️4728] [🔧2wzuh4vk8e2] ▶️ onResume
     1.321ms [⏱️4728] [🔧2wzuh4vk8e2] 📣 emit resume
     4.301ms [⏱️4682] [🔧zop8mf3rmwe] 🔍 onLookup args=[null,"::1",6,"localhost"]
     4.321ms [⏱️4682] [🔧zop8mf3rmwe] 📣 emit lookup null, "::1", 6, "localhost"
     4.384ms [⏱️4682] [🔧zop8mf3rmwe] 🔍 onLookup args=[null,"127.0.0.1",4,"localhost"]
     4.421ms [⏱️4682] [🔧zop8mf3rmwe] 📣 emit lookup null, "127.0.0.1", 4, "localhost"
     1.601ms [⏱️4727] [🔧2wzuh4vk8e2] 🔍 onLookup args=[null,"::1",6,"localhost"]
     1.632ms [⏱️4727] [🔧2wzuh4vk8e2] 📣 emit lookup null, "::1", 6, "localhost"
     1.660ms [⏱️4727] [🔧2wzuh4vk8e2] 🔍 onLookup args=[null,"127.0.0.1",4,"localhost"]
     1.684ms [⏱️4727] [🔧2wzuh4vk8e2] 📣 emit lookup null, "127.0.0.1", 4, "localhost"
   255.482ms [⏱️4532] [🔧8892o5783ys] 🔧 HANDLE.close()
   255.616ms [⏱️4532] [🔧8892o5783ys]     at Timeout.internalConnectMultipleTimeout [as _onTimeout] (node:net:1712:10)
   255.655ms [⏱️4532] [🔧8892o5783ys]     at listOnTimeout (node:internal/timers:583:11)
   255.678ms [⏱️4532] [🔧8892o5783ys]     at process.processTimers (node:internal/timers:519:7)
   255.768ms [⏱️4532] [🔧8892o5783ys] 🔧 HANDLE.close()
   255.900ms [⏱️4532] [🔧8892o5783ys]     at Socket.reinitializeHandle (node:net:1265:17)
   255.940ms [⏱️4532] [🔧8892o5783ys]     at internalConnectMultiple (node:net:1131:30)
   255.987ms [⏱️4532] [🔧8892o5783ys]     at Timeout.internalConnectMultipleTimeout (node:net:1716:5)
   256.025ms [⏱️4532] [🔧8892o5783ys]     at listOnTimeout (node:internal/timers:583:11)
   256.051ms [⏱️4532] [🔧8892o5783ys]     at process.processTimers (node:internal/timers:519:7)
   893.500ms [⏱️4321] [🔧lo7xlnuduqc] 🔌 onConnect delay from lookup
   893.593ms [⏱️4321] [🔧lo7xlnuduqc] ⚠️  HANDLE MISMATCH!
   893.698ms [⏱️4321] [🔧lo7xlnuduqc]    My Handle: TCP 🔧=true 🆔=-22 📖=false
   893.788ms [⏱️4321] [🔧lo7xlnuduqc]    Socket Handle: TCP 🔧=false 🆔=152 📖=false
   893.831ms [⏱️4321] [🔧lo7xlnuduqc]    Object references are different!
   893.889ms [⏱️4321] [🔧lo7xlnuduqc] 📣 emit connect
   893.966ms [⏱️4321] [🔧lo7xlnuduqc] 🔬 _read(16384) ⏳=false 🔐=undefined 🇺🇸=passthrough 🔗=http://localhost:46477/ origFlowing=true
   894.018ms [⏱️4321] [🔧lo7xlnuduqc] 🔧 HANDLE.readStart()
   894.386ms [⏱️4321] [🔧lo7xlnuduqc]     at tryReadStart (node:net:705:30)
   894.474ms [⏱️4321] [🔧lo7xlnuduqc]     at Socket._read (node:net:722:5)
   894.511ms [⏱️4321] [🔧lo7xlnuduqc]     at MockHttpSocket._read (/workspace/repro/node_modules/.pnpm/@mswjs+interceptors@file+../node_modules/@mswjs/interceptors/lib/node/chunk-EFBKFUZI.js:550:11)
   894.534ms [⏱️4321] [🔧lo7xlnuduqc]     at MockHttpSocket.<anonymous> (node:net:720:37)
   894.558ms [⏱️4321] [🔧lo7xlnuduqc]     at Object.onceWrapper (node:events:638:28)
   894.579ms [⏱️4321] [🔧lo7xlnuduqc]     at MockHttpSocket.emit (node:events:524:28)
   894.599ms [⏱️4321] [🔧lo7xlnuduqc]     at MockHttpSocket.emit (/workspace/repro/node_modules/.pnpm/@mswjs+interceptors@file+../node_modules/@mswjs/interceptors/lib/node/chunk-EFBKFUZI.js:564:12)
   894.620ms [⏱️4321] [🔧lo7xlnuduqc]     at Socket.<anonymous> (/workspace/repro/node_modules/.pnpm/@mswjs+interceptors@file+../node_modules/@mswjs/interceptors/lib/node/chunk-EFBKFUZI.js:704:12)
   894.698ms [⏱️4321] [🔧lo7xlnuduqc] ✅ onReady
   894.732ms [⏱️4321] [🔧lo7xlnuduqc] 📣 emit ready
   862.276ms [⏱️4332] [🔧hbxag1b8xpm] 🔌 onConnect delay from lookup
   862.336ms [⏱️4332] [🔧hbxag1b8xpm] ⚠️  HANDLE MISMATCH!
   862.379ms [⏱️4332] [🔧hbxag1b8xpm]    My Handle: TCP 🔧=true 🆔=-22 📖=false
   862.401ms [⏱️4332] [🔧hbxag1b8xpm]    Socket Handle: TCP 🔧=false 🆔=115 📖=false
   862.422ms [⏱️4332] [🔧hbxag1b8xpm]    Object references are different!
   862.463ms [⏱️4332] [🔧hbxag1b8xpm] 📣 emit connect
   862.517ms [⏱️4332] [🔧hbxag1b8xpm] 🔬 _read(16384) ⏳=false 🔐=undefined 🇺🇸=passthrough 🔗=http://localhost:46477/ origFlowing=true
   862.560ms [⏱️4332] [🔧hbxag1b8xpm] 🔧 HANDLE.readStart()
   862.743ms [⏱️4332] [🔧hbxag1b8xpm]     at tryReadStart (node:net:705:30)
   862.793ms [⏱️4332] [🔧hbxag1b8xpm]     at Socket._read (node:net:722:5)
   862.869ms [⏱️4332] [🔧hbxag1b8xpm]     at MockHttpSocket._read (/workspace/repro/node_modules/.pnpm/@mswjs+interceptors@file+../node_modules/@mswjs/interceptors/lib/node/chunk-EFBKFUZI.js:550:11)
   862.944ms [⏱️4332] [🔧hbxag1b8xpm]     at MockHttpSocket.<anonymous> (node:net:720:37)
   862.968ms [⏱️4332] [🔧hbxag1b8xpm]     at Object.onceWrapper (node:events:638:28)
   863.009ms [⏱️4332] [🔧hbxag1b8xpm]     at MockHttpSocket.emit (node:events:524:28)
   863.123ms [⏱️4332] [🔧hbxag1b8xpm]     at MockHttpSocket.emit (/workspace/repro/node_modules/.pnpm/@mswjs+interceptors@file+../node_modules/@mswjs/interceptors/lib/node/chunk-EFBKFUZI.js:564:12)
   863.166ms [⏱️4332] [🔧hbxag1b8xpm]     at Socket.<anonymous> (/workspace/repro/node_modules/.pnpm/@mswjs+interceptors@file+../node_modules/@mswjs/interceptors/lib/node/chunk-EFBKFUZI.js:704:12)
   863.276ms [⏱️4332] [🔧hbxag1b8xpm] ✅ onReady
   863.313ms [⏱️4332] [🔧hbxag1b8xpm] 📣 emit ready
   253.610ms [⏱️4603] [🔧k3n02diu5s] 🔧 HANDLE.close()
   253.844ms [⏱️4603] [🔧k3n02diu5s]     at Timeout.internalConnectMultipleTimeout [as _onTimeout] (node:net:1712:10)
   253.930ms [⏱️4603] [🔧k3n02diu5s]     at listOnTimeout (node:internal/timers:583:11)
   253.963ms [⏱️4603] [🔧k3n02diu5s]     at process.processTimers (node:internal/timers:519:7)
   254.113ms [⏱️4603] [🔧k3n02diu5s] 🔧 HANDLE.close()
   254.244ms [⏱️4603] [🔧k3n02diu5s]     at Socket.reinitializeHandle (node:net:1265:17)
   254.273ms [⏱️4603] [🔧k3n02diu5s]     at internalConnectMultiple (node:net:1131:30)
   254.312ms [⏱️4603] [🔧k3n02diu5s]     at Timeout.internalConnectMultipleTimeout (node:net:1716:5)
   254.359ms [⏱️4603] [🔧k3n02diu5s]     at listOnTimeout (node:internal/timers:583:11)
   254.398ms [⏱️4603] [🔧k3n02diu5s]     at process.processTimers (node:internal/timers:519:7)
  1059.926ms [⏱️3855] [🔧xphnflizxsa] 💾 onData 120b
  1060.066ms [⏱️3855] [🔧xphnflizxsa] 📤 push([{"type":"Buffer","data":[72,84,84,80,47)
  1060.143ms [⏱️3838] [🔧xphnflizxsa] 📨 onResponseStart status=200 🇺🇸=passthrough
  1060.754ms [⏱️3838] [🔧xphnflizxsa] 📥 onResponseBody 2b
  1060.827ms [⏱️3838] [🔧xphnflizxsa] 🎬 onResponseEnd hasStream=true
  1061.012ms [⏱️3855] [🔧xphnflizxsa] 📣 emit data 120 chars
  1061.108ms [⏱️4758] [🔧xphnflizxsa] 📖 read([0])
  1061.227ms [⏱️4758] [🔧xphnflizxsa] 🔬 _read(16384) ⏳=false 🔐=undefined 🇺🇸=passthrough 🔗=http://localhost:46477/ origFlowing=true
  1061.435ms [⏱️3841] [🔧xphnflizxsa] ▶️ resume()
  1061.644ms [⏱️4773] [🔧xphnflizxsa] 📣 emit free
     0.001ms [⏱️0] [🔧bxh38ktoo9u] 🏗️  constructor starting
     0.093ms [⏱️0] [🔧bxh38ktoo9u] 🏗️  constructor complete http://localhost:46477/
  1062.209ms [⏱️0] [🔧xphnflizxsa] 🧨 _destroy ⏳=false 🔐=undefined 🇺🇸=passthrough 🔗=http://localhost:46477/
  1062.257ms [⏱️0] [🔧xphnflizxsa] 🔧 HANDLE.close()
  1062.421ms [⏱️0] [🔧xphnflizxsa]     at closeSocketHandle (node:net:341:18)
  1062.449ms [⏱️0] [🔧xphnflizxsa]     at Socket._destroy (node:net:831:7)
  1062.466ms [⏱️0] [🔧xphnflizxsa]     at _destroy (node:internal/streams/destroy:121:10)
  1062.486ms [⏱️0] [🔧xphnflizxsa]     at MockHttpSocket.destroy (node:internal/streams/destroy:83:5)
  1062.511ms [⏱️0] [🔧xphnflizxsa]     at Writable.destroy (node:internal/streams/writable:1122:11)
  1062.527ms [⏱️0] [🔧xphnflizxsa]     at MockHttpSocket.destroy (/workspace/repro/node_modules/.pnpm/@mswjs+interceptors@file+../node_modules/@mswjs/interceptors/lib/node/chunk-EFBKFUZI.js:574:18)
  1062.550ms [⏱️0] [🔧xphnflizxsa]     at MockAgent.<anonymous> (node:_http_agent:154:14)
  1062.576ms [⏱️0] [🔧xphnflizxsa]     at MockAgent.emit (node:events:524:28)
     0.708ms [⏱️4780] [🔧bxh38ktoo9u] ▶️ resume()
     0.761ms [⏱️4780] [🔧bxh38ktoo9u] ✍️  write 95b 🇺🇸=unknown buffered=0
     0.812ms [⏱️4778] [🔧bxh38ktoo9u] 🚀 onRequestStart path=/ keepAlive=true
     1.419ms [⏱️4780] [🔧bxh38ktoo9u] ✍️  write 2b 🇺🇸=unknown buffered=1
     1.464ms [⏱️4780] [🔧bxh38ktoo9u] ✍️  write 9b 🇺🇸=unknown buffered=2
     1.512ms [⏱️4778] [🔧bxh38ktoo9u] 📦 onRequestBody 9b
     1.550ms [⏱️4780] [🔧bxh38ktoo9u] ✍️  write 2b 🇺🇸=unknown buffered=3
     1.584ms [⏱️4780] [🔧bxh38ktoo9u] ✍️  write 5b 🇺🇸=unknown buffered=4
     1.617ms [⏱️4778] [🔧bxh38ktoo9u] 🏁 onRequestEnd hasStream=true
     1.663ms [⏱️4784] [🔧bxh38ktoo9u] 📖 read([0])
     1.705ms [⏱️4784] [🔧bxh38ktoo9u] 🔬 _read(16384) ⏳=true 🔐=undefined 🇺🇸=unknown 🔗=http://localhost:46477/ origFlowing=undefined
     1.735ms [⏱️4784] [🔧bxh38ktoo9u] 📣 emit resume
     1.760ms [⏱️4784] [🔧bxh38ktoo9u] 📖 read()
     2.232ms [⏱️0] [🔧bxh38ktoo9u] 💨 passthrough() 🧨=false ⏳=true
     2.354ms [⏱️0] [🔧bxh38ktoo9u] 🔌 created originalSocket
     2.389ms [⏱️0] [🔧bxh38ktoo9u] 🚽 flushing writeBuffer (5 items)
     2.461ms [⏱️4798] [🔧bxh38ktoo9u] ▶️ onResume
     2.488ms [⏱️4798] [🔧bxh38ktoo9u] 📣 emit resume
  1064.481ms [⏱️3855] [🔧xphnflizxsa] 📣 emit close false
     2.811ms [⏱️4797] [🔧bxh38ktoo9u] 🔍 onLookup args=[null,"::1",6,"localhost"]
     2.845ms [⏱️4797] [🔧bxh38ktoo9u] 📣 emit lookup null, "::1", 6, "localhost"
     2.878ms [⏱️4797] [🔧bxh38ktoo9u] 🔍 onLookup args=[null,"127.0.0.1",4,"localhost"]
     2.902ms [⏱️4797] [🔧bxh38ktoo9u] 📣 emit lookup null, "127.0.0.1", 4, "localhost"
  1060.971ms [⏱️4247] [🔧9t8y9skx37] 💾 onData 120b
  1061.053ms [⏱️4247] [🔧9t8y9skx37] 📤 push([{"type":"Buffer","data":[72,84,84,80,47)
  1061.097ms [⏱️3886] [🔧9t8y9skx37] 📨 onResponseStart status=200 🇺🇸=passthrough
  1061.400ms [⏱️3886] [🔧9t8y9skx37] 📥 onResponseBody 2b
  1061.445ms [⏱️3886] [🔧9t8y9skx37] 🎬 onResponseEnd hasStream=true
  1061.492ms [⏱️4247] [🔧9t8y9skx37] 📣 emit data 120 chars
  1061.558ms [⏱️4813] [🔧9t8y9skx37] 📖 read([0])
  1061.587ms [⏱️4813] [🔧9t8y9skx37] 🔬 _read(16384) ⏳=false 🔐=undefined 🇺🇸=passthrough 🔗=http://localhost:46477/ origFlowing=true
  1061.689ms [⏱️3889] [🔧9t8y9skx37] ▶️ resume()
  1061.802ms [⏱️4828] [🔧9t8y9skx37] 📣 emit free
     0.001ms [⏱️0] [🔧s2sdfatljaj] 🏗️  constructor starting
     0.099ms [⏱️0] [🔧s2sdfatljaj] 🏗️  constructor complete http://localhost:46477/
  1062.302ms [⏱️0] [🔧9t8y9skx37] 🧨 _destroy ⏳=false 🔐=undefined 🇺🇸=passthrough 🔗=http://localhost:46477/
  1062.343ms [⏱️0] [🔧9t8y9skx37] 🔧 HANDLE.close()
  1062.486ms [⏱️0] [🔧9t8y9skx37]     at closeSocketHandle (node:net:341:18)
  1062.553ms [⏱️0] [🔧9t8y9skx37]     at Socket._destroy (node:net:831:7)
  1062.592ms [⏱️0] [🔧9t8y9skx37]     at _destroy (node:internal/streams/destroy:121:10)
  1062.613ms [⏱️0] [🔧9t8y9skx37]     at MockHttpSocket.destroy (node:internal/streams/destroy:83:5)
  1062.644ms [⏱️0] [🔧9t8y9skx37]     at Writable.destroy (node:internal/streams/writable:1122:11)
  1062.739ms [⏱️0] [🔧9t8y9skx37]     at MockHttpSocket.destroy (/workspace/repro/node_modules/.pnpm/@mswjs+interceptors@file+../node_modules/@mswjs/interceptors/lib/node/chunk-EFBKFUZI.js:574:18)
  1062.792ms [⏱️0] [🔧9t8y9skx37]     at MockAgent.<anonymous> (node:_http_agent:154:14)
  1062.831ms [⏱️0] [🔧9t8y9skx37]     at MockAgent.emit (node:events:524:28)
     0.798ms [⏱️4835] [🔧s2sdfatljaj] ▶️ resume()
     0.870ms [⏱️4835] [🔧s2sdfatljaj] ✍️  write 95b 🇺🇸=unknown buffered=0
     0.941ms [⏱️4833] [🔧s2sdfatljaj] 🚀 onRequestStart path=/ keepAlive=true
     1.559ms [⏱️4835] [🔧s2sdfatljaj] ✍️  write 2b 🇺🇸=unknown buffered=1
     1.594ms [⏱️4835] [🔧s2sdfatljaj] ✍️  write 9b 🇺🇸=unknown buffered=2
     1.626ms [⏱️4833] [🔧s2sdfatljaj] 📦 onRequestBody 9b
     1.654ms [⏱️4835] [🔧s2sdfatljaj] ✍️  write 2b 🇺🇸=unknown buffered=3
     1.679ms [⏱️4835] [🔧s2sdfatljaj] ✍️  write 5b 🇺🇸=unknown buffered=4
     1.708ms [⏱️4833] [🔧s2sdfatljaj] 🏁 onRequestEnd hasStream=true
     1.744ms [⏱️4839] [🔧s2sdfatljaj] 📖 read([0])
     1.769ms [⏱️4839] [🔧s2sdfatljaj] 🔬 _read(16384) ⏳=true 🔐=undefined 🇺🇸=unknown 🔗=http://localhost:46477/ origFlowing=undefined
     1.791ms [⏱️4839] [🔧s2sdfatljaj] 📣 emit resume
     1.814ms [⏱️4839] [🔧s2sdfatljaj] 📖 read()
     2.188ms [⏱️0] [🔧s2sdfatljaj] 💨 passthrough() 🧨=false ⏳=true
     2.307ms [⏱️0] [🔧s2sdfatljaj] 🔌 created originalSocket
     2.337ms [⏱️0] [🔧s2sdfatljaj] 🚽 flushing writeBuffer (5 items)
     2.393ms [⏱️4853] [🔧s2sdfatljaj] ▶️ onResume
     2.416ms [⏱️4853] [🔧s2sdfatljaj] 📣 emit resume
     2.488ms [⏱️4852] [🔧s2sdfatljaj] 🔍 onLookup args=[null,"::1",6,"localhost"]
     2.517ms [⏱️4852] [🔧s2sdfatljaj] 📣 emit lookup null, "::1", 6, "localhost"
     2.546ms [⏱️4852] [🔧s2sdfatljaj] 🔍 onLookup args=[null,"127.0.0.1",4,"localhost"]
     2.569ms [⏱️4852] [🔧s2sdfatljaj] 📣 emit lookup null, "127.0.0.1", 4, "localhost"
  1477.795ms [⏱️3741] [🔧glbbarmtqr9] 💾 onData 120b
  1477.884ms [⏱️3741] [🔧glbbarmtqr9] 📤 push([{"type":"Buffer","data":[72,84,84,80,47)
  1477.940ms [⏱️3506] [🔧glbbarmtqr9] 📨 onResponseStart status=200 🇺🇸=passthrough
  1478.271ms [⏱️3506] [🔧glbbarmtqr9] 📥 onResponseBody 2b
  1478.332ms [⏱️3506] [🔧glbbarmtqr9] 🎬 onResponseEnd hasStream=true
  1478.400ms [⏱️3741] [🔧glbbarmtqr9] 📣 emit data 120 chars
  1478.460ms [⏱️4861] [🔧glbbarmtqr9] 📖 read([0])
  1478.509ms [⏱️4861] [🔧glbbarmtqr9] 🔬 _read(16384) ⏳=false 🔐=undefined 🇺🇸=passthrough 🔗=http://localhost:46477/ origFlowing=true
  1478.658ms [⏱️3509] [🔧glbbarmtqr9] ▶️ resume()
  1478.807ms [⏱️4876] [🔧glbbarmtqr9] 📣 emit free
     0.001ms [⏱️0] [🔧p9cz5gt2inn] 🏗️  constructor starting
     0.108ms [⏱️0] [🔧p9cz5gt2inn] 🏗️  constructor complete http://localhost:46477/
  1479.522ms [⏱️0] [🔧glbbarmtqr9] 🧨 _destroy ⏳=false 🔐=undefined 🇺🇸=passthrough 🔗=http://localhost:46477/
  1479.698ms [⏱️0] [🔧glbbarmtqr9] 🔧 HANDLE.close()
  1479.906ms [⏱️0] [🔧glbbarmtqr9]     at closeSocketHandle (node:net:341:18)
  1479.958ms [⏱️0] [🔧glbbarmtqr9]     at Socket._destroy (node:net:831:7)
  1479.988ms [⏱️0] [🔧glbbarmtqr9]     at _destroy (node:internal/streams/destroy:121:10)
  1480.034ms [⏱️0] [🔧glbbarmtqr9]     at MockHttpSocket.destroy (node:internal/streams/destroy:83:5)
  1480.071ms [⏱️0] [🔧glbbarmtqr9]     at Writable.destroy (node:internal/streams/writable:1122:11)
  1480.093ms [⏱️0] [🔧glbbarmtqr9]     at MockHttpSocket.destroy (/workspace/repro/node_modules/.pnpm/@mswjs+interceptors@file+../node_modules/@mswjs/interceptors/lib/node/chunk-EFBKFUZI.js:574:18)
  1480.132ms [⏱️0] [🔧glbbarmtqr9]     at MockAgent.<anonymous> (node:_http_agent:154:14)
  1480.159ms [⏱️0] [🔧glbbarmtqr9]     at MockAgent.emit (node:events:524:28)
     0.961ms [⏱️4883] [🔧p9cz5gt2inn] ▶️ resume()
     1.011ms [⏱️4883] [🔧p9cz5gt2inn] ✍️  write 95b 🇺🇸=unknown buffered=0
     1.125ms [⏱️4881] [🔧p9cz5gt2inn] 🚀 onRequestStart path=/ keepAlive=true
     1.656ms [⏱️4883] [🔧p9cz5gt2inn] ✍️  write 2b 🇺🇸=unknown buffered=1
     1.700ms [⏱️4883] [🔧p9cz5gt2inn] ✍️  write 9b 🇺🇸=unknown buffered=2
     1.735ms [⏱️4881] [🔧p9cz5gt2inn] 📦 onRequestBody 9b
     1.768ms [⏱️4883] [🔧p9cz5gt2inn] ✍️  write 2b 🇺🇸=unknown buffered=3
     1.823ms [⏱️4883] [🔧p9cz5gt2inn] ✍️  write 5b 🇺🇸=unknown buffered=4
     1.860ms [⏱️4881] [🔧p9cz5gt2inn] 🏁 onRequestEnd hasStream=true
     1.905ms [⏱️4887] [🔧p9cz5gt2inn] 📖 read([0])
     1.939ms [⏱️4887] [🔧p9cz5gt2inn] 🔬 _read(16384) ⏳=true 🔐=undefined 🇺🇸=unknown 🔗=http://localhost:46477/ origFlowing=undefined
     1.975ms [⏱️4887] [🔧p9cz5gt2inn] 📣 emit resume
     2.001ms [⏱️4887] [🔧p9cz5gt2inn] 📖 read()
     2.470ms [⏱️0] [🔧p9cz5gt2inn] 💨 passthrough() 🧨=false ⏳=true
     2.584ms [⏱️0] [🔧p9cz5gt2inn] 🔌 created originalSocket
     2.618ms [⏱️0] [🔧p9cz5gt2inn] 🚽 flushing writeBuffer (5 items)
     2.687ms [⏱️4901] [🔧p9cz5gt2inn] ▶️ onResume
     2.717ms [⏱️4901] [🔧p9cz5gt2inn] 📣 emit resume
     2.780ms [⏱️4900] [🔧p9cz5gt2inn] 🔍 onLookup args=[null,"::1",6,"localhost"]
     2.818ms [⏱️4900] [🔧p9cz5gt2inn] 📣 emit lookup null, "::1", 6, "localhost"
     2.838ms [⏱️4900] [🔧p9cz5gt2inn] 🔍 onLookup args=[null,"127.0.0.1",4,"localhost"]
     2.864ms [⏱️4900] [🔧p9cz5gt2inn] 📣 emit lookup null, "127.0.0.1", 4, "localhost"
   173.044ms [⏱️4731] [🔧zop8mf3rmwe] 🔌 onConnect delay from lookup
   173.145ms [⏱️4731] [🔧zop8mf3rmwe] ✅ Handles match
   173.199ms [⏱️4731] [🔧zop8mf3rmwe] 📣 emit connect
   173.258ms [⏱️4731] [🔧zop8mf3rmwe] 🔬 _read(16384) ⏳=false 🔐=undefined 🇺🇸=passthrough 🔗=http://localhost:46477/ origFlowing=true
   173.311ms [⏱️4731] [🔧zop8mf3rmwe] 🔧 HANDLE.readStart()
   173.545ms [⏱️4731] [🔧zop8mf3rmwe]     at tryReadStart (node:net:705:30)
   173.591ms [⏱️4731] [🔧zop8mf3rmwe]     at Socket._read (node:net:722:5)
   173.617ms [⏱️4731] [🔧zop8mf3rmwe]     at MockHttpSocket._read (/workspace/repro/node_modules/.pnpm/@mswjs+interceptors@file+../node_modules/@mswjs/interceptors/lib/node/chunk-EFBKFUZI.js:550:11)
   173.651ms [⏱️4731] [🔧zop8mf3rmwe]     at MockHttpSocket.<anonymous> (node:net:720:37)
   173.727ms [⏱️4731] [🔧zop8mf3rmwe]     at Object.onceWrapper (node:events:638:28)
   173.802ms [⏱️4731] [🔧zop8mf3rmwe]     at MockHttpSocket.emit (node:events:524:28)
   173.830ms [⏱️4731] [🔧zop8mf3rmwe]     at MockHttpSocket.emit (/workspace/repro/node_modules/.pnpm/@mswjs+interceptors@file+../node_modules/@mswjs/interceptors/lib/node/chunk-EFBKFUZI.js:564:12)
   173.852ms [⏱️4731] [🔧zop8mf3rmwe]     at Socket.<anonymous> (/workspace/repro/node_modules/.pnpm/@mswjs+interceptors@file+../node_modules/@mswjs/interceptors/lib/node/chunk-EFBKFUZI.js:704:12)
   173.918ms [⏱️4731] [🔧zop8mf3rmwe] ✅ onReady
   173.972ms [⏱️4731] [🔧zop8mf3rmwe] 📣 emit ready
  1016.115ms [⏱️4320] [🔧lo7xlnuduqc] 💾 onData 120b
  1016.276ms [⏱️4320] [🔧lo7xlnuduqc] 📤 push([{"type":"Buffer","data":[72,84,84,80,47)
  1016.354ms [⏱️4004] [🔧lo7xlnuduqc] 📨 onResponseStart status=200 🇺🇸=passthrough
  1016.960ms [⏱️4004] [🔧lo7xlnuduqc] 📥 onResponseBody 2b
  1017.100ms [⏱️4004] [🔧lo7xlnuduqc] 🎬 onResponseEnd hasStream=true
  1017.199ms [⏱️4320] [🔧lo7xlnuduqc] 📣 emit data 120 chars
  1017.262ms [⏱️4914] [🔧lo7xlnuduqc] 📖 read([0])
  1017.326ms [⏱️4914] [🔧lo7xlnuduqc] 🔬 _read(16384) ⏳=false 🔐=undefined 🇺🇸=passthrough 🔗=http://localhost:46477/ origFlowing=true
  1017.565ms [⏱️4007] [🔧lo7xlnuduqc] ▶️ resume()
  1017.764ms [⏱️4929] [🔧lo7xlnuduqc] 📣 emit free
     0.002ms [⏱️0] [🔧7lzgcv8tiol] 🏗️  constructor starting
     0.168ms [⏱️0] [🔧7lzgcv8tiol] 🏗️  constructor complete http://localhost:46477/
  1018.629ms [⏱️0] [🔧lo7xlnuduqc] 🧨 _destroy ⏳=false 🔐=undefined 🇺🇸=passthrough 🔗=http://localhost:46477/
  1018.676ms [⏱️0] [🔧lo7xlnuduqc] 🔧 HANDLE.close()
  1018.844ms [⏱️0] [🔧lo7xlnuduqc]     at closeSocketHandle (node:net:341:18)
  1018.879ms [⏱️0] [🔧lo7xlnuduqc]     at Socket._destroy (node:net:831:7)
  1018.894ms [⏱️0] [🔧lo7xlnuduqc]     at _destroy (node:internal/streams/destroy:121:10)
  1018.919ms [⏱️0] [🔧lo7xlnuduqc]     at MockHttpSocket.destroy (node:internal/streams/destroy:83:5)
  1018.951ms [⏱️0] [🔧lo7xlnuduqc]     at Writable.destroy (node:internal/streams/writable:1122:11)
  1018.966ms [⏱️0] [🔧lo7xlnuduqc]     at MockHttpSocket.destroy (/workspace/repro/node_modules/.pnpm/@mswjs+interceptors@file+../node_modules/@mswjs/interceptors/lib/node/chunk-EFBKFUZI.js:574:18)
  1018.979ms [⏱️0] [🔧lo7xlnuduqc]     at MockAgent.<anonymous> (node:_http_agent:154:14)
  1018.994ms [⏱️0] [🔧lo7xlnuduqc]     at MockAgent.emit (node:events:524:28)
     0.743ms [⏱️4936] [🔧7lzgcv8tiol] ▶️ resume()
     0.814ms [⏱️4936] [🔧7lzgcv8tiol] ✍️  write 95b 🇺🇸=unknown buffered=0
     0.858ms [⏱️4934] [🔧7lzgcv8tiol] 🚀 onRequestStart path=/ keepAlive=true
     1.344ms [⏱️4936] [🔧7lzgcv8tiol] ✍️  write 2b 🇺🇸=unknown buffered=1
     1.369ms [⏱️4936] [🔧7lzgcv8tiol] ✍️  write 9b 🇺🇸=unknown buffered=2
     1.395ms [⏱️4934] [🔧7lzgcv8tiol] 📦 onRequestBody 9b
     1.416ms [⏱️4936] [🔧7lzgcv8tiol] ✍️  write 2b 🇺🇸=unknown buffered=3
     1.432ms [⏱️4936] [🔧7lzgcv8tiol] ✍️  write 5b 🇺🇸=unknown buffered=4
     1.450ms [⏱️4934] [🔧7lzgcv8tiol] 🏁 onRequestEnd hasStream=true
     1.483ms [⏱️4940] [🔧7lzgcv8tiol] 📖 read([0])
     1.502ms [⏱️4940] [🔧7lzgcv8tiol] 🔬 _read(16384) ⏳=true 🔐=undefined 🇺🇸=unknown 🔗=http://localhost:46477/ origFlowing=undefined
     1.518ms [⏱️4940] [🔧7lzgcv8tiol] 📣 emit resume
     1.534ms [⏱️4940] [🔧7lzgcv8tiol] 📖 read()
     1.957ms [⏱️0] [🔧7lzgcv8tiol] 💨 passthrough() 🧨=false ⏳=true
     2.093ms [⏱️0] [🔧7lzgcv8tiol] 🔌 created originalSocket
     2.135ms [⏱️0] [🔧7lzgcv8tiol] 🚽 flushing writeBuffer (5 items)
     2.222ms [⏱️4954] [🔧7lzgcv8tiol] ▶️ onResume
     2.248ms [⏱️4954] [🔧7lzgcv8tiol] 📣 emit resume
     2.331ms [⏱️4953] [🔧7lzgcv8tiol] 🔍 onLookup args=[null,"::1",6,"localhost"]
     2.359ms [⏱️4953] [🔧7lzgcv8tiol] 📣 emit lookup null, "::1", 6, "localhost"
     2.392ms [⏱️4953] [🔧7lzgcv8tiol] 🔍 onLookup args=[null,"127.0.0.1",4,"localhost"]
     2.417ms [⏱️4953] [🔧7lzgcv8tiol] 📣 emit lookup null, "127.0.0.1", 4, "localhost"
  2022.639ms [⏱️3338] [🔧mi0mv9izcwl] 💾 onData 120b
  2022.701ms [⏱️3338] [🔧mi0mv9izcwl] 📤 push([{"type":"Buffer","data":[72,84,84,80,47)
  2022.732ms [⏱️3102] [🔧mi0mv9izcwl] 📨 onResponseStart status=200 🇺🇸=passthrough
  2022.961ms [⏱️3102] [🔧mi0mv9izcwl] 📥 onResponseBody 2b
  2022.985ms [⏱️3102] [🔧mi0mv9izcwl] 🎬 onResponseEnd hasStream=true
  2023.015ms [⏱️3338] [🔧mi0mv9izcwl] 📣 emit data 120 chars
  2023.043ms [⏱️4965] [🔧mi0mv9izcwl] 📖 read([0])
  2023.064ms [⏱️4965] [🔧mi0mv9izcwl] 🔬 _read(16384) ⏳=false 🔐=undefined 🇺🇸=passthrough 🔗=http://localhost:46477/ origFlowing=true
  2023.148ms [⏱️3105] [🔧mi0mv9izcwl] ▶️ resume()
  2023.231ms [⏱️4980] [🔧mi0mv9izcwl] 📣 emit free
     0.001ms [⏱️0] [🔧rkqszidg2jk] 🏗️  constructor starting
     0.238ms [⏱️0] [🔧rkqszidg2jk] 🏗️  constructor complete http://localhost:46477/
  2023.762ms [⏱️0] [🔧mi0mv9izcwl] 🧨 _destroy ⏳=false 🔐=undefined 🇺🇸=passthrough 🔗=http://localhost:46477/
  2023.793ms [⏱️0] [🔧mi0mv9izcwl] 🔧 HANDLE.close()
  2023.899ms [⏱️0] [🔧mi0mv9izcwl]     at closeSocketHandle (node:net:341:18)
  2023.931ms [⏱️0] [🔧mi0mv9izcwl]     at Socket._destroy (node:net:831:7)
  2023.954ms [⏱️0] [🔧mi0mv9izcwl]     at _destroy (node:internal/streams/destroy:121:10)
  2023.964ms [⏱️0] [🔧mi0mv9izcwl]     at MockHttpSocket.destroy (node:internal/streams/destroy:83:5)
  2023.978ms [⏱️0] [🔧mi0mv9izcwl]     at Writable.destroy (node:internal/streams/writable:1122:11)
  2023.988ms [⏱️0] [🔧mi0mv9izcwl]     at MockHttpSocket.destroy (/workspace/repro/node_modules/.pnpm/@mswjs+interceptors@file+../node_modules/@mswjs/interceptors/lib/node/chunk-EFBKFUZI.js:574:18)
  2024.000ms [⏱️0] [🔧mi0mv9izcwl]     at MockAgent.<anonymous> (node:_http_agent:154:14)
  2024.016ms [⏱️0] [🔧mi0mv9izcwl]     at MockAgent.emit (node:events:524:28)
     0.626ms [⏱️4987] [🔧rkqszidg2jk] ▶️ resume()
     0.656ms [⏱️4987] [🔧rkqszidg2jk] ✍️  write 95b 🇺🇸=unknown buffered=0
     0.695ms [⏱️4985] [🔧rkqszidg2jk] 🚀 onRequestStart path=/ keepAlive=true
     1.155ms [⏱️4987] [🔧rkqszidg2jk] ✍️  write 2b 🇺🇸=unknown buffered=1
     1.186ms [⏱️4987] [🔧rkqszidg2jk] ✍️  write 9b 🇺🇸=unknown buffered=2
     1.215ms [⏱️4985] [🔧rkqszidg2jk] 📦 onRequestBody 9b
     1.241ms [⏱️4987] [🔧rkqszidg2jk] ✍️  write 2b 🇺🇸=unknown buffered=3
     1.258ms [⏱️4987] [🔧rkqszidg2jk] ✍️  write 5b 🇺🇸=unknown buffered=4
     1.278ms [⏱️4985] [🔧rkqszidg2jk] 🏁 onRequestEnd hasStream=true
     1.313ms [⏱️4991] [🔧rkqszidg2jk] 📖 read([0])
     1.338ms [⏱️4991] [🔧rkqszidg2jk] 🔬 _read(16384) ⏳=true 🔐=undefined 🇺🇸=unknown 🔗=http://localhost:46477/ origFlowing=undefined
     1.365ms [⏱️4991] [🔧rkqszidg2jk] 📣 emit resume
     1.382ms [⏱️4991] [🔧rkqszidg2jk] 📖 read()
     1.736ms [⏱️0] [🔧rkqszidg2jk] 💨 passthrough() 🧨=false ⏳=true
     1.834ms [⏱️0] [🔧rkqszidg2jk] 🔌 created originalSocket
     1.861ms [⏱️0] [🔧rkqszidg2jk] 🚽 flushing writeBuffer (5 items)
     1.917ms [⏱️5005] [🔧rkqszidg2jk] ▶️ onResume
     1.935ms [⏱️5005] [🔧rkqszidg2jk] 📣 emit resume
     2.117ms [⏱️5004] [🔧rkqszidg2jk] 🔍 onLookup args=[null,"::1",6,"localhost"]
     2.145ms [⏱️5004] [🔧rkqszidg2jk] 📣 emit lookup null, "::1", 6, "localhost"
     2.167ms [⏱️5004] [🔧rkqszidg2jk] 🔍 onLookup args=[null,"127.0.0.1",4,"localhost"]
     2.186ms [⏱️5004] [🔧rkqszidg2jk] 📣 emit lookup null, "127.0.0.1", 4, "localhost"
   906.095ms [⏱️4348] [🔧e0uisyw53jo] 🔌 onConnect delay from lookup
   906.198ms [⏱️4348] [🔧e0uisyw53jo] ⚠️  HANDLE MISMATCH!
   906.230ms [⏱️4348] [🔧e0uisyw53jo]    My Handle: TCP 🔧=true 🆔=-22 📖=false
   906.270ms [⏱️4348] [🔧e0uisyw53jo]    Socket Handle: TCP 🔧=false 🆔=156 📖=false
   906.314ms [⏱️4348] [🔧e0uisyw53jo]    Object references are different!
   906.361ms [⏱️4348] [🔧e0uisyw53jo] 📣 emit connect
   906.427ms [⏱️4348] [🔧e0uisyw53jo] 🔬 _read(16384) ⏳=false 🔐=undefined 🇺🇸=passthrough 🔗=http://localhost:46477/ origFlowing=true
   906.485ms [⏱️4348] [🔧e0uisyw53jo] 🔧 HANDLE.readStart()
   906.780ms [⏱️4348] [🔧e0uisyw53jo]     at tryReadStart (node:net:705:30)
   906.831ms [⏱️4348] [🔧e0uisyw53jo]     at Socket._read (node:net:722:5)
   906.875ms [⏱️4348] [🔧e0uisyw53jo]     at MockHttpSocket._read (/workspace/repro/node_modules/.pnpm/@mswjs+interceptors@file+../node_modules/@mswjs/interceptors/lib/node/chunk-EFBKFUZI.js:550:11)
   906.977ms [⏱️4348] [🔧e0uisyw53jo]     at MockHttpSocket.<anonymous> (node:net:720:37)
   907.040ms [⏱️4348] [🔧e0uisyw53jo]     at Object.onceWrapper (node:events:638:28)
   907.093ms [⏱️4348] [🔧e0uisyw53jo]     at MockHttpSocket.emit (node:events:524:28)
   907.145ms [⏱️4348] [🔧e0uisyw53jo]     at MockHttpSocket.emit (/workspace/repro/node_modules/.pnpm/@mswjs+interceptors@file+../node_modules/@mswjs/interceptors/lib/node/chunk-EFBKFUZI.js:564:12)
   907.194ms [⏱️4348] [🔧e0uisyw53jo]     at Socket.<anonymous> (/workspace/repro/node_modules/.pnpm/@mswjs+interceptors@file+../node_modules/@mswjs/interceptors/lib/node/chunk-EFBKFUZI.js:704:12)
   907.330ms [⏱️4348] [🔧e0uisyw53jo] ✅ onReady
   907.406ms [⏱️4348] [🔧e0uisyw53jo] 📣 emit ready
  2027.139ms [⏱️3344] [🔧kvgdb209wx] 💾 onData 120b
  2027.302ms [⏱️3344] [🔧kvgdb209wx] 📤 push([{"type":"Buffer","data":[72,84,84,80,47)
  2027.377ms [⏱️3170] [🔧kvgdb209wx] 📨 onResponseStart status=200 🇺🇸=passthrough
  2027.891ms [⏱️3170] [🔧kvgdb209wx] 📥 onResponseBody 2b
  2027.968ms [⏱️3170] [🔧kvgdb209wx] 🎬 onResponseEnd hasStream=true
  2028.052ms [⏱️3344] [🔧kvgdb209wx] 📣 emit data 120 chars
  2028.117ms [⏱️5018] [🔧kvgdb209wx] 📖 read([0])
  2028.169ms [⏱️5018] [🔧kvgdb209wx] 🔬 _read(16384) ⏳=false 🔐=undefined 🇺🇸=passthrough 🔗=http://localhost:46477/ origFlowing=true
  2028.366ms [⏱️3173] [🔧kvgdb209wx] ▶️ resume()
  2028.611ms [⏱️5033] [🔧kvgdb209wx] 📣 emit free
     0.001ms [⏱️0] [🔧zq956pm6xrm] 🏗️  constructor starting
     0.173ms [⏱️0] [🔧zq956pm6xrm] 🏗️  constructor complete http://localhost:46477/
  2029.463ms [⏱️0] [🔧kvgdb209wx] 🧨 _destroy ⏳=false 🔐=undefined 🇺🇸=passthrough 🔗=http://localhost:46477/
  2029.521ms [⏱️0] [🔧kvgdb209wx] 🔧 HANDLE.close()
  2029.663ms [⏱️0] [🔧kvgdb209wx]     at closeSocketHandle (node:net:341:18)
  2029.696ms [⏱️0] [🔧kvgdb209wx]     at Socket._destroy (node:net:831:7)
  2029.710ms [⏱️0] [🔧kvgdb209wx]     at _destroy (node:internal/streams/destroy:121:10)
  2029.735ms [⏱️0] [🔧kvgdb209wx]     at MockHttpSocket.destroy (node:internal/streams/destroy:83:5)
  2029.760ms [⏱️0] [🔧kvgdb209wx]     at Writable.destroy (node:internal/streams/writable:1122:11)
  2029.809ms [⏱️0] [🔧kvgdb209wx]     at MockHttpSocket.destroy (/workspace/repro/node_modules/.pnpm/@mswjs+interceptors@file+../node_modules/@mswjs/interceptors/lib/node/chunk-EFBKFUZI.js:574:18)
  2029.851ms [⏱️0] [🔧kvgdb209wx]     at MockAgent.<anonymous> (node:_http_agent:154:14)
  2029.907ms [⏱️0] [🔧kvgdb209wx]     at MockAgent.emit (node:events:524:28)
     0.872ms [⏱️5040] [🔧zq956pm6xrm] ▶️ resume()
     0.930ms [⏱️5040] [🔧zq956pm6xrm] ✍️  write 95b 🇺🇸=unknown buffered=0
     0.984ms [⏱️5038] [🔧zq956pm6xrm] 🚀 onRequestStart path=/ keepAlive=true
     1.510ms [⏱️5040] [🔧zq956pm6xrm] ✍️  write 2b 🇺🇸=unknown buffered=1
     1.534ms [⏱️5040] [🔧zq956pm6xrm] ✍️  write 9b 🇺🇸=unknown buffered=2
     1.562ms [⏱️5038] [🔧zq956pm6xrm] 📦 onRequestBody 9b
     1.586ms [⏱️5040] [🔧zq956pm6xrm] ✍️  write 2b 🇺🇸=unknown buffered=3
     1.604ms [⏱️5040] [🔧zq956pm6xrm] ✍️  write 5b 🇺🇸=unknown buffered=4
     1.622ms [⏱️5038] [🔧zq956pm6xrm] 🏁 onRequestEnd hasStream=true
     1.654ms [⏱️5044] [🔧zq956pm6xrm] 📖 read([0])
     1.672ms [⏱️5044] [🔧zq956pm6xrm] 🔬 _read(16384) ⏳=true 🔐=undefined 🇺🇸=unknown 🔗=http://localhost:46477/ origFlowing=undefined
     1.694ms [⏱️5044] [🔧zq956pm6xrm] 📣 emit resume
     1.711ms [⏱️5044] [🔧zq956pm6xrm] 📖 read()
     2.048ms [⏱️0] [🔧zq956pm6xrm] 💨 passthrough() 🧨=false ⏳=true
     2.152ms [⏱️0] [🔧zq956pm6xrm] 🔌 created originalSocket
     2.176ms [⏱️0] [🔧zq956pm6xrm] 🚽 flushing writeBuffer (5 items)
     2.229ms [⏱️5058] [🔧zq956pm6xrm] ▶️ onResume
     2.245ms [⏱️5058] [🔧zq956pm6xrm] 📣 emit resume
   254.348ms [⏱️4735] [🔧2wzuh4vk8e2] 🔧 HANDLE.close()
   254.409ms [⏱️4735] [🔧2wzuh4vk8e2]     at Timeout.internalConnectMultipleTimeout [as _onTimeout] (node:net:1712:10)
   254.426ms [⏱️4735] [🔧2wzuh4vk8e2]     at listOnTimeout (node:internal/timers:583:11)
   254.437ms [⏱️4735] [🔧2wzuh4vk8e2]     at process.processTimers (node:internal/timers:519:7)
   254.484ms [⏱️4735] [🔧2wzuh4vk8e2] 🔧 HANDLE.close()
   254.531ms [⏱️4735] [🔧2wzuh4vk8e2]     at Socket.reinitializeHandle (node:net:1265:17)
   254.547ms [⏱️4735] [🔧2wzuh4vk8e2]     at internalConnectMultiple (node:net:1131:30)
   254.555ms [⏱️4735] [🔧2wzuh4vk8e2]     at Timeout.internalConnectMultipleTimeout (node:net:1716:5)
   254.578ms [⏱️4735] [🔧2wzuh4vk8e2]     at listOnTimeout (node:internal/timers:583:11)
   254.605ms [⏱️4735] [🔧2wzuh4vk8e2]     at process.processTimers (node:internal/timers:519:7)
     2.666ms [⏱️5057] [🔧zq956pm6xrm] 🔍 onLookup args=[null,"::1",6,"localhost"]
     2.693ms [⏱️5057] [🔧zq956pm6xrm] 📣 emit lookup null, "::1", 6, "localhost"
     2.736ms [⏱️5057] [🔧zq956pm6xrm] 🔍 onLookup args=[null,"127.0.0.1",4,"localhost"]
     2.760ms [⏱️5057] [🔧zq956pm6xrm] 📣 emit lookup null, "127.0.0.1", 4, "localhost"
  1509.359ms [⏱️3804] [🔧6arwvi06sha] 💾 onData 120b
  1509.523ms [⏱️3804] [🔧6arwvi06sha] 📤 push([{"type":"Buffer","data":[72,84,84,80,47)
  1509.598ms [⏱️3636] [🔧6arwvi06sha] 📨 onResponseStart status=200 🇺🇸=passthrough
  1510.217ms [⏱️3636] [🔧6arwvi06sha] 📥 onResponseBody 2b
  1510.269ms [⏱️3636] [🔧6arwvi06sha] 🎬 onResponseEnd hasStream=true
  1510.338ms [⏱️3804] [🔧6arwvi06sha] 📣 emit data 120 chars
  1510.395ms [⏱️5075] [🔧6arwvi06sha] 📖 read([0])
  1510.430ms [⏱️5075] [🔧6arwvi06sha] 🔬 _read(16384) ⏳=false 🔐=undefined 🇺🇸=passthrough 🔗=http://localhost:46477/ origFlowing=true
  1510.548ms [⏱️3639] [🔧6arwvi06sha] ▶️ resume()
  1510.669ms [⏱️5090] [🔧6arwvi06sha] 📣 emit free
     0.001ms [⏱️0] [🔧q5ixh3b7ijl] 🏗️  constructor starting
     0.106ms [⏱️0] [🔧q5ixh3b7ijl] 🏗️  constructor complete http://localhost:46477/
  1511.265ms [⏱️0] [🔧6arwvi06sha] 🧨 _destroy ⏳=false 🔐=undefined 🇺🇸=passthrough 🔗=http://localhost:46477/
  1511.336ms [⏱️0] [🔧6arwvi06sha] 🔧 HANDLE.close()
  1511.564ms [⏱️0] [🔧6arwvi06sha]     at closeSocketHandle (node:net:341:18)
  1511.620ms [⏱️0] [🔧6arwvi06sha]     at Socket._destroy (node:net:831:7)
  1511.646ms [⏱️0] [🔧6arwvi06sha]     at _destroy (node:internal/streams/destroy:121:10)
  1511.686ms [⏱️0] [🔧6arwvi06sha]     at MockHttpSocket.destroy (node:internal/streams/destroy:83:5)
  1511.750ms [⏱️0] [🔧6arwvi06sha]     at Writable.destroy (node:internal/streams/writable:1122:11)
  1511.790ms [⏱️0] [🔧6arwvi06sha]     at MockHttpSocket.destroy (/workspace/repro/node_modules/.pnpm/@mswjs+interceptors@file+../node_modules/@mswjs/interceptors/lib/node/chunk-EFBKFUZI.js:574:18)
  1511.828ms [⏱️0] [🔧6arwvi06sha]     at MockAgent.<anonymous> (node:_http_agent:154:14)
  1511.852ms [⏱️0] [🔧6arwvi06sha]     at MockAgent.emit (node:events:524:28)
     0.942ms [⏱️5097] [🔧q5ixh3b7ijl] ▶️ resume()
     1.023ms [⏱️5097] [🔧q5ixh3b7ijl] ✍️  write 95b 🇺🇸=unknown buffered=0
     1.080ms [⏱️5095] [🔧q5ixh3b7ijl] 🚀 onRequestStart path=/ keepAlive=true
     1.783ms [⏱️5097] [🔧q5ixh3b7ijl] ✍️  write 2b 🇺🇸=unknown buffered=1
     1.822ms [⏱️5097] [🔧q5ixh3b7ijl] ✍️  write 9b 🇺🇸=unknown buffered=2
     1.861ms [⏱️5095] [🔧q5ixh3b7ijl] 📦 onRequestBody 9b
     1.900ms [⏱️5097] [🔧q5ixh3b7ijl] ✍️  write 2b 🇺🇸=unknown buffered=3
     1.930ms [⏱️5097] [🔧q5ixh3b7ijl] ✍️  write 5b 🇺🇸=unknown buffered=4
     1.973ms [⏱️5095] [🔧q5ixh3b7ijl] 🏁 onRequestEnd hasStream=true
     2.021ms [⏱️5101] [🔧q5ixh3b7ijl] 📖 read([0])
     2.057ms [⏱️5101] [🔧q5ixh3b7ijl] 🔬 _read(16384) ⏳=true 🔐=undefined 🇺🇸=unknown 🔗=http://localhost:46477/ origFlowing=undefined
     2.099ms [⏱️5101] [🔧q5ixh3b7ijl] 📣 emit resume
     2.127ms [⏱️5101] [🔧q5ixh3b7ijl] 📖 read()
     2.619ms [⏱️0] [🔧q5ixh3b7ijl] 💨 passthrough() 🧨=false ⏳=true
     2.772ms [⏱️0] [🔧q5ixh3b7ijl] 🔌 created originalSocket
     2.814ms [⏱️0] [🔧q5ixh3b7ijl] 🚽 flushing writeBuffer (5 items)
     2.889ms [⏱️5115] [🔧q5ixh3b7ijl] ▶️ onResume
     2.922ms [⏱️5115] [🔧q5ixh3b7ijl] 📣 emit resume
     3.061ms [⏱️5114] [🔧q5ixh3b7ijl] 🔍 onLookup args=[null,"::1",6,"localhost"]
     3.114ms [⏱️5114] [🔧q5ixh3b7ijl] 📣 emit lookup null, "::1", 6, "localhost"
     3.148ms [⏱️5114] [🔧q5ixh3b7ijl] 🔍 onLookup args=[null,"127.0.0.1",4,"localhost"]
     3.183ms [⏱️5114] [🔧q5ixh3b7ijl] 📣 emit lookup null, "127.0.0.1", 4, "localhost"
   578.405ms [⏱️4627] [🔧yw0rd85w0k] 🔌 onConnect delay from lookup
   578.468ms [⏱️4627] [🔧yw0rd85w0k] ⚠️  HANDLE MISMATCH!
   578.521ms [⏱️4627] [🔧yw0rd85w0k]    My Handle: TCP 🔧=true 🆔=-22 📖=false
   578.558ms [⏱️4627] [🔧yw0rd85w0k]    Socket Handle: TCP 🔧=false 🆔=158 📖=false
   578.597ms [⏱️4627] [🔧yw0rd85w0k]    Object references are different!
   578.634ms [⏱️4627] [🔧yw0rd85w0k] 📣 emit connect
   578.686ms [⏱️4627] [🔧yw0rd85w0k] 🔬 _read(16384) ⏳=false 🔐=undefined 🇺🇸=passthrough 🔗=http://localhost:46477/ origFlowing=true
   578.733ms [⏱️4627] [🔧yw0rd85w0k] 🔧 HANDLE.readStart()
   578.956ms [⏱️4627] [🔧yw0rd85w0k]     at tryReadStart (node:net:705:30)
   579.003ms [⏱️4627] [🔧yw0rd85w0k]     at Socket._read (node:net:722:5)
   579.030ms [⏱️4627] [🔧yw0rd85w0k]     at MockHttpSocket._read (/workspace/repro/node_modules/.pnpm/@mswjs+interceptors@file+../node_modules/@mswjs/interceptors/lib/node/chunk-EFBKFUZI.js:550:11)
   579.050ms [⏱️4627] [🔧yw0rd85w0k]     at MockHttpSocket.<anonymous> (node:net:720:37)
   579.085ms [⏱️4627] [🔧yw0rd85w0k]     at Object.onceWrapper (node:events:638:28)
   579.106ms [⏱️4627] [🔧yw0rd85w0k]     at MockHttpSocket.emit (node:events:524:28)
   579.133ms [⏱️4627] [🔧yw0rd85w0k]     at MockHttpSocket.emit (/workspace/repro/node_modules/.pnpm/@mswjs+interceptors@file+../node_modules/@mswjs/interceptors/lib/node/chunk-EFBKFUZI.js:564:12)
   579.151ms [⏱️4627] [🔧yw0rd85w0k]     at Socket.<anonymous> (/workspace/repro/node_modules/.pnpm/@mswjs+interceptors@file+../node_modules/@mswjs/interceptors/lib/node/chunk-EFBKFUZI.js:704:12)
   579.201ms [⏱️4627] [🔧yw0rd85w0k] ✅ onReady
   579.247ms [⏱️4627] [🔧yw0rd85w0k] 📣 emit ready
  1145.954ms [⏱️4266] [🔧4j0f5qd04nh] 💾 onData 120b
  1146.044ms [⏱️4266] [🔧4j0f5qd04nh] 📤 push([{"type":"Buffer","data":[72,84,84,80,47)
  1146.107ms [⏱️3956] [🔧4j0f5qd04nh] 📨 onResponseStart status=200 🇺🇸=passthrough
  1146.551ms [⏱️3956] [🔧4j0f5qd04nh] 📥 onResponseBody 2b
  1146.648ms [⏱️3956] [🔧4j0f5qd04nh] 🎬 onResponseEnd hasStream=true
  1146.721ms [⏱️4266] [🔧4j0f5qd04nh] 📣 emit data 120 chars
  1146.790ms [⏱️5125] [🔧4j0f5qd04nh] 📖 read([0])
  1146.905ms [⏱️5125] [🔧4j0f5qd04nh] 🔬 _read(16384) ⏳=false 🔐=undefined 🇺🇸=passthrough 🔗=http://localhost:46477/ origFlowing=true
  1147.117ms [⏱️3959] [🔧4j0f5qd04nh] ▶️ resume()
  1147.310ms [⏱️5140] [🔧4j0f5qd04nh] 📣 emit free
     0.001ms [⏱️0] [🔧aoo920xv9c] 🏗️  constructor starting
     0.125ms [⏱️0] [🔧aoo920xv9c] 🏗️  constructor complete http://localhost:46477/
  1148.072ms [⏱️0] [🔧4j0f5qd04nh] 🧨 _destroy ⏳=false 🔐=undefined 🇺🇸=passthrough 🔗=http://localhost:46477/
  1148.171ms [⏱️0] [🔧4j0f5qd04nh] 🔧 HANDLE.close()
  1148.326ms [⏱️0] [🔧4j0f5qd04nh]     at closeSocketHandle (node:net:341:18)
  1148.355ms [⏱️0] [🔧4j0f5qd04nh]     at Socket._destroy (node:net:831:7)
  1148.376ms [⏱️0] [🔧4j0f5qd04nh]     at _destroy (node:internal/streams/destroy:121:10)
  1148.396ms [⏱️0] [🔧4j0f5qd04nh]     at MockHttpSocket.destroy (node:internal/streams/destroy:83:5)
  1148.421ms [⏱️0] [🔧4j0f5qd04nh]     at Writable.destroy (node:internal/streams/writable:1122:11)
  1148.439ms [⏱️0] [🔧4j0f5qd04nh]     at MockHttpSocket.destroy (/workspace/repro/node_modules/.pnpm/@mswjs+interceptors@file+../node_modules/@mswjs/interceptors/lib/node/chunk-EFBKFUZI.js:574:18)
  1148.467ms [⏱️0] [🔧4j0f5qd04nh]     at MockAgent.<anonymous> (node:_http_agent:154:14)
  1148.496ms [⏱️0] [🔧4j0f5qd04nh]     at MockAgent.emit (node:events:524:28)
     0.788ms [⏱️5147] [🔧aoo920xv9c] ▶️ resume()
     0.831ms [⏱️5147] [🔧aoo920xv9c] ✍️  write 95b 🇺🇸=unknown buffered=0
     0.906ms [⏱️5145] [🔧aoo920xv9c] 🚀 onRequestStart path=/ keepAlive=true
     1.359ms [⏱️5147] [🔧aoo920xv9c] ✍️  write 2b 🇺🇸=unknown buffered=1
     1.396ms [⏱️5147] [🔧aoo920xv9c] ✍️  write 9b 🇺🇸=unknown buffered=2
     1.438ms [⏱️5145] [🔧aoo920xv9c] 📦 onRequestBody 9b
     1.474ms [⏱️5147] [🔧aoo920xv9c] ✍️  write 2b 🇺🇸=unknown buffered=3
     1.503ms [⏱️5147] [🔧aoo920xv9c] ✍️  write 5b 🇺🇸=unknown buffered=4
     1.534ms [⏱️5145] [🔧aoo920xv9c] 🏁 onRequestEnd hasStream=true
     1.584ms [⏱️5151] [🔧aoo920xv9c] 📖 read([0])
     1.655ms [⏱️5151] [🔧aoo920xv9c] 🔬 _read(16384) ⏳=true 🔐=undefined 🇺🇸=unknown 🔗=http://localhost:46477/ origFlowing=undefined
     1.678ms [⏱️5151] [🔧aoo920xv9c] 📣 emit resume
     1.695ms [⏱️5151] [🔧aoo920xv9c] 📖 read()
     2.058ms [⏱️0] [🔧aoo920xv9c] 💨 passthrough() 🧨=false ⏳=true
     2.140ms [⏱️0] [🔧aoo920xv9c] 🔌 created originalSocket
     2.164ms [⏱️0] [🔧aoo920xv9c] 🚽 flushing writeBuffer (5 items)
     2.210ms [⏱️5165] [🔧aoo920xv9c] ▶️ onResume
     2.226ms [⏱️5165] [🔧aoo920xv9c] 📣 emit resume
     2.435ms [⏱️5164] [🔧aoo920xv9c] 🔍 onLookup args=[null,"::1",6,"localhost"]
     2.461ms [⏱️5164] [🔧aoo920xv9c] 📣 emit lookup null, "::1", 6, "localhost"
     2.486ms [⏱️5164] [🔧aoo920xv9c] 🔍 onLookup args=[null,"127.0.0.1",4,"localhost"]
     2.502ms [⏱️5164] [🔧aoo920xv9c] 📣 emit lookup null, "127.0.0.1", 4, "localhost"
  1460.344ms [⏱️3917] [🔧50yc8s3hyyd] 💾 onData 120b
  1460.439ms [⏱️3917] [🔧50yc8s3hyyd] 📤 push([{"type":"Buffer","data":[72,84,84,80,47)
  1460.475ms [⏱️3695] [🔧50yc8s3hyyd] 📨 onResponseStart status=200 🇺🇸=passthrough
  1460.825ms [⏱️3695] [🔧50yc8s3hyyd] 📥 onResponseBody 2b
  1460.865ms [⏱️3695] [🔧50yc8s3hyyd] 🎬 onResponseEnd hasStream=true
  1460.926ms [⏱️3917] [🔧50yc8s3hyyd] 📣 emit data 120 chars
  1461.075ms [⏱️5179] [🔧50yc8s3hyyd] 📖 read([0])
  1461.135ms [⏱️5179] [🔧50yc8s3hyyd] 🔬 _read(16384) ⏳=false 🔐=undefined 🇺🇸=passthrough 🔗=http://localhost:46477/ origFlowing=true
  1461.345ms [⏱️3698] [🔧50yc8s3hyyd] ▶️ resume()
  1461.558ms [⏱️5194] [🔧50yc8s3hyyd] 📣 emit free
     0.001ms [⏱️0] [🔧76dw7elbnba] 🏗️  constructor starting
     0.131ms [⏱️0] [🔧76dw7elbnba] 🏗️  constructor complete http://localhost:46477/
  1462.323ms [⏱️0] [🔧50yc8s3hyyd] 🧨 _destroy ⏳=false 🔐=undefined 🇺🇸=passthrough 🔗=http://localhost:46477/
  1462.395ms [⏱️0] [🔧50yc8s3hyyd] 🔧 HANDLE.close()
  1462.620ms [⏱️0] [🔧50yc8s3hyyd]     at closeSocketHandle (node:net:341:18)
  1462.689ms [⏱️0] [🔧50yc8s3hyyd]     at Socket._destroy (node:net:831:7)
  1462.716ms [⏱️0] [🔧50yc8s3hyyd]     at _destroy (node:internal/streams/destroy:121:10)
  1462.755ms [⏱️0] [🔧50yc8s3hyyd]     at MockHttpSocket.destroy (node:internal/streams/destroy:83:5)
  1462.807ms [⏱️0] [🔧50yc8s3hyyd]     at Writable.destroy (node:internal/streams/writable:1122:11)
  1462.851ms [⏱️0] [🔧50yc8s3hyyd]     at MockHttpSocket.destroy (/workspace/repro/node_modules/.pnpm/@mswjs+interceptors@file+../node_modules/@mswjs/interceptors/lib/node/chunk-EFBKFUZI.js:574:18)
  1463.119ms [⏱️0] [🔧50yc8s3hyyd]     at MockAgent.<anonymous> (node:_http_agent:154:14)
  1463.167ms [⏱️0] [🔧50yc8s3hyyd]     at MockAgent.emit (node:events:524:28)
     1.231ms [⏱️5201] [🔧76dw7elbnba] ▶️ resume()
     1.286ms [⏱️5201] [🔧76dw7elbnba] ✍️  write 95b 🇺🇸=unknown buffered=0
     1.339ms [⏱️5199] [🔧76dw7elbnba] 🚀 onRequestStart path=/ keepAlive=true
     1.868ms [⏱️5201] [🔧76dw7elbnba] ✍️  write 2b 🇺🇸=unknown buffered=1
     1.912ms [⏱️5201] [🔧76dw7elbnba] ✍️  write 9b 🇺🇸=unknown buffered=2
     2.004ms [⏱️5199] [🔧76dw7elbnba] 📦 onRequestBody 9b
     2.114ms [⏱️5201] [🔧76dw7elbnba] ✍️  write 2b 🇺🇸=unknown buffered=3
     2.167ms [⏱️5201] [🔧76dw7elbnba] ✍️  write 5b 🇺🇸=unknown buffered=4
     2.213ms [⏱️5199] [🔧76dw7elbnba] 🏁 onRequestEnd hasStream=true
     2.302ms [⏱️5205] [🔧76dw7elbnba] 📖 read([0])
     2.347ms [⏱️5205] [🔧76dw7elbnba] 🔬 _read(16384) ⏳=true 🔐=undefined 🇺🇸=unknown 🔗=http://localhost:46477/ origFlowing=undefined
     2.376ms [⏱️5205] [🔧76dw7elbnba] 📣 emit resume
     2.400ms [⏱️5205] [🔧76dw7elbnba] 📖 read()
     2.926ms [⏱️0] [🔧76dw7elbnba] 💨 passthrough() 🧨=false ⏳=true
     3.070ms [⏱️0] [🔧76dw7elbnba] 🔌 created originalSocket
     3.107ms [⏱️0] [🔧76dw7elbnba] 🚽 flushing writeBuffer (5 items)
     3.183ms [⏱️5219] [🔧76dw7elbnba] ▶️ onResume
     3.210ms [⏱️5219] [🔧76dw7elbnba] 📣 emit resume
     3.278ms [⏱️5218] [🔧76dw7elbnba] 🔍 onLookup args=[null,"::1",6,"localhost"]
     3.310ms [⏱️5218] [🔧76dw7elbnba] 📣 emit lookup null, "::1", 6, "localhost"
     3.334ms [⏱️5218] [🔧76dw7elbnba] 🔍 onLookup args=[null,"127.0.0.1",4,"localhost"]
     3.350ms [⏱️5218] [🔧76dw7elbnba] 📣 emit lookup null, "127.0.0.1", 4, "localhost"
   163.299ms [⏱️4957] [🔧7lzgcv8tiol] 🔌 onConnect delay from lookup
   163.430ms [⏱️4957] [🔧7lzgcv8tiol] ✅ Handles match
   163.490ms [⏱️4957] [🔧7lzgcv8tiol] 📣 emit connect
   163.552ms [⏱️4957] [🔧7lzgcv8tiol] 🔬 _read(16384) ⏳=false 🔐=undefined 🇺🇸=passthrough 🔗=http://localhost:46477/ origFlowing=true
   163.619ms [⏱️4957] [🔧7lzgcv8tiol] 🔧 HANDLE.readStart()
   163.916ms [⏱️4957] [🔧7lzgcv8tiol]     at tryReadStart (node:net:705:30)
   163.965ms [⏱️4957] [🔧7lzgcv8tiol]     at Socket._read (node:net:722:5)
   163.991ms [⏱️4957] [🔧7lzgcv8tiol]     at MockHttpSocket._read (/workspace/repro/node_modules/.pnpm/@mswjs+interceptors@file+../node_modules/@mswjs/interceptors/lib/node/chunk-EFBKFUZI.js:550:11)
   164.065ms [⏱️4957] [🔧7lzgcv8tiol]     at MockHttpSocket.<anonymous> (node:net:720:37)
   164.134ms [⏱️4957] [🔧7lzgcv8tiol]     at Object.onceWrapper (node:events:638:28)
   164.163ms [⏱️4957] [🔧7lzgcv8tiol]     at MockHttpSocket.emit (node:events:524:28)
   164.185ms [⏱️4957] [🔧7lzgcv8tiol]     at MockHttpSocket.emit (/workspace/repro/node_modules/.pnpm/@mswjs+interceptors@file+../node_modules/@mswjs/interceptors/lib/node/chunk-EFBKFUZI.js:564:12)
   164.222ms [⏱️4957] [🔧7lzgcv8tiol]     at Socket.<anonymous> (/workspace/repro/node_modules/.pnpm/@mswjs+interceptors@file+../node_modules/@mswjs/interceptors/lib/node/chunk-EFBKFUZI.js:704:12)
   164.303ms [⏱️4957] [🔧7lzgcv8tiol] ✅ onReady
   164.356ms [⏱️4957] [🔧7lzgcv8tiol] 📣 emit ready
   255.344ms [⏱️4809] [🔧bxh38ktoo9u] 🔧 HANDLE.close()
   255.617ms [⏱️4809] [🔧bxh38ktoo9u]     at Timeout.internalConnectMultipleTimeout [as _onTimeout] (node:net:1712:10)
   255.675ms [⏱️4809] [🔧bxh38ktoo9u]     at listOnTimeout (node:internal/timers:583:11)
   255.787ms [⏱️4809] [🔧bxh38ktoo9u]     at process.processTimers (node:internal/timers:519:7)
   255.966ms [⏱️4809] [🔧bxh38ktoo9u] 🔧 HANDLE.close()
   256.134ms [⏱️4809] [🔧bxh38ktoo9u]     at Socket.reinitializeHandle (node:net:1265:17)
   256.322ms [⏱️4809] [🔧bxh38ktoo9u]     at internalConnectMultiple (node:net:1131:30)
   256.362ms [⏱️4809] [🔧bxh38ktoo9u]     at Timeout.internalConnectMultipleTimeout (node:net:1716:5)
   256.383ms [⏱️4809] [🔧bxh38ktoo9u]     at listOnTimeout (node:internal/timers:583:11)
   256.404ms [⏱️4809] [🔧bxh38ktoo9u]     at process.processTimers (node:internal/timers:519:7)
   253.825ms [⏱️4857] [🔧s2sdfatljaj] 🔧 HANDLE.close()
   253.979ms [⏱️4857] [🔧s2sdfatljaj]     at Timeout.internalConnectMultipleTimeout [as _onTimeout] (node:net:1712:10)
   254.025ms [⏱️4857] [🔧s2sdfatljaj]     at listOnTimeout (node:internal/timers:583:11)
   254.051ms [⏱️4857] [🔧s2sdfatljaj]     at process.processTimers (node:internal/timers:519:7)
   254.196ms [⏱️4857] [🔧s2sdfatljaj] 🔧 HANDLE.close()
   254.251ms [⏱️4857] [🔧s2sdfatljaj]     at Socket.reinitializeHandle (node:net:1265:17)
   254.267ms [⏱️4857] [🔧s2sdfatljaj]     at internalConnectMultiple (node:net:1131:30)
   254.275ms [⏱️4857] [🔧s2sdfatljaj]     at Timeout.internalConnectMultipleTimeout (node:net:1716:5)
   254.304ms [⏱️4857] [🔧s2sdfatljaj]     at listOnTimeout (node:internal/timers:583:11)
   254.326ms [⏱️4857] [🔧s2sdfatljaj]     at process.processTimers (node:internal/timers:519:7)
   255.072ms [⏱️4905] [🔧p9cz5gt2inn] 🔧 HANDLE.close()
   255.220ms [⏱️4905] [🔧p9cz5gt2inn]     at Timeout.internalConnectMultipleTimeout [as _onTimeout] (node:net:1712:10)
   255.241ms [⏱️4905] [🔧p9cz5gt2inn]     at listOnTimeout (node:internal/timers:583:11)
   255.252ms [⏱️4905] [🔧p9cz5gt2inn]     at process.processTimers (node:internal/timers:519:7)
   255.338ms [⏱️4905] [🔧p9cz5gt2inn] 🔧 HANDLE.close()
   255.404ms [⏱️4905] [🔧p9cz5gt2inn]     at Socket.reinitializeHandle (node:net:1265:17)
   255.425ms [⏱️4905] [🔧p9cz5gt2inn]     at internalConnectMultiple (node:net:1131:30)
   255.442ms [⏱️4905] [🔧p9cz5gt2inn]     at Timeout.internalConnectMultipleTimeout (node:net:1716:5)
   255.452ms [⏱️4905] [🔧p9cz5gt2inn]     at listOnTimeout (node:internal/timers:583:11)
   255.459ms [⏱️4905] [🔧p9cz5gt2inn]     at process.processTimers (node:internal/timers:519:7)
    97.435ms [⏱️5222] [🔧76dw7elbnba] 🔌 onConnect delay from lookup
    97.492ms [⏱️5222] [🔧76dw7elbnba] ✅ Handles match
    97.591ms [⏱️5222] [🔧76dw7elbnba] 📣 emit connect
    97.672ms [⏱️5222] [🔧76dw7elbnba] 🔬 _read(16384) ⏳=false 🔐=undefined 🇺🇸=passthrough 🔗=http://localhost:46477/ origFlowing=true
    97.747ms [⏱️5222] [🔧76dw7elbnba] 🔧 HANDLE.readStart()
    98.016ms [⏱️5222] [🔧76dw7elbnba]     at tryReadStart (node:net:705:30)
    98.041ms [⏱️5222] [🔧76dw7elbnba]     at Socket._read (node:net:722:5)
    98.050ms [⏱️5222] [🔧76dw7elbnba]     at MockHttpSocket._read (/workspace/repro/node_modules/.pnpm/@mswjs+interceptors@file+../node_modules/@mswjs/interceptors/lib/node/chunk-EFBKFUZI.js:550:11)
    98.061ms [⏱️5222] [🔧76dw7elbnba]     at MockHttpSocket.<anonymous> (node:net:720:37)
    98.074ms [⏱️5222] [🔧76dw7elbnba]     at Object.onceWrapper (node:events:638:28)
    98.082ms [⏱️5222] [🔧76dw7elbnba]     at MockHttpSocket.emit (node:events:524:28)
    98.094ms [⏱️5222] [🔧76dw7elbnba]     at MockHttpSocket.emit (/workspace/repro/node_modules/.pnpm/@mswjs+interceptors@file+../node_modules/@mswjs/interceptors/lib/node/chunk-EFBKFUZI.js:564:12)
    98.111ms [⏱️5222] [🔧76dw7elbnba]     at Socket.<anonymous> (/workspace/repro/node_modules/.pnpm/@mswjs+interceptors@file+../node_modules/@mswjs/interceptors/lib/node/chunk-EFBKFUZI.js:704:12)
    98.141ms [⏱️5222] [🔧76dw7elbnba] ✅ onReady
    98.155ms [⏱️5222] [🔧76dw7elbnba] 📣 emit ready
   712.463ms [⏱️4636] [🔧2uq1c73j6f4] 🔌 onConnect delay from lookup
   712.565ms [⏱️4636] [🔧2uq1c73j6f4] ⚠️  HANDLE MISMATCH!
   712.622ms [⏱️4636] [🔧2uq1c73j6f4]    My Handle: TCP 🔧=true 🆔=-22 📖=false
   712.666ms [⏱️4636] [🔧2uq1c73j6f4]    Socket Handle: TCP 🔧=false 🆔=162 📖=false
   712.706ms [⏱️4636] [🔧2uq1c73j6f4]    Object references are different!
   712.757ms [⏱️4636] [🔧2uq1c73j6f4] 📣 emit connect
   712.830ms [⏱️4636] [🔧2uq1c73j6f4] 🔬 _read(16384) ⏳=false 🔐=undefined 🇺🇸=passthrough 🔗=http://localhost:46477/ origFlowing=true
   712.870ms [⏱️4636] [🔧2uq1c73j6f4] 🔧 HANDLE.readStart()
   713.020ms [⏱️4636] [🔧2uq1c73j6f4]     at tryReadStart (node:net:705:30)
   713.042ms [⏱️4636] [🔧2uq1c73j6f4]     at Socket._read (node:net:722:5)
   713.056ms [⏱️4636] [🔧2uq1c73j6f4]     at MockHttpSocket._read (/workspace/repro/node_modules/.pnpm/@mswjs+interceptors@file+../node_modules/@mswjs/interceptors/lib/node/chunk-EFBKFUZI.js:550:11)
   713.072ms [⏱️4636] [🔧2uq1c73j6f4]     at MockHttpSocket.<anonymous> (node:net:720:37)
   713.090ms [⏱️4636] [🔧2uq1c73j6f4]     at Object.onceWrapper (node:events:638:28)
   713.099ms [⏱️4636] [🔧2uq1c73j6f4]     at MockHttpSocket.emit (node:events:524:28)
   713.154ms [⏱️4636] [🔧2uq1c73j6f4]     at MockHttpSocket.emit (/workspace/repro/node_modules/.pnpm/@mswjs+interceptors@file+../node_modules/@mswjs/interceptors/lib/node/chunk-EFBKFUZI.js:564:12)
   713.180ms [⏱️4636] [🔧2uq1c73j6f4]     at Socket.<anonymous> (/workspace/repro/node_modules/.pnpm/@mswjs+interceptors@file+../node_modules/@mswjs/interceptors/lib/node/chunk-EFBKFUZI.js:704:12)
   713.212ms [⏱️4636] [🔧2uq1c73j6f4] ✅ onReady
   713.239ms [⏱️4636] [🔧2uq1c73j6f4] 📣 emit ready
  1154.923ms [⏱️4345] [🔧57udt7ycjha] 🔌 onConnect delay from lookup
  1154.942ms [⏱️4345] [🔧57udt7ycjha] ⚠️  HANDLE MISMATCH!
  1154.954ms [⏱️4345] [🔧57udt7ycjha]    My Handle: TCP 🔧=true 🆔=-22 📖=false
  1154.963ms [⏱️4345] [🔧57udt7ycjha]    Socket Handle: TCP 🔧=false 🆔=155 📖=false
  1154.970ms [⏱️4345] [🔧57udt7ycjha]    Object references are different!
  1154.984ms [⏱️4345] [🔧57udt7ycjha] 📣 emit connect
  1155.007ms [⏱️4345] [🔧57udt7ycjha] 🔬 _read(16384) ⏳=false 🔐=undefined 🇺🇸=passthrough 🔗=http://localhost:46477/ origFlowing=true
  1155.030ms [⏱️4345] [🔧57udt7ycjha] 🔧 HANDLE.readStart()
  1155.133ms [⏱️4345] [🔧57udt7ycjha]     at tryReadStart (node:net:705:30)
  1155.154ms [⏱️4345] [🔧57udt7ycjha]     at Socket._read (node:net:722:5)
  1155.163ms [⏱️4345] [🔧57udt7ycjha]     at MockHttpSocket._read (/workspace/repro/node_modules/.pnpm/@mswjs+interceptors@file+../node_modules/@mswjs/interceptors/lib/node/chunk-EFBKFUZI.js:550:11)
  1155.203ms [⏱️4345] [🔧57udt7ycjha]     at MockHttpSocket.<anonymous> (node:net:720:37)
  1155.254ms [⏱️4345] [🔧57udt7ycjha]     at Object.onceWrapper (node:events:638:28)
  1155.277ms [⏱️4345] [🔧57udt7ycjha]     at MockHttpSocket.emit (node:events:524:28)
  1155.309ms [⏱️4345] [🔧57udt7ycjha]     at MockHttpSocket.emit (/workspace/repro/node_modules/.pnpm/@mswjs+interceptors@file+../node_modules/@mswjs/interceptors/lib/node/chunk-EFBKFUZI.js:564:12)
  1155.333ms [⏱️4345] [🔧57udt7ycjha]     at Socket.<anonymous> (/workspace/repro/node_modules/.pnpm/@mswjs+interceptors@file+../node_modules/@mswjs/interceptors/lib/node/chunk-EFBKFUZI.js:704:12)
  1155.363ms [⏱️4345] [🔧57udt7ycjha] ✅ onReady
  1155.380ms [⏱️4345] [🔧57udt7ycjha] 📣 emit ready
   253.326ms [⏱️5009] [🔧rkqszidg2jk] 🔧 HANDLE.close()
   253.478ms [⏱️5009] [🔧rkqszidg2jk]     at Timeout.internalConnectMultipleTimeout [as _onTimeout] (node:net:1712:10)
   253.504ms [⏱️5009] [🔧rkqszidg2jk]     at listOnTimeout (node:internal/timers:583:11)
   253.533ms [⏱️5009] [🔧rkqszidg2jk]     at process.processTimers (node:internal/timers:519:7)
   253.639ms [⏱️5009] [🔧rkqszidg2jk] 🔧 HANDLE.close()
   253.737ms [⏱️5009] [🔧rkqszidg2jk]     at Socket.reinitializeHandle (node:net:1265:17)
   253.765ms [⏱️5009] [🔧rkqszidg2jk]     at internalConnectMultiple (node:net:1131:30)
   253.779ms [⏱️5009] [🔧rkqszidg2jk]     at Timeout.internalConnectMultipleTimeout (node:net:1716:5)
   254.190ms [⏱️5009] [🔧rkqszidg2jk]     at listOnTimeout (node:internal/timers:583:11)
   254.361ms [⏱️5009] [🔧rkqszidg2jk]     at process.processTimers (node:internal/timers:519:7)
   254.832ms [⏱️5065] [🔧zq956pm6xrm] 🔧 HANDLE.close()
   255.055ms [⏱️5065] [🔧zq956pm6xrm]     at Timeout.internalConnectMultipleTimeout [as _onTimeout] (node:net:1712:10)
   255.133ms [⏱️5065] [🔧zq956pm6xrm]     at listOnTimeout (node:internal/timers:583:11)
   255.190ms [⏱️5065] [🔧zq956pm6xrm]     at process.processTimers (node:internal/timers:519:7)
   255.328ms [⏱️5065] [🔧zq956pm6xrm] 🔧 HANDLE.close()
   255.526ms [⏱️5065] [🔧zq956pm6xrm]     at Socket.reinitializeHandle (node:net:1265:17)
   255.545ms [⏱️5065] [🔧zq956pm6xrm]     at internalConnectMultiple (node:net:1131:30)
   255.556ms [⏱️5065] [🔧zq956pm6xrm]     at Timeout.internalConnectMultipleTimeout (node:net:1716:5)
   255.569ms [⏱️5065] [🔧zq956pm6xrm]     at listOnTimeout (node:internal/timers:583:11)
   255.583ms [⏱️5065] [🔧zq956pm6xrm]     at process.processTimers (node:internal/timers:519:7)
  1206.231ms [⏱️4347] [🔧e0uisyw53jo] 💾 onData 120b
  1206.334ms [⏱️4347] [🔧e0uisyw53jo] 📤 push([{"type":"Buffer","data":[72,84,84,80,47)
  1206.381ms [⏱️4222] [🔧e0uisyw53jo] 📨 onResponseStart status=200 🇺🇸=passthrough
  1206.914ms [⏱️4222] [🔧e0uisyw53jo] 📥 onResponseBody 2b
  1206.954ms [⏱️4222] [🔧e0uisyw53jo] 🎬 onResponseEnd hasStream=true
  1206.996ms [⏱️4347] [🔧e0uisyw53jo] 📣 emit data 120 chars
  1207.036ms [⏱️5279] [🔧e0uisyw53jo] 📖 read([0])
  1207.064ms [⏱️5279] [🔧e0uisyw53jo] 🔬 _read(16384) ⏳=false 🔐=undefined 🇺🇸=passthrough 🔗=http://localhost:46477/ origFlowing=true
  1207.175ms [⏱️4225] [🔧e0uisyw53jo] ▶️ resume()
  1207.295ms [⏱️5294] [🔧e0uisyw53jo] 📣 emit free
     0.002ms [⏱️0] [🔧oyd46ivit6b] 🏗️  constructor starting
     0.165ms [⏱️0] [🔧oyd46ivit6b] 🏗️  constructor complete http://localhost:46477/
  1208.198ms [⏱️0] [🔧e0uisyw53jo] 🧨 _destroy ⏳=false 🔐=undefined 🇺🇸=passthrough 🔗=http://localhost:46477/
  1208.277ms [⏱️0] [🔧e0uisyw53jo] 🔧 HANDLE.close()
  1208.487ms [⏱️0] [🔧e0uisyw53jo]     at closeSocketHandle (node:net:341:18)
  1208.515ms [⏱️0] [🔧e0uisyw53jo]     at Socket._destroy (node:net:831:7)
  1208.531ms [⏱️0] [🔧e0uisyw53jo]     at _destroy (node:internal/streams/destroy:121:10)
  1208.581ms [⏱️0] [🔧e0uisyw53jo]     at MockHttpSocket.destroy (node:internal/streams/destroy:83:5)
  1208.608ms [⏱️0] [🔧e0uisyw53jo]     at Writable.destroy (node:internal/streams/writable:1122:11)
  1208.622ms [⏱️0] [🔧e0uisyw53jo]     at MockHttpSocket.destroy (/workspace/repro/node_modules/.pnpm/@mswjs+interceptors@file+../node_modules/@mswjs/interceptors/lib/node/chunk-EFBKFUZI.js:574:18)
  1208.649ms [⏱️0] [🔧e0uisyw53jo]     at MockAgent.<anonymous> (node:_http_agent:154:14)
  1208.675ms [⏱️0] [🔧e0uisyw53jo]     at MockAgent.emit (node:events:524:28)
     0.925ms [⏱️5301] [🔧oyd46ivit6b] ▶️ resume()
     0.975ms [⏱️5301] [🔧oyd46ivit6b] ✍️  write 95b 🇺🇸=unknown buffered=0
     1.036ms [⏱️5299] [🔧oyd46ivit6b] 🚀 onRequestStart path=/ keepAlive=true
     1.662ms [⏱️5301] [🔧oyd46ivit6b] ✍️  write 2b 🇺🇸=unknown buffered=1
     1.709ms [⏱️5301] [🔧oyd46ivit6b] ✍️  write 9b 🇺🇸=unknown buffered=2
     1.779ms [⏱️5299] [🔧oyd46ivit6b] 📦 onRequestBody 9b
     1.828ms [⏱️5301] [🔧oyd46ivit6b] ✍️  write 2b 🇺🇸=unknown buffered=3
     1.861ms [⏱️5301] [🔧oyd46ivit6b] ✍️  write 5b 🇺🇸=unknown buffered=4
     1.897ms [⏱️5299] [🔧oyd46ivit6b] 🏁 onRequestEnd hasStream=true
     1.955ms [⏱️5305] [🔧oyd46ivit6b] 📖 read([0])
     1.992ms [⏱️5305] [🔧oyd46ivit6b] 🔬 _read(16384) ⏳=true 🔐=undefined 🇺🇸=unknown 🔗=http://localhost:46477/ origFlowing=undefined
     2.039ms [⏱️5305] [🔧oyd46ivit6b] 📣 emit resume
     2.058ms [⏱️5305] [🔧oyd46ivit6b] 📖 read()
     2.700ms [⏱️0] [🔧oyd46ivit6b] 💨 passthrough() 🧨=false ⏳=true
     2.858ms [⏱️0] [🔧oyd46ivit6b] 🔌 created originalSocket
     2.894ms [⏱️0] [🔧oyd46ivit6b] 🚽 flushing writeBuffer (5 items)
     2.969ms [⏱️5319] [🔧oyd46ivit6b] ▶️ onResume
     2.993ms [⏱️5319] [🔧oyd46ivit6b] 📣 emit resume
   254.034ms [⏱️5119] [🔧q5ixh3b7ijl] 🔧 HANDLE.close()
   254.108ms [⏱️5119] [🔧q5ixh3b7ijl]     at Timeout.internalConnectMultipleTimeout [as _onTimeout] (node:net:1712:10)
   254.131ms [⏱️5119] [🔧q5ixh3b7ijl]     at listOnTimeout (node:internal/timers:583:11)
   254.143ms [⏱️5119] [🔧q5ixh3b7ijl]     at process.processTimers (node:internal/timers:519:7)
   254.240ms [⏱️5119] [🔧q5ixh3b7ijl] 🔧 HANDLE.close()
   254.336ms [⏱️5119] [🔧q5ixh3b7ijl]     at Socket.reinitializeHandle (node:net:1265:17)
   254.365ms [⏱️5119] [🔧q5ixh3b7ijl]     at internalConnectMultiple (node:net:1131:30)
   254.378ms [⏱️5119] [🔧q5ixh3b7ijl]     at Timeout.internalConnectMultipleTimeout (node:net:1716:5)
   254.397ms [⏱️5119] [🔧q5ixh3b7ijl]     at listOnTimeout (node:internal/timers:583:11)
   254.419ms [⏱️5119] [🔧q5ixh3b7ijl]     at process.processTimers (node:internal/timers:519:7)
     3.575ms [⏱️5318] [🔧oyd46ivit6b] 🔍 onLookup args=[null,"::1",6,"localhost"]
     3.609ms [⏱️5318] [🔧oyd46ivit6b] 📣 emit lookup null, "::1", 6, "localhost"
     3.637ms [⏱️5318] [🔧oyd46ivit6b] 🔍 onLookup args=[null,"127.0.0.1",4,"localhost"]
     3.660ms [⏱️5318] [🔧oyd46ivit6b] 📣 emit lookup null, "127.0.0.1", 4, "localhost"
   257.363ms [⏱️5175] [🔧aoo920xv9c] 🔧 HANDLE.close()
   257.650ms [⏱️5175] [🔧aoo920xv9c]     at Timeout.internalConnectMultipleTimeout [as _onTimeout] (node:net:1712:10)
   257.700ms [⏱️5175] [🔧aoo920xv9c]     at listOnTimeout (node:internal/timers:583:11)
   257.746ms [⏱️5175] [🔧aoo920xv9c]     at process.processTimers (node:internal/timers:519:7)
   257.910ms [⏱️5175] [🔧aoo920xv9c] 🔧 HANDLE.close()
   258.034ms [⏱️5175] [🔧aoo920xv9c]     at Socket.reinitializeHandle (node:net:1265:17)
   258.084ms [⏱️5175] [🔧aoo920xv9c]     at internalConnectMultiple (node:net:1131:30)
   258.190ms [⏱️5175] [🔧aoo920xv9c]     at Timeout.internalConnectMultipleTimeout (node:net:1716:5)
   258.246ms [⏱️5175] [🔧aoo920xv9c]     at listOnTimeout (node:internal/timers:583:11)
   258.288ms [⏱️5175] [🔧aoo920xv9c]     at process.processTimers (node:internal/timers:519:7)
  1329.513ms [⏱️4338] [🔧m572vvez0u] 💾 onData 120b
  1329.678ms [⏱️4338] [🔧m572vvez0u] 📤 push([{"type":"Buffer","data":[72,84,84,80,47)
  1329.762ms [⏱️4121] [🔧m572vvez0u] 📨 onResponseStart status=200 🇺🇸=passthrough
  1330.241ms [⏱️4121] [🔧m572vvez0u] 📥 onResponseBody 2b
  1330.280ms [⏱️4121] [🔧m572vvez0u] 🎬 onResponseEnd hasStream=true
  1330.322ms [⏱️4338] [🔧m572vvez0u] 📣 emit data 120 chars
  1330.360ms [⏱️5333] [🔧m572vvez0u] 📖 read([0])
  1330.386ms [⏱️5333] [🔧m572vvez0u] 🔬 _read(16384) ⏳=false 🔐=undefined 🇺🇸=passthrough 🔗=http://localhost:46477/ origFlowing=true
  1330.487ms [⏱️4124] [🔧m572vvez0u] ▶️ resume()
  1330.598ms [⏱️5348] [🔧m572vvez0u] 📣 emit free
     0.001ms [⏱️0] [🔧4vvm6t807zs] 🏗️  constructor starting
     0.075ms [⏱️0] [🔧4vvm6t807zs] 🏗️  constructor complete http://localhost:46477/
  1331.055ms [⏱️0] [🔧m572vvez0u] 🧨 _destroy ⏳=false 🔐=undefined 🇺🇸=passthrough 🔗=http://localhost:46477/
  1331.089ms [⏱️0] [🔧m572vvez0u] 🔧 HANDLE.close()
  1331.248ms [⏱️0] [🔧m572vvez0u]     at closeSocketHandle (node:net:341:18)
  1331.269ms [⏱️0] [🔧m572vvez0u]     at Socket._destroy (node:net:831:7)
  1331.278ms [⏱️0] [🔧m572vvez0u]     at _destroy (node:internal/streams/destroy:121:10)
  1331.292ms [⏱️0] [🔧m572vvez0u]     at MockHttpSocket.destroy (node:internal/streams/destroy:83:5)
  1331.301ms [⏱️0] [🔧m572vvez0u]     at Writable.destroy (node:internal/streams/writable:1122:11)
  1331.315ms [⏱️0] [🔧m572vvez0u]     at MockHttpSocket.destroy (/workspace/repro/node_modules/.pnpm/@mswjs+interceptors@file+../node_modules/@mswjs/interceptors/lib/node/chunk-EFBKFUZI.js:574:18)
  1331.331ms [⏱️0] [🔧m572vvez0u]     at MockAgent.<anonymous> (node:_http_agent:154:14)
  1331.352ms [⏱️0] [🔧m572vvez0u]     at MockAgent.emit (node:events:524:28)
     0.551ms [⏱️5355] [🔧4vvm6t807zs] ▶️ resume()
     0.614ms [⏱️5355] [🔧4vvm6t807zs] ✍️  write 95b 🇺🇸=unknown buffered=0
     0.681ms [⏱️5353] [🔧4vvm6t807zs] 🚀 onRequestStart path=/ keepAlive=true
     1.434ms [⏱️5355] [🔧4vvm6t807zs] ✍️  write 2b 🇺🇸=unknown buffered=1
     1.484ms [⏱️5355] [🔧4vvm6t807zs] ✍️  write 9b 🇺🇸=unknown buffered=2
     1.561ms [⏱️5353] [🔧4vvm6t807zs] 📦 onRequestBody 9b
     1.609ms [⏱️5355] [🔧4vvm6t807zs] ✍️  write 2b 🇺🇸=unknown buffered=3
     1.645ms [⏱️5355] [🔧4vvm6t807zs] ✍️  write 5b 🇺🇸=unknown buffered=4
     1.678ms [⏱️5353] [🔧4vvm6t807zs] 🏁 onRequestEnd hasStream=true
     1.737ms [⏱️5359] [🔧4vvm6t807zs] 📖 read([0])
     1.767ms [⏱️5359] [🔧4vvm6t807zs] 🔬 _read(16384) ⏳=true 🔐=undefined 🇺🇸=unknown 🔗=http://localhost:46477/ origFlowing=undefined
     1.799ms [⏱️5359] [🔧4vvm6t807zs] 📣 emit resume
     1.829ms [⏱️5359] [🔧4vvm6t807zs] 📖 read()
     2.416ms [⏱️0] [🔧4vvm6t807zs] 💨 passthrough() 🧨=false ⏳=true
     2.571ms [⏱️0] [🔧4vvm6t807zs] 🔌 created originalSocket
     2.616ms [⏱️0] [🔧4vvm6t807zs] 🚽 flushing writeBuffer (5 items)
     2.701ms [⏱️5373] [🔧4vvm6t807zs] ▶️ onResume
     2.787ms [⏱️5373] [🔧4vvm6t807zs] 📣 emit resume
     2.884ms [⏱️5372] [🔧4vvm6t807zs] 🔍 onLookup args=[null,"::1",6,"localhost"]
     2.948ms [⏱️5372] [🔧4vvm6t807zs] 📣 emit lookup null, "::1", 6, "localhost"
     2.977ms [⏱️5372] [🔧4vvm6t807zs] 🔍 onLookup args=[null,"127.0.0.1",4,"localhost"]
     3.002ms [⏱️5372] [🔧4vvm6t807zs] 📣 emit lookup null, "127.0.0.1", 4, "localhost"
  1190.635ms [⏱️4370] [🔧mysnt4vuac] 🔌 onConnect delay from lookup
  1190.740ms [⏱️4370] [🔧mysnt4vuac] ⚠️  HANDLE MISMATCH!
  1190.804ms [⏱️4370] [🔧mysnt4vuac]    My Handle: TCP 🔧=true 🆔=-22 📖=false
  1190.850ms [⏱️4370] [🔧mysnt4vuac]    Socket Handle: TCP 🔧=false 🆔=138 📖=false
  1190.895ms [⏱️4370] [🔧mysnt4vuac]    Object references are different!
  1190.995ms [⏱️4370] [🔧mysnt4vuac] 📣 emit connect
  1191.063ms [⏱️4370] [🔧mysnt4vuac] 🔬 _read(16384) ⏳=false 🔐=undefined 🇺🇸=passthrough 🔗=http://localhost:46477/ origFlowing=true
  1191.118ms [⏱️4370] [🔧mysnt4vuac] 🔧 HANDLE.readStart()
  1191.376ms [⏱️4370] [🔧mysnt4vuac]     at tryReadStart (node:net:705:30)
  1191.422ms [⏱️4370] [🔧mysnt4vuac]     at Socket._read (node:net:722:5)
  1191.454ms [⏱️4370] [🔧mysnt4vuac]     at MockHttpSocket._read (/workspace/repro/node_modules/.pnpm/@mswjs+interceptors@file+../node_modules/@mswjs/interceptors/lib/node/chunk-EFBKFUZI.js:550:11)
  1191.491ms [⏱️4370] [🔧mysnt4vuac]     at MockHttpSocket.<anonymous> (node:net:720:37)
  1191.532ms [⏱️4370] [🔧mysnt4vuac]     at Object.onceWrapper (node:events:638:28)
  1191.556ms [⏱️4370] [🔧mysnt4vuac]     at MockHttpSocket.emit (node:events:524:28)
  1191.576ms [⏱️4370] [🔧mysnt4vuac]     at MockHttpSocket.emit (/workspace/repro/node_modules/.pnpm/@mswjs+interceptors@file+../node_modules/@mswjs/interceptors/lib/node/chunk-EFBKFUZI.js:564:12)
  1191.634ms [⏱️4370] [🔧mysnt4vuac]     at Socket.<anonymous> (/workspace/repro/node_modules/.pnpm/@mswjs+interceptors@file+../node_modules/@mswjs/interceptors/lib/node/chunk-EFBKFUZI.js:704:12)
  1191.698ms [⏱️4370] [🔧mysnt4vuac] ✅ onReady
  1191.742ms [⏱️4370] [🔧mysnt4vuac] 📣 emit ready
   660.999ms [⏱️4681] [🔧zop8mf3rmwe] 💾 onData 120b
   661.256ms [⏱️4681] [🔧zop8mf3rmwe] 📤 push([{"type":"Buffer","data":[72,84,84,80,47)
   661.347ms [⏱️4664] [🔧zop8mf3rmwe] 📨 onResponseStart status=200 🇺🇸=passthrough
   662.067ms [⏱️4664] [🔧zop8mf3rmwe] 📥 onResponseBody 2b
   662.191ms [⏱️4664] [🔧zop8mf3rmwe] 🎬 onResponseEnd hasStream=true
   662.283ms [⏱️4681] [🔧zop8mf3rmwe] 📣 emit data 120 chars
   662.370ms [⏱️5383] [🔧zop8mf3rmwe] 📖 read([0])
   662.430ms [⏱️5383] [🔧zop8mf3rmwe] 🔬 _read(16384) ⏳=false 🔐=undefined 🇺🇸=passthrough 🔗=http://localhost:46477/ origFlowing=true
   662.641ms [⏱️4667] [🔧zop8mf3rmwe] ▶️ resume()
   662.874ms [⏱️5398] [🔧zop8mf3rmwe] 📣 emit free
     0.001ms [⏱️0] [🔧x8fi0f0xeb] 🏗️  constructor starting
     0.135ms [⏱️0] [🔧x8fi0f0xeb] 🏗️  constructor complete http://localhost:46477/
   663.780ms [⏱️0] [🔧zop8mf3rmwe] 🧨 _destroy ⏳=false 🔐=undefined 🇺🇸=passthrough 🔗=http://localhost:46477/
   663.837ms [⏱️0] [🔧zop8mf3rmwe] 🔧 HANDLE.close()
   664.028ms [⏱️0] [🔧zop8mf3rmwe]     at closeSocketHandle (node:net:341:18)
   664.059ms [⏱️0] [🔧zop8mf3rmwe]     at Socket._destroy (node:net:831:7)
   664.107ms [⏱️0] [🔧zop8mf3rmwe]     at _destroy (node:internal/streams/destroy:121:10)
   664.133ms [⏱️0] [🔧zop8mf3rmwe]     at MockHttpSocket.destroy (node:internal/streams/destroy:83:5)
   664.164ms [⏱️0] [🔧zop8mf3rmwe]     at Writable.destroy (node:internal/streams/writable:1122:11)
   664.180ms [⏱️0] [🔧zop8mf3rmwe]     at MockHttpSocket.destroy (/workspace/repro/node_modules/.pnpm/@mswjs+interceptors@file+../node_modules/@mswjs/interceptors/lib/node/chunk-EFBKFUZI.js:574:18)
   664.200ms [⏱️0] [🔧zop8mf3rmwe]     at MockAgent.<anonymous> (node:_http_agent:154:14)
   664.223ms [⏱️0] [🔧zop8mf3rmwe]     at MockAgent.emit (node:events:524:28)
     0.862ms [⏱️5405] [🔧x8fi0f0xeb] ▶️ resume()
     0.921ms [⏱️5405] [🔧x8fi0f0xeb] ✍️  write 95b 🇺🇸=unknown buffered=0
     1.140ms [⏱️5403] [🔧x8fi0f0xeb] 🚀 onRequestStart path=/ keepAlive=true
     1.849ms [⏱️5405] [🔧x8fi0f0xeb] ✍️  write 2b 🇺🇸=unknown buffered=1
     1.899ms [⏱️5405] [🔧x8fi0f0xeb] ✍️  write 9b 🇺🇸=unknown buffered=2
     1.947ms [⏱️5403] [🔧x8fi0f0xeb] 📦 onRequestBody 9b
     1.979ms [⏱️5405] [🔧x8fi0f0xeb] ✍️  write 2b 🇺🇸=unknown buffered=3
     2.001ms [⏱️5405] [🔧x8fi0f0xeb] ✍️  write 5b 🇺🇸=unknown buffered=4
     2.033ms [⏱️5403] [🔧x8fi0f0xeb] 🏁 onRequestEnd hasStream=true
     2.087ms [⏱️5409] [🔧x8fi0f0xeb] 📖 read([0])
     2.116ms [⏱️5409] [🔧x8fi0f0xeb] 🔬 _read(16384) ⏳=true 🔐=undefined 🇺🇸=unknown 🔗=http://localhost:46477/ origFlowing=undefined
     2.151ms [⏱️5409] [🔧x8fi0f0xeb] 📣 emit resume
     2.178ms [⏱️5409] [🔧x8fi0f0xeb] 📖 read()
     2.719ms [⏱️0] [🔧x8fi0f0xeb] 💨 passthrough() 🧨=false ⏳=true
     2.867ms [⏱️0] [🔧x8fi0f0xeb] 🔌 created originalSocket
     2.903ms [⏱️0] [🔧x8fi0f0xeb] 🚽 flushing writeBuffer (5 items)
     2.978ms [⏱️5423] [🔧x8fi0f0xeb] ▶️ onResume
     3.009ms [⏱️5423] [🔧x8fi0f0xeb] 📣 emit resume
   666.545ms [⏱️4681] [🔧zop8mf3rmwe] 📣 emit close false
     3.185ms [⏱️5422] [🔧x8fi0f0xeb] 🔍 onLookup args=[null,"::1",6,"localhost"]
     3.215ms [⏱️5422] [🔧x8fi0f0xeb] 📣 emit lookup null, "::1", 6, "localhost"
     3.244ms [⏱️5422] [🔧x8fi0f0xeb] 🔍 onLookup args=[null,"127.0.0.1",4,"localhost"]
     3.269ms [⏱️5422] [🔧x8fi0f0xeb] 📣 emit lookup null, "127.0.0.1", 4, "localhost"
   356.904ms [⏱️5217] [🔧76dw7elbnba] 💾 onData 120b
   357.034ms [⏱️5217] [🔧76dw7elbnba] 📤 push([{"type":"Buffer","data":[72,84,84,80,47)
   357.096ms [⏱️5200] [🔧76dw7elbnba] 📨 onResponseStart status=200 🇺🇸=passthrough
   357.492ms [⏱️5200] [🔧76dw7elbnba] 📥 onResponseBody 2b
   357.554ms [⏱️5200] [🔧76dw7elbnba] 🎬 onResponseEnd hasStream=true
   357.630ms [⏱️5217] [🔧76dw7elbnba] 📣 emit data 120 chars
   357.694ms [⏱️5432] [🔧76dw7elbnba] 📖 read([0])
   357.743ms [⏱️5432] [🔧76dw7elbnba] 🔬 _read(16384) ⏳=false 🔐=undefined 🇺🇸=passthrough 🔗=http://localhost:46477/ origFlowing=true
   357.910ms [⏱️5203] [🔧76dw7elbnba] ▶️ resume()
   358.092ms [⏱️5447] [🔧76dw7elbnba] 📣 emit free
     0.001ms [⏱️0] [🔧0x0acphxhb5r] 🏗️  constructor starting
     0.121ms [⏱️0] [🔧0x0acphxhb5r] 🏗️  constructor complete http://localhost:46477/
   358.746ms [⏱️0] [🔧76dw7elbnba] 🧨 _destroy ⏳=false 🔐=undefined 🇺🇸=passthrough 🔗=http://localhost:46477/
   358.814ms [⏱️0] [🔧76dw7elbnba] 🔧 HANDLE.close()
   359.169ms [⏱️0] [🔧76dw7elbnba]     at closeSocketHandle (node:net:341:18)
   359.240ms [⏱️0] [🔧76dw7elbnba]     at Socket._destroy (node:net:831:7)
   359.269ms [⏱️0] [🔧76dw7elbnba]     at _destroy (node:internal/streams/destroy:121:10)
   359.310ms [⏱️0] [🔧76dw7elbnba]     at MockHttpSocket.destroy (node:internal/streams/destroy:83:5)
   359.357ms [⏱️0] [🔧76dw7elbnba]     at Writable.destroy (node:internal/streams/writable:1122:11)
   359.400ms [⏱️0] [🔧76dw7elbnba]     at MockHttpSocket.destroy (/workspace/repro/node_modules/.pnpm/@mswjs+interceptors@file+../node_modules/@mswjs/interceptors/lib/node/chunk-EFBKFUZI.js:574:18)
   359.449ms [⏱️0] [🔧76dw7elbnba]     at MockAgent.<anonymous> (node:_http_agent:154:14)
   359.473ms [⏱️0] [🔧76dw7elbnba]     at MockAgent.emit (node:events:524:28)
     1.172ms [⏱️5454] [🔧0x0acphxhb5r] ▶️ resume()
     1.210ms [⏱️5454] [🔧0x0acphxhb5r] ✍️  write 95b 🇺🇸=unknown buffered=0
     1.271ms [⏱️5452] [🔧0x0acphxhb5r] 🚀 onRequestStart path=/ keepAlive=true
     1.675ms [⏱️5454] [🔧0x0acphxhb5r] ✍️  write 2b 🇺🇸=unknown buffered=1
     1.702ms [⏱️5454] [🔧0x0acphxhb5r] ✍️  write 9b 🇺🇸=unknown buffered=2
     1.726ms [⏱️5452] [🔧0x0acphxhb5r] 📦 onRequestBody 9b
     1.751ms [⏱️5454] [🔧0x0acphxhb5r] ✍️  write 2b 🇺🇸=unknown buffered=3
     1.772ms [⏱️5454] [🔧0x0acphxhb5r] ✍️  write 5b 🇺🇸=unknown buffered=4
     1.800ms [⏱️5452] [🔧0x0acphxhb5r] 🏁 onRequestEnd hasStream=true
     1.842ms [⏱️5458] [🔧0x0acphxhb5r] 📖 read([0])
     1.862ms [⏱️5458] [🔧0x0acphxhb5r] 🔬 _read(16384) ⏳=true 🔐=undefined 🇺🇸=unknown 🔗=http://localhost:46477/ origFlowing=undefined
     1.883ms [⏱️5458] [🔧0x0acphxhb5r] 📣 emit resume
     1.921ms [⏱️5458] [🔧0x0acphxhb5r] 📖 read()
     2.338ms [⏱️0] [🔧0x0acphxhb5r] 💨 passthrough() 🧨=false ⏳=true
     2.459ms [⏱️0] [🔧0x0acphxhb5r] 🔌 created originalSocket
     2.487ms [⏱️0] [🔧0x0acphxhb5r] 🚽 flushing writeBuffer (5 items)
     2.549ms [⏱️5472] [🔧0x0acphxhb5r] ▶️ onResume
     2.570ms [⏱️5472] [🔧0x0acphxhb5r] 📣 emit resume
   361.050ms [⏱️5217] [🔧76dw7elbnba] 📣 emit close false
     2.705ms [⏱️5471] [🔧0x0acphxhb5r] 🔍 onLookup args=[null,"::1",6,"localhost"]
     2.725ms [⏱️5471] [🔧0x0acphxhb5r] 📣 emit lookup null, "::1", 6, "localhost"
     2.746ms [⏱️5471] [🔧0x0acphxhb5r] 🔍 onLookup args=[null,"127.0.0.1",4,"localhost"]
     2.890ms [⏱️5471] [🔧0x0acphxhb5r] 📣 emit lookup null, "127.0.0.1", 4, "localhost"
  1515.736ms [⏱️4331] [🔧hbxag1b8xpm] 💾 onData 120b
  1515.875ms [⏱️4331] [🔧hbxag1b8xpm] 📤 push([{"type":"Buffer","data":[72,84,84,80,47)
  1515.946ms [⏱️4052] [🔧hbxag1b8xpm] 📨 onResponseStart status=200 🇺🇸=passthrough
  1516.475ms [⏱️4052] [🔧hbxag1b8xpm] 📥 onResponseBody 2b
  1516.538ms [⏱️4052] [🔧hbxag1b8xpm] 🎬 onResponseEnd hasStream=true
  1516.681ms [⏱️4331] [🔧hbxag1b8xpm] 📣 emit data 120 chars
  1516.787ms [⏱️5501] [🔧hbxag1b8xpm] 📖 read([0])
  1516.854ms [⏱️5501] [🔧hbxag1b8xpm] 🔬 _read(16384) ⏳=false 🔐=undefined 🇺🇸=passthrough 🔗=http://localhost:46477/ origFlowing=true
  1517.057ms [⏱️4055] [🔧hbxag1b8xpm] ▶️ resume()
  1517.315ms [⏱️5516] [🔧hbxag1b8xpm] 📣 emit free
  1517.410ms [⏱️0] [🔧hbxag1b8xpm] 🧨 _destroy ⏳=false 🔐=undefined 🇺🇸=passthrough 🔗=http://localhost:46477/
  1517.493ms [⏱️0] [🔧hbxag1b8xpm] 🔧 HANDLE.close()
  1517.775ms [⏱️0] [🔧hbxag1b8xpm]     at closeSocketHandle (node:net:341:18)
  1517.848ms [⏱️0] [🔧hbxag1b8xpm]     at Socket._destroy (node:net:831:7)
  1517.887ms [⏱️0] [🔧hbxag1b8xpm]     at _destroy (node:internal/streams/destroy:121:10)
  1517.913ms [⏱️0] [🔧hbxag1b8xpm]     at MockHttpSocket.destroy (node:internal/streams/destroy:83:5)
  1517.957ms [⏱️0] [🔧hbxag1b8xpm]     at Writable.destroy (node:internal/streams/writable:1122:11)
  1518.007ms [⏱️0] [🔧hbxag1b8xpm]     at MockHttpSocket.destroy (/workspace/repro/node_modules/.pnpm/@mswjs+interceptors@file+../node_modules/@mswjs/interceptors/lib/node/chunk-EFBKFUZI.js:574:18)
  1518.102ms [⏱️0] [🔧hbxag1b8xpm]     at MockAgent.<anonymous> (node:_http_agent:154:14)
  1518.132ms [⏱️0] [🔧hbxag1b8xpm]     at MockAgent.emit (node:events:524:28)
   253.099ms [⏱️5326] [🔧oyd46ivit6b] 🔧 HANDLE.close()
   253.352ms [⏱️5326] [🔧oyd46ivit6b]     at Timeout.internalConnectMultipleTimeout [as _onTimeout] (node:net:1712:10)
   253.405ms [⏱️5326] [🔧oyd46ivit6b]     at listOnTimeout (node:internal/timers:583:11)
   253.458ms [⏱️5326] [🔧oyd46ivit6b]     at process.processTimers (node:internal/timers:519:7)
   253.590ms [⏱️5326] [🔧oyd46ivit6b] 🔧 HANDLE.close()
   253.916ms [⏱️5326] [🔧oyd46ivit6b]     at Socket.reinitializeHandle (node:net:1265:17)
   253.985ms [⏱️5326] [🔧oyd46ivit6b]     at internalConnectMultiple (node:net:1131:30)
   254.015ms [⏱️5326] [🔧oyd46ivit6b]     at Timeout.internalConnectMultipleTimeout (node:net:1716:5)
   254.038ms [⏱️5326] [🔧oyd46ivit6b]     at listOnTimeout (node:internal/timers:583:11)
   254.077ms [⏱️5326] [🔧oyd46ivit6b]     at process.processTimers (node:internal/timers:519:7)
   696.326ms [⏱️5228] [🔧bxh38ktoo9u] 🔌 onConnect delay from lookup
   696.413ms [⏱️5228] [🔧bxh38ktoo9u] ⚠️  HANDLE MISMATCH!
   696.437ms [⏱️5228] [🔧bxh38ktoo9u]    My Handle: TCP 🔧=true 🆔=-22 📖=false
   696.456ms [⏱️5228] [🔧bxh38ktoo9u]    Socket Handle: TCP 🔧=false 🆔=132 📖=false
   696.472ms [⏱️5228] [🔧bxh38ktoo9u]    Object references are different!
   696.494ms [⏱️5228] [🔧bxh38ktoo9u] 📣 emit connect
   696.535ms [⏱️5228] [🔧bxh38ktoo9u] 🔬 _read(16384) ⏳=false 🔐=undefined 🇺🇸=passthrough 🔗=http://localhost:46477/ origFlowing=true
   696.590ms [⏱️5228] [🔧bxh38ktoo9u] 🔧 HANDLE.readStart()
   696.856ms [⏱️5228] [🔧bxh38ktoo9u]     at tryReadStart (node:net:705:30)
   696.906ms [⏱️5228] [🔧bxh38ktoo9u]     at Socket._read (node:net:722:5)
   697.008ms [⏱️5228] [🔧bxh38ktoo9u]     at MockHttpSocket._read (/workspace/repro/node_modules/.pnpm/@mswjs+interceptors@file+../node_modules/@mswjs/interceptors/lib/node/chunk-EFBKFUZI.js:550:11)
   697.100ms [⏱️5228] [🔧bxh38ktoo9u]     at MockHttpSocket.<anonymous> (node:net:720:37)
   697.177ms [⏱️5228] [🔧bxh38ktoo9u]     at Object.onceWrapper (node:events:638:28)
   697.327ms [⏱️5228] [🔧bxh38ktoo9u]     at MockHttpSocket.emit (node:events:524:28)
   697.354ms [⏱️5228] [🔧bxh38ktoo9u]     at MockHttpSocket.emit (/workspace/repro/node_modules/.pnpm/@mswjs+interceptors@file+../node_modules/@mswjs/interceptors/lib/node/chunk-EFBKFUZI.js:564:12)
   697.404ms [⏱️5228] [🔧bxh38ktoo9u]     at Socket.<anonymous> (/workspace/repro/node_modules/.pnpm/@mswjs+interceptors@file+../node_modules/@mswjs/interceptors/lib/node/chunk-EFBKFUZI.js:704:12)
   697.491ms [⏱️5228] [🔧bxh38ktoo9u] ✅ onReady
   697.515ms [⏱️5228] [🔧bxh38ktoo9u] 📣 emit ready
   253.957ms [⏱️5377] [🔧4vvm6t807zs] 🔧 HANDLE.close()
   254.094ms [⏱️5377] [🔧4vvm6t807zs]     at Timeout.internalConnectMultipleTimeout [as _onTimeout] (node:net:1712:10)
   254.128ms [⏱️5377] [🔧4vvm6t807zs]     at listOnTimeout (node:internal/timers:583:11)
   254.165ms [⏱️5377] [🔧4vvm6t807zs]     at process.processTimers (node:internal/timers:519:7)
   254.292ms [⏱️5377] [🔧4vvm6t807zs] 🔧 HANDLE.close()
   254.412ms [⏱️5377] [🔧4vvm6t807zs]     at Socket.reinitializeHandle (node:net:1265:17)
   254.453ms [⏱️5377] [🔧4vvm6t807zs]     at internalConnectMultiple (node:net:1131:30)
   254.523ms [⏱️5377] [🔧4vvm6t807zs]     at Timeout.internalConnectMultipleTimeout (node:net:1716:5)
   254.622ms [⏱️5377] [🔧4vvm6t807zs]     at listOnTimeout (node:internal/timers:583:11)
   254.653ms [⏱️5377] [🔧4vvm6t807zs]     at process.processTimers (node:internal/timers:519:7)
   711.888ms [⏱️5234] [🔧s2sdfatljaj] 🔌 onConnect delay from lookup
   711.956ms [⏱️5234] [🔧s2sdfatljaj] ⚠️  HANDLE MISMATCH!
   711.970ms [⏱️5234] [🔧s2sdfatljaj]    My Handle: TCP 🔧=true 🆔=-22 📖=false
   711.987ms [⏱️5234] [🔧s2sdfatljaj]    Socket Handle: TCP 🔧=false 🆔=173 📖=false
   712.000ms [⏱️5234] [🔧s2sdfatljaj]    Object references are different!
   712.027ms [⏱️5234] [🔧s2sdfatljaj] 📣 emit connect
   712.060ms [⏱️5234] [🔧s2sdfatljaj] 🔬 _read(16384) ⏳=false 🔐=undefined 🇺🇸=passthrough 🔗=http://localhost:46477/ origFlowing=true
   712.080ms [⏱️5234] [🔧s2sdfatljaj] 🔧 HANDLE.readStart()
   712.221ms [⏱️5234] [🔧s2sdfatljaj]     at tryReadStart (node:net:705:30)
   712.239ms [⏱️5234] [🔧s2sdfatljaj]     at Socket._read (node:net:722:5)
   712.249ms [⏱️5234] [🔧s2sdfatljaj]     at MockHttpSocket._read (/workspace/repro/node_modules/.pnpm/@mswjs+interceptors@file+../node_modules/@mswjs/interceptors/lib/node/chunk-EFBKFUZI.js:550:11)
   712.261ms [⏱️5234] [🔧s2sdfatljaj]     at MockHttpSocket.<anonymous> (node:net:720:37)
   712.274ms [⏱️5234] [🔧s2sdfatljaj]     at Object.onceWrapper (node:events:638:28)
   712.281ms [⏱️5234] [🔧s2sdfatljaj]     at MockHttpSocket.emit (node:events:524:28)
   712.288ms [⏱️5234] [🔧s2sdfatljaj]     at MockHttpSocket.emit (/workspace/repro/node_modules/.pnpm/@mswjs+interceptors@file+../node_modules/@mswjs/interceptors/lib/node/chunk-EFBKFUZI.js:564:12)
   712.300ms [⏱️5234] [🔧s2sdfatljaj]     at Socket.<anonymous> (/workspace/repro/node_modules/.pnpm/@mswjs+interceptors@file+../node_modules/@mswjs/interceptors/lib/node/chunk-EFBKFUZI.js:704:12)
   712.328ms [⏱️5234] [🔧s2sdfatljaj] ✅ onReady
   712.343ms [⏱️5234] [🔧s2sdfatljaj] 📣 emit ready
   233.276ms [⏱️5476] [🔧0x0acphxhb5r] 🔌 onConnect delay from lookup
   233.383ms [⏱️5476] [🔧0x0acphxhb5r] ✅ Handles match
   233.400ms [⏱️5476] [🔧0x0acphxhb5r] 📣 emit connect
   233.429ms [⏱️5476] [🔧0x0acphxhb5r] 🔬 _read(16384) ⏳=false 🔐=undefined 🇺🇸=passthrough 🔗=http://localhost:46477/ origFlowing=true
   233.448ms [⏱️5476] [🔧0x0acphxhb5r] 🔧 HANDLE.readStart()
   233.717ms [⏱️5476] [🔧0x0acphxhb5r]     at tryReadStart (node:net:705:30)
   233.809ms [⏱️5476] [🔧0x0acphxhb5r]     at Socket._read (node:net:722:5)
   233.831ms [⏱️5476] [🔧0x0acphxhb5r]     at MockHttpSocket._read (/workspace/repro/node_modules/.pnpm/@mswjs+interceptors@file+../node_modules/@mswjs/interceptors/lib/node/chunk-EFBKFUZI.js:550:11)
   233.848ms [⏱️5476] [🔧0x0acphxhb5r]     at MockHttpSocket.<anonymous> (node:net:720:37)
   233.879ms [⏱️5476] [🔧0x0acphxhb5r]     at Object.onceWrapper (node:events:638:28)
   233.905ms [⏱️5476] [🔧0x0acphxhb5r]     at MockHttpSocket.emit (node:events:524:28)
   233.922ms [⏱️5476] [🔧0x0acphxhb5r]     at MockHttpSocket.emit (/workspace/repro/node_modules/.pnpm/@mswjs+interceptors@file+../node_modules/@mswjs/interceptors/lib/node/chunk-EFBKFUZI.js:564:12)
   233.938ms [⏱️5476] [🔧0x0acphxhb5r]     at Socket.<anonymous> (/workspace/repro/node_modules/.pnpm/@mswjs+interceptors@file+../node_modules/@mswjs/interceptors/lib/node/chunk-EFBKFUZI.js:704:12)
   233.970ms [⏱️5476] [🔧0x0acphxhb5r] ✅ onReady
   233.989ms [⏱️5476] [🔧0x0acphxhb5r] 📣 emit ready
   717.102ms [⏱️4952] [🔧7lzgcv8tiol] 💾 onData 120b
   717.194ms [⏱️4952] [🔧7lzgcv8tiol] 📤 push([{"type":"Buffer","data":[72,84,84,80,47)
   717.248ms [⏱️4935] [🔧7lzgcv8tiol] 📨 onResponseStart status=200 🇺🇸=passthrough
   717.829ms [⏱️4935] [🔧7lzgcv8tiol] 📥 onResponseBody 2b
   717.886ms [⏱️4935] [🔧7lzgcv8tiol] 🎬 onResponseEnd hasStream=true
   717.927ms [⏱️4952] [🔧7lzgcv8tiol] 📣 emit data 120 chars
   717.961ms [⏱️5562] [🔧7lzgcv8tiol] 📖 read([0])
   717.981ms [⏱️5562] [🔧7lzgcv8tiol] 🔬 _read(16384) ⏳=false 🔐=undefined 🇺🇸=passthrough 🔗=http://localhost:46477/ origFlowing=true
   718.117ms [⏱️4938] [🔧7lzgcv8tiol] ▶️ resume()
   718.238ms [⏱️5577] [🔧7lzgcv8tiol] 📣 emit free
   718.281ms [⏱️0] [🔧7lzgcv8tiol] 🧨 _destroy ⏳=false 🔐=undefined 🇺🇸=passthrough 🔗=http://localhost:46477/
   718.313ms [⏱️0] [🔧7lzgcv8tiol] 🔧 HANDLE.close()
   718.447ms [⏱️0] [🔧7lzgcv8tiol]     at closeSocketHandle (node:net:341:18)
   718.474ms [⏱️0] [🔧7lzgcv8tiol]     at Socket._destroy (node:net:831:7)
   718.488ms [⏱️0] [🔧7lzgcv8tiol]     at _destroy (node:internal/streams/destroy:121:10)
   718.508ms [⏱️0] [🔧7lzgcv8tiol]     at MockHttpSocket.destroy (node:internal/streams/destroy:83:5)
   718.520ms [⏱️0] [🔧7lzgcv8tiol]     at Writable.destroy (node:internal/streams/writable:1122:11)
   718.540ms [⏱️0] [🔧7lzgcv8tiol]     at MockHttpSocket.destroy (/workspace/repro/node_modules/.pnpm/@mswjs+interceptors@file+../node_modules/@mswjs/interceptors/lib/node/chunk-EFBKFUZI.js:574:18)
   718.553ms [⏱️0] [🔧7lzgcv8tiol]     at MockAgent.<anonymous> (node:_http_agent:154:14)
   718.566ms [⏱️0] [🔧7lzgcv8tiol]     at MockAgent.emit (node:events:524:28)
   718.682ms [⏱️4952] [🔧7lzgcv8tiol] 📣 emit close false
   252.694ms [⏱️5428] [🔧x8fi0f0xeb] 🔧 HANDLE.close()
   252.781ms [⏱️5428] [🔧x8fi0f0xeb]     at Timeout.internalConnectMultipleTimeout [as _onTimeout] (node:net:1712:10)
   252.810ms [⏱️5428] [🔧x8fi0f0xeb]     at listOnTimeout (node:internal/timers:583:11)
   252.825ms [⏱️5428] [🔧x8fi0f0xeb]     at process.processTimers (node:internal/timers:519:7)
   252.906ms [⏱️5428] [🔧x8fi0f0xeb] 🔧 HANDLE.close()
   252.974ms [⏱️5428] [🔧x8fi0f0xeb]     at Socket.reinitializeHandle (node:net:1265:17)
   252.995ms [⏱️5428] [🔧x8fi0f0xeb]     at internalConnectMultiple (node:net:1131:30)
   253.007ms [⏱️5428] [🔧x8fi0f0xeb]     at Timeout.internalConnectMultipleTimeout (node:net:1716:5)
   253.018ms [⏱️5428] [🔧x8fi0f0xeb]     at listOnTimeout (node:internal/timers:583:11)
   253.103ms [⏱️5428] [🔧x8fi0f0xeb]     at process.processTimers (node:internal/timers:519:7)
   759.871ms [⏱️5263] [🔧rkqszidg2jk] 🔌 onConnect delay from lookup
   759.992ms [⏱️5263] [🔧rkqszidg2jk] ⚠️  HANDLE MISMATCH!
   760.026ms [⏱️5263] [🔧rkqszidg2jk]    My Handle: TCP 🔧=true 🆔=-22 📖=false
   760.156ms [⏱️5263] [🔧rkqszidg2jk]    Socket Handle: TCP 🔧=false 🆔=119 📖=false
   760.228ms [⏱️5263] [🔧rkqszidg2jk]    Object references are different!
   760.289ms [⏱️5263] [🔧rkqszidg2jk] 📣 emit connect
   760.355ms [⏱️5263] [🔧rkqszidg2jk] 🔬 _read(16384) ⏳=false 🔐=undefined 🇺🇸=passthrough 🔗=http://localhost:46477/ origFlowing=true
   760.416ms [⏱️5263] [🔧rkqszidg2jk] 🔧 HANDLE.readStart()
   760.582ms [⏱️5263] [🔧rkqszidg2jk]     at tryReadStart (node:net:705:30)
   760.600ms [⏱️5263] [🔧rkqszidg2jk]     at Socket._read (node:net:722:5)
   760.609ms [⏱️5263] [🔧rkqszidg2jk]     at MockHttpSocket._read (/workspace/repro/node_modules/.pnpm/@mswjs+interceptors@file+../node_modules/@mswjs/interceptors/lib/node/chunk-EFBKFUZI.js:550:11)
   760.624ms [⏱️5263] [🔧rkqszidg2jk]     at MockHttpSocket.<anonymous> (node:net:720:37)
   760.633ms [⏱️5263] [🔧rkqszidg2jk]     at Object.onceWrapper (node:events:638:28)
   760.645ms [⏱️5263] [🔧rkqszidg2jk]     at MockHttpSocket.emit (node:events:524:28)
   760.653ms [⏱️5263] [🔧rkqszidg2jk]     at MockHttpSocket.emit (/workspace/repro/node_modules/.pnpm/@mswjs+interceptors@file+../node_modules/@mswjs/interceptors/lib/node/chunk-EFBKFUZI.js:564:12)
   760.672ms [⏱️5263] [🔧rkqszidg2jk]     at Socket.<anonymous> (/workspace/repro/node_modules/.pnpm/@mswjs+interceptors@file+../node_modules/@mswjs/interceptors/lib/node/chunk-EFBKFUZI.js:704:12)
   760.695ms [⏱️5263] [🔧rkqszidg2jk] ✅ onReady
   760.710ms [⏱️5263] [🔧rkqszidg2jk] 📣 emit ready
   828.651ms [⏱️5237] [🔧p9cz5gt2inn] 🔌 onConnect delay from lookup
   828.720ms [⏱️5237] [🔧p9cz5gt2inn] ⚠️  HANDLE MISMATCH!
   828.733ms [⏱️5237] [🔧p9cz5gt2inn]    My Handle: TCP 🔧=true 🆔=-22 📖=false
   828.751ms [⏱️5237] [🔧p9cz5gt2inn]    Socket Handle: TCP 🔧=false 🆔=174 📖=false
   828.767ms [⏱️5237] [🔧p9cz5gt2inn]    Object references are different!
   828.790ms [⏱️5237] [🔧p9cz5gt2inn] 📣 emit connect
   828.856ms [⏱️5237] [🔧p9cz5gt2inn] 🔬 _read(16384) ⏳=false 🔐=undefined 🇺🇸=passthrough 🔗=http://localhost:46477/ origFlowing=true
   828.893ms [⏱️5237] [🔧p9cz5gt2inn] 🔧 HANDLE.readStart()
   829.043ms [⏱️5237] [🔧p9cz5gt2inn]     at tryReadStart (node:net:705:30)
   829.060ms [⏱️5237] [🔧p9cz5gt2inn]     at Socket._read (node:net:722:5)
   829.070ms [⏱️5237] [🔧p9cz5gt2inn]     at MockHttpSocket._read (/workspace/repro/node_modules/.pnpm/@mswjs+interceptors@file+../node_modules/@mswjs/interceptors/lib/node/chunk-EFBKFUZI.js:550:11)
   829.084ms [⏱️5237] [🔧p9cz5gt2inn]     at MockHttpSocket.<anonymous> (node:net:720:37)
   829.094ms [⏱️5237] [🔧p9cz5gt2inn]     at Object.onceWrapper (node:events:638:28)
   829.109ms [⏱️5237] [🔧p9cz5gt2inn]     at MockHttpSocket.emit (node:events:524:28)
   829.121ms [⏱️5237] [🔧p9cz5gt2inn]     at MockHttpSocket.emit (/workspace/repro/node_modules/.pnpm/@mswjs+interceptors@file+../node_modules/@mswjs/interceptors/lib/node/chunk-EFBKFUZI.js:564:12)
   829.143ms [⏱️5237] [🔧p9cz5gt2inn]     at Socket.<anonymous> (/workspace/repro/node_modules/.pnpm/@mswjs+interceptors@file+../node_modules/@mswjs/interceptors/lib/node/chunk-EFBKFUZI.js:704:12)
   829.169ms [⏱️5237] [🔧p9cz5gt2inn] ✅ onReady
   829.190ms [⏱️5237] [🔧p9cz5gt2inn] 📣 emit ready
   983.490ms [⏱️5062] [🔧2wzuh4vk8e2] 🔌 onConnect delay from lookup
   983.535ms [⏱️5062] [🔧2wzuh4vk8e2] ⚠️  HANDLE MISMATCH!
   983.548ms [⏱️5062] [🔧2wzuh4vk8e2]    My Handle: TCP 🔧=true 🆔=-22 📖=false
   983.565ms [⏱️5062] [🔧2wzuh4vk8e2]    Socket Handle: TCP 🔧=false 🆔=170 📖=false
   983.581ms [⏱️5062] [🔧2wzuh4vk8e2]    Object references are different!
   983.595ms [⏱️5062] [🔧2wzuh4vk8e2] 📣 emit connect
   983.619ms [⏱️5062] [🔧2wzuh4vk8e2] 🔬 _read(16384) ⏳=false 🔐=undefined 🇺🇸=passthrough 🔗=http://localhost:46477/ origFlowing=true
   983.646ms [⏱️5062] [🔧2wzuh4vk8e2] 🔧 HANDLE.readStart()
   983.777ms [⏱️5062] [🔧2wzuh4vk8e2]     at tryReadStart (node:net:705:30)
   983.831ms [⏱️5062] [🔧2wzuh4vk8e2]     at Socket._read (node:net:722:5)
   983.855ms [⏱️5062] [🔧2wzuh4vk8e2]     at MockHttpSocket._read (/workspace/repro/node_modules/.pnpm/@mswjs+interceptors@file+../node_modules/@mswjs/interceptors/lib/node/chunk-EFBKFUZI.js:550:11)
   983.866ms [⏱️5062] [🔧2wzuh4vk8e2]     at MockHttpSocket.<anonymous> (node:net:720:37)
   983.881ms [⏱️5062] [🔧2wzuh4vk8e2]     at Object.onceWrapper (node:events:638:28)
   983.897ms [⏱️5062] [🔧2wzuh4vk8e2]     at MockHttpSocket.emit (node:events:524:28)
   983.907ms [⏱️5062] [🔧2wzuh4vk8e2]     at MockHttpSocket.emit (/workspace/repro/node_modules/.pnpm/@mswjs+interceptors@file+../node_modules/@mswjs/interceptors/lib/node/chunk-EFBKFUZI.js:564:12)
   983.924ms [⏱️5062] [🔧2wzuh4vk8e2]     at Socket.<anonymous> (/workspace/repro/node_modules/.pnpm/@mswjs+interceptors@file+../node_modules/@mswjs/interceptors/lib/node/chunk-EFBKFUZI.js:704:12)
   983.947ms [⏱️5062] [🔧2wzuh4vk8e2] ✅ onReady
   983.965ms [⏱️5062] [🔧2wzuh4vk8e2] 📣 emit ready
  1183.970ms [⏱️4754] [🔧k3n02diu5s] 🔌 onConnect delay from lookup
  1184.056ms [⏱️4754] [🔧k3n02diu5s] ⚠️  HANDLE MISMATCH!
  1184.072ms [⏱️4754] [🔧k3n02diu5s]    My Handle: TCP 🔧=true 🆔=-22 📖=false
  1184.092ms [⏱️4754] [🔧k3n02diu5s]    Socket Handle: TCP 🔧=false 🆔=166 📖=false
  1184.110ms [⏱️4754] [🔧k3n02diu5s]    Object references are different!
  1184.139ms [⏱️4754] [🔧k3n02diu5s] 📣 emit connect
  1184.175ms [⏱️4754] [🔧k3n02diu5s] 🔬 _read(16384) ⏳=false 🔐=undefined 🇺🇸=passthrough 🔗=http://localhost:46477/ origFlowing=true
  1184.227ms [⏱️4754] [🔧k3n02diu5s] 🔧 HANDLE.readStart()
  1184.376ms [⏱️4754] [🔧k3n02diu5s]     at tryReadStart (node:net:705:30)
  1184.403ms [⏱️4754] [🔧k3n02diu5s]     at Socket._read (node:net:722:5)
  1184.424ms [⏱️4754] [🔧k3n02diu5s]     at MockHttpSocket._read (/workspace/repro/node_modules/.pnpm/@mswjs+interceptors@file+../node_modules/@mswjs/interceptors/lib/node/chunk-EFBKFUZI.js:550:11)
  1184.477ms [⏱️4754] [🔧k3n02diu5s]     at MockHttpSocket.<anonymous> (node:net:720:37)
  1184.502ms [⏱️4754] [🔧k3n02diu5s]     at Object.onceWrapper (node:events:638:28)
  1184.516ms [⏱️4754] [🔧k3n02diu5s]     at MockHttpSocket.emit (node:events:524:28)
  1184.534ms [⏱️4754] [🔧k3n02diu5s]     at MockHttpSocket.emit (/workspace/repro/node_modules/.pnpm/@mswjs+interceptors@file+../node_modules/@mswjs/interceptors/lib/node/chunk-EFBKFUZI.js:564:12)
  1184.551ms [⏱️4754] [🔧k3n02diu5s]     at Socket.<anonymous> (/workspace/repro/node_modules/.pnpm/@mswjs+interceptors@file+../node_modules/@mswjs/interceptors/lib/node/chunk-EFBKFUZI.js:704:12)
  1184.583ms [⏱️4754] [🔧k3n02diu5s] ✅ onReady
  1184.602ms [⏱️4754] [🔧k3n02diu5s] 📣 emit ready
  1320.716ms [⏱️4626] [🔧yw0rd85w0k] 💾 onData 120b
  1320.826ms [⏱️4626] [🔧yw0rd85w0k] 📤 push([{"type":"Buffer","data":[72,84,84,80,47)
  1320.889ms [⏱️4400] [🔧yw0rd85w0k] 📨 onResponseStart status=200 🇺🇸=passthrough
  1321.484ms [⏱️4400] [🔧yw0rd85w0k] 📥 onResponseBody 2b
  1321.522ms [⏱️4400] [🔧yw0rd85w0k] 🎬 onResponseEnd hasStream=true
  1321.560ms [⏱️4626] [🔧yw0rd85w0k] 📣 emit data 120 chars
  1321.596ms [⏱️5617] [🔧yw0rd85w0k] 📖 read([0])
  1321.619ms [⏱️5617] [🔧yw0rd85w0k] 🔬 _read(16384) ⏳=false 🔐=undefined 🇺🇸=passthrough 🔗=http://localhost:46477/ origFlowing=true
  1321.701ms [⏱️4403] [🔧yw0rd85w0k] ▶️ resume()
  1321.801ms [⏱️5632] [🔧yw0rd85w0k] 📣 emit free
  1321.844ms [⏱️0] [🔧yw0rd85w0k] 🧨 _destroy ⏳=false 🔐=undefined 🇺🇸=passthrough 🔗=http://localhost:46477/
  1321.876ms [⏱️0] [🔧yw0rd85w0k] 🔧 HANDLE.close()
  1321.997ms [⏱️0] [🔧yw0rd85w0k]     at closeSocketHandle (node:net:341:18)
  1322.014ms [⏱️0] [🔧yw0rd85w0k]     at Socket._destroy (node:net:831:7)
  1322.030ms [⏱️0] [🔧yw0rd85w0k]     at _destroy (node:internal/streams/destroy:121:10)
  1322.046ms [⏱️0] [🔧yw0rd85w0k]     at MockHttpSocket.destroy (node:internal/streams/destroy:83:5)
  1322.060ms [⏱️0] [🔧yw0rd85w0k]     at Writable.destroy (node:internal/streams/writable:1122:11)
  1322.074ms [⏱️0] [🔧yw0rd85w0k]     at MockHttpSocket.destroy (/workspace/repro/node_modules/.pnpm/@mswjs+interceptors@file+../node_modules/@mswjs/interceptors/lib/node/chunk-EFBKFUZI.js:574:18)
  1322.088ms [⏱️0] [🔧yw0rd85w0k]     at MockAgent.<anonymous> (node:_http_agent:154:14)
  1322.096ms [⏱️0] [🔧yw0rd85w0k]     at MockAgent.emit (node:events:524:28)
  1329.606ms [⏱️4635] [🔧2uq1c73j6f4] 💾 onData 120b
  1329.707ms [⏱️4635] [🔧2uq1c73j6f4] 📤 push([{"type":"Buffer","data":[72,84,84,80,47)
  1329.750ms [⏱️4454] [🔧2uq1c73j6f4] 📨 onResponseStart status=200 🇺🇸=passthrough
  1330.112ms [⏱️4454] [🔧2uq1c73j6f4] 📥 onResponseBody 2b
  1330.149ms [⏱️4454] [🔧2uq1c73j6f4] 🎬 onResponseEnd hasStream=true
  1330.190ms [⏱️4635] [🔧2uq1c73j6f4] 📣 emit data 120 chars
  1330.244ms [⏱️5641] [🔧2uq1c73j6f4] 📖 read([0])
  1330.278ms [⏱️5641] [🔧2uq1c73j6f4] 🔬 _read(16384) ⏳=false 🔐=undefined 🇺🇸=passthrough 🔗=http://localhost:46477/ origFlowing=true
  1330.402ms [⏱️4457] [🔧2uq1c73j6f4] ▶️ resume()
  1330.508ms [⏱️5656] [🔧2uq1c73j6f4] 📣 emit free
  1330.551ms [⏱️0] [🔧2uq1c73j6f4] 🧨 _destroy ⏳=false 🔐=undefined 🇺🇸=passthrough 🔗=http://localhost:46477/
  1330.606ms [⏱️0] [🔧2uq1c73j6f4] 🔧 HANDLE.close()
  1330.765ms [⏱️0] [🔧2uq1c73j6f4]     at closeSocketHandle (node:net:341:18)
  1330.795ms [⏱️0] [🔧2uq1c73j6f4]     at Socket._destroy (node:net:831:7)
  1330.804ms [⏱️0] [🔧2uq1c73j6f4]     at _destroy (node:internal/streams/destroy:121:10)
  1330.817ms [⏱️0] [🔧2uq1c73j6f4]     at MockHttpSocket.destroy (node:internal/streams/destroy:83:5)
  1330.832ms [⏱️0] [🔧2uq1c73j6f4]     at Writable.destroy (node:internal/streams/writable:1122:11)
  1330.840ms [⏱️0] [🔧2uq1c73j6f4]     at MockHttpSocket.destroy (/workspace/repro/node_modules/.pnpm/@mswjs+interceptors@file+../node_modules/@mswjs/interceptors/lib/node/chunk-EFBKFUZI.js:574:18)
  1330.853ms [⏱️0] [🔧2uq1c73j6f4]     at MockAgent.<anonymous> (node:_http_agent:154:14)
  1330.940ms [⏱️0] [🔧2uq1c73j6f4]     at MockAgent.emit (node:events:524:28)
   762.358ms [⏱️5329] [🔧aoo920xv9c] 🔌 onConnect delay from lookup
   762.435ms [⏱️5329] [🔧aoo920xv9c] ⚠️  HANDLE MISMATCH!
   762.464ms [⏱️5329] [🔧aoo920xv9c]    My Handle: TCP 🔧=true 🆔=-22 📖=false
   762.503ms [⏱️5329] [🔧aoo920xv9c]    Socket Handle: TCP 🔧=false 🆔=181 📖=false
   762.525ms [⏱️5329] [🔧aoo920xv9c]    Object references are different!
   762.561ms [⏱️5329] [🔧aoo920xv9c] 📣 emit connect
   762.588ms [⏱️5329] [🔧aoo920xv9c] 🔬 _read(16384) ⏳=false 🔐=undefined 🇺🇸=passthrough 🔗=http://localhost:46477/ origFlowing=true
   762.613ms [⏱️5329] [🔧aoo920xv9c] 🔧 HANDLE.readStart()
   762.755ms [⏱️5329] [🔧aoo920xv9c]     at tryReadStart (node:net:705:30)
   762.776ms [⏱️5329] [🔧aoo920xv9c]     at Socket._read (node:net:722:5)
   762.786ms [⏱️5329] [🔧aoo920xv9c]     at MockHttpSocket._read (/workspace/repro/node_modules/.pnpm/@mswjs+interceptors@file+../node_modules/@mswjs/interceptors/lib/node/chunk-EFBKFUZI.js:550:11)
   762.799ms [⏱️5329] [🔧aoo920xv9c]     at MockHttpSocket.<anonymous> (node:net:720:37)
   762.819ms [⏱️5329] [🔧aoo920xv9c]     at Object.onceWrapper (node:events:638:28)
   762.876ms [⏱️5329] [🔧aoo920xv9c]     at MockHttpSocket.emit (node:events:524:28)
   762.894ms [⏱️5329] [🔧aoo920xv9c]     at MockHttpSocket.emit (/workspace/repro/node_modules/.pnpm/@mswjs+interceptors@file+../node_modules/@mswjs/interceptors/lib/node/chunk-EFBKFUZI.js:564:12)
   762.904ms [⏱️5329] [🔧aoo920xv9c]     at Socket.<anonymous> (/workspace/repro/node_modules/.pnpm/@mswjs+interceptors@file+../node_modules/@mswjs/interceptors/lib/node/chunk-EFBKFUZI.js:704:12)
   762.975ms [⏱️5329] [🔧aoo920xv9c] ✅ onReady
   763.001ms [⏱️5329] [🔧aoo920xv9c] 📣 emit ready
  1788.064ms [⏱️4344] [🔧57udt7ycjha] 💾 onData 120b
  1788.123ms [⏱️4344] [🔧57udt7ycjha] 📤 push([{"type":"Buffer","data":[72,84,84,80,47)
  1788.159ms [⏱️4174] [🔧57udt7ycjha] 📨 onResponseStart status=200 🇺🇸=passthrough
  1788.477ms [⏱️4174] [🔧57udt7ycjha] 📥 onResponseBody 2b
  1788.507ms [⏱️4174] [🔧57udt7ycjha] 🎬 onResponseEnd hasStream=true
  1788.541ms [⏱️4344] [🔧57udt7ycjha] 📣 emit data 120 chars
  1788.573ms [⏱️5673] [🔧57udt7ycjha] 📖 read([0])
  1788.594ms [⏱️5673] [🔧57udt7ycjha] 🔬 _read(16384) ⏳=false 🔐=undefined 🇺🇸=passthrough 🔗=http://localhost:46477/ origFlowing=true
  1788.683ms [⏱️4177] [🔧57udt7ycjha] ▶️ resume()
  1788.780ms [⏱️5688] [🔧57udt7ycjha] 📣 emit free
  1788.822ms [⏱️0] [🔧57udt7ycjha] 🧨 _destroy ⏳=false 🔐=undefined 🇺🇸=passthrough 🔗=http://localhost:46477/
  1788.857ms [⏱️0] [🔧57udt7ycjha] 🔧 HANDLE.close()
  1789.069ms [⏱️0] [🔧57udt7ycjha]     at closeSocketHandle (node:net:341:18)
  1789.115ms [⏱️0] [🔧57udt7ycjha]     at Socket._destroy (node:net:831:7)
  1789.140ms [⏱️0] [🔧57udt7ycjha]     at _destroy (node:internal/streams/destroy:121:10)
  1789.157ms [⏱️0] [🔧57udt7ycjha]     at MockHttpSocket.destroy (node:internal/streams/destroy:83:5)
  1789.169ms [⏱️0] [🔧57udt7ycjha]     at Writable.destroy (node:internal/streams/writable:1122:11)
  1789.177ms [⏱️0] [🔧57udt7ycjha]     at MockHttpSocket.destroy (/workspace/repro/node_modules/.pnpm/@mswjs+interceptors@file+../node_modules/@mswjs/interceptors/lib/node/chunk-EFBKFUZI.js:574:18)
  1789.203ms [⏱️0] [🔧57udt7ycjha]     at MockAgent.<anonymous> (node:_http_agent:154:14)
  1789.213ms [⏱️0] [🔧57udt7ycjha]     at MockAgent.emit (node:events:524:28)
   843.978ms [⏱️5275] [🔧zq956pm6xrm] 🔌 onConnect delay from lookup
   844.047ms [⏱️5275] [🔧zq956pm6xrm] ⚠️  HANDLE MISMATCH!
   844.062ms [⏱️5275] [🔧zq956pm6xrm]    My Handle: TCP 🔧=true 🆔=-22 📖=false
   844.084ms [⏱️5275] [🔧zq956pm6xrm]    Socket Handle: TCP 🔧=false 🆔=179 📖=false
   844.112ms [⏱️5275] [🔧zq956pm6xrm]    Object references are different!
   844.136ms [⏱️5275] [🔧zq956pm6xrm] 📣 emit connect
   844.159ms [⏱️5275] [🔧zq956pm6xrm] 🔬 _read(16384) ⏳=false 🔐=undefined 🇺🇸=passthrough 🔗=http://localhost:46477/ origFlowing=true
   844.210ms [⏱️5275] [🔧zq956pm6xrm] 🔧 HANDLE.readStart()
   844.334ms [⏱️5275] [🔧zq956pm6xrm]     at tryReadStart (node:net:705:30)
   844.355ms [⏱️5275] [🔧zq956pm6xrm]     at Socket._read (node:net:722:5)
   844.367ms [⏱️5275] [🔧zq956pm6xrm]     at MockHttpSocket._read (/workspace/repro/node_modules/.pnpm/@mswjs+interceptors@file+../node_modules/@mswjs/interceptors/lib/node/chunk-EFBKFUZI.js:550:11)
   844.386ms [⏱️5275] [🔧zq956pm6xrm]     at MockHttpSocket.<anonymous> (node:net:720:37)
   844.396ms [⏱️5275] [🔧zq956pm6xrm]     at Object.onceWrapper (node:events:638:28)
   844.411ms [⏱️5275] [🔧zq956pm6xrm]     at MockHttpSocket.emit (node:events:524:28)
   844.504ms [⏱️5275] [🔧zq956pm6xrm]     at MockHttpSocket.emit (/workspace/repro/node_modules/.pnpm/@mswjs+interceptors@file+../node_modules/@mswjs/interceptors/lib/node/chunk-EFBKFUZI.js:564:12)
   844.536ms [⏱️5275] [🔧zq956pm6xrm]     at Socket.<anonymous> (/workspace/repro/node_modules/.pnpm/@mswjs+interceptors@file+../node_modules/@mswjs/interceptors/lib/node/chunk-EFBKFUZI.js:704:12)
   844.576ms [⏱️5275] [🔧zq956pm6xrm] ✅ onReady
   844.608ms [⏱️5275] [🔧zq956pm6xrm] 📣 emit ready
   845.194ms [⏱️5274] [🔧zq956pm6xrm] 💾 onData 120b
   845.246ms [⏱️5274] [🔧zq956pm6xrm] 📤 push([{"type":"Buffer","data":[72,84,84,80,47)
   845.276ms [⏱️5039] [🔧zq956pm6xrm] 📨 onResponseStart status=200 🇺🇸=passthrough
   845.626ms [⏱️5039] [🔧zq956pm6xrm] 📥 onResponseBody 2b
   845.659ms [⏱️5039] [🔧zq956pm6xrm] 🎬 onResponseEnd hasStream=true
   845.700ms [⏱️5274] [🔧zq956pm6xrm] 📣 emit data 120 chars
   845.727ms [⏱️5711] [🔧zq956pm6xrm] 📖 read([0])
   845.747ms [⏱️5711] [🔧zq956pm6xrm] 🔬 _read(16384) ⏳=false 🔐=undefined 🇺🇸=passthrough 🔗=http://localhost:46477/ origFlowing=true
   845.818ms [⏱️5042] [🔧zq956pm6xrm] ▶️ resume()
   845.888ms [⏱️5726] [🔧zq956pm6xrm] 📣 emit free
   845.921ms [⏱️0] [🔧zq956pm6xrm] 🧨 _destroy ⏳=false 🔐=undefined 🇺🇸=passthrough 🔗=http://localhost:46477/
   845.947ms [⏱️0] [🔧zq956pm6xrm] 🔧 HANDLE.close()
   846.032ms [⏱️0] [🔧zq956pm6xrm]     at closeSocketHandle (node:net:341:18)
   846.047ms [⏱️0] [🔧zq956pm6xrm]     at Socket._destroy (node:net:831:7)
   846.055ms [⏱️0] [🔧zq956pm6xrm]     at _destroy (node:internal/streams/destroy:121:10)
   846.068ms [⏱️0] [🔧zq956pm6xrm]     at MockHttpSocket.destroy (node:internal/streams/destroy:83:5)
   846.085ms [⏱️0] [🔧zq956pm6xrm]     at Writable.destroy (node:internal/streams/writable:1122:11)
   846.099ms [⏱️0] [🔧zq956pm6xrm]     at MockHttpSocket.destroy (/workspace/repro/node_modules/.pnpm/@mswjs+interceptors@file+../node_modules/@mswjs/interceptors/lib/node/chunk-EFBKFUZI.js:574:18)
   846.133ms [⏱️0] [🔧zq956pm6xrm]     at MockAgent.<anonymous> (node:_http_agent:154:14)
   846.147ms [⏱️0] [🔧zq956pm6xrm]     at MockAgent.emit (node:events:524:28)
   611.354ms [⏱️5535] [🔧oyd46ivit6b] 🔌 onConnect delay from lookup
   611.471ms [⏱️5535] [🔧oyd46ivit6b] ⚠️  HANDLE MISMATCH!
   611.509ms [⏱️5535] [🔧oyd46ivit6b]    My Handle: TCP 🔧=true 🆔=-22 📖=false
   611.534ms [⏱️5535] [🔧oyd46ivit6b]    Socket Handle: TCP 🔧=false 🆔=184 📖=false
   611.557ms [⏱️5535] [🔧oyd46ivit6b]    Object references are different!
   611.573ms [⏱️5535] [🔧oyd46ivit6b] 📣 emit connect
   611.601ms [⏱️5535] [🔧oyd46ivit6b] 🔬 _read(16384) ⏳=false 🔐=undefined 🇺🇸=passthrough 🔗=http://localhost:46477/ origFlowing=true
   611.646ms [⏱️5535] [🔧oyd46ivit6b] 🔧 HANDLE.readStart()
   611.811ms [⏱️5535] [🔧oyd46ivit6b]     at tryReadStart (node:net:705:30)
   611.832ms [⏱️5535] [🔧oyd46ivit6b]     at Socket._read (node:net:722:5)
   611.844ms [⏱️5535] [🔧oyd46ivit6b]     at MockHttpSocket._read (/workspace/repro/node_modules/.pnpm/@mswjs+interceptors@file+../node_modules/@mswjs/interceptors/lib/node/chunk-EFBKFUZI.js:550:11)
   611.862ms [⏱️5535] [🔧oyd46ivit6b]     at MockHttpSocket.<anonymous> (node:net:720:37)
   611.886ms [⏱️5535] [🔧oyd46ivit6b]     at Object.onceWrapper (node:events:638:28)
   611.903ms [⏱️5535] [🔧oyd46ivit6b]     at MockHttpSocket.emit (node:events:524:28)
   611.913ms [⏱️5535] [🔧oyd46ivit6b]     at MockHttpSocket.emit (/workspace/repro/node_modules/.pnpm/@mswjs+interceptors@file+../node_modules/@mswjs/interceptors/lib/node/chunk-EFBKFUZI.js:564:12)
   611.932ms [⏱️5535] [🔧oyd46ivit6b]     at Socket.<anonymous> (/workspace/repro/node_modules/.pnpm/@mswjs+interceptors@file+../node_modules/@mswjs/interceptors/lib/node/chunk-EFBKFUZI.js:704:12)
   611.969ms [⏱️5535] [🔧oyd46ivit6b] ✅ onReady
   611.991ms [⏱️5535] [🔧oyd46ivit6b] 📣 emit ready
  1022.074ms [⏱️5233] [🔧s2sdfatljaj] 💾 onData 120b
  1022.147ms [⏱️5233] [🔧s2sdfatljaj] 📤 push([{"type":"Buffer","data":[72,84,84,80,47)
  1022.180ms [⏱️4834] [🔧s2sdfatljaj] 📨 onResponseStart status=200 🇺🇸=passthrough
  1022.555ms [⏱️4834] [🔧s2sdfatljaj] 📥 onResponseBody 2b
  1022.587ms [⏱️4834] [🔧s2sdfatljaj] 🎬 onResponseEnd hasStream=true
  1022.621ms [⏱️5233] [🔧s2sdfatljaj] 📣 emit data 120 chars
  1022.649ms [⏱️5760] [🔧s2sdfatljaj] 📖 read([0])
  1022.669ms [⏱️5760] [🔧s2sdfatljaj] 🔬 _read(16384) ⏳=false 🔐=undefined 🇺🇸=passthrough 🔗=http://localhost:46477/ origFlowing=true
  1022.784ms [⏱️4837] [🔧s2sdfatljaj] ▶️ resume()
  1022.975ms [⏱️5775] [🔧s2sdfatljaj] 📣 emit free
  1023.158ms [⏱️0] [🔧s2sdfatljaj] 🧨 _destroy ⏳=false 🔐=undefined 🇺🇸=passthrough 🔗=http://localhost:46477/
  1023.241ms [⏱️0] [🔧s2sdfatljaj] 🔧 HANDLE.close()
  1023.416ms [⏱️0] [🔧s2sdfatljaj]     at closeSocketHandle (node:net:341:18)
  1023.451ms [⏱️0] [🔧s2sdfatljaj]     at Socket._destroy (node:net:831:7)
  1023.462ms [⏱️0] [🔧s2sdfatljaj]     at _destroy (node:internal/streams/destroy:121:10)
  1023.471ms [⏱️0] [🔧s2sdfatljaj]     at MockHttpSocket.destroy (node:internal/streams/destroy:83:5)
  1023.487ms [⏱️0] [🔧s2sdfatljaj]     at Writable.destroy (node:internal/streams/writable:1122:11)
  1023.506ms [⏱️0] [🔧s2sdfatljaj]     at MockHttpSocket.destroy (/workspace/repro/node_modules/.pnpm/@mswjs+interceptors@file+../node_modules/@mswjs/interceptors/lib/node/chunk-EFBKFUZI.js:574:18)
  1023.526ms [⏱️0] [🔧s2sdfatljaj]     at MockAgent.<anonymous> (node:_http_agent:154:14)
  1023.544ms [⏱️0] [🔧s2sdfatljaj]     at MockAgent.emit (node:events:524:28)
   540.590ms [⏱️5586] [🔧x8fi0f0xeb] 🔌 onConnect delay from lookup
   540.691ms [⏱️5586] [🔧x8fi0f0xeb] ⚠️  HANDLE MISMATCH!
   540.712ms [⏱️5586] [🔧x8fi0f0xeb]    My Handle: TCP 🔧=true 🆔=-22 📖=false
   540.729ms [⏱️5586] [🔧x8fi0f0xeb]    Socket Handle: TCP 🔧=false 🆔=169 📖=false
   540.743ms [⏱️5586] [🔧x8fi0f0xeb]    Object references are different!
   540.762ms [⏱️5586] [🔧x8fi0f0xeb] 📣 emit connect
   540.784ms [⏱️5586] [🔧x8fi0f0xeb] 🔬 _read(16384) ⏳=false 🔐=undefined 🇺🇸=passthrough 🔗=http://localhost:46477/ origFlowing=true
   540.806ms [⏱️5586] [🔧x8fi0f0xeb] 🔧 HANDLE.readStart()
   540.942ms [⏱️5586] [🔧x8fi0f0xeb]     at tryReadStart (node:net:705:30)
   540.961ms [⏱️5586] [🔧x8fi0f0xeb]     at Socket._read (node:net:722:5)
   540.969ms [⏱️5586] [🔧x8fi0f0xeb]     at MockHttpSocket._read (/workspace/repro/node_modules/.pnpm/@mswjs+interceptors@file+../node_modules/@mswjs/interceptors/lib/node/chunk-EFBKFUZI.js:550:11)
   540.983ms [⏱️5586] [🔧x8fi0f0xeb]     at MockHttpSocket.<anonymous> (node:net:720:37)
   540.999ms [⏱️5586] [🔧x8fi0f0xeb]     at Object.onceWrapper (node:events:638:28)
   541.007ms [⏱️5586] [🔧x8fi0f0xeb]     at MockHttpSocket.emit (node:events:524:28)
   541.017ms [⏱️5586] [🔧x8fi0f0xeb]     at MockHttpSocket.emit (/workspace/repro/node_modules/.pnpm/@mswjs+interceptors@file+../node_modules/@mswjs/interceptors/lib/node/chunk-EFBKFUZI.js:564:12)
   541.030ms [⏱️5586] [🔧x8fi0f0xeb]     at Socket.<anonymous> (/workspace/repro/node_modules/.pnpm/@mswjs+interceptors@file+../node_modules/@mswjs/interceptors/lib/node/chunk-EFBKFUZI.js:704:12)
   541.053ms [⏱️5586] [🔧x8fi0f0xeb] ✅ onReady
   541.067ms [⏱️5586] [🔧x8fi0f0xeb] 📣 emit ready
  1499.234ms [⏱️4738] [🔧8892o5783ys] 🔌 onConnect delay from lookup
  1499.303ms [⏱️4738] [🔧8892o5783ys] ⚠️  HANDLE MISMATCH!
  1499.318ms [⏱️4738] [🔧8892o5783ys]    My Handle: TCP 🔧=true 🆔=-22 📖=false
  1499.337ms [⏱️4738] [🔧8892o5783ys]    Socket Handle: TCP 🔧=false 🆔=137 📖=false
  1499.352ms [⏱️4738] [🔧8892o5783ys]    Object references are different!
  1499.373ms [⏱️4738] [🔧8892o5783ys] 📣 emit connect
  1499.401ms [⏱️4738] [🔧8892o5783ys] 🔬 _read(16384) ⏳=false 🔐=undefined 🇺🇸=passthrough 🔗=http://localhost:46477/ origFlowing=true
  1499.423ms [⏱️4738] [🔧8892o5783ys] 🔧 HANDLE.readStart()
  1499.558ms [⏱️4738] [🔧8892o5783ys]     at tryReadStart (node:net:705:30)
  1499.577ms [⏱️4738] [🔧8892o5783ys]     at Socket._read (node:net:722:5)
  1499.587ms [⏱️4738] [🔧8892o5783ys]     at MockHttpSocket._read (/workspace/repro/node_modules/.pnpm/@mswjs+interceptors@file+../node_modules/@mswjs/interceptors/lib/node/chunk-EFBKFUZI.js:550:11)
  1499.602ms [⏱️4738] [🔧8892o5783ys]     at MockHttpSocket.<anonymous> (node:net:720:37)
  1499.617ms [⏱️4738] [🔧8892o5783ys]     at Object.onceWrapper (node:events:638:28)
  1499.633ms [⏱️4738] [🔧8892o5783ys]     at MockHttpSocket.emit (node:events:524:28)
  1499.650ms [⏱️4738] [🔧8892o5783ys]     at MockHttpSocket.emit (/workspace/repro/node_modules/.pnpm/@mswjs+interceptors@file+../node_modules/@mswjs/interceptors/lib/node/chunk-EFBKFUZI.js:564:12)
  1499.660ms [⏱️4738] [🔧8892o5783ys]     at Socket.<anonymous> (/workspace/repro/node_modules/.pnpm/@mswjs+interceptors@file+../node_modules/@mswjs/interceptors/lib/node/chunk-EFBKFUZI.js:704:12)
  1499.686ms [⏱️4738] [🔧8892o5783ys] ✅ onReady
  1499.703ms [⏱️4738] [🔧8892o5783ys] 📣 emit ready
  1317.774ms [⏱️5061] [🔧2wzuh4vk8e2] 💾 onData 120b
  1317.869ms [⏱️5061] [🔧2wzuh4vk8e2] 📤 push([{"type":"Buffer","data":[72,84,84,80,47)
  1317.901ms [⏱️4709] [🔧2wzuh4vk8e2] 📨 onResponseStart status=200 🇺🇸=passthrough
  1318.256ms [⏱️4709] [🔧2wzuh4vk8e2] 📥 onResponseBody 2b
  1318.280ms [⏱️4709] [🔧2wzuh4vk8e2] 🎬 onResponseEnd hasStream=true
  1318.316ms [⏱️5061] [🔧2wzuh4vk8e2] 📣 emit data 120 chars
  1318.346ms [⏱️5812] [🔧2wzuh4vk8e2] 📖 read([0])
  1318.368ms [⏱️5812] [🔧2wzuh4vk8e2] 🔬 _read(16384) ⏳=false 🔐=undefined 🇺🇸=passthrough 🔗=http://localhost:46477/ origFlowing=true
  1318.484ms [⏱️4712] [🔧2wzuh4vk8e2] ▶️ resume()
  1318.612ms [⏱️5827] [🔧2wzuh4vk8e2] 📣 emit free
  1318.659ms [⏱️0] [🔧2wzuh4vk8e2] 🧨 _destroy ⏳=false 🔐=undefined 🇺🇸=passthrough 🔗=http://localhost:46477/
  1318.690ms [⏱️0] [🔧2wzuh4vk8e2] 🔧 HANDLE.close()
  1318.819ms [⏱️0] [🔧2wzuh4vk8e2]     at closeSocketHandle (node:net:341:18)
  1318.839ms [⏱️0] [🔧2wzuh4vk8e2]     at Socket._destroy (node:net:831:7)
  1318.848ms [⏱️0] [🔧2wzuh4vk8e2]     at _destroy (node:internal/streams/destroy:121:10)
  1318.866ms [⏱️0] [🔧2wzuh4vk8e2]     at MockHttpSocket.destroy (node:internal/streams/destroy:83:5)
  1318.880ms [⏱️0] [🔧2wzuh4vk8e2]     at Writable.destroy (node:internal/streams/writable:1122:11)
  1318.892ms [⏱️0] [🔧2wzuh4vk8e2]     at MockHttpSocket.destroy (/workspace/repro/node_modules/.pnpm/@mswjs+interceptors@file+../node_modules/@mswjs/interceptors/lib/node/chunk-EFBKFUZI.js:574:18)
  1318.909ms [⏱️0] [🔧2wzuh4vk8e2]     at MockAgent.<anonymous> (node:_http_agent:154:14)
  1318.920ms [⏱️0] [🔧2wzuh4vk8e2]     at MockAgent.emit (node:events:524:28)
   853.942ms [⏱️5551] [🔧4vvm6t807zs] 🔌 onConnect delay from lookup
   854.024ms [⏱️5551] [🔧4vvm6t807zs] ⚠️  HANDLE MISMATCH!
   854.044ms [⏱️5551] [🔧4vvm6t807zs]    My Handle: TCP 🔧=true 🆔=-22 📖=false
   854.067ms [⏱️5551] [🔧4vvm6t807zs]    Socket Handle: TCP 🔧=false 🆔=183 📖=false
   854.089ms [⏱️5551] [🔧4vvm6t807zs]    Object references are different!
   854.115ms [⏱️5551] [🔧4vvm6t807zs] 📣 emit connect
   854.157ms [⏱️5551] [🔧4vvm6t807zs] 🔬 _read(16384) ⏳=false 🔐=undefined 🇺🇸=passthrough 🔗=http://localhost:46477/ origFlowing=true
   854.188ms [⏱️5551] [🔧4vvm6t807zs] 🔧 HANDLE.readStart()
   854.337ms [⏱️5551] [🔧4vvm6t807zs]     at tryReadStart (node:net:705:30)
   854.363ms [⏱️5551] [🔧4vvm6t807zs]     at Socket._read (node:net:722:5)
   854.376ms [⏱️5551] [🔧4vvm6t807zs]     at MockHttpSocket._read (/workspace/repro/node_modules/.pnpm/@mswjs+interceptors@file+../node_modules/@mswjs/interceptors/lib/node/chunk-EFBKFUZI.js:550:11)
   854.393ms [⏱️5551] [🔧4vvm6t807zs]     at MockHttpSocket.<anonymous> (node:net:720:37)
   854.415ms [⏱️5551] [🔧4vvm6t807zs]     at Object.onceWrapper (node:events:638:28)
   854.435ms [⏱️5551] [🔧4vvm6t807zs]     at MockHttpSocket.emit (node:events:524:28)
   854.456ms [⏱️5551] [🔧4vvm6t807zs]     at MockHttpSocket.emit (/workspace/repro/node_modules/.pnpm/@mswjs+interceptors@file+../node_modules/@mswjs/interceptors/lib/node/chunk-EFBKFUZI.js:564:12)
   854.470ms [⏱️5551] [🔧4vvm6t807zs]     at Socket.<anonymous> (/workspace/repro/node_modules/.pnpm/@mswjs+interceptors@file+../node_modules/@mswjs/interceptors/lib/node/chunk-EFBKFUZI.js:704:12)
   854.498ms [⏱️5551] [🔧4vvm6t807zs] ✅ onReady
   854.520ms [⏱️5551] [🔧4vvm6t807zs] 📣 emit ready
  1199.082ms [⏱️5323] [🔧q5ixh3b7ijl] 🔌 onConnect delay from lookup
  1199.226ms [⏱️5323] [🔧q5ixh3b7ijl] ⚠️  HANDLE MISMATCH!
  1199.292ms [⏱️5323] [🔧q5ixh3b7ijl]    My Handle: TCP 🔧=true 🆔=-22 📖=false
  1199.340ms [⏱️5323] [🔧q5ixh3b7ijl]    Socket Handle: TCP 🔧=false 🆔=180 📖=false
  1199.388ms [⏱️5323] [🔧q5ixh3b7ijl]    Object references are different!
  1199.481ms [⏱️5323] [🔧q5ixh3b7ijl] 📣 emit connect
  1199.565ms [⏱️5323] [🔧q5ixh3b7ijl] 🔬 _read(16384) ⏳=false 🔐=undefined 🇺🇸=passthrough 🔗=http://localhost:46477/ origFlowing=true
  1199.624ms [⏱️5323] [🔧q5ixh3b7ijl] 🔧 HANDLE.readStart()
  1199.908ms [⏱️5323] [🔧q5ixh3b7ijl]     at tryReadStart (node:net:705:30)
  1199.957ms [⏱️5323] [🔧q5ixh3b7ijl]     at Socket._read (node:net:722:5)
  1199.970ms [⏱️5323] [🔧q5ixh3b7ijl]     at MockHttpSocket._read (/workspace/repro/node_modules/.pnpm/@mswjs+interceptors@file+../node_modules/@mswjs/interceptors/lib/node/chunk-EFBKFUZI.js:550:11)
  1199.987ms [⏱️5323] [🔧q5ixh3b7ijl]     at MockHttpSocket.<anonymous> (node:net:720:37)
  1200.010ms [⏱️5323] [🔧q5ixh3b7ijl]     at Object.onceWrapper (node:events:638:28)
  1200.022ms [⏱️5323] [🔧q5ixh3b7ijl]     at MockHttpSocket.emit (node:events:524:28)
  1200.071ms [⏱️5323] [🔧q5ixh3b7ijl]     at MockHttpSocket.emit (/workspace/repro/node_modules/.pnpm/@mswjs+interceptors@file+../node_modules/@mswjs/interceptors/lib/node/chunk-EFBKFUZI.js:564:12)
  1200.112ms [⏱️5323] [🔧q5ixh3b7ijl]     at Socket.<anonymous> (/workspace/repro/node_modules/.pnpm/@mswjs+interceptors@file+../node_modules/@mswjs/interceptors/lib/node/chunk-EFBKFUZI.js:704:12)
  1200.158ms [⏱️5323] [🔧q5ixh3b7ijl] ✅ onReady
  1200.187ms [⏱️5323] [🔧q5ixh3b7ijl] 📣 emit ready
  1251.168ms [⏱️5322] [🔧q5ixh3b7ijl] 💾 onData 120b
  1251.333ms [⏱️5322] [🔧q5ixh3b7ijl] 📤 push([{"type":"Buffer","data":[72,84,84,80,47)
  1251.405ms [⏱️5096] [🔧q5ixh3b7ijl] 📨 onResponseStart status=200 🇺🇸=passthrough
  1252.063ms [⏱️5096] [🔧q5ixh3b7ijl] 📥 onResponseBody 2b
  1252.143ms [⏱️5096] [🔧q5ixh3b7ijl] 🎬 onResponseEnd hasStream=true
  1252.219ms [⏱️5322] [🔧q5ixh3b7ijl] 📣 emit data 120 chars
  1252.292ms [⏱️5873] [🔧q5ixh3b7ijl] 📖 read([0])
  1252.357ms [⏱️5873] [🔧q5ixh3b7ijl] 🔬 _read(16384) ⏳=false 🔐=undefined 🇺🇸=passthrough 🔗=http://localhost:46477/ origFlowing=true
  1252.514ms [⏱️5099] [🔧q5ixh3b7ijl] ▶️ resume()
  1252.713ms [⏱️5888] [🔧q5ixh3b7ijl] 📣 emit free
  1252.858ms [⏱️0] [🔧q5ixh3b7ijl] 🧨 _destroy ⏳=false 🔐=undefined 🇺🇸=passthrough 🔗=http://localhost:46477/
  1253.007ms [⏱️0] [🔧q5ixh3b7ijl] 🔧 HANDLE.close()
  1253.331ms [⏱️0] [🔧q5ixh3b7ijl]     at closeSocketHandle (node:net:341:18)
  1253.421ms [⏱️0] [🔧q5ixh3b7ijl]     at Socket._destroy (node:net:831:7)
  1253.458ms [⏱️0] [🔧q5ixh3b7ijl]     at _destroy (node:internal/streams/destroy:121:10)
  1253.507ms [⏱️0] [🔧q5ixh3b7ijl]     at MockHttpSocket.destroy (node:internal/streams/destroy:83:5)
  1253.552ms [⏱️0] [🔧q5ixh3b7ijl]     at Writable.destroy (node:internal/streams/writable:1122:11)
  1253.586ms [⏱️0] [🔧q5ixh3b7ijl]     at MockHttpSocket.destroy (/workspace/repro/node_modules/.pnpm/@mswjs+interceptors@file+../node_modules/@mswjs/interceptors/lib/node/chunk-EFBKFUZI.js:574:18)
  1253.636ms [⏱️0] [🔧q5ixh3b7ijl]     at MockAgent.<anonymous> (node:_http_agent:154:14)
  1253.663ms [⏱️0] [🔧q5ixh3b7ijl]     at MockAgent.emit (node:events:524:28)
  1348.855ms [⏱️5262] [🔧rkqszidg2jk] 💾 onData 120b
  1348.950ms [⏱️5262] [🔧rkqszidg2jk] 📤 push([{"type":"Buffer","data":[72,84,84,80,47)
  1349.012ms [⏱️4986] [🔧rkqszidg2jk] 📨 onResponseStart status=200 🇺🇸=passthrough
  1349.573ms [⏱️4986] [🔧rkqszidg2jk] 📥 onResponseBody 2b
  1349.667ms [⏱️4986] [🔧rkqszidg2jk] 🎬 onResponseEnd hasStream=true
  1349.746ms [⏱️5262] [🔧rkqszidg2jk] 📣 emit data 120 chars
  1349.817ms [⏱️5897] [🔧rkqszidg2jk] 📖 read([0])
  1349.874ms [⏱️5897] [🔧rkqszidg2jk] 🔬 _read(16384) ⏳=false 🔐=undefined 🇺🇸=passthrough 🔗=http://localhost:46477/ origFlowing=true
  1349.994ms [⏱️4989] [🔧rkqszidg2jk] ▶️ resume()
  1350.122ms [⏱️5912] [🔧rkqszidg2jk] 📣 emit free
  1350.177ms [⏱️0] [🔧rkqszidg2jk] 🧨 _destroy ⏳=false 🔐=undefined 🇺🇸=passthrough 🔗=http://localhost:46477/
  1350.215ms [⏱️0] [🔧rkqszidg2jk] 🔧 HANDLE.close()
  1350.342ms [⏱️0] [🔧rkqszidg2jk]     at closeSocketHandle (node:net:341:18)
  1350.367ms [⏱️0] [🔧rkqszidg2jk]     at Socket._destroy (node:net:831:7)
  1350.380ms [⏱️0] [🔧rkqszidg2jk]     at _destroy (node:internal/streams/destroy:121:10)
  1350.391ms [⏱️0] [🔧rkqszidg2jk]     at MockHttpSocket.destroy (node:internal/streams/destroy:83:5)
  1350.401ms [⏱️0] [🔧rkqszidg2jk]     at Writable.destroy (node:internal/streams/writable:1122:11)
  1350.440ms [⏱️0] [🔧rkqszidg2jk]     at MockHttpSocket.destroy (/workspace/repro/node_modules/.pnpm/@mswjs+interceptors@file+../node_modules/@mswjs/interceptors/lib/node/chunk-EFBKFUZI.js:574:18)
  1350.454ms [⏱️0] [🔧rkqszidg2jk]     at MockAgent.<anonymous> (node:_http_agent:154:14)
  1350.469ms [⏱️0] [🔧rkqszidg2jk]     at MockAgent.emit (node:events:524:28)
  2301.013ms [⏱️4369] [🔧mysnt4vuac] 💾 onData 120b
  2301.182ms [⏱️4369] [🔧mysnt4vuac] 📤 push([{"type":"Buffer","data":[72,84,84,80,47)
  2301.258ms [⏱️4292] [🔧mysnt4vuac] 📨 onResponseStart status=200 🇺🇸=passthrough
  2301.823ms [⏱️4292] [🔧mysnt4vuac] 📥 onResponseBody 2b
  2301.893ms [⏱️4292] [🔧mysnt4vuac] 🎬 onResponseEnd hasStream=true
  2302.003ms [⏱️4369] [🔧mysnt4vuac] 📣 emit data 120 chars
  2302.077ms [⏱️5942] [🔧mysnt4vuac] 📖 read([0])
  2302.118ms [⏱️5942] [🔧mysnt4vuac] 🔬 _read(16384) ⏳=false 🔐=undefined 🇺🇸=passthrough 🔗=http://localhost:46477/ origFlowing=true
  2302.284ms [⏱️4295] [🔧mysnt4vuac] ▶️ resume()
  2302.486ms [⏱️5957] [🔧mysnt4vuac] 📣 emit free
  2302.583ms [⏱️0] [🔧mysnt4vuac] 🧨 _destroy ⏳=false 🔐=undefined 🇺🇸=passthrough 🔗=http://localhost:46477/
  2302.822ms [⏱️0] [🔧mysnt4vuac] 🔧 HANDLE.close()
  2303.176ms [⏱️0] [🔧mysnt4vuac]     at closeSocketHandle (node:net:341:18)
  2303.214ms [⏱️0] [🔧mysnt4vuac]     at Socket._destroy (node:net:831:7)
  2303.229ms [⏱️0] [🔧mysnt4vuac]     at _destroy (node:internal/streams/destroy:121:10)
  2303.243ms [⏱️0] [🔧mysnt4vuac]     at MockHttpSocket.destroy (node:internal/streams/destroy:83:5)
  2303.255ms [⏱️0] [🔧mysnt4vuac]     at Writable.destroy (node:internal/streams/writable:1122:11)
  2303.267ms [⏱️0] [🔧mysnt4vuac]     at MockHttpSocket.destroy (/workspace/repro/node_modules/.pnpm/@mswjs+interceptors@file+../node_modules/@mswjs/interceptors/lib/node/chunk-EFBKFUZI.js:574:18)
  2303.284ms [⏱️0] [🔧mysnt4vuac]     at MockAgent.<anonymous> (node:_http_agent:154:14)
  2303.297ms [⏱️0] [🔧mysnt4vuac]     at MockAgent.emit (node:events:524:28)
  1607.670ms [⏱️5236] [🔧p9cz5gt2inn] 💾 onData 120b
  1607.781ms [⏱️5236] [🔧p9cz5gt2inn] 📤 push([{"type":"Buffer","data":[72,84,84,80,47)
  1607.823ms [⏱️4882] [🔧p9cz5gt2inn] 📨 onResponseStart status=200 🇺🇸=passthrough
  1608.191ms [⏱️4882] [🔧p9cz5gt2inn] 📥 onResponseBody 2b
  1608.226ms [⏱️4882] [🔧p9cz5gt2inn] 🎬 onResponseEnd hasStream=true
  1608.295ms [⏱️5236] [🔧p9cz5gt2inn] 📣 emit data 120 chars
  1608.433ms [⏱️5966] [🔧p9cz5gt2inn] 📖 read([0])
  1608.522ms [⏱️5966] [🔧p9cz5gt2inn] 🔬 _read(16384) ⏳=false 🔐=undefined 🇺🇸=passthrough 🔗=http://localhost:46477/ origFlowing=true
  1608.702ms [⏱️4885] [🔧p9cz5gt2inn] ▶️ resume()
  1608.909ms [⏱️5981] [🔧p9cz5gt2inn] 📣 emit free
  1609.006ms [⏱️0] [🔧p9cz5gt2inn] 🧨 _destroy ⏳=false 🔐=undefined 🇺🇸=passthrough 🔗=http://localhost:46477/
  1609.060ms [⏱️0] [🔧p9cz5gt2inn] 🔧 HANDLE.close()
  1609.348ms [⏱️0] [🔧p9cz5gt2inn]     at closeSocketHandle (node:net:341:18)
  1609.380ms [⏱️0] [🔧p9cz5gt2inn]     at Socket._destroy (node:net:831:7)
  1609.396ms [⏱️0] [🔧p9cz5gt2inn]     at _destroy (node:internal/streams/destroy:121:10)
  1609.409ms [⏱️0] [🔧p9cz5gt2inn]     at MockHttpSocket.destroy (node:internal/streams/destroy:83:5)
  1609.421ms [⏱️0] [🔧p9cz5gt2inn]     at Writable.destroy (node:internal/streams/writable:1122:11)
  1609.432ms [⏱️0] [🔧p9cz5gt2inn]     at MockHttpSocket.destroy (/workspace/repro/node_modules/.pnpm/@mswjs+interceptors@file+../node_modules/@mswjs/interceptors/lib/node/chunk-EFBKFUZI.js:574:18)
  1609.446ms [⏱️0] [🔧p9cz5gt2inn]     at MockAgent.<anonymous> (node:_http_agent:154:14)
  1609.463ms [⏱️0] [🔧p9cz5gt2inn]     at MockAgent.emit (node:events:524:28)
  1519.199ms [⏱️5328] [🔧aoo920xv9c] 💾 onData 120b
  1519.304ms [⏱️5328] [🔧aoo920xv9c] 📤 push([{"type":"Buffer","data":[72,84,84,80,47)
  1519.377ms [⏱️5146] [🔧aoo920xv9c] 📨 onResponseStart status=200 🇺🇸=passthrough
  1519.970ms [⏱️5146] [🔧aoo920xv9c] 📥 onResponseBody 2b
  1520.050ms [⏱️5146] [🔧aoo920xv9c] 🎬 onResponseEnd hasStream=true
  1520.131ms [⏱️5328] [🔧aoo920xv9c] 📣 emit data 120 chars
  1520.222ms [⏱️5996] [🔧aoo920xv9c] 📖 read([0])
  1520.288ms [⏱️5996] [🔧aoo920xv9c] 🔬 _read(16384) ⏳=false 🔐=undefined 🇺🇸=passthrough 🔗=http://localhost:46477/ origFlowing=true
  1520.449ms [⏱️5149] [🔧aoo920xv9c] ▶️ resume()
  1520.654ms [⏱️6011] [🔧aoo920xv9c] 📣 emit free
  1520.754ms [⏱️0] [🔧aoo920xv9c] 🧨 _destroy ⏳=false 🔐=undefined 🇺🇸=passthrough 🔗=http://localhost:46477/
  1520.832ms [⏱️0] [🔧aoo920xv9c] 🔧 HANDLE.close()
  1521.033ms [⏱️0] [🔧aoo920xv9c]     at closeSocketHandle (node:net:341:18)
  1521.052ms [⏱️0] [🔧aoo920xv9c]     at Socket._destroy (node:net:831:7)
  1521.072ms [⏱️0] [🔧aoo920xv9c]     at _destroy (node:internal/streams/destroy:121:10)
  1521.088ms [⏱️0] [🔧aoo920xv9c]     at MockHttpSocket.destroy (node:internal/streams/destroy:83:5)
  1521.102ms [⏱️0] [🔧aoo920xv9c]     at Writable.destroy (node:internal/streams/writable:1122:11)
  1521.121ms [⏱️0] [🔧aoo920xv9c]     at MockHttpSocket.destroy (/workspace/repro/node_modules/.pnpm/@mswjs+interceptors@file+../node_modules/@mswjs/interceptors/lib/node/chunk-EFBKFUZI.js:574:18)
  1521.136ms [⏱️0] [🔧aoo920xv9c]     at MockAgent.<anonymous> (node:_http_agent:154:14)
  1521.150ms [⏱️0] [🔧aoo920xv9c]     at MockAgent.emit (node:events:524:28)
  2071.059ms [⏱️4737] [🔧8892o5783ys] 💾 onData 120b
  2071.184ms [⏱️4737] [🔧8892o5783ys] 📤 push([{"type":"Buffer","data":[72,84,84,80,47)
  2071.254ms [⏱️4502] [🔧8892o5783ys] 📨 onResponseStart status=200 🇺🇸=passthrough
  2071.718ms [⏱️4502] [🔧8892o5783ys] 📥 onResponseBody 2b
  2071.748ms [⏱️4502] [🔧8892o5783ys] 🎬 onResponseEnd hasStream=true
  2071.792ms [⏱️4737] [🔧8892o5783ys] 📣 emit data 120 chars
  2071.825ms [⏱️6020] [🔧8892o5783ys] 📖 read([0])
  2071.849ms [⏱️6020] [🔧8892o5783ys] 🔬 _read(16384) ⏳=false 🔐=undefined 🇺🇸=passthrough 🔗=http://localhost:46477/ origFlowing=true
  2071.927ms [⏱️4505] [🔧8892o5783ys] ▶️ resume()
  2072.014ms [⏱️6035] [🔧8892o5783ys] 📣 emit free
  2072.049ms [⏱️0] [🔧8892o5783ys] 🧨 _destroy ⏳=false 🔐=undefined 🇺🇸=passthrough 🔗=http://localhost:46477/
  2072.073ms [⏱️0] [🔧8892o5783ys] 🔧 HANDLE.close()
  2072.172ms [⏱️0] [🔧8892o5783ys]     at closeSocketHandle (node:net:341:18)
  2072.189ms [⏱️0] [🔧8892o5783ys]     at Socket._destroy (node:net:831:7)
  2072.201ms [⏱️0] [🔧8892o5783ys]     at _destroy (node:internal/streams/destroy:121:10)
  2072.214ms [⏱️0] [🔧8892o5783ys]     at MockHttpSocket.destroy (node:internal/streams/destroy:83:5)
  2072.223ms [⏱️0] [🔧8892o5783ys]     at Writable.destroy (node:internal/streams/writable:1122:11)
  2072.247ms [⏱️0] [🔧8892o5783ys]     at MockHttpSocket.destroy (/workspace/repro/node_modules/.pnpm/@mswjs+interceptors@file+../node_modules/@mswjs/interceptors/lib/node/chunk-EFBKFUZI.js:574:18)
  2072.262ms [⏱️0] [🔧8892o5783ys]     at MockAgent.<anonymous> (node:_http_agent:154:14)
  2072.272ms [⏱️0] [🔧8892o5783ys]     at MockAgent.emit (node:events:524:28)
  1723.908ms [⏱️5227] [🔧bxh38ktoo9u] 💾 onData 120b
  1724.013ms [⏱️5227] [🔧bxh38ktoo9u] 📤 push([{"type":"Buffer","data":[72,84,84,80,47)
  1724.052ms [⏱️4779] [🔧bxh38ktoo9u] 📨 onResponseStart status=200 🇺🇸=passthrough
  1724.462ms [⏱️4779] [🔧bxh38ktoo9u] 📥 onResponseBody 2b
  1724.507ms [⏱️4779] [🔧bxh38ktoo9u] 🎬 onResponseEnd hasStream=true
  1724.552ms [⏱️5227] [🔧bxh38ktoo9u] 📣 emit data 120 chars
  1724.587ms [⏱️6044] [🔧bxh38ktoo9u] 📖 read([0])
  1724.613ms [⏱️6044] [🔧bxh38ktoo9u] 🔬 _read(16384) ⏳=false 🔐=undefined 🇺🇸=passthrough 🔗=http://localhost:46477/ origFlowing=true
  1724.776ms [⏱️4782] [🔧bxh38ktoo9u] ▶️ resume()
  1724.914ms [⏱️6059] [🔧bxh38ktoo9u] 📣 emit free
  1724.962ms [⏱️0] [🔧bxh38ktoo9u] 🧨 _destroy ⏳=false 🔐=undefined 🇺🇸=passthrough 🔗=http://localhost:46477/
  1725.021ms [⏱️0] [🔧bxh38ktoo9u] 🔧 HANDLE.close()
  1725.176ms [⏱️0] [🔧bxh38ktoo9u]     at closeSocketHandle (node:net:341:18)
  1725.216ms [⏱️0] [🔧bxh38ktoo9u]     at Socket._destroy (node:net:831:7)
  1725.228ms [⏱️0] [🔧bxh38ktoo9u]     at _destroy (node:internal/streams/destroy:121:10)
  1725.236ms [⏱️0] [🔧bxh38ktoo9u]     at MockHttpSocket.destroy (node:internal/streams/destroy:83:5)
  1725.244ms [⏱️0] [🔧bxh38ktoo9u]     at Writable.destroy (node:internal/streams/writable:1122:11)
  1725.251ms [⏱️0] [🔧bxh38ktoo9u]     at MockHttpSocket.destroy (/workspace/repro/node_modules/.pnpm/@mswjs+interceptors@file+../node_modules/@mswjs/interceptors/lib/node/chunk-EFBKFUZI.js:574:18)
  1725.268ms [⏱️0] [🔧bxh38ktoo9u]     at MockAgent.<anonymous> (node:_http_agent:154:14)
  1725.277ms [⏱️0] [🔧bxh38ktoo9u]     at MockAgent.emit (node:events:524:28)
  1277.095ms [⏱️5550] [🔧4vvm6t807zs] 💾 onData 120b
  1277.145ms [⏱️5550] [🔧4vvm6t807zs] 📤 push([{"type":"Buffer","data":[72,84,84,80,47)
  1277.169ms [⏱️5354] [🔧4vvm6t807zs] 📨 onResponseStart status=200 🇺🇸=passthrough
  1277.458ms [⏱️5354] [🔧4vvm6t807zs] 📥 onResponseBody 2b
  1277.496ms [⏱️5354] [🔧4vvm6t807zs] 🎬 onResponseEnd hasStream=true
  1277.529ms [⏱️5550] [🔧4vvm6t807zs] 📣 emit data 120 chars
  1277.581ms [⏱️6068] [🔧4vvm6t807zs] 📖 read([0])
  1277.605ms [⏱️6068] [🔧4vvm6t807zs] 🔬 _read(16384) ⏳=false 🔐=undefined 🇺🇸=passthrough 🔗=http://localhost:46477/ origFlowing=true
  1277.687ms [⏱️5357] [🔧4vvm6t807zs] ▶️ resume()
  1277.772ms [⏱️6083] [🔧4vvm6t807zs] 📣 emit free
  1277.816ms [⏱️0] [🔧4vvm6t807zs] 🧨 _destroy ⏳=false 🔐=undefined 🇺🇸=passthrough 🔗=http://localhost:46477/
  1277.850ms [⏱️0] [🔧4vvm6t807zs] 🔧 HANDLE.close()
  1277.997ms [⏱️0] [🔧4vvm6t807zs]     at closeSocketHandle (node:net:341:18)
  1278.024ms [⏱️0] [🔧4vvm6t807zs]     at Socket._destroy (node:net:831:7)
  1278.035ms [⏱️0] [🔧4vvm6t807zs]     at _destroy (node:internal/streams/destroy:121:10)
  1278.042ms [⏱️0] [🔧4vvm6t807zs]     at MockHttpSocket.destroy (node:internal/streams/destroy:83:5)
  1278.050ms [⏱️0] [🔧4vvm6t807zs]     at Writable.destroy (node:internal/streams/writable:1122:11)
  1278.057ms [⏱️0] [🔧4vvm6t807zs]     at MockHttpSocket.destroy (/workspace/repro/node_modules/.pnpm/@mswjs+interceptors@file+../node_modules/@mswjs/interceptors/lib/node/chunk-EFBKFUZI.js:574:18)
  1278.065ms [⏱️0] [🔧4vvm6t807zs]     at MockAgent.<anonymous> (node:_http_agent:154:14)
  1278.072ms [⏱️0] [🔧4vvm6t807zs]     at MockAgent.emit (node:events:524:28)
  1226.225ms [⏱️5470] [🔧0x0acphxhb5r] 💾 onData 120b
  1226.353ms [⏱️5470] [🔧0x0acphxhb5r] 📤 push([{"type":"Buffer","data":[72,84,84,80,47)
  1226.405ms [⏱️5453] [🔧0x0acphxhb5r] 📨 onResponseStart status=200 🇺🇸=passthrough
  1226.810ms [⏱️5453] [🔧0x0acphxhb5r] 📥 onResponseBody 2b
  1226.847ms [⏱️5453] [🔧0x0acphxhb5r] 🎬 onResponseEnd hasStream=true
  1226.891ms [⏱️5470] [🔧0x0acphxhb5r] 📣 emit data 120 chars
  1226.961ms [⏱️6092] [🔧0x0acphxhb5r] 📖 read([0])
  1226.998ms [⏱️6092] [🔧0x0acphxhb5r] 🔬 _read(16384) ⏳=false 🔐=undefined 🇺🇸=passthrough 🔗=http://localhost:46477/ origFlowing=true
  1227.136ms [⏱️5456] [🔧0x0acphxhb5r] ▶️ resume()
  1227.349ms [⏱️6107] [🔧0x0acphxhb5r] 📣 emit free
  1227.411ms [⏱️0] [🔧0x0acphxhb5r] 🧨 _destroy ⏳=false 🔐=undefined 🇺🇸=passthrough 🔗=http://localhost:46477/
  1227.447ms [⏱️0] [🔧0x0acphxhb5r] 🔧 HANDLE.close()
  1227.635ms [⏱️0] [🔧0x0acphxhb5r]     at closeSocketHandle (node:net:341:18)
  1227.671ms [⏱️0] [🔧0x0acphxhb5r]     at Socket._destroy (node:net:831:7)
  1227.683ms [⏱️0] [🔧0x0acphxhb5r]     at _destroy (node:internal/streams/destroy:121:10)
  1227.692ms [⏱️0] [🔧0x0acphxhb5r]     at MockHttpSocket.destroy (node:internal/streams/destroy:83:5)
  1227.707ms [⏱️0] [🔧0x0acphxhb5r]     at Writable.destroy (node:internal/streams/writable:1122:11)
  1227.723ms [⏱️0] [🔧0x0acphxhb5r]     at MockHttpSocket.destroy (/workspace/repro/node_modules/.pnpm/@mswjs+interceptors@file+../node_modules/@mswjs/interceptors/lib/node/chunk-EFBKFUZI.js:574:18)
  1227.733ms [⏱️0] [🔧0x0acphxhb5r]     at MockAgent.<anonymous> (node:_http_agent:154:14)
  1227.740ms [⏱️0] [🔧0x0acphxhb5r]     at MockAgent.emit (node:events:524:28)
  1227.856ms [⏱️5470] [🔧0x0acphxhb5r] 📣 emit close false
  1242.740ms [⏱️5585] [🔧x8fi0f0xeb] 💾 onData 120b
  1242.783ms [⏱️5585] [🔧x8fi0f0xeb] 📤 push([{"type":"Buffer","data":[72,84,84,80,47)
  1242.809ms [⏱️5404] [🔧x8fi0f0xeb] 📨 onResponseStart status=200 🇺🇸=passthrough
  1243.107ms [⏱️5404] [🔧x8fi0f0xeb] 📥 onResponseBody 2b
  1243.150ms [⏱️5404] [🔧x8fi0f0xeb] 🎬 onResponseEnd hasStream=true
  1243.192ms [⏱️5585] [🔧x8fi0f0xeb] 📣 emit data 120 chars
  1243.226ms [⏱️6117] [🔧x8fi0f0xeb] 📖 read([0])
  1243.251ms [⏱️6117] [🔧x8fi0f0xeb] 🔬 _read(16384) ⏳=false 🔐=undefined 🇺🇸=passthrough 🔗=http://localhost:46477/ origFlowing=true
  1243.375ms [⏱️5407] [🔧x8fi0f0xeb] ▶️ resume()
  1243.519ms [⏱️6132] [🔧x8fi0f0xeb] 📣 emit free
  1243.573ms [⏱️0] [🔧x8fi0f0xeb] 🧨 _destroy ⏳=false 🔐=undefined 🇺🇸=passthrough 🔗=http://localhost:46477/
  1243.611ms [⏱️0] [🔧x8fi0f0xeb] 🔧 HANDLE.close()
  1243.748ms [⏱️0] [🔧x8fi0f0xeb]     at closeSocketHandle (node:net:341:18)
  1243.772ms [⏱️0] [🔧x8fi0f0xeb]     at Socket._destroy (node:net:831:7)
  1243.782ms [⏱️0] [🔧x8fi0f0xeb]     at _destroy (node:internal/streams/destroy:121:10)
  1243.832ms [⏱️0] [🔧x8fi0f0xeb]     at MockHttpSocket.destroy (node:internal/streams/destroy:83:5)
  1243.858ms [⏱️0] [🔧x8fi0f0xeb]     at Writable.destroy (node:internal/streams/writable:1122:11)
  1243.870ms [⏱️0] [🔧x8fi0f0xeb]     at MockHttpSocket.destroy (/workspace/repro/node_modules/.pnpm/@mswjs+interceptors@file+../node_modules/@mswjs/interceptors/lib/node/chunk-EFBKFUZI.js:574:18)
  1243.878ms [⏱️0] [🔧x8fi0f0xeb]     at MockAgent.<anonymous> (node:_http_agent:154:14)
  1243.898ms [⏱️0] [🔧x8fi0f0xeb]     at MockAgent.emit (node:events:524:28)
  1493.600ms [⏱️5534] [🔧oyd46ivit6b] 💾 onData 120b
  1493.810ms [⏱️5534] [🔧oyd46ivit6b] 📤 push([{"type":"Buffer","data":[72,84,84,80,47)
  1493.889ms [⏱️5300] [🔧oyd46ivit6b] 📨 onResponseStart status=200 🇺🇸=passthrough
  1494.508ms [⏱️5300] [🔧oyd46ivit6b] 📥 onResponseBody 2b
  1494.595ms [⏱️5300] [🔧oyd46ivit6b] 🎬 onResponseEnd hasStream=true
  1494.681ms [⏱️5534] [🔧oyd46ivit6b] 📣 emit data 120 chars
  1494.804ms [⏱️6144] [🔧oyd46ivit6b] 📖 read([0])
  1494.853ms [⏱️6144] [🔧oyd46ivit6b] 🔬 _read(16384) ⏳=false 🔐=undefined 🇺🇸=passthrough 🔗=http://localhost:46477/ origFlowing=true
  1494.970ms [⏱️5303] [🔧oyd46ivit6b] ▶️ resume()
  1495.092ms [⏱️6159] [🔧oyd46ivit6b] 📣 emit free
  1495.153ms [⏱️0] [🔧oyd46ivit6b] 🧨 _destroy ⏳=false 🔐=undefined 🇺🇸=passthrough 🔗=http://localhost:46477/
  1495.193ms [⏱️0] [🔧oyd46ivit6b] 🔧 HANDLE.close()
  1495.385ms [⏱️0] [🔧oyd46ivit6b]     at closeSocketHandle (node:net:341:18)
  1495.416ms [⏱️0] [🔧oyd46ivit6b]     at Socket._destroy (node:net:831:7)
  1495.481ms [⏱️0] [🔧oyd46ivit6b]     at _destroy (node:internal/streams/destroy:121:10)
  1495.504ms [⏱️0] [🔧oyd46ivit6b]     at MockHttpSocket.destroy (node:internal/streams/destroy:83:5)
  1495.530ms [⏱️0] [🔧oyd46ivit6b]     at Writable.destroy (node:internal/streams/writable:1122:11)
  1495.554ms [⏱️0] [🔧oyd46ivit6b]     at MockHttpSocket.destroy (/workspace/repro/node_modules/.pnpm/@mswjs+interceptors@file+../node_modules/@mswjs/interceptors/lib/node/chunk-EFBKFUZI.js:574:18)
  1495.580ms [⏱️0] [🔧oyd46ivit6b]     at MockAgent.<anonymous> (node:_http_agent:154:14)
  1495.605ms [⏱️0] [🔧oyd46ivit6b]     at MockAgent.emit (node:events:524:28)
  2230.993ms [⏱️4753] [🔧k3n02diu5s] 💾 onData 120b
  2231.109ms [⏱️4753] [🔧k3n02diu5s] 📤 push([{"type":"Buffer","data":[72,84,84,80,47)
  2231.163ms [⏱️4580] [🔧k3n02diu5s] 📨 onResponseStart status=200 🇺🇸=passthrough
  2231.567ms [⏱️4580] [🔧k3n02diu5s] 📥 onResponseBody 2b
  2231.640ms [⏱️4580] [🔧k3n02diu5s] 🎬 onResponseEnd hasStream=true
  2231.699ms [⏱️4753] [🔧k3n02diu5s] 📣 emit data 120 chars
  2231.785ms [⏱️6168] [🔧k3n02diu5s] 📖 read([0])
  2231.868ms [⏱️6168] [🔧k3n02diu5s] 🔬 _read(16384) ⏳=false 🔐=undefined 🇺🇸=passthrough 🔗=http://localhost:46477/ origFlowing=true
  2232.016ms [⏱️4583] [🔧k3n02diu5s] ▶️ resume()
  2232.163ms [⏱️6183] [🔧k3n02diu5s] 📣 emit free
  2232.255ms [⏱️0] [🔧k3n02diu5s] 🧨 _destroy ⏳=false 🔐=undefined 🇺🇸=passthrough 🔗=http://localhost:46477/
  2232.310ms [⏱️0] [🔧k3n02diu5s] 🔧 HANDLE.close()
  2232.576ms [⏱️0] [🔧k3n02diu5s]     at closeSocketHandle (node:net:341:18)
  2232.629ms [⏱️0] [🔧k3n02diu5s]     at Socket._destroy (node:net:831:7)
  2232.661ms [⏱️0] [🔧k3n02diu5s]     at _destroy (node:internal/streams/destroy:121:10)
  2232.677ms [⏱️0] [🔧k3n02diu5s]     at MockHttpSocket.destroy (node:internal/streams/destroy:83:5)
  2232.686ms [⏱️0] [🔧k3n02diu5s]     at Writable.destroy (node:internal/streams/writable:1122:11)
  2232.694ms [⏱️0] [🔧k3n02diu5s]     at MockHttpSocket.destroy (/workspace/repro/node_modules/.pnpm/@mswjs+interceptors@file+../node_modules/@mswjs/interceptors/lib/node/chunk-EFBKFUZI.js:574:18)
  2232.723ms [⏱️0] [🔧k3n02diu5s]     at MockAgent.<anonymous> (node:_http_agent:154:14)
  2232.737ms [⏱️0] [🔧k3n02diu5s]     at MockAgent.emit (node:events:524:28)
[test.js] 🎯 done completed=100/100
[test.js] 🧹 cleanup agent=destroy conns=89
[test.js] 🔌 closed conns=89
[test.js]
[test.js] ⚠️  HANDLE MISMATCH detected, but no EINVAL
[test.js]    → Handle mismatch still occurs
[test.js]    → Crashes avoided by the _read fix
[test.js]
[test.js] ✅ TEST PASSED - No EINVAL errors
[test.js]
[test.js] dual stack: ✓ complete
[test.js]   ✓ IPv4 interface
[test.js]   ✓ IPv6 interface
[test.js]   ✓ localhost → IPv4 DNS
[test.js]   ✓ localhost → IPv6 DNS
[test.js]
[test.js] 💡 Try with fix: MSW_USE_FIX=true docker compose run repro