
󰀵 jbuchanan  …/msw-interceptors-einval-repro   repro ✘!   v20.19.5   18:18 
 MSW_USE_FIX=true docker compose run repro
[+] Creating 1/1
 ✔ Network msw-interceptors-einval-repro_default  Created                                                                                                                                 0.0s
🎲 Loopback traffic is now RANDOMLY DELAYED (50ms - 500ms)

> repro@1.0.0 start /workspace/repro
> node test.js

[test.js] dual stack: ✓ complete
[test.js]   ✓ IPv4 interface
[test.js]   ✓ IPv6 interface
[test.js]   ✓ localhost → IPv4 DNS
[test.js]   ✓ localhost → IPv6 DNS
[test.js] ⚡ msw interceptors happy eyeballs stress test
[test.js] target: trigger ipv4/ipv6 race
[test.js] method: 100 reqs × 20 sockets (concurrent)
[test.js] patched: yes (MSW_USE_FIX=true)
[test.js] expect: no einval, no fatal error, but handle confusion remains
[test.js] detect: einval + handle_mismatch warnings
[test.js] press enter to launch

🚀 LAUNCHING...

[test.js] 🧪 test fix=true conc=20 reqs=100
     0.025ms [⏱️0] [🔧yd9n2t7aix] 🏗️  constructor starting
     0.583ms [⏱️0] [🔧yd9n2t7aix] 🏗️  constructor complete http://localhost:40417/
     0.003ms [⏱️0] [🔧1l5ormck5jw] 🏗️  constructor starting
     0.139ms [⏱️0] [🔧1l5ormck5jw] 🏗️  constructor complete http://localhost:40417/
     0.002ms [⏱️0] [🔧enzvb01991] 🏗️  constructor starting
     0.175ms [⏱️0] [🔧enzvb01991] 🏗️  constructor complete http://localhost:40417/
     0.002ms [⏱️0] [🔧4zuwcrajtmd] 🏗️  constructor starting
     0.091ms [⏱️0] [🔧4zuwcrajtmd] 🏗️  constructor complete http://localhost:40417/
     0.002ms [⏱️0] [🔧aosr9zlmbjb] 🏗️  constructor starting
     0.098ms [⏱️0] [🔧aosr9zlmbjb] 🏗️  constructor complete http://localhost:40417/
     0.003ms [⏱️0] [🔧jxrxdbiaepg] 🏗️  constructor starting
     0.095ms [⏱️0] [🔧jxrxdbiaepg] 🏗️  constructor complete http://localhost:40417/
     0.002ms [⏱️0] [🔧3eayqv7zaul] 🏗️  constructor starting
     0.125ms [⏱️0] [🔧3eayqv7zaul] 🏗️  constructor complete http://localhost:40417/
     0.002ms [⏱️0] [🔧4bg1j0gixhj] 🏗️  constructor starting
     0.117ms [⏱️0] [🔧4bg1j0gixhj] 🏗️  constructor complete http://localhost:40417/
     0.003ms [⏱️0] [🔧24rvtx5utac] 🏗️  constructor starting
     0.199ms [⏱️0] [🔧24rvtx5utac] 🏗️  constructor complete http://localhost:40417/
     0.002ms [⏱️0] [🔧obex5zezun] 🏗️  constructor starting
     0.071ms [⏱️0] [🔧obex5zezun] 🏗️  constructor complete http://localhost:40417/
     0.002ms [⏱️0] [🔧wtw7v8nddkq] 🏗️  constructor starting
     0.148ms [⏱️0] [🔧wtw7v8nddkq] 🏗️  constructor complete http://localhost:40417/
     0.001ms [⏱️0] [🔧z04aaskvp49] 🏗️  constructor starting
     0.223ms [⏱️0] [🔧z04aaskvp49] 🏗️  constructor complete http://localhost:40417/
     0.001ms [⏱️0] [🔧g7hbd8w6bnn] 🏗️  constructor starting
     0.085ms [⏱️0] [🔧g7hbd8w6bnn] 🏗️  constructor complete http://localhost:40417/
     0.000ms [⏱️0] [🔧3pco1dmmywr] 🏗️  constructor starting
     0.164ms [⏱️0] [🔧3pco1dmmywr] 🏗️  constructor complete http://localhost:40417/
     0.001ms [⏱️0] [🔧tpexxu076qi] 🏗️  constructor starting
     0.049ms [⏱️0] [🔧tpexxu076qi] 🏗️  constructor complete http://localhost:40417/
     0.000ms [⏱️0] [🔧t092m9hoea] 🏗️  constructor starting
     0.043ms [⏱️0] [🔧t092m9hoea] 🏗️  constructor complete http://localhost:40417/
     0.000ms [⏱️0] [🔧68mxlhctsu6] 🏗️  constructor starting
     0.140ms [⏱️0] [🔧68mxlhctsu6] 🏗️  constructor complete http://localhost:40417/
     0.001ms [⏱️0] [🔧hp3a6g3qt0c] 🏗️  constructor starting
     0.093ms [⏱️0] [🔧hp3a6g3qt0c] 🏗️  constructor complete http://localhost:40417/
     0.001ms [⏱️0] [🔧itn63hfqnfa] 🏗️  constructor starting
     0.077ms [⏱️0] [🔧itn63hfqnfa] 🏗️  constructor complete http://localhost:40417/
     0.001ms [⏱️0] [🔧cxrryjq7q3n] 🏗️  constructor starting
     0.055ms [⏱️0] [🔧cxrryjq7q3n] 🏗️  constructor complete http://localhost:40417/
    10.090ms [⏱️29] [🔧yd9n2t7aix] ▶️ resume()
    10.328ms [⏱️29] [🔧yd9n2t7aix] ✍️  write 95b 🇺🇸=unknown buffered=0
    10.484ms [⏱️27] [🔧yd9n2t7aix] 🚀 onRequestStart path=/ keepAlive=true
    15.622ms [⏱️29] [🔧yd9n2t7aix] ✍️  write 2b 🇺🇸=unknown buffered=1
    15.742ms [⏱️29] [🔧yd9n2t7aix] ✍️  write 9b 🇺🇸=unknown buffered=2
    15.807ms [⏱️27] [🔧yd9n2t7aix] 📦 onRequestBody 9b
    15.863ms [⏱️29] [🔧yd9n2t7aix] ✍️  write 2b 🇺🇸=unknown buffered=3
    15.895ms [⏱️29] [🔧yd9n2t7aix] ✍️  write 5b 🇺🇸=unknown buffered=4
    16.162ms [⏱️27] [🔧yd9n2t7aix] 🏁 onRequestEnd hasStream=true
    14.984ms [⏱️32] [🔧1l5ormck5jw] ▶️ resume()
    15.045ms [⏱️32] [🔧1l5ormck5jw] ✍️  write 95b 🇺🇸=unknown buffered=0
    15.087ms [⏱️30] [🔧1l5ormck5jw] 🚀 onRequestStart path=/ keepAlive=true
    15.809ms [⏱️32] [🔧1l5ormck5jw] ✍️  write 2b 🇺🇸=unknown buffered=1
    15.847ms [⏱️32] [🔧1l5ormck5jw] ✍️  write 9b 🇺🇸=unknown buffered=2
    15.882ms [⏱️30] [🔧1l5ormck5jw] 📦 onRequestBody 9b
    15.910ms [⏱️32] [🔧1l5ormck5jw] ✍️  write 2b 🇺🇸=unknown buffered=3
    15.936ms [⏱️32] [🔧1l5ormck5jw] ✍️  write 5b 🇺🇸=unknown buffered=4
    15.963ms [⏱️30] [🔧1l5ormck5jw] 🏁 onRequestEnd hasStream=true
    15.348ms [⏱️35] [🔧enzvb01991] ▶️ resume()
    15.385ms [⏱️35] [🔧enzvb01991] ✍️  write 95b 🇺🇸=unknown buffered=0
    15.405ms [⏱️33] [🔧enzvb01991] 🚀 onRequestStart path=/ keepAlive=true
    16.314ms [⏱️35] [🔧enzvb01991] ✍️  write 2b 🇺🇸=unknown buffered=1
    16.355ms [⏱️35] [🔧enzvb01991] ✍️  write 9b 🇺🇸=unknown buffered=2
    16.383ms [⏱️33] [🔧enzvb01991] 📦 onRequestBody 9b
    16.499ms [⏱️35] [🔧enzvb01991] ✍️  write 2b 🇺🇸=unknown buffered=3
    16.533ms [⏱️35] [🔧enzvb01991] ✍️  write 5b 🇺🇸=unknown buffered=4
    16.550ms [⏱️33] [🔧enzvb01991] 🏁 onRequestEnd hasStream=true
    15.958ms [⏱️38] [🔧4zuwcrajtmd] ▶️ resume()
    16.139ms [⏱️38] [🔧4zuwcrajtmd] ✍️  write 95b 🇺🇸=unknown buffered=0
    16.283ms [⏱️36] [🔧4zuwcrajtmd] 🚀 onRequestStart path=/ keepAlive=true
    16.668ms [⏱️38] [🔧4zuwcrajtmd] ✍️  write 2b 🇺🇸=unknown buffered=1
    16.685ms [⏱️38] [🔧4zuwcrajtmd] ✍️  write 9b 🇺🇸=unknown buffered=2
    16.695ms [⏱️36] [🔧4zuwcrajtmd] 📦 onRequestBody 9b
    16.793ms [⏱️38] [🔧4zuwcrajtmd] ✍️  write 2b 🇺🇸=unknown buffered=3
    16.805ms [⏱️38] [🔧4zuwcrajtmd] ✍️  write 5b 🇺🇸=unknown buffered=4
    16.813ms [⏱️36] [🔧4zuwcrajtmd] 🏁 onRequestEnd hasStream=true
    16.594ms [⏱️41] [🔧aosr9zlmbjb] ▶️ resume()
    16.653ms [⏱️41] [🔧aosr9zlmbjb] ✍️  write 95b 🇺🇸=unknown buffered=0
    16.687ms [⏱️39] [🔧aosr9zlmbjb] 🚀 onRequestStart path=/ keepAlive=true
    17.498ms [⏱️41] [🔧aosr9zlmbjb] ✍️  write 2b 🇺🇸=unknown buffered=1
    17.527ms [⏱️41] [🔧aosr9zlmbjb] ✍️  write 9b 🇺🇸=unknown buffered=2
    17.552ms [⏱️39] [🔧aosr9zlmbjb] 📦 onRequestBody 9b
    17.573ms [⏱️41] [🔧aosr9zlmbjb] ✍️  write 2b 🇺🇸=unknown buffered=3
    17.586ms [⏱️41] [🔧aosr9zlmbjb] ✍️  write 5b 🇺🇸=unknown buffered=4
    17.599ms [⏱️39] [🔧aosr9zlmbjb] 🏁 onRequestEnd hasStream=true
    17.061ms [⏱️44] [🔧jxrxdbiaepg] ▶️ resume()
    17.079ms [⏱️44] [🔧jxrxdbiaepg] ✍️  write 95b 🇺🇸=unknown buffered=0
    17.093ms [⏱️42] [🔧jxrxdbiaepg] 🚀 onRequestStart path=/ keepAlive=true
    17.338ms [⏱️44] [🔧jxrxdbiaepg] ✍️  write 2b 🇺🇸=unknown buffered=1
    17.365ms [⏱️44] [🔧jxrxdbiaepg] ✍️  write 9b 🇺🇸=unknown buffered=2
    17.382ms [⏱️42] [🔧jxrxdbiaepg] 📦 onRequestBody 9b
    17.411ms [⏱️44] [🔧jxrxdbiaepg] ✍️  write 2b 🇺🇸=unknown buffered=3
    17.430ms [⏱️44] [🔧jxrxdbiaepg] ✍️  write 5b 🇺🇸=unknown buffered=4
    17.475ms [⏱️42] [🔧jxrxdbiaepg] 🏁 onRequestEnd hasStream=true
    17.072ms [⏱️47] [🔧3eayqv7zaul] ▶️ resume()
    17.107ms [⏱️47] [🔧3eayqv7zaul] ✍️  write 95b 🇺🇸=unknown buffered=0
    17.130ms [⏱️45] [🔧3eayqv7zaul] 🚀 onRequestStart path=/ keepAlive=true
    17.464ms [⏱️47] [🔧3eayqv7zaul] ✍️  write 2b 🇺🇸=unknown buffered=1
    17.485ms [⏱️47] [🔧3eayqv7zaul] ✍️  write 9b 🇺🇸=unknown buffered=2
    17.500ms [⏱️45] [🔧3eayqv7zaul] 📦 onRequestBody 9b
    17.526ms [⏱️47] [🔧3eayqv7zaul] ✍️  write 2b 🇺🇸=unknown buffered=3
    17.547ms [⏱️47] [🔧3eayqv7zaul] ✍️  write 5b 🇺🇸=unknown buffered=4
    17.559ms [⏱️45] [🔧3eayqv7zaul] 🏁 onRequestEnd hasStream=true
    17.262ms [⏱️50] [🔧4bg1j0gixhj] ▶️ resume()
    17.292ms [⏱️50] [🔧4bg1j0gixhj] ✍️  write 95b 🇺🇸=unknown buffered=0
    17.306ms [⏱️48] [🔧4bg1j0gixhj] 🚀 onRequestStart path=/ keepAlive=true
    17.839ms [⏱️50] [🔧4bg1j0gixhj] ✍️  write 2b 🇺🇸=unknown buffered=1
    17.876ms [⏱️50] [🔧4bg1j0gixhj] ✍️  write 9b 🇺🇸=unknown buffered=2
    17.906ms [⏱️48] [🔧4bg1j0gixhj] 📦 onRequestBody 9b
    17.938ms [⏱️50] [🔧4bg1j0gixhj] ✍️  write 2b 🇺🇸=unknown buffered=3
    17.957ms [⏱️50] [🔧4bg1j0gixhj] ✍️  write 5b 🇺🇸=unknown buffered=4
    17.972ms [⏱️48] [🔧4bg1j0gixhj] 🏁 onRequestEnd hasStream=true
    17.429ms [⏱️53] [🔧24rvtx5utac] ▶️ resume()
    17.550ms [⏱️53] [🔧24rvtx5utac] ✍️  write 95b 🇺🇸=unknown buffered=0
    17.578ms [⏱️51] [🔧24rvtx5utac] 🚀 onRequestStart path=/ keepAlive=true
    18.413ms [⏱️53] [🔧24rvtx5utac] ✍️  write 2b 🇺🇸=unknown buffered=1
    18.480ms [⏱️53] [🔧24rvtx5utac] ✍️  write 9b 🇺🇸=unknown buffered=2
    18.515ms [⏱️51] [🔧24rvtx5utac] 📦 onRequestBody 9b
    18.555ms [⏱️53] [🔧24rvtx5utac] ✍️  write 2b 🇺🇸=unknown buffered=3
    18.609ms [⏱️53] [🔧24rvtx5utac] ✍️  write 5b 🇺🇸=unknown buffered=4
    18.630ms [⏱️51] [🔧24rvtx5utac] 🏁 onRequestEnd hasStream=true
    18.334ms [⏱️56] [🔧obex5zezun] ▶️ resume()
    18.377ms [⏱️56] [🔧obex5zezun] ✍️  write 95b 🇺🇸=unknown buffered=0
    18.398ms [⏱️54] [🔧obex5zezun] 🚀 onRequestStart path=/ keepAlive=true
    18.905ms [⏱️56] [🔧obex5zezun] ✍️  write 2b 🇺🇸=unknown buffered=1
    18.933ms [⏱️56] [🔧obex5zezun] ✍️  write 9b 🇺🇸=unknown buffered=2
    18.954ms [⏱️54] [🔧obex5zezun] 📦 onRequestBody 9b
    19.038ms [⏱️56] [🔧obex5zezun] ✍️  write 2b 🇺🇸=unknown buffered=3
    19.144ms [⏱️56] [🔧obex5zezun] ✍️  write 5b 🇺🇸=unknown buffered=4
    19.209ms [⏱️54] [🔧obex5zezun] 🏁 onRequestEnd hasStream=true
    18.683ms [⏱️59] [🔧wtw7v8nddkq] ▶️ resume()
    18.754ms [⏱️59] [🔧wtw7v8nddkq] ✍️  write 95b 🇺🇸=unknown buffered=0
    18.792ms [⏱️57] [🔧wtw7v8nddkq] 🚀 onRequestStart path=/ keepAlive=true
    19.315ms [⏱️59] [🔧wtw7v8nddkq] ✍️  write 2b 🇺🇸=unknown buffered=1
    19.343ms [⏱️59] [🔧wtw7v8nddkq] ✍️  write 9b 🇺🇸=unknown buffered=2
    19.361ms [⏱️57] [🔧wtw7v8nddkq] 📦 onRequestBody 9b
    19.389ms [⏱️59] [🔧wtw7v8nddkq] ✍️  write 2b 🇺🇸=unknown buffered=3
    19.408ms [⏱️59] [🔧wtw7v8nddkq] ✍️  write 5b 🇺🇸=unknown buffered=4
    19.480ms [⏱️57] [🔧wtw7v8nddkq] 🏁 onRequestEnd hasStream=true
    19.118ms [⏱️62] [🔧z04aaskvp49] ▶️ resume()
    19.157ms [⏱️62] [🔧z04aaskvp49] ✍️  write 95b 🇺🇸=unknown buffered=0
    19.189ms [⏱️60] [🔧z04aaskvp49] 🚀 onRequestStart path=/ keepAlive=true
    19.811ms [⏱️62] [🔧z04aaskvp49] ✍️  write 2b 🇺🇸=unknown buffered=1
    19.839ms [⏱️62] [🔧z04aaskvp49] ✍️  write 9b 🇺🇸=unknown buffered=2
    19.862ms [⏱️60] [🔧z04aaskvp49] 📦 onRequestBody 9b
    19.934ms [⏱️62] [🔧z04aaskvp49] ✍️  write 2b 🇺🇸=unknown buffered=3
    20.010ms [⏱️62] [🔧z04aaskvp49] ✍️  write 5b 🇺🇸=unknown buffered=4
    20.048ms [⏱️60] [🔧z04aaskvp49] 🏁 onRequestEnd hasStream=true
    19.645ms [⏱️65] [🔧g7hbd8w6bnn] ▶️ resume()
    19.676ms [⏱️65] [🔧g7hbd8w6bnn] ✍️  write 95b 🇺🇸=unknown buffered=0
    19.695ms [⏱️63] [🔧g7hbd8w6bnn] 🚀 onRequestStart path=/ keepAlive=true
    20.010ms [⏱️65] [🔧g7hbd8w6bnn] ✍️  write 2b 🇺🇸=unknown buffered=1
    20.033ms [⏱️65] [🔧g7hbd8w6bnn] ✍️  write 9b 🇺🇸=unknown buffered=2
    20.055ms [⏱️63] [🔧g7hbd8w6bnn] 📦 onRequestBody 9b
    20.088ms [⏱️65] [🔧g7hbd8w6bnn] ✍️  write 2b 🇺🇸=unknown buffered=3
    20.122ms [⏱️65] [🔧g7hbd8w6bnn] ✍️  write 5b 🇺🇸=unknown buffered=4
    20.134ms [⏱️63] [🔧g7hbd8w6bnn] 🏁 onRequestEnd hasStream=true
    19.903ms [⏱️68] [🔧3pco1dmmywr] ▶️ resume()
    19.925ms [⏱️68] [🔧3pco1dmmywr] ✍️  write 95b 🇺🇸=unknown buffered=0
    19.940ms [⏱️66] [🔧3pco1dmmywr] 🚀 onRequestStart path=/ keepAlive=true
    20.889ms [⏱️68] [🔧3pco1dmmywr] ✍️  write 2b 🇺🇸=unknown buffered=1
    20.919ms [⏱️68] [🔧3pco1dmmywr] ✍️  write 9b 🇺🇸=unknown buffered=2
    20.941ms [⏱️66] [🔧3pco1dmmywr] 📦 onRequestBody 9b
    20.972ms [⏱️68] [🔧3pco1dmmywr] ✍️  write 2b 🇺🇸=unknown buffered=3
    20.989ms [⏱️68] [🔧3pco1dmmywr] ✍️  write 5b 🇺🇸=unknown buffered=4
    21.010ms [⏱️66] [🔧3pco1dmmywr] 🏁 onRequestEnd hasStream=true
    20.783ms [⏱️71] [🔧tpexxu076qi] ▶️ resume()
    20.811ms [⏱️71] [🔧tpexxu076qi] ✍️  write 95b 🇺🇸=unknown buffered=0
    20.831ms [⏱️69] [🔧tpexxu076qi] 🚀 onRequestStart path=/ keepAlive=true
    21.252ms [⏱️71] [🔧tpexxu076qi] ✍️  write 2b 🇺🇸=unknown buffered=1
    21.306ms [⏱️71] [🔧tpexxu076qi] ✍️  write 9b 🇺🇸=unknown buffered=2
    21.331ms [⏱️69] [🔧tpexxu076qi] 📦 onRequestBody 9b
    21.360ms [⏱️71] [🔧tpexxu076qi] ✍️  write 2b 🇺🇸=unknown buffered=3
    21.379ms [⏱️71] [🔧tpexxu076qi] ✍️  write 5b 🇺🇸=unknown buffered=4
    21.400ms [⏱️69] [🔧tpexxu076qi] 🏁 onRequestEnd hasStream=true
    21.317ms [⏱️74] [🔧t092m9hoea] ▶️ resume()
    21.345ms [⏱️74] [🔧t092m9hoea] ✍️  write 95b 🇺🇸=unknown buffered=0
    21.374ms [⏱️72] [🔧t092m9hoea] 🚀 onRequestStart path=/ keepAlive=true
    21.719ms [⏱️74] [🔧t092m9hoea] ✍️  write 2b 🇺🇸=unknown buffered=1
    21.745ms [⏱️74] [🔧t092m9hoea] ✍️  write 9b 🇺🇸=unknown buffered=2
    21.759ms [⏱️72] [🔧t092m9hoea] 📦 onRequestBody 9b
    21.845ms [⏱️74] [🔧t092m9hoea] ✍️  write 2b 🇺🇸=unknown buffered=3
    21.863ms [⏱️74] [🔧t092m9hoea] ✍️  write 5b 🇺🇸=unknown buffered=4
    21.875ms [⏱️72] [🔧t092m9hoea] 🏁 onRequestEnd hasStream=true
    21.424ms [⏱️77] [🔧68mxlhctsu6] ▶️ resume()
    21.440ms [⏱️77] [🔧68mxlhctsu6] ✍️  write 95b 🇺🇸=unknown buffered=0
    21.526ms [⏱️75] [🔧68mxlhctsu6] 🚀 onRequestStart path=/ keepAlive=true
    21.787ms [⏱️77] [🔧68mxlhctsu6] ✍️  write 2b 🇺🇸=unknown buffered=1
    21.809ms [⏱️77] [🔧68mxlhctsu6] ✍️  write 9b 🇺🇸=unknown buffered=2
    21.823ms [⏱️75] [🔧68mxlhctsu6] 📦 onRequestBody 9b
    21.956ms [⏱️77] [🔧68mxlhctsu6] ✍️  write 2b 🇺🇸=unknown buffered=3
    21.993ms [⏱️77] [🔧68mxlhctsu6] ✍️  write 5b 🇺🇸=unknown buffered=4
    22.035ms [⏱️75] [🔧68mxlhctsu6] 🏁 onRequestEnd hasStream=true
    21.867ms [⏱️80] [🔧hp3a6g3qt0c] ▶️ resume()
    21.902ms [⏱️80] [🔧hp3a6g3qt0c] ✍️  write 95b 🇺🇸=unknown buffered=0
    21.925ms [⏱️78] [🔧hp3a6g3qt0c] 🚀 onRequestStart path=/ keepAlive=true
    22.367ms [⏱️80] [🔧hp3a6g3qt0c] ✍️  write 2b 🇺🇸=unknown buffered=1
    22.387ms [⏱️80] [🔧hp3a6g3qt0c] ✍️  write 9b 🇺🇸=unknown buffered=2
    22.401ms [⏱️78] [🔧hp3a6g3qt0c] 📦 onRequestBody 9b
    22.426ms [⏱️80] [🔧hp3a6g3qt0c] ✍️  write 2b 🇺🇸=unknown buffered=3
    22.442ms [⏱️80] [🔧hp3a6g3qt0c] ✍️  write 5b 🇺🇸=unknown buffered=4
    22.459ms [⏱️78] [🔧hp3a6g3qt0c] 🏁 onRequestEnd hasStream=true
    22.288ms [⏱️83] [🔧itn63hfqnfa] ▶️ resume()
    22.320ms [⏱️83] [🔧itn63hfqnfa] ✍️  write 95b 🇺🇸=unknown buffered=0
    22.339ms [⏱️81] [🔧itn63hfqnfa] 🚀 onRequestStart path=/ keepAlive=true
    22.540ms [⏱️83] [🔧itn63hfqnfa] ✍️  write 2b 🇺🇸=unknown buffered=1
    22.553ms [⏱️83] [🔧itn63hfqnfa] ✍️  write 9b 🇺🇸=unknown buffered=2
    22.565ms [⏱️81] [🔧itn63hfqnfa] 📦 onRequestBody 9b
    22.578ms [⏱️83] [🔧itn63hfqnfa] ✍️  write 2b 🇺🇸=unknown buffered=3
    22.633ms [⏱️83] [🔧itn63hfqnfa] ✍️  write 5b 🇺🇸=unknown buffered=4
    22.694ms [⏱️81] [🔧itn63hfqnfa] 🏁 onRequestEnd hasStream=true
    22.364ms [⏱️86] [🔧cxrryjq7q3n] ▶️ resume()
    22.389ms [⏱️86] [🔧cxrryjq7q3n] ✍️  write 95b 🇺🇸=unknown buffered=0
    22.463ms [⏱️84] [🔧cxrryjq7q3n] 🚀 onRequestStart path=/ keepAlive=true
    22.745ms [⏱️86] [🔧cxrryjq7q3n] ✍️  write 2b 🇺🇸=unknown buffered=1
    22.771ms [⏱️86] [🔧cxrryjq7q3n] ✍️  write 9b 🇺🇸=unknown buffered=2
    22.785ms [⏱️84] [🔧cxrryjq7q3n] 📦 onRequestBody 9b
    22.801ms [⏱️86] [🔧cxrryjq7q3n] ✍️  write 2b 🇺🇸=unknown buffered=3
    22.812ms [⏱️86] [🔧cxrryjq7q3n] ✍️  write 5b 🇺🇸=unknown buffered=4
    22.830ms [⏱️84] [🔧cxrryjq7q3n] 🏁 onRequestEnd hasStream=true
    32.551ms [⏱️89] [🔧yd9n2t7aix] 📖 read([0])
    32.652ms [⏱️89] [🔧yd9n2t7aix] 🔬 _read(16384) ⏳=true 🔐=undefined 🇺🇸=unknown 🔗=http://localhost:40417/ origFlowing=undefined
    32.723ms [⏱️89] [🔧yd9n2t7aix] 📣 emit resume
    32.745ms [⏱️89] [🔧yd9n2t7aix] 📖 read()
    30.950ms [⏱️93] [🔧1l5ormck5jw] 📖 read([0])
    30.970ms [⏱️93] [🔧1l5ormck5jw] 🔬 _read(16384) ⏳=true 🔐=undefined 🇺🇸=unknown 🔗=http://localhost:40417/ origFlowing=undefined
    30.991ms [⏱️93] [🔧1l5ormck5jw] 📣 emit resume
    31.001ms [⏱️93] [🔧1l5ormck5jw] 📖 read()
    30.365ms [⏱️97] [🔧enzvb01991] 📖 read([0])
    30.377ms [⏱️97] [🔧enzvb01991] 🔬 _read(16384) ⏳=true 🔐=undefined 🇺🇸=unknown 🔗=http://localhost:40417/ origFlowing=undefined
    30.397ms [⏱️97] [🔧enzvb01991] 📣 emit resume
    30.424ms [⏱️97] [🔧enzvb01991] 📖 read()
    29.803ms [⏱️101] [🔧4zuwcrajtmd] 📖 read([0])
    29.814ms [⏱️101] [🔧4zuwcrajtmd] 🔬 _read(16384) ⏳=true 🔐=undefined 🇺🇸=unknown 🔗=http://localhost:40417/ origFlowing=undefined
    29.832ms [⏱️101] [🔧4zuwcrajtmd] 📣 emit resume
    29.848ms [⏱️101] [🔧4zuwcrajtmd] 📖 read()
    29.561ms [⏱️105] [🔧aosr9zlmbjb] 📖 read([0])
    29.569ms [⏱️105] [🔧aosr9zlmbjb] 🔬 _read(16384) ⏳=true 🔐=undefined 🇺🇸=unknown 🔗=http://localhost:40417/ origFlowing=undefined
    29.580ms [⏱️105] [🔧aosr9zlmbjb] 📣 emit resume
    29.592ms [⏱️105] [🔧aosr9zlmbjb] 📖 read()
    28.994ms [⏱️109] [🔧jxrxdbiaepg] 📖 read([0])
    29.004ms [⏱️109] [🔧jxrxdbiaepg] 🔬 _read(16384) ⏳=true 🔐=undefined 🇺🇸=unknown 🔗=http://localhost:40417/ origFlowing=undefined
    29.019ms [⏱️109] [🔧jxrxdbiaepg] 📣 emit resume
    29.034ms [⏱️109] [🔧jxrxdbiaepg] 📖 read()
    28.611ms [⏱️113] [🔧3eayqv7zaul] 📖 read([0])
    28.628ms [⏱️113] [🔧3eayqv7zaul] 🔬 _read(16384) ⏳=true 🔐=undefined 🇺🇸=unknown 🔗=http://localhost:40417/ origFlowing=undefined
    28.639ms [⏱️113] [🔧3eayqv7zaul] 📣 emit resume
    28.647ms [⏱️113] [🔧3eayqv7zaul] 📖 read()
    28.328ms [⏱️117] [🔧4bg1j0gixhj] 📖 read([0])
    28.343ms [⏱️117] [🔧4bg1j0gixhj] 🔬 _read(16384) ⏳=true 🔐=undefined 🇺🇸=unknown 🔗=http://localhost:40417/ origFlowing=undefined
    28.438ms [⏱️117] [🔧4bg1j0gixhj] 📣 emit resume
    28.453ms [⏱️117] [🔧4bg1j0gixhj] 📖 read()
    27.861ms [⏱️121] [🔧24rvtx5utac] 📖 read([0])
    27.877ms [⏱️121] [🔧24rvtx5utac] 🔬 _read(16384) ⏳=true 🔐=undefined 🇺🇸=unknown 🔗=http://localhost:40417/ origFlowing=undefined
    27.896ms [⏱️121] [🔧24rvtx5utac] 📣 emit resume
    27.909ms [⏱️121] [🔧24rvtx5utac] 📖 read()
    27.461ms [⏱️125] [🔧obex5zezun] 📖 read([0])
    27.480ms [⏱️125] [🔧obex5zezun] 🔬 _read(16384) ⏳=true 🔐=undefined 🇺🇸=unknown 🔗=http://localhost:40417/ origFlowing=undefined
    27.499ms [⏱️125] [🔧obex5zezun] 📣 emit resume
    27.582ms [⏱️125] [🔧obex5zezun] 📖 read()
    27.002ms [⏱️129] [🔧wtw7v8nddkq] 📖 read([0])
    27.044ms [⏱️129] [🔧wtw7v8nddkq] 🔬 _read(16384) ⏳=true 🔐=undefined 🇺🇸=unknown 🔗=http://localhost:40417/ origFlowing=undefined
    27.076ms [⏱️129] [🔧wtw7v8nddkq] 📣 emit resume
    27.088ms [⏱️129] [🔧wtw7v8nddkq] 📖 read()
    26.675ms [⏱️133] [🔧z04aaskvp49] 📖 read([0])
    26.691ms [⏱️133] [🔧z04aaskvp49] 🔬 _read(16384) ⏳=true 🔐=undefined 🇺🇸=unknown 🔗=http://localhost:40417/ origFlowing=undefined
    26.702ms [⏱️133] [🔧z04aaskvp49] 📣 emit resume
    26.716ms [⏱️133] [🔧z04aaskvp49] 📖 read()
    26.304ms [⏱️137] [🔧g7hbd8w6bnn] 📖 read([0])
    26.321ms [⏱️137] [🔧g7hbd8w6bnn] 🔬 _read(16384) ⏳=true 🔐=undefined 🇺🇸=unknown 🔗=http://localhost:40417/ origFlowing=undefined
    26.331ms [⏱️137] [🔧g7hbd8w6bnn] 📣 emit resume
    26.349ms [⏱️137] [🔧g7hbd8w6bnn] 📖 read()
    26.151ms [⏱️141] [🔧3pco1dmmywr] 📖 read([0])
    26.193ms [⏱️141] [🔧3pco1dmmywr] 🔬 _read(16384) ⏳=true 🔐=undefined 🇺🇸=unknown 🔗=http://localhost:40417/ origFlowing=undefined
    26.269ms [⏱️141] [🔧3pco1dmmywr] 📣 emit resume
    26.351ms [⏱️141] [🔧3pco1dmmywr] 📖 read()
    26.075ms [⏱️145] [🔧tpexxu076qi] 📖 read([0])
    26.101ms [⏱️145] [🔧tpexxu076qi] 🔬 _read(16384) ⏳=true 🔐=undefined 🇺🇸=unknown 🔗=http://localhost:40417/ origFlowing=undefined
    26.126ms [⏱️145] [🔧tpexxu076qi] 📣 emit resume
    26.161ms [⏱️145] [🔧tpexxu076qi] 📖 read()
    25.999ms [⏱️149] [🔧t092m9hoea] 📖 read([0])
    26.014ms [⏱️149] [🔧t092m9hoea] 🔬 _read(16384) ⏳=true 🔐=undefined 🇺🇸=unknown 🔗=http://localhost:40417/ origFlowing=undefined
    26.026ms [⏱️149] [🔧t092m9hoea] 📣 emit resume
    26.041ms [⏱️149] [🔧t092m9hoea] 📖 read()
    25.570ms [⏱️153] [🔧68mxlhctsu6] 📖 read([0])
    25.618ms [⏱️153] [🔧68mxlhctsu6] 🔬 _read(16384) ⏳=true 🔐=undefined 🇺🇸=unknown 🔗=http://localhost:40417/ origFlowing=undefined
    25.671ms [⏱️153] [🔧68mxlhctsu6] 📣 emit resume
    25.681ms [⏱️153] [🔧68mxlhctsu6] 📖 read()
    25.390ms [⏱️157] [🔧hp3a6g3qt0c] 📖 read([0])
    25.399ms [⏱️157] [🔧hp3a6g3qt0c] 🔬 _read(16384) ⏳=true 🔐=undefined 🇺🇸=unknown 🔗=http://localhost:40417/ origFlowing=undefined
    25.413ms [⏱️157] [🔧hp3a6g3qt0c] 📣 emit resume
    25.421ms [⏱️157] [🔧hp3a6g3qt0c] 📖 read()
    25.165ms [⏱️161] [🔧itn63hfqnfa] 📖 read([0])
    25.181ms [⏱️161] [🔧itn63hfqnfa] 🔬 _read(16384) ⏳=true 🔐=undefined 🇺🇸=unknown 🔗=http://localhost:40417/ origFlowing=undefined
    25.191ms [⏱️161] [🔧itn63hfqnfa] 📣 emit resume
    25.198ms [⏱️161] [🔧itn63hfqnfa] 📖 read()
    24.791ms [⏱️165] [🔧cxrryjq7q3n] 📖 read([0])
    24.800ms [⏱️165] [🔧cxrryjq7q3n] 🔬 _read(16384) ⏳=true 🔐=undefined 🇺🇸=unknown 🔗=http://localhost:40417/ origFlowing=undefined
    24.809ms [⏱️165] [🔧cxrryjq7q3n] 📣 emit resume
    24.824ms [⏱️165] [🔧cxrryjq7q3n] 📖 read()
    40.450ms [⏱️0] [🔧yd9n2t7aix] 💨 passthrough() 🧨=false ⏳=true
    40.923ms [⏱️0] [🔧yd9n2t7aix] 🔌 created originalSocket
    40.964ms [⏱️0] [🔧yd9n2t7aix] 🚽 flushing writeBuffer (5 items)
    39.294ms [⏱️0] [🔧1l5ormck5jw] 💨 passthrough() 🧨=false ⏳=true
    39.359ms [⏱️0] [🔧1l5ormck5jw] 🔌 created originalSocket
    39.389ms [⏱️0] [🔧1l5ormck5jw] 🚽 flushing writeBuffer (5 items)
    38.804ms [⏱️0] [🔧enzvb01991] 💨 passthrough() 🧨=false ⏳=true
    38.849ms [⏱️0] [🔧enzvb01991] 🔌 created originalSocket
    38.866ms [⏱️0] [🔧enzvb01991] 🚽 flushing writeBuffer (5 items)
    38.266ms [⏱️0] [🔧4zuwcrajtmd] 💨 passthrough() 🧨=false ⏳=true
    38.306ms [⏱️0] [🔧4zuwcrajtmd] 🔌 created originalSocket
    38.322ms [⏱️0] [🔧4zuwcrajtmd] 🚽 flushing writeBuffer (5 items)
    38.074ms [⏱️0] [🔧aosr9zlmbjb] 💨 passthrough() 🧨=false ⏳=true
    38.169ms [⏱️0] [🔧aosr9zlmbjb] 🔌 created originalSocket
    38.187ms [⏱️0] [🔧aosr9zlmbjb] 🚽 flushing writeBuffer (5 items)
    37.611ms [⏱️0] [🔧jxrxdbiaepg] 💨 passthrough() 🧨=false ⏳=true
    37.653ms [⏱️0] [🔧jxrxdbiaepg] 🔌 created originalSocket
    37.669ms [⏱️0] [🔧jxrxdbiaepg] 🚽 flushing writeBuffer (5 items)
    37.268ms [⏱️0] [🔧3eayqv7zaul] 💨 passthrough() 🧨=false ⏳=true
    37.302ms [⏱️0] [🔧3eayqv7zaul] 🔌 created originalSocket
    37.355ms [⏱️0] [🔧3eayqv7zaul] 🚽 flushing writeBuffer (5 items)
    37.066ms [⏱️0] [🔧4bg1j0gixhj] 💨 passthrough() 🧨=false ⏳=true
    37.162ms [⏱️0] [🔧4bg1j0gixhj] 🔌 created originalSocket
    37.294ms [⏱️0] [🔧4bg1j0gixhj] 🚽 flushing writeBuffer (5 items)
    36.734ms [⏱️0] [🔧24rvtx5utac] 💨 passthrough() 🧨=false ⏳=true
    36.886ms [⏱️0] [🔧24rvtx5utac] 🔌 created originalSocket
    36.930ms [⏱️0] [🔧24rvtx5utac] 🚽 flushing writeBuffer (5 items)
    36.530ms [⏱️0] [🔧obex5zezun] 💨 passthrough() 🧨=false ⏳=true
    36.582ms [⏱️0] [🔧obex5zezun] 🔌 created originalSocket
    36.614ms [⏱️0] [🔧obex5zezun] 🚽 flushing writeBuffer (5 items)
    36.043ms [⏱️0] [🔧wtw7v8nddkq] 💨 passthrough() 🧨=false ⏳=true
    36.086ms [⏱️0] [🔧wtw7v8nddkq] 🔌 created originalSocket
    36.205ms [⏱️0] [🔧wtw7v8nddkq] 🚽 flushing writeBuffer (5 items)
    35.822ms [⏱️0] [🔧z04aaskvp49] 💨 passthrough() 🧨=false ⏳=true
    35.919ms [⏱️0] [🔧z04aaskvp49] 🔌 created originalSocket
    36.119ms [⏱️0] [🔧z04aaskvp49] 🚽 flushing writeBuffer (5 items)
    35.820ms [⏱️0] [🔧g7hbd8w6bnn] 💨 passthrough() 🧨=false ⏳=true
    36.174ms [⏱️0] [🔧g7hbd8w6bnn] 🔌 created originalSocket
    36.203ms [⏱️0] [🔧g7hbd8w6bnn] 🚽 flushing writeBuffer (5 items)
    35.985ms [⏱️0] [🔧3pco1dmmywr] 💨 passthrough() 🧨=false ⏳=true
    36.091ms [⏱️0] [🔧3pco1dmmywr] 🔌 created originalSocket
    36.110ms [⏱️0] [🔧3pco1dmmywr] 🚽 flushing writeBuffer (5 items)
    35.826ms [⏱️0] [🔧tpexxu076qi] 💨 passthrough() 🧨=false ⏳=true
    35.873ms [⏱️0] [🔧tpexxu076qi] 🔌 created originalSocket
    35.889ms [⏱️0] [🔧tpexxu076qi] 🚽 flushing writeBuffer (5 items)
    35.738ms [⏱️0] [🔧t092m9hoea] 💨 passthrough() 🧨=false ⏳=true
    35.874ms [⏱️0] [🔧t092m9hoea] 🔌 created originalSocket
    35.896ms [⏱️0] [🔧t092m9hoea] 🚽 flushing writeBuffer (5 items)
    35.437ms [⏱️0] [🔧68mxlhctsu6] 💨 passthrough() 🧨=false ⏳=true
    35.477ms [⏱️0] [🔧68mxlhctsu6] 🔌 created originalSocket
    35.545ms [⏱️0] [🔧68mxlhctsu6] 🚽 flushing writeBuffer (5 items)
    35.270ms [⏱️0] [🔧hp3a6g3qt0c] 💨 passthrough() 🧨=false ⏳=true
    35.298ms [⏱️0] [🔧hp3a6g3qt0c] 🔌 created originalSocket
    35.313ms [⏱️0] [🔧hp3a6g3qt0c] 🚽 flushing writeBuffer (5 items)
    35.068ms [⏱️0] [🔧itn63hfqnfa] 💨 passthrough() 🧨=false ⏳=true
    35.087ms [⏱️0] [🔧itn63hfqnfa] 🔌 created originalSocket
    35.131ms [⏱️0] [🔧itn63hfqnfa] 🚽 flushing writeBuffer (5 items)
    34.761ms [⏱️0] [🔧cxrryjq7q3n] 💨 passthrough() 🧨=false ⏳=true
    34.827ms [⏱️0] [🔧cxrryjq7q3n] 🔌 created originalSocket
    34.871ms [⏱️0] [🔧cxrryjq7q3n] 🚽 flushing writeBuffer (5 items)
    44.688ms [⏱️312] [🔧yd9n2t7aix] ▶️ onResume
    44.715ms [⏱️312] [🔧yd9n2t7aix] 📣 emit resume
    42.894ms [⏱️315] [🔧1l5ormck5jw] ▶️ onResume
    42.935ms [⏱️315] [🔧1l5ormck5jw] 📣 emit resume
    42.281ms [⏱️318] [🔧enzvb01991] ▶️ onResume
    42.297ms [⏱️318] [🔧enzvb01991] 📣 emit resume
    41.667ms [⏱️321] [🔧4zuwcrajtmd] ▶️ onResume
    41.709ms [⏱️321] [🔧4zuwcrajtmd] 📣 emit resume
    41.440ms [⏱️324] [🔧aosr9zlmbjb] ▶️ onResume
    41.555ms [⏱️324] [🔧aosr9zlmbjb] 📣 emit resume
    40.968ms [⏱️327] [🔧jxrxdbiaepg] ▶️ onResume
    40.982ms [⏱️327] [🔧jxrxdbiaepg] 📣 emit resume
    40.559ms [⏱️330] [🔧3eayqv7zaul] ▶️ onResume
    40.568ms [⏱️330] [🔧3eayqv7zaul] 📣 emit resume
    40.246ms [⏱️333] [🔧4bg1j0gixhj] ▶️ onResume
    40.254ms [⏱️333] [🔧4bg1j0gixhj] 📣 emit resume
    39.655ms [⏱️336] [🔧24rvtx5utac] ▶️ onResume
    39.668ms [⏱️336] [🔧24rvtx5utac] 📣 emit resume
    39.220ms [⏱️339] [🔧obex5zezun] ▶️ onResume
    39.228ms [⏱️339] [🔧obex5zezun] 📣 emit resume
    38.630ms [⏱️342] [🔧wtw7v8nddkq] ▶️ onResume
    38.645ms [⏱️342] [🔧wtw7v8nddkq] 📣 emit resume
    38.222ms [⏱️345] [🔧z04aaskvp49] ▶️ onResume
    38.234ms [⏱️345] [🔧z04aaskvp49] 📣 emit resume
    37.799ms [⏱️348] [🔧g7hbd8w6bnn] ▶️ onResume
    37.806ms [⏱️348] [🔧g7hbd8w6bnn] 📣 emit resume
    37.554ms [⏱️351] [🔧3pco1dmmywr] ▶️ onResume
    37.566ms [⏱️351] [🔧3pco1dmmywr] 📣 emit resume
    37.263ms [⏱️354] [🔧tpexxu076qi] ▶️ onResume
    37.270ms [⏱️354] [🔧tpexxu076qi] 📣 emit resume
    37.101ms [⏱️357] [🔧t092m9hoea] ▶️ onResume
    37.112ms [⏱️357] [🔧t092m9hoea] 📣 emit resume
    36.647ms [⏱️360] [🔧68mxlhctsu6] ▶️ onResume
    36.659ms [⏱️360] [🔧68mxlhctsu6] 📣 emit resume
    36.365ms [⏱️363] [🔧hp3a6g3qt0c] ▶️ onResume
    36.451ms [⏱️363] [🔧hp3a6g3qt0c] 📣 emit resume
    36.218ms [⏱️366] [🔧itn63hfqnfa] ▶️ onResume
    36.234ms [⏱️366] [🔧itn63hfqnfa] 📣 emit resume
    35.819ms [⏱️369] [🔧cxrryjq7q3n] ▶️ onResume
    35.826ms [⏱️369] [🔧cxrryjq7q3n] 📣 emit resume
    45.686ms [⏱️311] [🔧yd9n2t7aix] 🔍 onLookup args=[null,"::1",6,"localhost"]
    45.723ms [⏱️311] [🔧yd9n2t7aix] 📣 emit lookup null, "::1", 6, "localhost"
    45.743ms [⏱️311] [🔧yd9n2t7aix] 🔍 onLookup args=[null,"127.0.0.1",4,"localhost"]
    45.753ms [⏱️311] [🔧yd9n2t7aix] 📣 emit lookup null, "127.0.0.1", 4, "localhost"
    44.098ms [⏱️314] [🔧1l5ormck5jw] 🔍 onLookup args=[null,"::1",6,"localhost"]
    44.118ms [⏱️314] [🔧1l5ormck5jw] 📣 emit lookup null, "::1", 6, "localhost"
    44.129ms [⏱️314] [🔧1l5ormck5jw] 🔍 onLookup args=[null,"127.0.0.1",4,"localhost"]
    44.143ms [⏱️314] [🔧1l5ormck5jw] 📣 emit lookup null, "127.0.0.1", 4, "localhost"
    43.502ms [⏱️317] [🔧enzvb01991] 🔍 onLookup args=[null,"::1",6,"localhost"]
    43.562ms [⏱️317] [🔧enzvb01991] 📣 emit lookup null, "::1", 6, "localhost"
    43.578ms [⏱️317] [🔧enzvb01991] 🔍 onLookup args=[null,"127.0.0.1",4,"localhost"]
    43.587ms [⏱️317] [🔧enzvb01991] 📣 emit lookup null, "127.0.0.1", 4, "localhost"
    43.057ms [⏱️320] [🔧4zuwcrajtmd] 🔍 onLookup args=[null,"::1",6,"localhost"]
    43.082ms [⏱️320] [🔧4zuwcrajtmd] 📣 emit lookup null, "::1", 6, "localhost"
    43.096ms [⏱️320] [🔧4zuwcrajtmd] 🔍 onLookup args=[null,"127.0.0.1",4,"localhost"]
    43.112ms [⏱️320] [🔧4zuwcrajtmd] 📣 emit lookup null, "127.0.0.1", 4, "localhost"
    42.854ms [⏱️323] [🔧aosr9zlmbjb] 🔍 onLookup args=[null,"::1",6,"localhost"]
    42.871ms [⏱️323] [🔧aosr9zlmbjb] 📣 emit lookup null, "::1", 6, "localhost"
    42.893ms [⏱️323] [🔧aosr9zlmbjb] 🔍 onLookup args=[null,"127.0.0.1",4,"localhost"]
    42.912ms [⏱️323] [🔧aosr9zlmbjb] 📣 emit lookup null, "127.0.0.1", 4, "localhost"
    42.333ms [⏱️326] [🔧jxrxdbiaepg] 🔍 onLookup args=[null,"::1",6,"localhost"]
    42.371ms [⏱️326] [🔧jxrxdbiaepg] 📣 emit lookup null, "::1", 6, "localhost"
    42.503ms [⏱️326] [🔧jxrxdbiaepg] 🔍 onLookup args=[null,"127.0.0.1",4,"localhost"]
    42.546ms [⏱️326] [🔧jxrxdbiaepg] 📣 emit lookup null, "127.0.0.1", 4, "localhost"
    42.149ms [⏱️329] [🔧3eayqv7zaul] 🔍 onLookup args=[null,"::1",6,"localhost"]
    42.165ms [⏱️329] [🔧3eayqv7zaul] 📣 emit lookup null, "::1", 6, "localhost"
    42.181ms [⏱️329] [🔧3eayqv7zaul] 🔍 onLookup args=[null,"127.0.0.1",4,"localhost"]
    42.194ms [⏱️329] [🔧3eayqv7zaul] 📣 emit lookup null, "127.0.0.1", 4, "localhost"
    41.884ms [⏱️332] [🔧4bg1j0gixhj] 🔍 onLookup args=[null,"::1",6,"localhost"]
    41.902ms [⏱️332] [🔧4bg1j0gixhj] 📣 emit lookup null, "::1", 6, "localhost"
    41.912ms [⏱️332] [🔧4bg1j0gixhj] 🔍 onLookup args=[null,"127.0.0.1",4,"localhost"]
    41.926ms [⏱️332] [🔧4bg1j0gixhj] 📣 emit lookup null, "127.0.0.1", 4, "localhost"
    41.337ms [⏱️335] [🔧24rvtx5utac] 🔍 onLookup args=[null,"::1",6,"localhost"]
    41.354ms [⏱️335] [🔧24rvtx5utac] 📣 emit lookup null, "::1", 6, "localhost"
    41.364ms [⏱️335] [🔧24rvtx5utac] 🔍 onLookup args=[null,"127.0.0.1",4,"localhost"]
    41.372ms [⏱️335] [🔧24rvtx5utac] 📣 emit lookup null, "127.0.0.1", 4, "localhost"
    40.937ms [⏱️338] [🔧obex5zezun] 🔍 onLookup args=[null,"::1",6,"localhost"]
    40.947ms [⏱️338] [🔧obex5zezun] 📣 emit lookup null, "::1", 6, "localhost"
    40.962ms [⏱️338] [🔧obex5zezun] 🔍 onLookup args=[null,"127.0.0.1",4,"localhost"]
    40.977ms [⏱️338] [🔧obex5zezun] 📣 emit lookup null, "127.0.0.1", 4, "localhost"
    40.468ms [⏱️341] [🔧wtw7v8nddkq] 🔍 onLookup args=[null,"::1",6,"localhost"]
    40.485ms [⏱️341] [🔧wtw7v8nddkq] 📣 emit lookup null, "::1", 6, "localhost"
    40.505ms [⏱️341] [🔧wtw7v8nddkq] 🔍 onLookup args=[null,"127.0.0.1",4,"localhost"]
    40.514ms [⏱️341] [🔧wtw7v8nddkq] 📣 emit lookup null, "127.0.0.1", 4, "localhost"
    40.138ms [⏱️344] [🔧z04aaskvp49] 🔍 onLookup args=[null,"::1",6,"localhost"]
    40.193ms [⏱️344] [🔧z04aaskvp49] 📣 emit lookup null, "::1", 6, "localhost"
    40.211ms [⏱️344] [🔧z04aaskvp49] 🔍 onLookup args=[null,"127.0.0.1",4,"localhost"]
    40.227ms [⏱️344] [🔧z04aaskvp49] 📣 emit lookup null, "127.0.0.1", 4, "localhost"
    39.816ms [⏱️347] [🔧g7hbd8w6bnn] 🔍 onLookup args=[null,"::1",6,"localhost"]
    39.833ms [⏱️347] [🔧g7hbd8w6bnn] 📣 emit lookup null, "::1", 6, "localhost"
    39.850ms [⏱️347] [🔧g7hbd8w6bnn] 🔍 onLookup args=[null,"127.0.0.1",4,"localhost"]
    39.864ms [⏱️347] [🔧g7hbd8w6bnn] 📣 emit lookup null, "127.0.0.1", 4, "localhost"
    39.626ms [⏱️350] [🔧3pco1dmmywr] 🔍 onLookup args=[null,"::1",6,"localhost"]
    39.644ms [⏱️350] [🔧3pco1dmmywr] 📣 emit lookup null, "::1", 6, "localhost"
    39.652ms [⏱️350] [🔧3pco1dmmywr] 🔍 onLookup args=[null,"127.0.0.1",4,"localhost"]
    39.671ms [⏱️350] [🔧3pco1dmmywr] 📣 emit lookup null, "127.0.0.1", 4, "localhost"
    39.397ms [⏱️353] [🔧tpexxu076qi] 🔍 onLookup args=[null,"::1",6,"localhost"]
    39.414ms [⏱️353] [🔧tpexxu076qi] 📣 emit lookup null, "::1", 6, "localhost"
    39.423ms [⏱️353] [🔧tpexxu076qi] 🔍 onLookup args=[null,"127.0.0.1",4,"localhost"]
    39.435ms [⏱️353] [🔧tpexxu076qi] 📣 emit lookup null, "127.0.0.1", 4, "localhost"
    39.339ms [⏱️356] [🔧t092m9hoea] 🔍 onLookup args=[null,"::1",6,"localhost"]
    39.376ms [⏱️356] [🔧t092m9hoea] 📣 emit lookup null, "::1", 6, "localhost"
    39.389ms [⏱️356] [🔧t092m9hoea] 🔍 onLookup args=[null,"127.0.0.1",4,"localhost"]
    39.398ms [⏱️356] [🔧t092m9hoea] 📣 emit lookup null, "127.0.0.1", 4, "localhost"
    38.996ms [⏱️359] [🔧68mxlhctsu6] 🔍 onLookup args=[null,"::1",6,"localhost"]
    39.014ms [⏱️359] [🔧68mxlhctsu6] 📣 emit lookup null, "::1", 6, "localhost"
    39.023ms [⏱️359] [🔧68mxlhctsu6] 🔍 onLookup args=[null,"127.0.0.1",4,"localhost"]
    39.037ms [⏱️359] [🔧68mxlhctsu6] 📣 emit lookup null, "127.0.0.1", 4, "localhost"
    38.807ms [⏱️362] [🔧hp3a6g3qt0c] 🔍 onLookup args=[null,"::1",6,"localhost"]
    38.853ms [⏱️362] [🔧hp3a6g3qt0c] 📣 emit lookup null, "::1", 6, "localhost"
    38.879ms [⏱️362] [🔧hp3a6g3qt0c] 🔍 onLookup args=[null,"127.0.0.1",4,"localhost"]
    38.889ms [⏱️362] [🔧hp3a6g3qt0c] 📣 emit lookup null, "127.0.0.1", 4, "localhost"
    38.680ms [⏱️365] [🔧itn63hfqnfa] 🔍 onLookup args=[null,"::1",6,"localhost"]
    38.698ms [⏱️365] [🔧itn63hfqnfa] 📣 emit lookup null, "::1", 6, "localhost"
    38.714ms [⏱️365] [🔧itn63hfqnfa] 🔍 onLookup args=[null,"127.0.0.1",4,"localhost"]
    38.723ms [⏱️365] [🔧itn63hfqnfa] 📣 emit lookup null, "127.0.0.1", 4, "localhost"
    38.322ms [⏱️368] [🔧cxrryjq7q3n] 🔍 onLookup args=[null,"::1",6,"localhost"]
    38.338ms [⏱️368] [🔧cxrryjq7q3n] 📣 emit lookup null, "::1", 6, "localhost"
    38.347ms [⏱️368] [🔧cxrryjq7q3n] 🔍 onLookup args=[null,"127.0.0.1",4,"localhost"]
    38.355ms [⏱️368] [🔧cxrryjq7q3n] 📣 emit lookup null, "127.0.0.1", 4, "localhost"
   101.468ms [⏱️411] [🔧3pco1dmmywr] 🔌 onConnect delay from lookup
   101.520ms [⏱️411] [🔧3pco1dmmywr] ✅ Handles match
   101.550ms [⏱️411] [🔧3pco1dmmywr] 📣 emit connect
   101.593ms [⏱️411] [🔧3pco1dmmywr] 🔬 _read(16384) ⏳=false 🔐=undefined 🇺🇸=passthrough 🔗=http://localhost:40417/ origFlowing=true
   101.655ms [⏱️411] [🔧3pco1dmmywr] 🔧 HANDLE.readStart()
   102.028ms [⏱️411] [🔧3pco1dmmywr]     at tryReadStart (node:net:705:30)
   102.045ms [⏱️411] [🔧3pco1dmmywr]     at Socket._read (node:net:722:5)
   102.053ms [⏱️411] [🔧3pco1dmmywr]     at Socket.<anonymous> (node:net:720:37)
   102.066ms [⏱️411] [🔧3pco1dmmywr]     at Object.onceWrapper (node:events:638:28)
   102.080ms [⏱️411] [🔧3pco1dmmywr]     at Socket.emit (node:events:536:35)
   102.095ms [⏱️411] [🔧3pco1dmmywr]     at afterConnect (node:net:1596:10)
   102.102ms [⏱️411] [🔧3pco1dmmywr]     at afterConnectMultiple (node:net:1703:3)
   102.128ms [⏱️411] [🔧3pco1dmmywr] ✅ onReady
   102.143ms [⏱️411] [🔧3pco1dmmywr] 📣 emit ready
   259.157ms [⏱️399] [🔧obex5zezun] 🔌 onConnect delay from lookup
   259.332ms [⏱️399] [🔧obex5zezun] ✅ Handles match
   259.406ms [⏱️399] [🔧obex5zezun] 📣 emit connect
   259.483ms [⏱️399] [🔧obex5zezun] 🔬 _read(16384) ⏳=false 🔐=undefined 🇺🇸=passthrough 🔗=http://localhost:40417/ origFlowing=true
   259.566ms [⏱️399] [🔧obex5zezun] 🔧 HANDLE.readStart()
   259.821ms [⏱️399] [🔧obex5zezun]     at tryReadStart (node:net:705:30)
   259.888ms [⏱️399] [🔧obex5zezun]     at Socket._read (node:net:722:5)
   259.928ms [⏱️399] [🔧obex5zezun]     at Socket.<anonymous> (node:net:720:37)
   259.977ms [⏱️399] [🔧obex5zezun]     at Object.onceWrapper (node:events:638:28)
   260.038ms [⏱️399] [🔧obex5zezun]     at Socket.emit (node:events:536:35)
   260.210ms [⏱️399] [🔧obex5zezun]     at afterConnect (node:net:1596:10)
   260.330ms [⏱️399] [🔧obex5zezun]     at afterConnectMultiple (node:net:1703:3)
   260.398ms [⏱️399] [🔧obex5zezun] ✅ onReady
   260.477ms [⏱️399] [🔧obex5zezun] 📣 emit ready
   297.894ms [⏱️373] [🔧yd9n2t7aix] 🔧 HANDLE.close()
   298.143ms [⏱️373] [🔧yd9n2t7aix]     at Timeout.internalConnectMultipleTimeout [as _onTimeout] (node:net:1712:10)
   298.176ms [⏱️373] [🔧yd9n2t7aix]     at listOnTimeout (node:internal/timers:583:11)
   298.199ms [⏱️373] [🔧yd9n2t7aix]     at process.processTimers (node:internal/timers:519:7)
   298.312ms [⏱️373] [🔧yd9n2t7aix] 🔧 HANDLE.close()
   298.417ms [⏱️373] [🔧yd9n2t7aix]     at Socket.reinitializeHandle (node:net:1265:17)
   298.482ms [⏱️373] [🔧yd9n2t7aix]     at internalConnectMultiple (node:net:1131:30)
   298.553ms [⏱️373] [🔧yd9n2t7aix]     at Timeout.internalConnectMultipleTimeout (node:net:1716:5)
   298.568ms [⏱️373] [🔧yd9n2t7aix]     at listOnTimeout (node:internal/timers:583:11)
   298.775ms [⏱️373] [🔧yd9n2t7aix]     at process.processTimers (node:internal/timers:519:7)
   297.299ms [⏱️376] [🔧1l5ormck5jw] 🔧 HANDLE.close()
   297.451ms [⏱️376] [🔧1l5ormck5jw]     at Timeout.internalConnectMultipleTimeout [as _onTimeout] (node:net:1712:10)
   297.481ms [⏱️376] [🔧1l5ormck5jw]     at listOnTimeout (node:internal/timers:583:11)
   297.503ms [⏱️376] [🔧1l5ormck5jw]     at process.processTimers (node:internal/timers:519:7)
   297.551ms [⏱️376] [🔧1l5ormck5jw] 🔧 HANDLE.close()
   297.645ms [⏱️376] [🔧1l5ormck5jw]     at Socket.reinitializeHandle (node:net:1265:17)
   297.719ms [⏱️376] [🔧1l5ormck5jw]     at internalConnectMultiple (node:net:1131:30)
   297.738ms [⏱️376] [🔧1l5ormck5jw]     at Timeout.internalConnectMultipleTimeout (node:net:1716:5)
   297.751ms [⏱️376] [🔧1l5ormck5jw]     at listOnTimeout (node:internal/timers:583:11)
   297.794ms [⏱️376] [🔧1l5ormck5jw]     at process.processTimers (node:internal/timers:519:7)
   297.265ms [⏱️379] [🔧enzvb01991] 🔧 HANDLE.close()
   297.350ms [⏱️379] [🔧enzvb01991]     at Timeout.internalConnectMultipleTimeout [as _onTimeout] (node:net:1712:10)
   297.375ms [⏱️379] [🔧enzvb01991]     at listOnTimeout (node:internal/timers:583:11)
   297.398ms [⏱️379] [🔧enzvb01991]     at process.processTimers (node:internal/timers:519:7)
   297.446ms [⏱️379] [🔧enzvb01991] 🔧 HANDLE.close()
   297.505ms [⏱️379] [🔧enzvb01991]     at Socket.reinitializeHandle (node:net:1265:17)
   297.531ms [⏱️379] [🔧enzvb01991]     at internalConnectMultiple (node:net:1131:30)
   297.545ms [⏱️379] [🔧enzvb01991]     at Timeout.internalConnectMultipleTimeout (node:net:1716:5)
   297.571ms [⏱️379] [🔧enzvb01991]     at listOnTimeout (node:internal/timers:583:11)
   297.586ms [⏱️379] [🔧enzvb01991]     at process.processTimers (node:internal/timers:519:7)
   297.046ms [⏱️382] [🔧4zuwcrajtmd] 🔧 HANDLE.close()
   297.109ms [⏱️382] [🔧4zuwcrajtmd]     at Timeout.internalConnectMultipleTimeout [as _onTimeout] (node:net:1712:10)
   297.136ms [⏱️382] [🔧4zuwcrajtmd]     at listOnTimeout (node:internal/timers:583:11)
   297.160ms [⏱️382] [🔧4zuwcrajtmd]     at process.processTimers (node:internal/timers:519:7)
   297.206ms [⏱️382] [🔧4zuwcrajtmd] 🔧 HANDLE.close()
   297.324ms [⏱️382] [🔧4zuwcrajtmd]     at Socket.reinitializeHandle (node:net:1265:17)
   297.391ms [⏱️382] [🔧4zuwcrajtmd]     at internalConnectMultiple (node:net:1131:30)
   297.422ms [⏱️382] [🔧4zuwcrajtmd]     at Timeout.internalConnectMultipleTimeout (node:net:1716:5)
   297.436ms [⏱️382] [🔧4zuwcrajtmd]     at listOnTimeout (node:internal/timers:583:11)
   297.458ms [⏱️382] [🔧4zuwcrajtmd]     at process.processTimers (node:internal/timers:519:7)
   297.287ms [⏱️385] [🔧aosr9zlmbjb] 🔧 HANDLE.close()
   297.379ms [⏱️385] [🔧aosr9zlmbjb]     at Timeout.internalConnectMultipleTimeout [as _onTimeout] (node:net:1712:10)
   297.411ms [⏱️385] [🔧aosr9zlmbjb]     at listOnTimeout (node:internal/timers:583:11)
   297.430ms [⏱️385] [🔧aosr9zlmbjb]     at process.processTimers (node:internal/timers:519:7)
   297.485ms [⏱️385] [🔧aosr9zlmbjb] 🔧 HANDLE.close()
   297.561ms [⏱️385] [🔧aosr9zlmbjb]     at Socket.reinitializeHandle (node:net:1265:17)
   297.582ms [⏱️385] [🔧aosr9zlmbjb]     at internalConnectMultiple (node:net:1131:30)
   297.634ms [⏱️385] [🔧aosr9zlmbjb]     at Timeout.internalConnectMultipleTimeout (node:net:1716:5)
   297.653ms [⏱️385] [🔧aosr9zlmbjb]     at listOnTimeout (node:internal/timers:583:11)
   297.668ms [⏱️385] [🔧aosr9zlmbjb]     at process.processTimers (node:internal/timers:519:7)
   297.181ms [⏱️388] [🔧jxrxdbiaepg] 🔧 HANDLE.close()
   297.252ms [⏱️388] [🔧jxrxdbiaepg]     at Timeout.internalConnectMultipleTimeout [as _onTimeout] (node:net:1712:10)
   297.275ms [⏱️388] [🔧jxrxdbiaepg]     at listOnTimeout (node:internal/timers:583:11)
   297.291ms [⏱️388] [🔧jxrxdbiaepg]     at process.processTimers (node:internal/timers:519:7)
   297.327ms [⏱️388] [🔧jxrxdbiaepg] 🔧 HANDLE.close()
   297.891ms [⏱️388] [🔧jxrxdbiaepg]     at Socket.reinitializeHandle (node:net:1265:17)
   297.939ms [⏱️388] [🔧jxrxdbiaepg]     at internalConnectMultiple (node:net:1131:30)
   297.958ms [⏱️388] [🔧jxrxdbiaepg]     at Timeout.internalConnectMultipleTimeout (node:net:1716:5)
   297.979ms [⏱️388] [🔧jxrxdbiaepg]     at listOnTimeout (node:internal/timers:583:11)
   297.994ms [⏱️388] [🔧jxrxdbiaepg]     at process.processTimers (node:internal/timers:519:7)
   297.673ms [⏱️391] [🔧3eayqv7zaul] 🔧 HANDLE.close()
   297.762ms [⏱️391] [🔧3eayqv7zaul]     at Timeout.internalConnectMultipleTimeout [as _onTimeout] (node:net:1712:10)
   297.788ms [⏱️391] [🔧3eayqv7zaul]     at listOnTimeout (node:internal/timers:583:11)
   297.810ms [⏱️391] [🔧3eayqv7zaul]     at process.processTimers (node:internal/timers:519:7)
   297.853ms [⏱️391] [🔧3eayqv7zaul] 🔧 HANDLE.close()
   297.912ms [⏱️391] [🔧3eayqv7zaul]     at Socket.reinitializeHandle (node:net:1265:17)
   297.936ms [⏱️391] [🔧3eayqv7zaul]     at internalConnectMultiple (node:net:1131:30)
   297.950ms [⏱️391] [🔧3eayqv7zaul]     at Timeout.internalConnectMultipleTimeout (node:net:1716:5)
   297.963ms [⏱️391] [🔧3eayqv7zaul]     at listOnTimeout (node:internal/timers:583:11)
   297.983ms [⏱️391] [🔧3eayqv7zaul]     at process.processTimers (node:internal/timers:519:7)
   297.782ms [⏱️394] [🔧4bg1j0gixhj] 🔧 HANDLE.close()
   297.842ms [⏱️394] [🔧4bg1j0gixhj]     at Timeout.internalConnectMultipleTimeout [as _onTimeout] (node:net:1712:10)
   297.863ms [⏱️394] [🔧4bg1j0gixhj]     at listOnTimeout (node:internal/timers:583:11)
   297.884ms [⏱️394] [🔧4bg1j0gixhj]     at process.processTimers (node:internal/timers:519:7)
   297.924ms [⏱️394] [🔧4bg1j0gixhj] 🔧 HANDLE.close()
   297.974ms [⏱️394] [🔧4bg1j0gixhj]     at Socket.reinitializeHandle (node:net:1265:17)
   297.997ms [⏱️394] [🔧4bg1j0gixhj]     at internalConnectMultiple (node:net:1131:30)
   298.011ms [⏱️394] [🔧4bg1j0gixhj]     at Timeout.internalConnectMultipleTimeout (node:net:1716:5)
   298.031ms [⏱️394] [🔧4bg1j0gixhj]     at listOnTimeout (node:internal/timers:583:11)
   298.047ms [⏱️394] [🔧4bg1j0gixhj]     at process.processTimers (node:internal/timers:519:7)
   297.595ms [⏱️397] [🔧24rvtx5utac] 🔧 HANDLE.close()
   297.657ms [⏱️397] [🔧24rvtx5utac]     at Timeout.internalConnectMultipleTimeout [as _onTimeout] (node:net:1712:10)
   297.677ms [⏱️397] [🔧24rvtx5utac]     at listOnTimeout (node:internal/timers:583:11)
   297.697ms [⏱️397] [🔧24rvtx5utac]     at process.processTimers (node:internal/timers:519:7)
   297.736ms [⏱️397] [🔧24rvtx5utac] 🔧 HANDLE.close()
   297.778ms [⏱️397] [🔧24rvtx5utac]     at Socket.reinitializeHandle (node:net:1265:17)
   297.798ms [⏱️397] [🔧24rvtx5utac]     at internalConnectMultiple (node:net:1131:30)
   297.819ms [⏱️397] [🔧24rvtx5utac]     at Timeout.internalConnectMultipleTimeout (node:net:1716:5)
   297.837ms [⏱️397] [🔧24rvtx5utac]     at listOnTimeout (node:internal/timers:583:11)
   297.855ms [⏱️397] [🔧24rvtx5utac]     at process.processTimers (node:internal/timers:519:7)
   296.854ms [⏱️403] [🔧wtw7v8nddkq] 🔧 HANDLE.close()
   296.896ms [⏱️403] [🔧wtw7v8nddkq]     at Timeout.internalConnectMultipleTimeout [as _onTimeout] (node:net:1712:10)
   296.917ms [⏱️403] [🔧wtw7v8nddkq]     at listOnTimeout (node:internal/timers:583:11)
   296.935ms [⏱️403] [🔧wtw7v8nddkq]     at process.processTimers (node:internal/timers:519:7)
   296.971ms [⏱️403] [🔧wtw7v8nddkq] 🔧 HANDLE.close()
   297.030ms [⏱️403] [🔧wtw7v8nddkq]     at Socket.reinitializeHandle (node:net:1265:17)
   297.053ms [⏱️403] [🔧wtw7v8nddkq]     at internalConnectMultiple (node:net:1131:30)
   297.069ms [⏱️403] [🔧wtw7v8nddkq]     at Timeout.internalConnectMultipleTimeout (node:net:1716:5)
   297.148ms [⏱️403] [🔧wtw7v8nddkq]     at listOnTimeout (node:internal/timers:583:11)
   297.178ms [⏱️403] [🔧wtw7v8nddkq]     at process.processTimers (node:internal/timers:519:7)
   296.976ms [⏱️406] [🔧z04aaskvp49] 🔧 HANDLE.close()
   297.046ms [⏱️406] [🔧z04aaskvp49]     at Timeout.internalConnectMultipleTimeout [as _onTimeout] (node:net:1712:10)
   297.068ms [⏱️406] [🔧z04aaskvp49]     at listOnTimeout (node:internal/timers:583:11)
   297.140ms [⏱️406] [🔧z04aaskvp49]     at process.processTimers (node:internal/timers:519:7)
   297.226ms [⏱️406] [🔧z04aaskvp49] 🔧 HANDLE.close()
   297.282ms [⏱️406] [🔧z04aaskvp49]     at Socket.reinitializeHandle (node:net:1265:17)
   297.304ms [⏱️406] [🔧z04aaskvp49]     at internalConnectMultiple (node:net:1131:30)
   297.327ms [⏱️406] [🔧z04aaskvp49]     at Timeout.internalConnectMultipleTimeout (node:net:1716:5)
   297.346ms [⏱️406] [🔧z04aaskvp49]     at listOnTimeout (node:internal/timers:583:11)
   297.360ms [⏱️406] [🔧z04aaskvp49]     at process.processTimers (node:internal/timers:519:7)
   297.046ms [⏱️409] [🔧g7hbd8w6bnn] 🔧 HANDLE.close()
   297.166ms [⏱️409] [🔧g7hbd8w6bnn]     at Timeout.internalConnectMultipleTimeout [as _onTimeout] (node:net:1712:10)
   297.192ms [⏱️409] [🔧g7hbd8w6bnn]     at listOnTimeout (node:internal/timers:583:11)
   297.209ms [⏱️409] [🔧g7hbd8w6bnn]     at process.processTimers (node:internal/timers:519:7)
   297.259ms [⏱️409] [🔧g7hbd8w6bnn] 🔧 HANDLE.close()
   297.313ms [⏱️409] [🔧g7hbd8w6bnn]     at Socket.reinitializeHandle (node:net:1265:17)
   297.336ms [⏱️409] [🔧g7hbd8w6bnn]     at internalConnectMultiple (node:net:1131:30)
   297.355ms [⏱️409] [🔧g7hbd8w6bnn]     at Timeout.internalConnectMultipleTimeout (node:net:1716:5)
   297.370ms [⏱️409] [🔧g7hbd8w6bnn]     at listOnTimeout (node:internal/timers:583:11)
   297.382ms [⏱️409] [🔧g7hbd8w6bnn]     at process.processTimers (node:internal/timers:519:7)
   296.965ms [⏱️415] [🔧tpexxu076qi] 🔧 HANDLE.close()
   297.021ms [⏱️415] [🔧tpexxu076qi]     at Timeout.internalConnectMultipleTimeout [as _onTimeout] (node:net:1712:10)
   297.081ms [⏱️415] [🔧tpexxu076qi]     at listOnTimeout (node:internal/timers:583:11)
   297.102ms [⏱️415] [🔧tpexxu076qi]     at process.processTimers (node:internal/timers:519:7)
   297.155ms [⏱️415] [🔧tpexxu076qi] 🔧 HANDLE.close()
   297.302ms [⏱️415] [🔧tpexxu076qi]     at Socket.reinitializeHandle (node:net:1265:17)
   297.340ms [⏱️415] [🔧tpexxu076qi]     at internalConnectMultiple (node:net:1131:30)
   297.395ms [⏱️415] [🔧tpexxu076qi]     at Timeout.internalConnectMultipleTimeout (node:net:1716:5)
   297.412ms [⏱️415] [🔧tpexxu076qi]     at listOnTimeout (node:internal/timers:583:11)
   297.427ms [⏱️415] [🔧tpexxu076qi]     at process.processTimers (node:internal/timers:519:7)
   297.384ms [⏱️418] [🔧t092m9hoea] 🔧 HANDLE.close()
   297.455ms [⏱️418] [🔧t092m9hoea]     at Timeout.internalConnectMultipleTimeout [as _onTimeout] (node:net:1712:10)
   297.475ms [⏱️418] [🔧t092m9hoea]     at listOnTimeout (node:internal/timers:583:11)
   297.488ms [⏱️418] [🔧t092m9hoea]     at process.processTimers (node:internal/timers:519:7)
   297.541ms [⏱️418] [🔧t092m9hoea] 🔧 HANDLE.close()
   297.598ms [⏱️418] [🔧t092m9hoea]     at Socket.reinitializeHandle (node:net:1265:17)
   297.612ms [⏱️418] [🔧t092m9hoea]     at internalConnectMultiple (node:net:1131:30)
   297.634ms [⏱️418] [🔧t092m9hoea]     at Timeout.internalConnectMultipleTimeout (node:net:1716:5)
   297.647ms [⏱️418] [🔧t092m9hoea]     at listOnTimeout (node:internal/timers:583:11)
   297.725ms [⏱️418] [🔧t092m9hoea]     at process.processTimers (node:internal/timers:519:7)
   297.501ms [⏱️421] [🔧68mxlhctsu6] 🔧 HANDLE.close()
   297.587ms [⏱️421] [🔧68mxlhctsu6]     at Timeout.internalConnectMultipleTimeout [as _onTimeout] (node:net:1712:10)
   297.613ms [⏱️421] [🔧68mxlhctsu6]     at listOnTimeout (node:internal/timers:583:11)
   297.630ms [⏱️421] [🔧68mxlhctsu6]     at process.processTimers (node:internal/timers:519:7)
   297.675ms [⏱️421] [🔧68mxlhctsu6] 🔧 HANDLE.close()
   297.725ms [⏱️421] [🔧68mxlhctsu6]     at Socket.reinitializeHandle (node:net:1265:17)
   297.749ms [⏱️421] [🔧68mxlhctsu6]     at internalConnectMultiple (node:net:1131:30)
   297.790ms [⏱️421] [🔧68mxlhctsu6]     at Timeout.internalConnectMultipleTimeout (node:net:1716:5)
   297.823ms [⏱️421] [🔧68mxlhctsu6]     at listOnTimeout (node:internal/timers:583:11)
   297.837ms [⏱️421] [🔧68mxlhctsu6]     at process.processTimers (node:internal/timers:519:7)
   297.698ms [⏱️424] [🔧hp3a6g3qt0c] 🔧 HANDLE.close()
   297.798ms [⏱️424] [🔧hp3a6g3qt0c]     at Timeout.internalConnectMultipleTimeout [as _onTimeout] (node:net:1712:10)
   297.828ms [⏱️424] [🔧hp3a6g3qt0c]     at listOnTimeout (node:internal/timers:583:11)
   297.897ms [⏱️424] [🔧hp3a6g3qt0c]     at process.processTimers (node:internal/timers:519:7)
   297.940ms [⏱️424] [🔧hp3a6g3qt0c] 🔧 HANDLE.close()
   297.994ms [⏱️424] [🔧hp3a6g3qt0c]     at Socket.reinitializeHandle (node:net:1265:17)
   298.013ms [⏱️424] [🔧hp3a6g3qt0c]     at internalConnectMultiple (node:net:1131:30)
   298.043ms [⏱️424] [🔧hp3a6g3qt0c]     at Timeout.internalConnectMultipleTimeout (node:net:1716:5)
   298.062ms [⏱️424] [🔧hp3a6g3qt0c]     at listOnTimeout (node:internal/timers:583:11)
   298.074ms [⏱️424] [🔧hp3a6g3qt0c]     at process.processTimers (node:internal/timers:519:7)
   297.896ms [⏱️427] [🔧itn63hfqnfa] 🔧 HANDLE.close()
   297.966ms [⏱️427] [🔧itn63hfqnfa]     at Timeout.internalConnectMultipleTimeout [as _onTimeout] (node:net:1712:10)
   298.000ms [⏱️427] [🔧itn63hfqnfa]     at listOnTimeout (node:internal/timers:583:11)
   298.022ms [⏱️427] [🔧itn63hfqnfa]     at process.processTimers (node:internal/timers:519:7)
   298.062ms [⏱️427] [🔧itn63hfqnfa] 🔧 HANDLE.close()
   298.112ms [⏱️427] [🔧itn63hfqnfa]     at Socket.reinitializeHandle (node:net:1265:17)
   298.138ms [⏱️427] [🔧itn63hfqnfa]     at internalConnectMultiple (node:net:1131:30)
   298.158ms [⏱️427] [🔧itn63hfqnfa]     at Timeout.internalConnectMultipleTimeout (node:net:1716:5)
   298.171ms [⏱️427] [🔧itn63hfqnfa]     at listOnTimeout (node:internal/timers:583:11)
   298.189ms [⏱️427] [🔧itn63hfqnfa]     at process.processTimers (node:internal/timers:519:7)
   297.859ms [⏱️430] [🔧cxrryjq7q3n] 🔧 HANDLE.close()
   297.946ms [⏱️430] [🔧cxrryjq7q3n]     at Timeout.internalConnectMultipleTimeout [as _onTimeout] (node:net:1712:10)
   297.978ms [⏱️430] [🔧cxrryjq7q3n]     at listOnTimeout (node:internal/timers:583:11)
   297.991ms [⏱️430] [🔧cxrryjq7q3n]     at process.processTimers (node:internal/timers:519:7)
   298.218ms [⏱️430] [🔧cxrryjq7q3n] 🔧 HANDLE.close()
   298.298ms [⏱️430] [🔧cxrryjq7q3n]     at Socket.reinitializeHandle (node:net:1265:17)
   298.320ms [⏱️430] [🔧cxrryjq7q3n]     at internalConnectMultiple (node:net:1131:30)
   298.340ms [⏱️430] [🔧cxrryjq7q3n]     at Timeout.internalConnectMultipleTimeout (node:net:1716:5)
   298.357ms [⏱️430] [🔧cxrryjq7q3n]     at listOnTimeout (node:internal/timers:583:11)
   298.375ms [⏱️430] [🔧cxrryjq7q3n]     at process.processTimers (node:internal/timers:519:7)
   377.898ms [⏱️456] [🔧aosr9zlmbjb] 🔌 onConnect delay from lookup
   378.010ms [⏱️456] [🔧aosr9zlmbjb] ⚠️  HANDLE MISMATCH!
   378.049ms [⏱️456] [🔧aosr9zlmbjb]    My Handle: TCP 🔧=true 🆔=-22 📖=false
   378.145ms [⏱️456] [🔧aosr9zlmbjb]    Socket Handle: TCP 🔧=false 🆔=26 📖=false
   378.186ms [⏱️456] [🔧aosr9zlmbjb]    Object references are different!
   378.786ms [⏱️456] [🔧aosr9zlmbjb] 📣 emit connect
   378.941ms [⏱️456] [🔧aosr9zlmbjb] 🔬 _read(16384) ⏳=false 🔐=undefined 🇺🇸=passthrough 🔗=http://localhost:40417/ origFlowing=true
   378.999ms [⏱️456] [🔧aosr9zlmbjb] ✅ onReady
   379.018ms [⏱️456] [🔧aosr9zlmbjb] 📣 emit ready
   585.195ms [⏱️349] [🔧3pco1dmmywr] 💾 onData 120b
   585.428ms [⏱️349] [🔧3pco1dmmywr] 📤 push([{"type":"Buffer","data":[72,84,84,80,47)
   585.591ms [⏱️67] [🔧3pco1dmmywr] 📨 onResponseStart status=200 🇺🇸=passthrough
   587.288ms [⏱️67] [🔧3pco1dmmywr] 📥 onResponseBody 2b
   587.458ms [⏱️67] [🔧3pco1dmmywr] 🎬 onResponseEnd hasStream=true
   587.600ms [⏱️349] [🔧3pco1dmmywr] 📣 emit data 120 chars
   587.703ms [⏱️513] [🔧3pco1dmmywr] 📖 read([0])
   587.778ms [⏱️513] [🔧3pco1dmmywr] 🔬 _read(16384) ⏳=false 🔐=undefined 🇺🇸=passthrough 🔗=http://localhost:40417/ origFlowing=true
   588.568ms [⏱️140] [🔧3pco1dmmywr] ▶️ resume()
   589.554ms [⏱️528] [🔧3pco1dmmywr] 📣 emit free
     0.001ms [⏱️0] [🔧j8nlkyg5iyh] 🏗️  constructor starting
     0.095ms [⏱️0] [🔧j8nlkyg5iyh] 🏗️  constructor complete http://localhost:40417/
   590.286ms [⏱️0] [🔧3pco1dmmywr] 🧨 _destroy ⏳=false 🔐=undefined 🇺🇸=passthrough 🔗=http://localhost:40417/
   590.494ms [⏱️0] [🔧3pco1dmmywr] 🔧 HANDLE.close()
   590.835ms [⏱️0] [🔧3pco1dmmywr]     at closeSocketHandle (node:net:341:18)
   590.937ms [⏱️0] [🔧3pco1dmmywr]     at Socket._destroy (node:net:831:7)
   590.966ms [⏱️0] [🔧3pco1dmmywr]     at _destroy (node:internal/streams/destroy:121:10)
   590.992ms [⏱️0] [🔧3pco1dmmywr]     at MockHttpSocket.destroy (node:internal/streams/destroy:83:5)
   591.026ms [⏱️0] [🔧3pco1dmmywr]     at Writable.destroy (node:internal/streams/writable:1122:11)
   591.053ms [⏱️0] [🔧3pco1dmmywr]     at MockHttpSocket.destroy (/workspace/repro/node_modules/.pnpm/@mswjs+interceptors@file+../node_modules/@mswjs/interceptors/lib/node/chunk-EFBKFUZI.js:574:18)
   591.077ms [⏱️0] [🔧3pco1dmmywr]     at MockAgent.<anonymous> (node:_http_agent:154:14)
   591.095ms [⏱️0] [🔧3pco1dmmywr]     at MockAgent.emit (node:events:524:28)
     1.378ms [⏱️535] [🔧j8nlkyg5iyh] ▶️ resume()
     1.440ms [⏱️535] [🔧j8nlkyg5iyh] ✍️  write 95b 🇺🇸=unknown buffered=0
     1.500ms [⏱️533] [🔧j8nlkyg5iyh] 🚀 onRequestStart path=/ keepAlive=true
     2.032ms [⏱️535] [🔧j8nlkyg5iyh] ✍️  write 2b 🇺🇸=unknown buffered=1
     2.072ms [⏱️535] [🔧j8nlkyg5iyh] ✍️  write 9b 🇺🇸=unknown buffered=2
     2.107ms [⏱️533] [🔧j8nlkyg5iyh] 📦 onRequestBody 9b
     2.146ms [⏱️535] [🔧j8nlkyg5iyh] ✍️  write 2b 🇺🇸=unknown buffered=3
     2.199ms [⏱️535] [🔧j8nlkyg5iyh] ✍️  write 5b 🇺🇸=unknown buffered=4
     2.253ms [⏱️533] [🔧j8nlkyg5iyh] 🏁 onRequestEnd hasStream=true
     2.370ms [⏱️539] [🔧j8nlkyg5iyh] 📖 read([0])
     2.427ms [⏱️539] [🔧j8nlkyg5iyh] 🔬 _read(16384) ⏳=true 🔐=undefined 🇺🇸=unknown 🔗=http://localhost:40417/ origFlowing=undefined
     2.497ms [⏱️539] [🔧j8nlkyg5iyh] 📣 emit resume
     2.582ms [⏱️539] [🔧j8nlkyg5iyh] 📖 read()
     3.135ms [⏱️0] [🔧j8nlkyg5iyh] 💨 passthrough() 🧨=false ⏳=true
     3.457ms [⏱️0] [🔧j8nlkyg5iyh] 🔌 created originalSocket
     3.496ms [⏱️0] [🔧j8nlkyg5iyh] 🚽 flushing writeBuffer (5 items)
     3.583ms [⏱️553] [🔧j8nlkyg5iyh] ▶️ onResume
     3.613ms [⏱️553] [🔧j8nlkyg5iyh] 📣 emit resume
   593.571ms [⏱️349] [🔧3pco1dmmywr] 📣 emit close false
     4.154ms [⏱️552] [🔧j8nlkyg5iyh] 🔍 onLookup args=[null,"::1",6,"localhost"]
     4.190ms [⏱️552] [🔧j8nlkyg5iyh] 📣 emit lookup null, "::1", 6, "localhost"
     4.216ms [⏱️552] [🔧j8nlkyg5iyh] 🔍 onLookup args=[null,"127.0.0.1",4,"localhost"]
     4.238ms [⏱️552] [🔧j8nlkyg5iyh] 📣 emit lookup null, "127.0.0.1", 4, "localhost"
   622.168ms [⏱️462] [🔧3eayqv7zaul] 🔌 onConnect delay from lookup
   622.251ms [⏱️462] [🔧3eayqv7zaul] ⚠️  HANDLE MISMATCH!
   622.284ms [⏱️462] [🔧3eayqv7zaul]    My Handle: TCP 🔧=true 🆔=-22 📖=false
   622.316ms [⏱️462] [🔧3eayqv7zaul]    Socket Handle: TCP 🔧=false 🆔=28 📖=false
   622.439ms [⏱️462] [🔧3eayqv7zaul]    Object references are different!
   622.552ms [⏱️462] [🔧3eayqv7zaul] 📣 emit connect
   622.650ms [⏱️462] [🔧3eayqv7zaul] 🔬 _read(16384) ⏳=false 🔐=undefined 🇺🇸=passthrough 🔗=http://localhost:40417/ origFlowing=true
   622.816ms [⏱️462] [🔧3eayqv7zaul] ✅ onReady
   622.916ms [⏱️462] [🔧3eayqv7zaul] 📣 emit ready
   622.086ms [⏱️337] [🔧obex5zezun] 💾 onData 120b
   622.163ms [⏱️337] [🔧obex5zezun] 📤 push([{"type":"Buffer","data":[72,84,84,80,47)
   622.208ms [⏱️55] [🔧obex5zezun] 📨 onResponseStart status=200 🇺🇸=passthrough
   622.660ms [⏱️55] [🔧obex5zezun] 📥 onResponseBody 2b
   622.717ms [⏱️55] [🔧obex5zezun] 🎬 onResponseEnd hasStream=true
   622.835ms [⏱️337] [🔧obex5zezun] 📣 emit data 120 chars
   622.888ms [⏱️572] [🔧obex5zezun] 📖 read([0])
   622.920ms [⏱️572] [🔧obex5zezun] 🔬 _read(16384) ⏳=false 🔐=undefined 🇺🇸=passthrough 🔗=http://localhost:40417/ origFlowing=true
   623.107ms [⏱️124] [🔧obex5zezun] ▶️ resume()
   623.296ms [⏱️587] [🔧obex5zezun] 📣 emit free
     0.001ms [⏱️0] [🔧4ui6875euxt] 🏗️  constructor starting
     0.094ms [⏱️0] [🔧4ui6875euxt] 🏗️  constructor complete http://localhost:40417/
   623.981ms [⏱️0] [🔧obex5zezun] 🧨 _destroy ⏳=false 🔐=undefined 🇺🇸=passthrough 🔗=http://localhost:40417/
   624.033ms [⏱️0] [🔧obex5zezun] 🔧 HANDLE.close()
   624.146ms [⏱️0] [🔧obex5zezun]     at closeSocketHandle (node:net:341:18)
   624.179ms [⏱️0] [🔧obex5zezun]     at Socket._destroy (node:net:831:7)
   624.199ms [⏱️0] [🔧obex5zezun]     at _destroy (node:internal/streams/destroy:121:10)
   624.240ms [⏱️0] [🔧obex5zezun]     at MockHttpSocket.destroy (node:internal/streams/destroy:83:5)
   624.262ms [⏱️0] [🔧obex5zezun]     at Writable.destroy (node:internal/streams/writable:1122:11)
   624.276ms [⏱️0] [🔧obex5zezun]     at MockHttpSocket.destroy (/workspace/repro/node_modules/.pnpm/@mswjs+interceptors@file+../node_modules/@mswjs/interceptors/lib/node/chunk-EFBKFUZI.js:574:18)
   624.298ms [⏱️0] [🔧obex5zezun]     at MockAgent.<anonymous> (node:_http_agent:154:14)
   624.312ms [⏱️0] [🔧obex5zezun]     at MockAgent.emit (node:events:524:28)
     0.830ms [⏱️594] [🔧4ui6875euxt] ▶️ resume()
     0.887ms [⏱️594] [🔧4ui6875euxt] ✍️  write 95b 🇺🇸=unknown buffered=0
     0.935ms [⏱️592] [🔧4ui6875euxt] 🚀 onRequestStart path=/ keepAlive=true
     1.415ms [⏱️594] [🔧4ui6875euxt] ✍️  write 2b 🇺🇸=unknown buffered=1
     1.453ms [⏱️594] [🔧4ui6875euxt] ✍️  write 9b 🇺🇸=unknown buffered=2
     1.486ms [⏱️592] [🔧4ui6875euxt] 📦 onRequestBody 9b
     1.521ms [⏱️594] [🔧4ui6875euxt] ✍️  write 2b 🇺🇸=unknown buffered=3
     1.543ms [⏱️594] [🔧4ui6875euxt] ✍️  write 5b 🇺🇸=unknown buffered=4
     1.571ms [⏱️592] [🔧4ui6875euxt] 🏁 onRequestEnd hasStream=true
     1.788ms [⏱️598] [🔧4ui6875euxt] 📖 read([0])
     1.819ms [⏱️598] [🔧4ui6875euxt] 🔬 _read(16384) ⏳=true 🔐=undefined 🇺🇸=unknown 🔗=http://localhost:40417/ origFlowing=undefined
     1.851ms [⏱️598] [🔧4ui6875euxt] 📣 emit resume
     1.873ms [⏱️598] [🔧4ui6875euxt] 📖 read()
     2.307ms [⏱️0] [🔧4ui6875euxt] 💨 passthrough() 🧨=false ⏳=true
     2.420ms [⏱️0] [🔧4ui6875euxt] 🔌 created originalSocket
     2.451ms [⏱️0] [🔧4ui6875euxt] 🚽 flushing writeBuffer (5 items)
     2.526ms [⏱️612] [🔧4ui6875euxt] ▶️ onResume
     2.555ms [⏱️612] [🔧4ui6875euxt] 📣 emit resume
   626.177ms [⏱️337] [🔧obex5zezun] 📣 emit close false
     2.760ms [⏱️611] [🔧4ui6875euxt] 🔍 onLookup args=[null,"::1",6,"localhost"]
     2.828ms [⏱️611] [🔧4ui6875euxt] 📣 emit lookup null, "::1", 6, "localhost"
     2.886ms [⏱️611] [🔧4ui6875euxt] 🔍 onLookup args=[null,"127.0.0.1",4,"localhost"]
     2.921ms [⏱️611] [🔧4ui6875euxt] 📣 emit lookup null, "127.0.0.1", 4, "localhost"
   715.375ms [⏱️468] [🔧24rvtx5utac] 🔌 onConnect delay from lookup
   715.513ms [⏱️468] [🔧24rvtx5utac] ⚠️  HANDLE MISMATCH!
   715.580ms [⏱️468] [🔧24rvtx5utac]    My Handle: TCP 🔧=true 🆔=-22 📖=false
   715.642ms [⏱️468] [🔧24rvtx5utac]    Socket Handle: TCP 🔧=false 🆔=30 📖=false
   715.768ms [⏱️468] [🔧24rvtx5utac]    Object references are different!
   715.890ms [⏱️468] [🔧24rvtx5utac] 📣 emit connect
   715.986ms [⏱️468] [🔧24rvtx5utac] 🔬 _read(16384) ⏳=false 🔐=undefined 🇺🇸=passthrough 🔗=http://localhost:40417/ origFlowing=true
   716.136ms [⏱️468] [🔧24rvtx5utac] ✅ onReady
   716.215ms [⏱️468] [🔧24rvtx5utac] 📣 emit ready
   715.383ms [⏱️486] [🔧68mxlhctsu6] 🔌 onConnect delay from lookup
   715.496ms [⏱️486] [🔧68mxlhctsu6] ⚠️  HANDLE MISMATCH!
   715.563ms [⏱️486] [🔧68mxlhctsu6]    My Handle: TCP 🔧=true 🆔=-22 📖=false
   715.623ms [⏱️486] [🔧68mxlhctsu6]    Socket Handle: TCP 🔧=false 🆔=38 📖=false
   715.686ms [⏱️486] [🔧68mxlhctsu6]    Object references are different!
   715.751ms [⏱️486] [🔧68mxlhctsu6] 📣 emit connect
   715.837ms [⏱️486] [🔧68mxlhctsu6] 🔬 _read(16384) ⏳=false 🔐=undefined 🇺🇸=passthrough 🔗=http://localhost:40417/ origFlowing=true
   715.950ms [⏱️486] [🔧68mxlhctsu6] ✅ onReady
   716.014ms [⏱️486] [🔧68mxlhctsu6] 📣 emit ready
   721.414ms [⏱️474] [🔧z04aaskvp49] 🔌 onConnect delay from lookup
   721.504ms [⏱️474] [🔧z04aaskvp49] ⚠️  HANDLE MISMATCH!
   721.594ms [⏱️474] [🔧z04aaskvp49]    My Handle: TCP 🔧=true 🆔=-22 📖=false
   721.658ms [⏱️474] [🔧z04aaskvp49]    Socket Handle: TCP 🔧=false 🆔=33 📖=false
   721.699ms [⏱️474] [🔧z04aaskvp49]    Object references are different!
   721.805ms [⏱️474] [🔧z04aaskvp49] 📣 emit connect
   721.965ms [⏱️474] [🔧z04aaskvp49] 🔬 _read(16384) ⏳=false 🔐=undefined 🇺🇸=passthrough 🔗=http://localhost:40417/ origFlowing=true
   722.065ms [⏱️474] [🔧z04aaskvp49] ✅ onReady
   722.131ms [⏱️474] [🔧z04aaskvp49] 📣 emit ready
   744.889ms [⏱️471] [🔧wtw7v8nddkq] 🔌 onConnect delay from lookup
   744.958ms [⏱️471] [🔧wtw7v8nddkq] ⚠️  HANDLE MISMATCH!
   745.003ms [⏱️471] [🔧wtw7v8nddkq]    My Handle: TCP 🔧=true 🆔=-22 📖=false
   745.031ms [⏱️471] [🔧wtw7v8nddkq]    Socket Handle: TCP 🔧=false 🆔=32 📖=false
   745.046ms [⏱️471] [🔧wtw7v8nddkq]    Object references are different!
   745.202ms [⏱️471] [🔧wtw7v8nddkq] 📣 emit connect
   745.250ms [⏱️471] [🔧wtw7v8nddkq] 🔬 _read(16384) ⏳=false 🔐=undefined 🇺🇸=passthrough 🔗=http://localhost:40417/ origFlowing=true
   745.293ms [⏱️471] [🔧wtw7v8nddkq] ✅ onReady
   745.317ms [⏱️471] [🔧wtw7v8nddkq] 📣 emit ready
   750.914ms [⏱️447] [🔧1l5ormck5jw] 🔌 onConnect delay from lookup
   750.957ms [⏱️447] [🔧1l5ormck5jw] ⚠️  HANDLE MISMATCH!
   750.985ms [⏱️447] [🔧1l5ormck5jw]    My Handle: TCP 🔧=true 🆔=-22 📖=false
   751.009ms [⏱️447] [🔧1l5ormck5jw]    Socket Handle: TCP 🔧=false 🆔=23 📖=false
   751.034ms [⏱️447] [🔧1l5ormck5jw]    Object references are different!
   751.061ms [⏱️447] [🔧1l5ormck5jw] 📣 emit connect
   751.090ms [⏱️447] [🔧1l5ormck5jw] 🔬 _read(16384) ⏳=false 🔐=undefined 🇺🇸=passthrough 🔗=http://localhost:40417/ origFlowing=true
   751.122ms [⏱️447] [🔧1l5ormck5jw] ✅ onReady
   751.145ms [⏱️447] [🔧1l5ormck5jw] 📣 emit ready
   750.156ms [⏱️465] [🔧4bg1j0gixhj] 🔌 onConnect delay from lookup
   750.207ms [⏱️465] [🔧4bg1j0gixhj] ⚠️  HANDLE MISMATCH!
   750.273ms [⏱️465] [🔧4bg1j0gixhj]    My Handle: TCP 🔧=true 🆔=-22 📖=false
   750.333ms [⏱️465] [🔧4bg1j0gixhj]    Socket Handle: TCP 🔧=false 🆔=29 📖=false
   750.392ms [⏱️465] [🔧4bg1j0gixhj]    Object references are different!
   750.459ms [⏱️465] [🔧4bg1j0gixhj] 📣 emit connect
   750.536ms [⏱️465] [🔧4bg1j0gixhj] 🔬 _read(16384) ⏳=false 🔐=undefined 🇺🇸=passthrough 🔗=http://localhost:40417/ origFlowing=true
   750.593ms [⏱️465] [🔧4bg1j0gixhj] ✅ onReady
   750.625ms [⏱️465] [🔧4bg1j0gixhj] 📣 emit ready
   774.770ms [⏱️477] [🔧g7hbd8w6bnn] 🔌 onConnect delay from lookup
   774.852ms [⏱️477] [🔧g7hbd8w6bnn] ⚠️  HANDLE MISMATCH!
   774.904ms [⏱️477] [🔧g7hbd8w6bnn]    My Handle: TCP 🔧=true 🆔=-22 📖=false
   774.937ms [⏱️477] [🔧g7hbd8w6bnn]    Socket Handle: TCP 🔧=false 🆔=34 📖=false
   774.958ms [⏱️477] [🔧g7hbd8w6bnn]    Object references are different!
   774.983ms [⏱️477] [🔧g7hbd8w6bnn] 📣 emit connect
   775.018ms [⏱️477] [🔧g7hbd8w6bnn] 🔬 _read(16384) ⏳=false 🔐=undefined 🇺🇸=passthrough 🔗=http://localhost:40417/ origFlowing=true
   775.056ms [⏱️477] [🔧g7hbd8w6bnn] ✅ onReady
   775.076ms [⏱️477] [🔧g7hbd8w6bnn] 📣 emit ready
   808.131ms [⏱️492] [🔧itn63hfqnfa] 🔌 onConnect delay from lookup
   808.242ms [⏱️492] [🔧itn63hfqnfa] ⚠️  HANDLE MISMATCH!
   808.288ms [⏱️492] [🔧itn63hfqnfa]    My Handle: TCP 🔧=true 🆔=-22 📖=false
   808.328ms [⏱️492] [🔧itn63hfqnfa]    Socket Handle: TCP 🔧=false 🆔=40 📖=false
   808.357ms [⏱️492] [🔧itn63hfqnfa]    Object references are different!
   808.388ms [⏱️492] [🔧itn63hfqnfa] 📣 emit connect
   808.422ms [⏱️492] [🔧itn63hfqnfa] 🔬 _read(16384) ⏳=false 🔐=undefined 🇺🇸=passthrough 🔗=http://localhost:40417/ origFlowing=true
   808.495ms [⏱️492] [🔧itn63hfqnfa] ✅ onReady
   808.534ms [⏱️492] [🔧itn63hfqnfa] 📣 emit ready
   817.635ms [⏱️476] [🔧g7hbd8w6bnn] 💾 onData 120b
   817.835ms [⏱️476] [🔧g7hbd8w6bnn] 📤 push([{"type":"Buffer","data":[72,84,84,80,47)
   817.888ms [⏱️64] [🔧g7hbd8w6bnn] 📨 onResponseStart status=200 🇺🇸=passthrough
   818.328ms [⏱️64] [🔧g7hbd8w6bnn] 📥 onResponseBody 2b
   818.390ms [⏱️64] [🔧g7hbd8w6bnn] 🎬 onResponseEnd hasStream=true
   818.440ms [⏱️476] [🔧g7hbd8w6bnn] 📣 emit data 120 chars
   818.503ms [⏱️659] [🔧g7hbd8w6bnn] 📖 read([0])
   818.543ms [⏱️659] [🔧g7hbd8w6bnn] 🔬 _read(16384) ⏳=false 🔐=undefined 🇺🇸=passthrough 🔗=http://localhost:40417/ origFlowing=true
   818.690ms [⏱️136] [🔧g7hbd8w6bnn] ▶️ resume()
   818.885ms [⏱️674] [🔧g7hbd8w6bnn] 📣 emit free
     0.001ms [⏱️0] [🔧fbrvu6kkzg7] 🏗️  constructor starting
     0.106ms [⏱️0] [🔧fbrvu6kkzg7] 🏗️  constructor complete http://localhost:40417/
   819.424ms [⏱️0] [🔧g7hbd8w6bnn] 🧨 _destroy ⏳=false 🔐=undefined 🇺🇸=passthrough 🔗=http://localhost:40417/
   819.472ms [⏱️0] [🔧g7hbd8w6bnn] 🔧 HANDLE.close()
   819.629ms [⏱️0] [🔧g7hbd8w6bnn]     at closeSocketHandle (node:net:341:18)
   819.675ms [⏱️0] [🔧g7hbd8w6bnn]     at Socket._destroy (node:net:831:7)
   819.701ms [⏱️0] [🔧g7hbd8w6bnn]     at _destroy (node:internal/streams/destroy:121:10)
   819.716ms [⏱️0] [🔧g7hbd8w6bnn]     at MockHttpSocket.destroy (node:internal/streams/destroy:83:5)
   819.735ms [⏱️0] [🔧g7hbd8w6bnn]     at Writable.destroy (node:internal/streams/writable:1122:11)
   819.756ms [⏱️0] [🔧g7hbd8w6bnn]     at MockHttpSocket.destroy (/workspace/repro/node_modules/.pnpm/@mswjs+interceptors@file+../node_modules/@mswjs/interceptors/lib/node/chunk-EFBKFUZI.js:574:18)
   819.770ms [⏱️0] [🔧g7hbd8w6bnn]     at MockAgent.<anonymous> (node:_http_agent:154:14)
   819.791ms [⏱️0] [🔧g7hbd8w6bnn]     at MockAgent.emit (node:events:524:28)
     0.679ms [⏱️681] [🔧fbrvu6kkzg7] ▶️ resume()
     0.731ms [⏱️681] [🔧fbrvu6kkzg7] ✍️  write 95b 🇺🇸=unknown buffered=0
     0.782ms [⏱️679] [🔧fbrvu6kkzg7] 🚀 onRequestStart path=/ keepAlive=true
     1.280ms [⏱️681] [🔧fbrvu6kkzg7] ✍️  write 2b 🇺🇸=unknown buffered=1
     1.318ms [⏱️681] [🔧fbrvu6kkzg7] ✍️  write 9b 🇺🇸=unknown buffered=2
     1.355ms [⏱️679] [🔧fbrvu6kkzg7] 📦 onRequestBody 9b
     1.392ms [⏱️681] [🔧fbrvu6kkzg7] ✍️  write 2b 🇺🇸=unknown buffered=3
     1.416ms [⏱️681] [🔧fbrvu6kkzg7] ✍️  write 5b 🇺🇸=unknown buffered=4
     1.648ms [⏱️679] [🔧fbrvu6kkzg7] 🏁 onRequestEnd hasStream=true
     1.721ms [⏱️685] [🔧fbrvu6kkzg7] 📖 read([0])
     1.754ms [⏱️685] [🔧fbrvu6kkzg7] 🔬 _read(16384) ⏳=true 🔐=undefined 🇺🇸=unknown 🔗=http://localhost:40417/ origFlowing=undefined
     1.784ms [⏱️685] [🔧fbrvu6kkzg7] 📣 emit resume
     1.805ms [⏱️685] [🔧fbrvu6kkzg7] 📖 read()
     2.301ms [⏱️0] [🔧fbrvu6kkzg7] 💨 passthrough() 🧨=false ⏳=true
     2.419ms [⏱️0] [🔧fbrvu6kkzg7] 🔌 created originalSocket
     2.454ms [⏱️0] [🔧fbrvu6kkzg7] 🚽 flushing writeBuffer (5 items)
     2.536ms [⏱️699] [🔧fbrvu6kkzg7] ▶️ onResume
     2.564ms [⏱️699] [🔧fbrvu6kkzg7] 📣 emit resume
   819.624ms [⏱️495] [🔧cxrryjq7q3n] 🔌 onConnect delay from lookup
   819.657ms [⏱️495] [🔧cxrryjq7q3n] ⚠️  HANDLE MISMATCH!
   819.683ms [⏱️495] [🔧cxrryjq7q3n]    My Handle: TCP 🔧=true 🆔=-22 📖=false
   819.704ms [⏱️495] [🔧cxrryjq7q3n]    Socket Handle: TCP 🔧=false 🆔=41 📖=false
   819.726ms [⏱️495] [🔧cxrryjq7q3n]    Object references are different!
   819.748ms [⏱️495] [🔧cxrryjq7q3n] 📣 emit connect
   819.796ms [⏱️495] [🔧cxrryjq7q3n] 🔬 _read(16384) ⏳=false 🔐=undefined 🇺🇸=passthrough 🔗=http://localhost:40417/ origFlowing=true
   819.852ms [⏱️495] [🔧cxrryjq7q3n] ✅ onReady
   819.876ms [⏱️495] [🔧cxrryjq7q3n] 📣 emit ready
     3.069ms [⏱️698] [🔧fbrvu6kkzg7] 🔍 onLookup args=[null,"::1",6,"localhost"]
     3.109ms [⏱️698] [🔧fbrvu6kkzg7] 📣 emit lookup null, "::1", 6, "localhost"
     3.139ms [⏱️698] [🔧fbrvu6kkzg7] 🔍 onLookup args=[null,"127.0.0.1",4,"localhost"]
     3.214ms [⏱️698] [🔧fbrvu6kkzg7] 📣 emit lookup null, "127.0.0.1", 4, "localhost"
   257.265ms [⏱️561] [🔧j8nlkyg5iyh] 🔧 HANDLE.close()
   257.489ms [⏱️561] [🔧j8nlkyg5iyh]     at Timeout.internalConnectMultipleTimeout [as _onTimeout] (node:net:1712:10)
   257.527ms [⏱️561] [🔧j8nlkyg5iyh]     at listOnTimeout (node:internal/timers:583:11)
   257.566ms [⏱️561] [🔧j8nlkyg5iyh]     at process.processTimers (node:internal/timers:519:7)
   257.657ms [⏱️561] [🔧j8nlkyg5iyh] 🔧 HANDLE.close()
   257.724ms [⏱️561] [🔧j8nlkyg5iyh]     at Socket.reinitializeHandle (node:net:1265:17)
   257.745ms [⏱️561] [🔧j8nlkyg5iyh]     at internalConnectMultiple (node:net:1131:30)
   257.759ms [⏱️561] [🔧j8nlkyg5iyh]     at Timeout.internalConnectMultipleTimeout (node:net:1716:5)
   257.829ms [⏱️561] [🔧j8nlkyg5iyh]     at listOnTimeout (node:internal/timers:583:11)
   257.850ms [⏱️561] [🔧j8nlkyg5iyh]     at process.processTimers (node:internal/timers:519:7)
   861.402ms [⏱️450] [🔧enzvb01991] 🔌 onConnect delay from lookup
   861.451ms [⏱️450] [🔧enzvb01991] ⚠️  HANDLE MISMATCH!
   861.470ms [⏱️450] [🔧enzvb01991]    My Handle: TCP 🔧=true 🆔=-22 📖=false
   861.490ms [⏱️450] [🔧enzvb01991]    Socket Handle: TCP 🔧=false 🆔=24 📖=false
   861.510ms [⏱️450] [🔧enzvb01991]    Object references are different!
   861.538ms [⏱️450] [🔧enzvb01991] 📣 emit connect
   861.594ms [⏱️450] [🔧enzvb01991] 🔬 _read(16384) ⏳=false 🔐=undefined 🇺🇸=passthrough 🔗=http://localhost:40417/ origFlowing=true
   861.649ms [⏱️450] [🔧enzvb01991] ✅ onReady
   861.677ms [⏱️450] [🔧enzvb01991] 📣 emit ready
   253.591ms [⏱️617] [🔧4ui6875euxt] 🔧 HANDLE.close()
   253.900ms [⏱️617] [🔧4ui6875euxt]     at Timeout.internalConnectMultipleTimeout [as _onTimeout] (node:net:1712:10)
   253.967ms [⏱️617] [🔧4ui6875euxt]     at listOnTimeout (node:internal/timers:583:11)
   254.062ms [⏱️617] [🔧4ui6875euxt]     at process.processTimers (node:internal/timers:519:7)
   254.156ms [⏱️617] [🔧4ui6875euxt] 🔧 HANDLE.close()
   254.217ms [⏱️617] [🔧4ui6875euxt]     at Socket.reinitializeHandle (node:net:1265:17)
   254.232ms [⏱️617] [🔧4ui6875euxt]     at internalConnectMultiple (node:net:1131:30)
   254.246ms [⏱️617] [🔧4ui6875euxt]     at Timeout.internalConnectMultipleTimeout (node:net:1716:5)
   254.267ms [⏱️617] [🔧4ui6875euxt]     at listOnTimeout (node:internal/timers:583:11)
   254.287ms [⏱️617] [🔧4ui6875euxt]     at process.processTimers (node:internal/timers:519:7)
   998.783ms [⏱️473] [🔧z04aaskvp49] 💾 onData 120b
   998.874ms [⏱️473] [🔧z04aaskvp49] 📤 push([{"type":"Buffer","data":[72,84,84,80,47)
   998.907ms [⏱️61] [🔧z04aaskvp49] 📨 onResponseStart status=200 🇺🇸=passthrough
   999.321ms [⏱️61] [🔧z04aaskvp49] 📥 onResponseBody 2b
   999.418ms [⏱️61] [🔧z04aaskvp49] 🎬 onResponseEnd hasStream=true
   999.546ms [⏱️473] [🔧z04aaskvp49] 📣 emit data 120 chars
   999.712ms [⏱️761] [🔧z04aaskvp49] 📖 read([0])
   999.800ms [⏱️761] [🔧z04aaskvp49] 🔬 _read(16384) ⏳=false 🔐=undefined 🇺🇸=passthrough 🔗=http://localhost:40417/ origFlowing=true
  1000.131ms [⏱️132] [🔧z04aaskvp49] ▶️ resume()
  1000.542ms [⏱️776] [🔧z04aaskvp49] 📣 emit free
     0.001ms [⏱️0] [🔧ouwandqo0fe] 🏗️  constructor starting
     0.152ms [⏱️0] [🔧ouwandqo0fe] 🏗️  constructor complete http://localhost:40417/
  1001.444ms [⏱️0] [🔧z04aaskvp49] 🧨 _destroy ⏳=false 🔐=undefined 🇺🇸=passthrough 🔗=http://localhost:40417/
  1001.544ms [⏱️0] [🔧z04aaskvp49] 🔧 HANDLE.close()
  1001.739ms [⏱️0] [🔧z04aaskvp49]     at closeSocketHandle (node:net:341:18)
  1001.781ms [⏱️0] [🔧z04aaskvp49]     at Socket._destroy (node:net:831:7)
  1001.833ms [⏱️0] [🔧z04aaskvp49]     at _destroy (node:internal/streams/destroy:121:10)
  1001.907ms [⏱️0] [🔧z04aaskvp49]     at MockHttpSocket.destroy (node:internal/streams/destroy:83:5)
  1002.011ms [⏱️0] [🔧z04aaskvp49]     at Writable.destroy (node:internal/streams/writable:1122:11)
  1002.129ms [⏱️0] [🔧z04aaskvp49]     at MockHttpSocket.destroy (/workspace/repro/node_modules/.pnpm/@mswjs+interceptors@file+../node_modules/@mswjs/interceptors/lib/node/chunk-EFBKFUZI.js:574:18)
  1002.170ms [⏱️0] [🔧z04aaskvp49]     at MockAgent.<anonymous> (node:_http_agent:154:14)
  1002.203ms [⏱️0] [🔧z04aaskvp49]     at MockAgent.emit (node:events:524:28)
     1.230ms [⏱️783] [🔧ouwandqo0fe] ▶️ resume()
     1.299ms [⏱️783] [🔧ouwandqo0fe] ✍️  write 95b 🇺🇸=unknown buffered=0
     1.352ms [⏱️781] [🔧ouwandqo0fe] 🚀 onRequestStart path=/ keepAlive=true
     2.343ms [⏱️783] [🔧ouwandqo0fe] ✍️  write 2b 🇺🇸=unknown buffered=1
     2.422ms [⏱️783] [🔧ouwandqo0fe] ✍️  write 9b 🇺🇸=unknown buffered=2
     2.467ms [⏱️781] [🔧ouwandqo0fe] 📦 onRequestBody 9b
     2.546ms [⏱️783] [🔧ouwandqo0fe] ✍️  write 2b 🇺🇸=unknown buffered=3
     2.580ms [⏱️783] [🔧ouwandqo0fe] ✍️  write 5b 🇺🇸=unknown buffered=4
     2.611ms [⏱️781] [🔧ouwandqo0fe] 🏁 onRequestEnd hasStream=true
     2.693ms [⏱️787] [🔧ouwandqo0fe] 📖 read([0])
     2.749ms [⏱️787] [🔧ouwandqo0fe] 🔬 _read(16384) ⏳=true 🔐=undefined 🇺🇸=unknown 🔗=http://localhost:40417/ origFlowing=undefined
     2.794ms [⏱️787] [🔧ouwandqo0fe] 📣 emit resume
     2.823ms [⏱️787] [🔧ouwandqo0fe] 📖 read()
     3.335ms [⏱️0] [🔧ouwandqo0fe] 💨 passthrough() 🧨=false ⏳=true
     3.468ms [⏱️0] [🔧ouwandqo0fe] 🔌 created originalSocket
     3.517ms [⏱️0] [🔧ouwandqo0fe] 🚽 flushing writeBuffer (5 items)
     3.597ms [⏱️801] [🔧ouwandqo0fe] ▶️ onResume
     3.620ms [⏱️801] [🔧ouwandqo0fe] 📣 emit resume
     3.759ms [⏱️800] [🔧ouwandqo0fe] 🔍 onLookup args=[null,"::1",6,"localhost"]
     3.804ms [⏱️800] [🔧ouwandqo0fe] 📣 emit lookup null, "::1", 6, "localhost"
     3.843ms [⏱️800] [🔧ouwandqo0fe] 🔍 onLookup args=[null,"127.0.0.1",4,"localhost"]
     3.914ms [⏱️800] [🔧ouwandqo0fe] 📣 emit lookup null, "127.0.0.1", 4, "localhost"
  1010.551ms [⏱️494] [🔧cxrryjq7q3n] 💾 onData 120b
  1010.621ms [⏱️494] [🔧cxrryjq7q3n] 📤 push([{"type":"Buffer","data":[72,84,84,80,47)
  1010.660ms [⏱️85] [🔧cxrryjq7q3n] 📨 onResponseStart status=200 🇺🇸=passthrough
  1010.959ms [⏱️85] [🔧cxrryjq7q3n] 📥 onResponseBody 2b
  1011.012ms [⏱️85] [🔧cxrryjq7q3n] 🎬 onResponseEnd hasStream=true
  1011.074ms [⏱️494] [🔧cxrryjq7q3n] 📣 emit data 120 chars
  1011.120ms [⏱️809] [🔧cxrryjq7q3n] 📖 read([0])
  1011.153ms [⏱️809] [🔧cxrryjq7q3n] 🔬 _read(16384) ⏳=false 🔐=undefined 🇺🇸=passthrough 🔗=http://localhost:40417/ origFlowing=true
  1011.245ms [⏱️164] [🔧cxrryjq7q3n] ▶️ resume()
  1011.449ms [⏱️824] [🔧cxrryjq7q3n] 📣 emit free
     0.001ms [⏱️0] [🔧j9z4jr0gsb] 🏗️  constructor starting
     0.091ms [⏱️0] [🔧j9z4jr0gsb] 🏗️  constructor complete http://localhost:40417/
  1012.153ms [⏱️0] [🔧cxrryjq7q3n] 🧨 _destroy ⏳=false 🔐=undefined 🇺🇸=passthrough 🔗=http://localhost:40417/
  1012.196ms [⏱️0] [🔧cxrryjq7q3n] 🔧 HANDLE.close()
  1012.313ms [⏱️0] [🔧cxrryjq7q3n]     at closeSocketHandle (node:net:341:18)
  1012.337ms [⏱️0] [🔧cxrryjq7q3n]     at Socket._destroy (node:net:831:7)
  1012.358ms [⏱️0] [🔧cxrryjq7q3n]     at _destroy (node:internal/streams/destroy:121:10)
  1012.370ms [⏱️0] [🔧cxrryjq7q3n]     at MockHttpSocket.destroy (node:internal/streams/destroy:83:5)
  1012.391ms [⏱️0] [🔧cxrryjq7q3n]     at Writable.destroy (node:internal/streams/writable:1122:11)
  1012.406ms [⏱️0] [🔧cxrryjq7q3n]     at MockHttpSocket.destroy (/workspace/repro/node_modules/.pnpm/@mswjs+interceptors@file+../node_modules/@mswjs/interceptors/lib/node/chunk-EFBKFUZI.js:574:18)
  1012.424ms [⏱️0] [🔧cxrryjq7q3n]     at MockAgent.<anonymous> (node:_http_agent:154:14)
  1012.437ms [⏱️0] [🔧cxrryjq7q3n]     at MockAgent.emit (node:events:524:28)
     0.630ms [⏱️831] [🔧j9z4jr0gsb] ▶️ resume()
     0.688ms [⏱️831] [🔧j9z4jr0gsb] ✍️  write 95b 🇺🇸=unknown buffered=0
     0.759ms [⏱️829] [🔧j9z4jr0gsb] 🚀 onRequestStart path=/ keepAlive=true
     1.359ms [⏱️831] [🔧j9z4jr0gsb] ✍️  write 2b 🇺🇸=unknown buffered=1
     1.408ms [⏱️831] [🔧j9z4jr0gsb] ✍️  write 9b 🇺🇸=unknown buffered=2
     1.449ms [⏱️829] [🔧j9z4jr0gsb] 📦 onRequestBody 9b
     1.493ms [⏱️831] [🔧j9z4jr0gsb] ✍️  write 2b 🇺🇸=unknown buffered=3
     1.524ms [⏱️831] [🔧j9z4jr0gsb] ✍️  write 5b 🇺🇸=unknown buffered=4
     1.558ms [⏱️829] [🔧j9z4jr0gsb] 🏁 onRequestEnd hasStream=true
     1.621ms [⏱️835] [🔧j9z4jr0gsb] 📖 read([0])
     1.662ms [⏱️835] [🔧j9z4jr0gsb] 🔬 _read(16384) ⏳=true 🔐=undefined 🇺🇸=unknown 🔗=http://localhost:40417/ origFlowing=undefined
     1.704ms [⏱️835] [🔧j9z4jr0gsb] 📣 emit resume
     1.735ms [⏱️835] [🔧j9z4jr0gsb] 📖 read()
     2.272ms [⏱️0] [🔧j9z4jr0gsb] 💨 passthrough() 🧨=false ⏳=true
     2.417ms [⏱️0] [🔧j9z4jr0gsb] 🔌 created originalSocket
     2.465ms [⏱️0] [🔧j9z4jr0gsb] 🚽 flushing writeBuffer (5 items)
     2.605ms [⏱️849] [🔧j9z4jr0gsb] ▶️ onResume
     2.649ms [⏱️849] [🔧j9z4jr0gsb] 📣 emit resume
     2.744ms [⏱️848] [🔧j9z4jr0gsb] 🔍 onLookup args=[null,"::1",6,"localhost"]
     2.804ms [⏱️848] [🔧j9z4jr0gsb] 📣 emit lookup null, "::1", 6, "localhost"
     2.830ms [⏱️848] [🔧j9z4jr0gsb] 🔍 onLookup args=[null,"127.0.0.1",4,"localhost"]
     2.858ms [⏱️848] [🔧j9z4jr0gsb] 📣 emit lookup null, "127.0.0.1", 4, "localhost"
  1040.074ms [⏱️459] [🔧jxrxdbiaepg] 🔌 onConnect delay from lookup
  1040.147ms [⏱️459] [🔧jxrxdbiaepg] ⚠️  HANDLE MISMATCH!
  1040.172ms [⏱️459] [🔧jxrxdbiaepg]    My Handle: TCP 🔧=true 🆔=-22 📖=false
  1040.192ms [⏱️459] [🔧jxrxdbiaepg]    Socket Handle: TCP 🔧=false 🆔=27 📖=false
  1040.209ms [⏱️459] [🔧jxrxdbiaepg]    Object references are different!
  1040.234ms [⏱️459] [🔧jxrxdbiaepg] 📣 emit connect
  1040.264ms [⏱️459] [🔧jxrxdbiaepg] 🔬 _read(16384) ⏳=false 🔐=undefined 🇺🇸=passthrough 🔗=http://localhost:40417/ origFlowing=true
  1040.294ms [⏱️459] [🔧jxrxdbiaepg] ✅ onReady
  1040.313ms [⏱️459] [🔧jxrxdbiaepg] 📣 emit ready
  1069.311ms [⏱️489] [🔧hp3a6g3qt0c] 🔌 onConnect delay from lookup
  1069.497ms [⏱️489] [🔧hp3a6g3qt0c] ⚠️  HANDLE MISMATCH!
  1069.566ms [⏱️489] [🔧hp3a6g3qt0c]    My Handle: TCP 🔧=true 🆔=-22 📖=false
  1069.671ms [⏱️489] [🔧hp3a6g3qt0c]    Socket Handle: TCP 🔧=false 🆔=39 📖=false
  1069.722ms [⏱️489] [🔧hp3a6g3qt0c]    Object references are different!
  1069.791ms [⏱️489] [🔧hp3a6g3qt0c] 📣 emit connect
  1069.851ms [⏱️489] [🔧hp3a6g3qt0c] 🔬 _read(16384) ⏳=false 🔐=undefined 🇺🇸=passthrough 🔗=http://localhost:40417/ origFlowing=true
  1069.946ms [⏱️489] [🔧hp3a6g3qt0c] ✅ onReady
  1070.104ms [⏱️489] [🔧hp3a6g3qt0c] 📣 emit ready
   254.276ms [⏱️705] [🔧fbrvu6kkzg7] 🔧 HANDLE.close()
   254.445ms [⏱️705] [🔧fbrvu6kkzg7]     at Timeout.internalConnectMultipleTimeout [as _onTimeout] (node:net:1712:10)
   254.486ms [⏱️705] [🔧fbrvu6kkzg7]     at listOnTimeout (node:internal/timers:583:11)
   254.521ms [⏱️705] [🔧fbrvu6kkzg7]     at process.processTimers (node:internal/timers:519:7)
   254.614ms [⏱️705] [🔧fbrvu6kkzg7] 🔧 HANDLE.close()
   254.704ms [⏱️705] [🔧fbrvu6kkzg7]     at Socket.reinitializeHandle (node:net:1265:17)
   254.744ms [⏱️705] [🔧fbrvu6kkzg7]     at internalConnectMultiple (node:net:1131:30)
   254.777ms [⏱️705] [🔧fbrvu6kkzg7]     at Timeout.internalConnectMultipleTimeout (node:net:1716:5)
   254.843ms [⏱️705] [🔧fbrvu6kkzg7]     at listOnTimeout (node:internal/timers:583:11)
   254.909ms [⏱️705] [🔧fbrvu6kkzg7]     at process.processTimers (node:internal/timers:519:7)
  1080.652ms [⏱️446] [🔧1l5ormck5jw] 💾 onData 120b
  1080.747ms [⏱️446] [🔧1l5ormck5jw] 📤 push([{"type":"Buffer","data":[72,84,84,80,47)
  1080.804ms [⏱️31] [🔧1l5ormck5jw] 📨 onResponseStart status=200 🇺🇸=passthrough
  1081.223ms [⏱️31] [🔧1l5ormck5jw] 📥 onResponseBody 2b
  1081.295ms [⏱️31] [🔧1l5ormck5jw] 🎬 onResponseEnd hasStream=true
  1081.348ms [⏱️446] [🔧1l5ormck5jw] 📣 emit data 120 chars
  1081.407ms [⏱️885] [🔧1l5ormck5jw] 📖 read([0])
  1081.444ms [⏱️885] [🔧1l5ormck5jw] 🔬 _read(16384) ⏳=false 🔐=undefined 🇺🇸=passthrough 🔗=http://localhost:40417/ origFlowing=true
  1081.564ms [⏱️92] [🔧1l5ormck5jw] ▶️ resume()
  1081.750ms [⏱️900] [🔧1l5ormck5jw] 📣 emit free
     0.001ms [⏱️0] [🔧0380tw7b4v16] 🏗️  constructor starting
     0.097ms [⏱️0] [🔧0380tw7b4v16] 🏗️  constructor complete http://localhost:40417/
  1082.258ms [⏱️0] [🔧1l5ormck5jw] 🧨 _destroy ⏳=false 🔐=undefined 🇺🇸=passthrough 🔗=http://localhost:40417/
  1082.307ms [⏱️0] [🔧1l5ormck5jw] 🔧 HANDLE.close()
  1082.424ms [⏱️0] [🔧1l5ormck5jw]     at closeSocketHandle (node:net:341:18)
  1082.462ms [⏱️0] [🔧1l5ormck5jw]     at Socket._destroy (node:net:831:7)
  1082.481ms [⏱️0] [🔧1l5ormck5jw]     at _destroy (node:internal/streams/destroy:121:10)
  1082.528ms [⏱️0] [🔧1l5ormck5jw]     at MockHttpSocket.destroy (node:internal/streams/destroy:83:5)
  1082.570ms [⏱️0] [🔧1l5ormck5jw]     at Writable.destroy (node:internal/streams/writable:1122:11)
  1082.591ms [⏱️0] [🔧1l5ormck5jw]     at MockHttpSocket.destroy (/workspace/repro/node_modules/.pnpm/@mswjs+interceptors@file+../node_modules/@mswjs/interceptors/lib/node/chunk-EFBKFUZI.js:574:18)
  1082.606ms [⏱️0] [🔧1l5ormck5jw]     at MockAgent.<anonymous> (node:_http_agent:154:14)
  1082.626ms [⏱️0] [🔧1l5ormck5jw]     at MockAgent.emit (node:events:524:28)
     0.711ms [⏱️907] [🔧0380tw7b4v16] ▶️ resume()
     0.810ms [⏱️907] [🔧0380tw7b4v16] ✍️  write 95b 🇺🇸=unknown buffered=0
     0.876ms [⏱️905] [🔧0380tw7b4v16] 🚀 onRequestStart path=/ keepAlive=true
     1.456ms [⏱️907] [🔧0380tw7b4v16] ✍️  write 2b 🇺🇸=unknown buffered=1
     1.519ms [⏱️907] [🔧0380tw7b4v16] ✍️  write 9b 🇺🇸=unknown buffered=2
     1.563ms [⏱️905] [🔧0380tw7b4v16] 📦 onRequestBody 9b
     1.636ms [⏱️907] [🔧0380tw7b4v16] ✍️  write 2b 🇺🇸=unknown buffered=3
     1.879ms [⏱️907] [🔧0380tw7b4v16] ✍️  write 5b 🇺🇸=unknown buffered=4
     1.933ms [⏱️905] [🔧0380tw7b4v16] 🏁 onRequestEnd hasStream=true
     2.082ms [⏱️911] [🔧0380tw7b4v16] 📖 read([0])
     2.240ms [⏱️911] [🔧0380tw7b4v16] 🔬 _read(16384) ⏳=true 🔐=undefined 🇺🇸=unknown 🔗=http://localhost:40417/ origFlowing=undefined
     2.282ms [⏱️911] [🔧0380tw7b4v16] 📣 emit resume
     2.300ms [⏱️911] [🔧0380tw7b4v16] 📖 read()
     3.239ms [⏱️0] [🔧0380tw7b4v16] 💨 passthrough() 🧨=false ⏳=true
     3.388ms [⏱️0] [🔧0380tw7b4v16] 🔌 created originalSocket
     3.430ms [⏱️0] [🔧0380tw7b4v16] 🚽 flushing writeBuffer (5 items)
     3.510ms [⏱️925] [🔧0380tw7b4v16] ▶️ onResume
     3.542ms [⏱️925] [🔧0380tw7b4v16] 📣 emit resume
     3.614ms [⏱️924] [🔧0380tw7b4v16] 🔍 onLookup args=[null,"::1",6,"localhost"]
     3.645ms [⏱️924] [🔧0380tw7b4v16] 📣 emit lookup null, "::1", 6, "localhost"
     3.689ms [⏱️924] [🔧0380tw7b4v16] 🔍 onLookup args=[null,"127.0.0.1",4,"localhost"]
     3.706ms [⏱️924] [🔧0380tw7b4v16] 📣 emit lookup null, "127.0.0.1", 4, "localhost"
  1097.769ms [⏱️485] [🔧68mxlhctsu6] 💾 onData 120b
  1097.941ms [⏱️485] [🔧68mxlhctsu6] 📤 push([{"type":"Buffer","data":[72,84,84,80,47)
  1097.994ms [⏱️76] [🔧68mxlhctsu6] 📨 onResponseStart status=200 🇺🇸=passthrough
  1098.561ms [⏱️76] [🔧68mxlhctsu6] 📥 onResponseBody 2b
  1098.606ms [⏱️76] [🔧68mxlhctsu6] 🎬 onResponseEnd hasStream=true
  1098.651ms [⏱️485] [🔧68mxlhctsu6] 📣 emit data 120 chars
  1098.701ms [⏱️939] [🔧68mxlhctsu6] 📖 read([0])
  1098.732ms [⏱️939] [🔧68mxlhctsu6] 🔬 _read(16384) ⏳=false 🔐=undefined 🇺🇸=passthrough 🔗=http://localhost:40417/ origFlowing=true
  1098.836ms [⏱️152] [🔧68mxlhctsu6] ▶️ resume()
  1099.003ms [⏱️954] [🔧68mxlhctsu6] 📣 emit free
     0.001ms [⏱️0] [🔧lmqnq4iom3t] 🏗️  constructor starting
     0.071ms [⏱️0] [🔧lmqnq4iom3t] 🏗️  constructor complete http://localhost:40417/
  1099.432ms [⏱️0] [🔧68mxlhctsu6] 🧨 _destroy ⏳=false 🔐=undefined 🇺🇸=passthrough 🔗=http://localhost:40417/
  1099.475ms [⏱️0] [🔧68mxlhctsu6] 🔧 HANDLE.close()
  1099.584ms [⏱️0] [🔧68mxlhctsu6]     at closeSocketHandle (node:net:341:18)
  1099.609ms [⏱️0] [🔧68mxlhctsu6]     at Socket._destroy (node:net:831:7)
  1099.621ms [⏱️0] [🔧68mxlhctsu6]     at _destroy (node:internal/streams/destroy:121:10)
  1099.638ms [⏱️0] [🔧68mxlhctsu6]     at MockHttpSocket.destroy (node:internal/streams/destroy:83:5)
  1099.649ms [⏱️0] [🔧68mxlhctsu6]     at Writable.destroy (node:internal/streams/writable:1122:11)
  1099.668ms [⏱️0] [🔧68mxlhctsu6]     at MockHttpSocket.destroy (/workspace/repro/node_modules/.pnpm/@mswjs+interceptors@file+../node_modules/@mswjs/interceptors/lib/node/chunk-EFBKFUZI.js:574:18)
  1099.688ms [⏱️0] [🔧68mxlhctsu6]     at MockAgent.<anonymous> (node:_http_agent:154:14)
  1099.700ms [⏱️0] [🔧68mxlhctsu6]     at MockAgent.emit (node:events:524:28)
     0.544ms [⏱️961] [🔧lmqnq4iom3t] ▶️ resume()
     0.591ms [⏱️961] [🔧lmqnq4iom3t] ✍️  write 95b 🇺🇸=unknown buffered=0
     0.646ms [⏱️959] [🔧lmqnq4iom3t] 🚀 onRequestStart path=/ keepAlive=true
     1.182ms [⏱️961] [🔧lmqnq4iom3t] ✍️  write 2b 🇺🇸=unknown buffered=1
     1.244ms [⏱️961] [🔧lmqnq4iom3t] ✍️  write 9b 🇺🇸=unknown buffered=2
     1.297ms [⏱️959] [🔧lmqnq4iom3t] 📦 onRequestBody 9b
     1.336ms [⏱️961] [🔧lmqnq4iom3t] ✍️  write 2b 🇺🇸=unknown buffered=3
     1.358ms [⏱️961] [🔧lmqnq4iom3t] ✍️  write 5b 🇺🇸=unknown buffered=4
     1.383ms [⏱️959] [🔧lmqnq4iom3t] 🏁 onRequestEnd hasStream=true
     1.425ms [⏱️965] [🔧lmqnq4iom3t] 📖 read([0])
     1.461ms [⏱️965] [🔧lmqnq4iom3t] 🔬 _read(16384) ⏳=true 🔐=undefined 🇺🇸=unknown 🔗=http://localhost:40417/ origFlowing=undefined
     1.491ms [⏱️965] [🔧lmqnq4iom3t] 📣 emit resume
     1.512ms [⏱️965] [🔧lmqnq4iom3t] 📖 read()
     1.969ms [⏱️0] [🔧lmqnq4iom3t] 💨 passthrough() 🧨=false ⏳=true
     2.073ms [⏱️0] [🔧lmqnq4iom3t] 🔌 created originalSocket
     2.104ms [⏱️0] [🔧lmqnq4iom3t] 🚽 flushing writeBuffer (5 items)
     2.171ms [⏱️979] [🔧lmqnq4iom3t] ▶️ onResume
     2.195ms [⏱️979] [🔧lmqnq4iom3t] 📣 emit resume
     2.282ms [⏱️978] [🔧lmqnq4iom3t] 🔍 onLookup args=[null,"::1",6,"localhost"]
     2.341ms [⏱️978] [🔧lmqnq4iom3t] 📣 emit lookup null, "::1", 6, "localhost"
     2.388ms [⏱️978] [🔧lmqnq4iom3t] 🔍 onLookup args=[null,"127.0.0.1",4,"localhost"]
     2.413ms [⏱️978] [🔧lmqnq4iom3t] 📣 emit lookup null, "127.0.0.1", 4, "localhost"
  1119.762ms [⏱️491] [🔧itn63hfqnfa] 💾 onData 120b
  1119.883ms [⏱️491] [🔧itn63hfqnfa] 📤 push([{"type":"Buffer","data":[72,84,84,80,47)
  1119.936ms [⏱️82] [🔧itn63hfqnfa] 📨 onResponseStart status=200 🇺🇸=passthrough
  1120.637ms [⏱️82] [🔧itn63hfqnfa] 📥 onResponseBody 2b
  1120.683ms [⏱️82] [🔧itn63hfqnfa] 🎬 onResponseEnd hasStream=true
  1120.727ms [⏱️491] [🔧itn63hfqnfa] 📣 emit data 120 chars
  1120.779ms [⏱️990] [🔧itn63hfqnfa] 📖 read([0])
  1120.811ms [⏱️990] [🔧itn63hfqnfa] 🔬 _read(16384) ⏳=false 🔐=undefined 🇺🇸=passthrough 🔗=http://localhost:40417/ origFlowing=true
  1120.923ms [⏱️160] [🔧itn63hfqnfa] ▶️ resume()
  1121.082ms [⏱️1005] [🔧itn63hfqnfa] 📣 emit free
     0.001ms [⏱️0] [🔧usmszwhqav] 🏗️  constructor starting
     0.077ms [⏱️0] [🔧usmszwhqav] 🏗️  constructor complete http://localhost:40417/
  1121.517ms [⏱️0] [🔧itn63hfqnfa] 🧨 _destroy ⏳=false 🔐=undefined 🇺🇸=passthrough 🔗=http://localhost:40417/
  1121.561ms [⏱️0] [🔧itn63hfqnfa] 🔧 HANDLE.close()
  1121.683ms [⏱️0] [🔧itn63hfqnfa]     at closeSocketHandle (node:net:341:18)
  1121.764ms [⏱️0] [🔧itn63hfqnfa]     at Socket._destroy (node:net:831:7)
  1121.792ms [⏱️0] [🔧itn63hfqnfa]     at _destroy (node:internal/streams/destroy:121:10)
  1121.832ms [⏱️0] [🔧itn63hfqnfa]     at MockHttpSocket.destroy (node:internal/streams/destroy:83:5)
  1121.855ms [⏱️0] [🔧itn63hfqnfa]     at Writable.destroy (node:internal/streams/writable:1122:11)
  1121.873ms [⏱️0] [🔧itn63hfqnfa]     at MockHttpSocket.destroy (/workspace/repro/node_modules/.pnpm/@mswjs+interceptors@file+../node_modules/@mswjs/interceptors/lib/node/chunk-EFBKFUZI.js:574:18)
  1121.886ms [⏱️0] [🔧itn63hfqnfa]     at MockAgent.<anonymous> (node:_http_agent:154:14)
  1121.909ms [⏱️0] [🔧itn63hfqnfa]     at MockAgent.emit (node:events:524:28)
     0.651ms [⏱️1012] [🔧usmszwhqav] ▶️ resume()
     0.691ms [⏱️1012] [🔧usmszwhqav] ✍️  write 95b 🇺🇸=unknown buffered=0
     0.726ms [⏱️1010] [🔧usmszwhqav] 🚀 onRequestStart path=/ keepAlive=true
     1.067ms [⏱️1012] [🔧usmszwhqav] ✍️  write 2b 🇺🇸=unknown buffered=1
     1.094ms [⏱️1012] [🔧usmszwhqav] ✍️  write 9b 🇺🇸=unknown buffered=2
     1.122ms [⏱️1010] [🔧usmszwhqav] 📦 onRequestBody 9b
     1.150ms [⏱️1012] [🔧usmszwhqav] ✍️  write 2b 🇺🇸=unknown buffered=3
     1.173ms [⏱️1012] [🔧usmszwhqav] ✍️  write 5b 🇺🇸=unknown buffered=4
     1.200ms [⏱️1010] [🔧usmszwhqav] 🏁 onRequestEnd hasStream=true
     1.247ms [⏱️1016] [🔧usmszwhqav] 📖 read([0])
     1.274ms [⏱️1016] [🔧usmszwhqav] 🔬 _read(16384) ⏳=true 🔐=undefined 🇺🇸=unknown 🔗=http://localhost:40417/ origFlowing=undefined
     1.332ms [⏱️1016] [🔧usmszwhqav] 📣 emit resume
     1.369ms [⏱️1016] [🔧usmszwhqav] 📖 read()
     1.748ms [⏱️0] [🔧usmszwhqav] 💨 passthrough() 🧨=false ⏳=true
     1.838ms [⏱️0] [🔧usmszwhqav] 🔌 created originalSocket
     1.867ms [⏱️0] [🔧usmszwhqav] 🚽 flushing writeBuffer (5 items)
     1.930ms [⏱️1030] [🔧usmszwhqav] ▶️ onResume
     1.954ms [⏱️1030] [🔧usmszwhqav] 📣 emit resume
     2.058ms [⏱️1029] [🔧usmszwhqav] 🔍 onLookup args=[null,"::1",6,"localhost"]
     2.079ms [⏱️1029] [🔧usmszwhqav] 📣 emit lookup null, "::1", 6, "localhost"
     2.103ms [⏱️1029] [🔧usmszwhqav] 🔍 onLookup args=[null,"127.0.0.1",4,"localhost"]
     2.123ms [⏱️1029] [🔧usmszwhqav] 📣 emit lookup null, "127.0.0.1", 4, "localhost"
  1158.630ms [⏱️480] [🔧tpexxu076qi] 🔌 onConnect delay from lookup
  1158.749ms [⏱️480] [🔧tpexxu076qi] ⚠️  HANDLE MISMATCH!
  1158.785ms [⏱️480] [🔧tpexxu076qi]    My Handle: TCP 🔧=true 🆔=-22 📖=false
  1158.821ms [⏱️480] [🔧tpexxu076qi]    Socket Handle: TCP 🔧=false 🆔=36 📖=false
  1158.901ms [⏱️480] [🔧tpexxu076qi]    Object references are different!
  1158.933ms [⏱️480] [🔧tpexxu076qi] 📣 emit connect
  1158.978ms [⏱️480] [🔧tpexxu076qi] 🔬 _read(16384) ⏳=false 🔐=undefined 🇺🇸=passthrough 🔗=http://localhost:40417/ origFlowing=true
  1159.020ms [⏱️480] [🔧tpexxu076qi] ✅ onReady
  1159.072ms [⏱️480] [🔧tpexxu076qi] 📣 emit ready
  1202.876ms [⏱️453] [🔧4zuwcrajtmd] 🔌 onConnect delay from lookup
  1202.984ms [⏱️453] [🔧4zuwcrajtmd] ⚠️  HANDLE MISMATCH!
  1203.053ms [⏱️453] [🔧4zuwcrajtmd]    My Handle: TCP 🔧=true 🆔=-22 📖=false
  1203.110ms [⏱️453] [🔧4zuwcrajtmd]    Socket Handle: TCP 🔧=false 🆔=25 📖=false
  1203.168ms [⏱️453] [🔧4zuwcrajtmd]    Object references are different!
  1203.227ms [⏱️453] [🔧4zuwcrajtmd] 📣 emit connect
  1203.299ms [⏱️453] [🔧4zuwcrajtmd] 🔬 _read(16384) ⏳=false 🔐=undefined 🇺🇸=passthrough 🔗=http://localhost:40417/ origFlowing=true
  1203.420ms [⏱️453] [🔧4zuwcrajtmd] ✅ onReady
  1203.462ms [⏱️453] [🔧4zuwcrajtmd] 📣 emit ready
  1225.795ms [⏱️461] [🔧3eayqv7zaul] 💾 onData 120b
  1225.961ms [⏱️461] [🔧3eayqv7zaul] 📤 push([{"type":"Buffer","data":[72,84,84,80,47)
  1226.011ms [⏱️46] [🔧3eayqv7zaul] 📨 onResponseStart status=200 🇺🇸=passthrough
  1226.561ms [⏱️46] [🔧3eayqv7zaul] 📥 onResponseBody 2b
  1226.658ms [⏱️46] [🔧3eayqv7zaul] 🎬 onResponseEnd hasStream=true
  1227.062ms [⏱️461] [🔧3eayqv7zaul] 📣 emit data 120 chars
  1227.205ms [⏱️1054] [🔧3eayqv7zaul] 📖 read([0])
  1227.289ms [⏱️1054] [🔧3eayqv7zaul] 🔬 _read(16384) ⏳=false 🔐=undefined 🇺🇸=passthrough 🔗=http://localhost:40417/ origFlowing=true
  1227.553ms [⏱️112] [🔧3eayqv7zaul] ▶️ resume()
  1227.926ms [⏱️1069] [🔧3eayqv7zaul] 📣 emit free
     0.001ms [⏱️0] [🔧vrpg1ldqn8] 🏗️  constructor starting
     0.290ms [⏱️0] [🔧vrpg1ldqn8] 🏗️  constructor complete http://localhost:40417/
  1228.958ms [⏱️0] [🔧3eayqv7zaul] 🧨 _destroy ⏳=false 🔐=undefined 🇺🇸=passthrough 🔗=http://localhost:40417/
  1229.050ms [⏱️0] [🔧3eayqv7zaul] 🔧 HANDLE.close()
  1229.195ms [⏱️0] [🔧3eayqv7zaul]     at closeSocketHandle (node:net:341:18)
  1229.257ms [⏱️0] [🔧3eayqv7zaul]     at Socket._destroy (node:net:831:7)
  1229.300ms [⏱️0] [🔧3eayqv7zaul]     at _destroy (node:internal/streams/destroy:121:10)
  1229.318ms [⏱️0] [🔧3eayqv7zaul]     at MockHttpSocket.destroy (node:internal/streams/destroy:83:5)
  1229.344ms [⏱️0] [🔧3eayqv7zaul]     at Writable.destroy (node:internal/streams/writable:1122:11)
  1229.362ms [⏱️0] [🔧3eayqv7zaul]     at MockHttpSocket.destroy (/workspace/repro/node_modules/.pnpm/@mswjs+interceptors@file+../node_modules/@mswjs/interceptors/lib/node/chunk-EFBKFUZI.js:574:18)
  1229.384ms [⏱️0] [🔧3eayqv7zaul]     at MockAgent.<anonymous> (node:_http_agent:154:14)
  1229.402ms [⏱️0] [🔧3eayqv7zaul]     at MockAgent.emit (node:events:524:28)
     1.047ms [⏱️1076] [🔧vrpg1ldqn8] ▶️ resume()
     1.107ms [⏱️1076] [🔧vrpg1ldqn8] ✍️  write 95b 🇺🇸=unknown buffered=0
     1.197ms [⏱️1074] [🔧vrpg1ldqn8] 🚀 onRequestStart path=/ keepAlive=true
     1.851ms [⏱️1076] [🔧vrpg1ldqn8] ✍️  write 2b 🇺🇸=unknown buffered=1
     1.932ms [⏱️1076] [🔧vrpg1ldqn8] ✍️  write 9b 🇺🇸=unknown buffered=2
     1.979ms [⏱️1074] [🔧vrpg1ldqn8] 📦 onRequestBody 9b
     2.021ms [⏱️1076] [🔧vrpg1ldqn8] ✍️  write 2b 🇺🇸=unknown buffered=3
     2.048ms [⏱️1076] [🔧vrpg1ldqn8] ✍️  write 5b 🇺🇸=unknown buffered=4
     2.069ms [⏱️1074] [🔧vrpg1ldqn8] 🏁 onRequestEnd hasStream=true
     2.124ms [⏱️1080] [🔧vrpg1ldqn8] 📖 read([0])
     2.159ms [⏱️1080] [🔧vrpg1ldqn8] 🔬 _read(16384) ⏳=true 🔐=undefined 🇺🇸=unknown 🔗=http://localhost:40417/ origFlowing=undefined
     2.191ms [⏱️1080] [🔧vrpg1ldqn8] 📣 emit resume
     2.216ms [⏱️1080] [🔧vrpg1ldqn8] 📖 read()
     2.873ms [⏱️0] [🔧vrpg1ldqn8] 💨 passthrough() 🧨=false ⏳=true
     3.055ms [⏱️0] [🔧vrpg1ldqn8] 🔌 created originalSocket
     3.096ms [⏱️0] [🔧vrpg1ldqn8] 🚽 flushing writeBuffer (5 items)
     3.197ms [⏱️1094] [🔧vrpg1ldqn8] ▶️ onResume
     3.225ms [⏱️1094] [🔧vrpg1ldqn8] 📣 emit resume
     3.305ms [⏱️1093] [🔧vrpg1ldqn8] 🔍 onLookup args=[null,"::1",6,"localhost"]
     3.342ms [⏱️1093] [🔧vrpg1ldqn8] 📣 emit lookup null, "::1", 6, "localhost"
     3.374ms [⏱️1093] [🔧vrpg1ldqn8] 🔍 onLookup args=[null,"127.0.0.1",4,"localhost"]
     3.404ms [⏱️1093] [🔧vrpg1ldqn8] 📣 emit lookup null, "127.0.0.1", 4, "localhost"
   260.107ms [⏱️805] [🔧ouwandqo0fe] 🔧 HANDLE.close()
   260.325ms [⏱️805] [🔧ouwandqo0fe]     at Timeout.internalConnectMultipleTimeout [as _onTimeout] (node:net:1712:10)
   260.355ms [⏱️805] [🔧ouwandqo0fe]     at listOnTimeout (node:internal/timers:583:11)
   260.371ms [⏱️805] [🔧ouwandqo0fe]     at process.processTimers (node:internal/timers:519:7)
   260.455ms [⏱️805] [🔧ouwandqo0fe] 🔧 HANDLE.close()
   260.539ms [⏱️805] [🔧ouwandqo0fe]     at Socket.reinitializeHandle (node:net:1265:17)
   260.563ms [⏱️805] [🔧ouwandqo0fe]     at internalConnectMultiple (node:net:1131:30)
   260.577ms [⏱️805] [🔧ouwandqo0fe]     at Timeout.internalConnectMultipleTimeout (node:net:1716:5)
   260.598ms [⏱️805] [🔧ouwandqo0fe]     at listOnTimeout (node:internal/timers:583:11)
   260.620ms [⏱️805] [🔧ouwandqo0fe]     at process.processTimers (node:internal/timers:519:7)
  1269.610ms [⏱️483] [🔧t092m9hoea] 🔌 onConnect delay from lookup
  1269.775ms [⏱️483] [🔧t092m9hoea] ⚠️  HANDLE MISMATCH!
  1269.840ms [⏱️483] [🔧t092m9hoea]    My Handle: TCP 🔧=true 🆔=-22 📖=false
  1269.895ms [⏱️483] [🔧t092m9hoea]    Socket Handle: TCP 🔧=false 🆔=37 📖=false
  1269.942ms [⏱️483] [🔧t092m9hoea]    Object references are different!
  1269.999ms [⏱️483] [🔧t092m9hoea] 📣 emit connect
  1270.078ms [⏱️483] [🔧t092m9hoea] 🔬 _read(16384) ⏳=false 🔐=undefined 🇺🇸=passthrough 🔗=http://localhost:40417/ origFlowing=true
  1270.165ms [⏱️483] [🔧t092m9hoea] ✅ onReady
  1270.219ms [⏱️483] [🔧t092m9hoea] 📣 emit ready
   257.038ms [⏱️853] [🔧j9z4jr0gsb] 🔧 HANDLE.close()
   257.206ms [⏱️853] [🔧j9z4jr0gsb]     at Timeout.internalConnectMultipleTimeout [as _onTimeout] (node:net:1712:10)
   257.266ms [⏱️853] [🔧j9z4jr0gsb]     at listOnTimeout (node:internal/timers:583:11)
   257.301ms [⏱️853] [🔧j9z4jr0gsb]     at process.processTimers (node:internal/timers:519:7)
   257.551ms [⏱️853] [🔧j9z4jr0gsb] 🔧 HANDLE.close()
   257.729ms [⏱️853] [🔧j9z4jr0gsb]     at Socket.reinitializeHandle (node:net:1265:17)
   257.793ms [⏱️853] [🔧j9z4jr0gsb]     at internalConnectMultiple (node:net:1131:30)
   257.829ms [⏱️853] [🔧j9z4jr0gsb]     at Timeout.internalConnectMultipleTimeout (node:net:1716:5)
   257.863ms [⏱️853] [🔧j9z4jr0gsb]     at listOnTimeout (node:internal/timers:583:11)
   257.903ms [⏱️853] [🔧j9z4jr0gsb]     at process.processTimers (node:internal/timers:519:7)
   687.988ms [⏱️719] [🔧4ui6875euxt] 🔌 onConnect delay from lookup
   688.122ms [⏱️719] [🔧4ui6875euxt] ⚠️  HANDLE MISMATCH!
   688.148ms [⏱️719] [🔧4ui6875euxt]    My Handle: TCP 🔧=true 🆔=-22 📖=false
   688.170ms [⏱️719] [🔧4ui6875euxt]    Socket Handle: TCP 🔧=false 🆔=31 📖=false
   688.192ms [⏱️719] [🔧4ui6875euxt]    Object references are different!
   688.233ms [⏱️719] [🔧4ui6875euxt] 📣 emit connect
   688.271ms [⏱️719] [🔧4ui6875euxt] 🔬 _read(16384) ⏳=false 🔐=undefined 🇺🇸=passthrough 🔗=http://localhost:40417/ origFlowing=true
   688.309ms [⏱️719] [🔧4ui6875euxt] ✅ onReady
   688.331ms [⏱️719] [🔧4ui6875euxt] 📣 emit ready
   254.894ms [⏱️929] [🔧0380tw7b4v16] 🔧 HANDLE.close()
   255.025ms [⏱️929] [🔧0380tw7b4v16]     at Timeout.internalConnectMultipleTimeout [as _onTimeout] (node:net:1712:10)
   255.072ms [⏱️929] [🔧0380tw7b4v16]     at listOnTimeout (node:internal/timers:583:11)
   255.097ms [⏱️929] [🔧0380tw7b4v16]     at process.processTimers (node:internal/timers:519:7)
   255.163ms [⏱️929] [🔧0380tw7b4v16] 🔧 HANDLE.close()
   255.227ms [⏱️929] [🔧0380tw7b4v16]     at Socket.reinitializeHandle (node:net:1265:17)
   255.242ms [⏱️929] [🔧0380tw7b4v16]     at internalConnectMultiple (node:net:1131:30)
   255.265ms [⏱️929] [🔧0380tw7b4v16]     at Timeout.internalConnectMultipleTimeout (node:net:1716:5)
   255.286ms [⏱️929] [🔧0380tw7b4v16]     at listOnTimeout (node:internal/timers:583:11)
   255.300ms [⏱️929] [🔧0380tw7b4v16]     at process.processTimers (node:internal/timers:519:7)
   256.756ms [⏱️983] [🔧lmqnq4iom3t] 🔧 HANDLE.close()
   256.983ms [⏱️983] [🔧lmqnq4iom3t]     at Timeout.internalConnectMultipleTimeout [as _onTimeout] (node:net:1712:10)
   257.015ms [⏱️983] [🔧lmqnq4iom3t]     at listOnTimeout (node:internal/timers:583:11)
   257.040ms [⏱️983] [🔧lmqnq4iom3t]     at process.processTimers (node:internal/timers:519:7)
   257.110ms [⏱️983] [🔧lmqnq4iom3t] 🔧 HANDLE.close()
   257.230ms [⏱️983] [🔧lmqnq4iom3t]     at Socket.reinitializeHandle (node:net:1265:17)
   257.326ms [⏱️983] [🔧lmqnq4iom3t]     at internalConnectMultiple (node:net:1131:30)
   257.366ms [⏱️983] [🔧lmqnq4iom3t]     at Timeout.internalConnectMultipleTimeout (node:net:1716:5)
   257.421ms [⏱️983] [🔧lmqnq4iom3t]     at listOnTimeout (node:internal/timers:583:11)
   257.474ms [⏱️983] [🔧lmqnq4iom3t]     at process.processTimers (node:internal/timers:519:7)
   257.374ms [⏱️1034] [🔧usmszwhqav] 🔧 HANDLE.close()
   257.582ms [⏱️1034] [🔧usmszwhqav]     at Timeout.internalConnectMultipleTimeout [as _onTimeout] (node:net:1712:10)
   257.606ms [⏱️1034] [🔧usmszwhqav]     at listOnTimeout (node:internal/timers:583:11)
   257.624ms [⏱️1034] [🔧usmszwhqav]     at process.processTimers (node:internal/timers:519:7)
   257.693ms [⏱️1034] [🔧usmszwhqav] 🔧 HANDLE.close()
   257.741ms [⏱️1034] [🔧usmszwhqav]     at Socket.reinitializeHandle (node:net:1265:17)
   257.758ms [⏱️1034] [🔧usmszwhqav]     at internalConnectMultiple (node:net:1131:30)
   257.784ms [⏱️1034] [🔧usmszwhqav]     at Timeout.internalConnectMultipleTimeout (node:net:1716:5)
   257.794ms [⏱️1034] [🔧usmszwhqav]     at listOnTimeout (node:internal/timers:583:11)
   257.811ms [⏱️1034] [🔧usmszwhqav]     at process.processTimers (node:internal/timers:519:7)
   307.189ms [⏱️1126] [🔧0380tw7b4v16] 🔌 onConnect delay from lookup
   307.301ms [⏱️1126] [🔧0380tw7b4v16] ⚠️  HANDLE MISMATCH!
   307.361ms [⏱️1126] [🔧0380tw7b4v16]    My Handle: TCP 🔧=true 🆔=-22 📖=false
   307.414ms [⏱️1126] [🔧0380tw7b4v16]    Socket Handle: TCP 🔧=false 🆔=58 📖=false
   307.478ms [⏱️1126] [🔧0380tw7b4v16]    Object references are different!
   307.535ms [⏱️1126] [🔧0380tw7b4v16] 📣 emit connect
   307.703ms [⏱️1126] [🔧0380tw7b4v16] 🔬 _read(16384) ⏳=false 🔐=undefined 🇺🇸=passthrough 🔗=http://localhost:40417/ origFlowing=true
   307.819ms [⏱️1126] [🔧0380tw7b4v16] ✅ onReady
   307.884ms [⏱️1126] [🔧0380tw7b4v16] 📣 emit ready
  1406.756ms [⏱️488] [🔧hp3a6g3qt0c] 💾 onData 120b
  1406.917ms [⏱️488] [🔧hp3a6g3qt0c] 📤 push([{"type":"Buffer","data":[72,84,84,80,47)
  1407.009ms [⏱️79] [🔧hp3a6g3qt0c] 📨 onResponseStart status=200 🇺🇸=passthrough
  1408.041ms [⏱️79] [🔧hp3a6g3qt0c] 📥 onResponseBody 2b
  1408.085ms [⏱️79] [🔧hp3a6g3qt0c] 🎬 onResponseEnd hasStream=true
  1408.127ms [⏱️488] [🔧hp3a6g3qt0c] 📣 emit data 120 chars
  1408.170ms [⏱️1150] [🔧hp3a6g3qt0c] 📖 read([0])
  1408.198ms [⏱️1150] [🔧hp3a6g3qt0c] 🔬 _read(16384) ⏳=false 🔐=undefined 🇺🇸=passthrough 🔗=http://localhost:40417/ origFlowing=true
  1408.300ms [⏱️156] [🔧hp3a6g3qt0c] ▶️ resume()
  1408.450ms [⏱️1165] [🔧hp3a6g3qt0c] 📣 emit free
     0.001ms [⏱️0] [🔧ayd2dqcboys] 🏗️  constructor starting
     0.062ms [⏱️0] [🔧ayd2dqcboys] 🏗️  constructor complete http://localhost:40417/
  1408.846ms [⏱️0] [🔧hp3a6g3qt0c] 🧨 _destroy ⏳=false 🔐=undefined 🇺🇸=passthrough 🔗=http://localhost:40417/
  1408.882ms [⏱️0] [🔧hp3a6g3qt0c] 🔧 HANDLE.close()
  1408.992ms [⏱️0] [🔧hp3a6g3qt0c]     at closeSocketHandle (node:net:341:18)
  1409.014ms [⏱️0] [🔧hp3a6g3qt0c]     at Socket._destroy (node:net:831:7)
  1409.033ms [⏱️0] [🔧hp3a6g3qt0c]     at _destroy (node:internal/streams/destroy:121:10)
  1409.048ms [⏱️0] [🔧hp3a6g3qt0c]     at MockHttpSocket.destroy (node:internal/streams/destroy:83:5)
  1409.058ms [⏱️0] [🔧hp3a6g3qt0c]     at Writable.destroy (node:internal/streams/writable:1122:11)
  1409.074ms [⏱️0] [🔧hp3a6g3qt0c]     at MockHttpSocket.destroy (/workspace/repro/node_modules/.pnpm/@mswjs+interceptors@file+../node_modules/@mswjs/interceptors/lib/node/chunk-EFBKFUZI.js:574:18)
  1409.085ms [⏱️0] [🔧hp3a6g3qt0c]     at MockAgent.<anonymous> (node:_http_agent:154:14)
  1409.099ms [⏱️0] [🔧hp3a6g3qt0c]     at MockAgent.emit (node:events:524:28)
     0.449ms [⏱️1172] [🔧ayd2dqcboys] ▶️ resume()
     0.483ms [⏱️1172] [🔧ayd2dqcboys] ✍️  write 95b 🇺🇸=unknown buffered=0
     0.523ms [⏱️1170] [🔧ayd2dqcboys] 🚀 onRequestStart path=/ keepAlive=true
     0.994ms [⏱️1172] [🔧ayd2dqcboys] ✍️  write 2b 🇺🇸=unknown buffered=1
     1.031ms [⏱️1172] [🔧ayd2dqcboys] ✍️  write 9b 🇺🇸=unknown buffered=2
     1.057ms [⏱️1170] [🔧ayd2dqcboys] 📦 onRequestBody 9b
     1.085ms [⏱️1172] [🔧ayd2dqcboys] ✍️  write 2b 🇺🇸=unknown buffered=3
     1.103ms [⏱️1172] [🔧ayd2dqcboys] ✍️  write 5b 🇺🇸=unknown buffered=4
     1.119ms [⏱️1170] [🔧ayd2dqcboys] 🏁 onRequestEnd hasStream=true
     1.265ms [⏱️1176] [🔧ayd2dqcboys] 📖 read([0])
     1.297ms [⏱️1176] [🔧ayd2dqcboys] 🔬 _read(16384) ⏳=true 🔐=undefined 🇺🇸=unknown 🔗=http://localhost:40417/ origFlowing=undefined
     1.324ms [⏱️1176] [🔧ayd2dqcboys] 📣 emit resume
     1.336ms [⏱️1176] [🔧ayd2dqcboys] 📖 read()
     1.820ms [⏱️0] [🔧ayd2dqcboys] 💨 passthrough() 🧨=false ⏳=true
     1.950ms [⏱️0] [🔧ayd2dqcboys] 🔌 created originalSocket
     1.978ms [⏱️0] [🔧ayd2dqcboys] 🚽 flushing writeBuffer (5 items)
     2.044ms [⏱️1190] [🔧ayd2dqcboys] ▶️ onResume
     2.065ms [⏱️1190] [🔧ayd2dqcboys] 📣 emit resume
     2.158ms [⏱️1189] [🔧ayd2dqcboys] 🔍 onLookup args=[null,"::1",6,"localhost"]
     2.188ms [⏱️1189] [🔧ayd2dqcboys] 📣 emit lookup null, "::1", 6, "localhost"
     2.214ms [⏱️1189] [🔧ayd2dqcboys] 🔍 onLookup args=[null,"127.0.0.1",4,"localhost"]
     2.233ms [⏱️1189] [🔧ayd2dqcboys] 📣 emit lookup null, "127.0.0.1", 4, "localhost"
  1420.815ms [⏱️458] [🔧jxrxdbiaepg] 💾 onData 120b
  1420.950ms [⏱️458] [🔧jxrxdbiaepg] 📤 push([{"type":"Buffer","data":[72,84,84,80,47)
  1421.011ms [⏱️43] [🔧jxrxdbiaepg] 📨 onResponseStart status=200 🇺🇸=passthrough
  1421.488ms [⏱️43] [🔧jxrxdbiaepg] 📥 onResponseBody 2b
  1421.546ms [⏱️43] [🔧jxrxdbiaepg] 🎬 onResponseEnd hasStream=true
  1421.601ms [⏱️458] [🔧jxrxdbiaepg] 📣 emit data 120 chars
  1421.647ms [⏱️1204] [🔧jxrxdbiaepg] 📖 read([0])
  1421.679ms [⏱️1204] [🔧jxrxdbiaepg] 🔬 _read(16384) ⏳=false 🔐=undefined 🇺🇸=passthrough 🔗=http://localhost:40417/ origFlowing=true
  1421.785ms [⏱️108] [🔧jxrxdbiaepg] ▶️ resume()
  1421.989ms [⏱️1219] [🔧jxrxdbiaepg] 📣 emit free
     0.001ms [⏱️0] [🔧4gbvx9788e2] 🏗️  constructor starting
     0.066ms [⏱️0] [🔧4gbvx9788e2] 🏗️  constructor complete http://localhost:40417/
  1422.419ms [⏱️0] [🔧jxrxdbiaepg] 🧨 _destroy ⏳=false 🔐=undefined 🇺🇸=passthrough 🔗=http://localhost:40417/
  1422.467ms [⏱️0] [🔧jxrxdbiaepg] 🔧 HANDLE.close()
  1422.580ms [⏱️0] [🔧jxrxdbiaepg]     at closeSocketHandle (node:net:341:18)
  1422.601ms [⏱️0] [🔧jxrxdbiaepg]     at Socket._destroy (node:net:831:7)
  1422.612ms [⏱️0] [🔧jxrxdbiaepg]     at _destroy (node:internal/streams/destroy:121:10)
  1422.631ms [⏱️0] [🔧jxrxdbiaepg]     at MockHttpSocket.destroy (node:internal/streams/destroy:83:5)
  1422.653ms [⏱️0] [🔧jxrxdbiaepg]     at Writable.destroy (node:internal/streams/writable:1122:11)
  1422.664ms [⏱️0] [🔧jxrxdbiaepg]     at MockHttpSocket.destroy (/workspace/repro/node_modules/.pnpm/@mswjs+interceptors@file+../node_modules/@mswjs/interceptors/lib/node/chunk-EFBKFUZI.js:574:18)
  1422.680ms [⏱️0] [🔧jxrxdbiaepg]     at MockAgent.<anonymous> (node:_http_agent:154:14)
  1422.698ms [⏱️0] [🔧jxrxdbiaepg]     at MockAgent.emit (node:events:524:28)
     0.642ms [⏱️1226] [🔧4gbvx9788e2] ▶️ resume()
     0.703ms [⏱️1226] [🔧4gbvx9788e2] ✍️  write 95b 🇺🇸=unknown buffered=0
     0.785ms [⏱️1224] [🔧4gbvx9788e2] 🚀 onRequestStart path=/ keepAlive=true
     1.414ms [⏱️1226] [🔧4gbvx9788e2] ✍️  write 2b 🇺🇸=unknown buffered=1
     1.459ms [⏱️1226] [🔧4gbvx9788e2] ✍️  write 9b 🇺🇸=unknown buffered=2
     1.495ms [⏱️1224] [🔧4gbvx9788e2] 📦 onRequestBody 9b
     1.534ms [⏱️1226] [🔧4gbvx9788e2] ✍️  write 2b 🇺🇸=unknown buffered=3
     1.566ms [⏱️1226] [🔧4gbvx9788e2] ✍️  write 5b 🇺🇸=unknown buffered=4
     1.596ms [⏱️1224] [🔧4gbvx9788e2] 🏁 onRequestEnd hasStream=true
     1.648ms [⏱️1230] [🔧4gbvx9788e2] 📖 read([0])
     1.683ms [⏱️1230] [🔧4gbvx9788e2] 🔬 _read(16384) ⏳=true 🔐=undefined 🇺🇸=unknown 🔗=http://localhost:40417/ origFlowing=undefined
     1.721ms [⏱️1230] [🔧4gbvx9788e2] 📣 emit resume
     1.739ms [⏱️1230] [🔧4gbvx9788e2] 📖 read()
     2.421ms [⏱️0] [🔧4gbvx9788e2] 💨 passthrough() 🧨=false ⏳=true
     2.559ms [⏱️0] [🔧4gbvx9788e2] 🔌 created originalSocket
     2.600ms [⏱️0] [🔧4gbvx9788e2] 🚽 flushing writeBuffer (5 items)
     2.726ms [⏱️1244] [🔧4gbvx9788e2] ▶️ onResume
     2.762ms [⏱️1244] [🔧4gbvx9788e2] 📣 emit resume
     2.833ms [⏱️1243] [🔧4gbvx9788e2] 🔍 onLookup args=[null,"::1",6,"localhost"]
     2.872ms [⏱️1243] [🔧4gbvx9788e2] 📣 emit lookup null, "::1", 6, "localhost"
     2.910ms [⏱️1243] [🔧4gbvx9788e2] 🔍 onLookup args=[null,"127.0.0.1",4,"localhost"]
     2.929ms [⏱️1243] [🔧4gbvx9788e2] 📣 emit lookup null, "127.0.0.1", 4, "localhost"
   847.199ms [⏱️711] [🔧j8nlkyg5iyh] 🔌 onConnect delay from lookup
   847.293ms [⏱️711] [🔧j8nlkyg5iyh] ⚠️  HANDLE MISMATCH!
   847.349ms [⏱️711] [🔧j8nlkyg5iyh]    My Handle: TCP 🔧=true 🆔=-22 📖=false
   847.403ms [⏱️711] [🔧j8nlkyg5iyh]    Socket Handle: TCP 🔧=false 🆔=35 📖=false
   847.453ms [⏱️711] [🔧j8nlkyg5iyh]    Object references are different!
   847.558ms [⏱️711] [🔧j8nlkyg5iyh] 📣 emit connect
   847.622ms [⏱️711] [🔧j8nlkyg5iyh] 🔬 _read(16384) ⏳=false 🔐=undefined 🇺🇸=passthrough 🔗=http://localhost:40417/ origFlowing=true
   847.799ms [⏱️711] [🔧j8nlkyg5iyh] ✅ onReady
   847.888ms [⏱️711] [🔧j8nlkyg5iyh] 📣 emit ready
  1440.155ms [⏱️467] [🔧24rvtx5utac] 💾 onData 120b
  1440.277ms [⏱️467] [🔧24rvtx5utac] 📤 push([{"type":"Buffer","data":[72,84,84,80,47)
  1440.371ms [⏱️52] [🔧24rvtx5utac] 📨 onResponseStart status=200 🇺🇸=passthrough
  1441.217ms [⏱️52] [🔧24rvtx5utac] 📥 onResponseBody 2b
  1441.315ms [⏱️52] [🔧24rvtx5utac] 🎬 onResponseEnd hasStream=true
  1441.404ms [⏱️467] [🔧24rvtx5utac] 📣 emit data 120 chars
  1441.506ms [⏱️1257] [🔧24rvtx5utac] 📖 read([0])
  1441.582ms [⏱️1257] [🔧24rvtx5utac] 🔬 _read(16384) ⏳=false 🔐=undefined 🇺🇸=passthrough 🔗=http://localhost:40417/ origFlowing=true
  1441.686ms [⏱️120] [🔧24rvtx5utac] ▶️ resume()
  1441.827ms [⏱️1272] [🔧24rvtx5utac] 📣 emit free
     0.001ms [⏱️0] [🔧ndz7n9u8pz8] 🏗️  constructor starting
     0.089ms [⏱️0] [🔧ndz7n9u8pz8] 🏗️  constructor complete http://localhost:40417/
  1442.219ms [⏱️0] [🔧24rvtx5utac] 🧨 _destroy ⏳=false 🔐=undefined 🇺🇸=passthrough 🔗=http://localhost:40417/
  1442.265ms [⏱️0] [🔧24rvtx5utac] 🔧 HANDLE.close()
  1442.362ms [⏱️0] [🔧24rvtx5utac]     at closeSocketHandle (node:net:341:18)
  1442.381ms [⏱️0] [🔧24rvtx5utac]     at Socket._destroy (node:net:831:7)
  1442.392ms [⏱️0] [🔧24rvtx5utac]     at _destroy (node:internal/streams/destroy:121:10)
  1442.401ms [⏱️0] [🔧24rvtx5utac]     at MockHttpSocket.destroy (node:internal/streams/destroy:83:5)
  1442.442ms [⏱️0] [🔧24rvtx5utac]     at Writable.destroy (node:internal/streams/writable:1122:11)
  1442.458ms [⏱️0] [🔧24rvtx5utac]     at MockHttpSocket.destroy (/workspace/repro/node_modules/.pnpm/@mswjs+interceptors@file+../node_modules/@mswjs/interceptors/lib/node/chunk-EFBKFUZI.js:574:18)
  1442.512ms [⏱️0] [🔧24rvtx5utac]     at MockAgent.<anonymous> (node:_http_agent:154:14)
  1442.547ms [⏱️0] [🔧24rvtx5utac]     at MockAgent.emit (node:events:524:28)
     0.592ms [⏱️1279] [🔧ndz7n9u8pz8] ▶️ resume()
     0.639ms [⏱️1279] [🔧ndz7n9u8pz8] ✍️  write 95b 🇺🇸=unknown buffered=0
     0.675ms [⏱️1277] [🔧ndz7n9u8pz8] 🚀 onRequestStart path=/ keepAlive=true
     0.998ms [⏱️1279] [🔧ndz7n9u8pz8] ✍️  write 2b 🇺🇸=unknown buffered=1
     1.027ms [⏱️1279] [🔧ndz7n9u8pz8] ✍️  write 9b 🇺🇸=unknown buffered=2
     1.069ms [⏱️1277] [🔧ndz7n9u8pz8] 📦 onRequestBody 9b
     1.094ms [⏱️1279] [🔧ndz7n9u8pz8] ✍️  write 2b 🇺🇸=unknown buffered=3
     1.117ms [⏱️1279] [🔧ndz7n9u8pz8] ✍️  write 5b 🇺🇸=unknown buffered=4
     1.143ms [⏱️1277] [🔧ndz7n9u8pz8] 🏁 onRequestEnd hasStream=true
     1.207ms [⏱️1283] [🔧ndz7n9u8pz8] 📖 read([0])
     1.256ms [⏱️1283] [🔧ndz7n9u8pz8] 🔬 _read(16384) ⏳=true 🔐=undefined 🇺🇸=unknown 🔗=http://localhost:40417/ origFlowing=undefined
     1.296ms [⏱️1283] [🔧ndz7n9u8pz8] 📣 emit resume
     1.324ms [⏱️1283] [🔧ndz7n9u8pz8] 📖 read()
     1.814ms [⏱️0] [🔧ndz7n9u8pz8] 💨 passthrough() 🧨=false ⏳=true
     1.932ms [⏱️0] [🔧ndz7n9u8pz8] 🔌 created originalSocket
     1.955ms [⏱️0] [🔧ndz7n9u8pz8] 🚽 flushing writeBuffer (5 items)
     2.050ms [⏱️1297] [🔧ndz7n9u8pz8] ▶️ onResume
     2.070ms [⏱️1297] [🔧ndz7n9u8pz8] 📣 emit resume
     2.125ms [⏱️1296] [🔧ndz7n9u8pz8] 🔍 onLookup args=[null,"::1",6,"localhost"]
     2.147ms [⏱️1296] [🔧ndz7n9u8pz8] 📣 emit lookup null, "::1", 6, "localhost"
     2.168ms [⏱️1296] [🔧ndz7n9u8pz8] 🔍 onLookup args=[null,"127.0.0.1",4,"localhost"]
     2.187ms [⏱️1296] [🔧ndz7n9u8pz8] 📣 emit lookup null, "127.0.0.1", 4, "localhost"
  1446.768ms [⏱️470] [🔧wtw7v8nddkq] 💾 onData 120b
  1446.836ms [⏱️470] [🔧wtw7v8nddkq] 📤 push([{"type":"Buffer","data":[72,84,84,80,47)
  1446.869ms [⏱️58] [🔧wtw7v8nddkq] 📨 onResponseStart status=200 🇺🇸=passthrough
  1447.281ms [⏱️58] [🔧wtw7v8nddkq] 📥 onResponseBody 2b
  1447.318ms [⏱️58] [🔧wtw7v8nddkq] 🎬 onResponseEnd hasStream=true
  1447.354ms [⏱️470] [🔧wtw7v8nddkq] 📣 emit data 120 chars
  1447.393ms [⏱️1305] [🔧wtw7v8nddkq] 📖 read([0])
  1447.417ms [⏱️1305] [🔧wtw7v8nddkq] 🔬 _read(16384) ⏳=false 🔐=undefined 🇺🇸=passthrough 🔗=http://localhost:40417/ origFlowing=true
  1447.505ms [⏱️128] [🔧wtw7v8nddkq] ▶️ resume()
  1447.617ms [⏱️1320] [🔧wtw7v8nddkq] 📣 emit free
     0.001ms [⏱️0] [🔧t18nvfqlp5] 🏗️  constructor starting
     0.072ms [⏱️0] [🔧t18nvfqlp5] 🏗️  constructor complete http://localhost:40417/
  1448.067ms [⏱️0] [🔧wtw7v8nddkq] 🧨 _destroy ⏳=false 🔐=undefined 🇺🇸=passthrough 🔗=http://localhost:40417/
  1448.105ms [⏱️0] [🔧wtw7v8nddkq] 🔧 HANDLE.close()
  1448.229ms [⏱️0] [🔧wtw7v8nddkq]     at closeSocketHandle (node:net:341:18)
  1448.253ms [⏱️0] [🔧wtw7v8nddkq]     at Socket._destroy (node:net:831:7)
  1448.272ms [⏱️0] [🔧wtw7v8nddkq]     at _destroy (node:internal/streams/destroy:121:10)
  1448.290ms [⏱️0] [🔧wtw7v8nddkq]     at MockHttpSocket.destroy (node:internal/streams/destroy:83:5)
  1448.309ms [⏱️0] [🔧wtw7v8nddkq]     at Writable.destroy (node:internal/streams/writable:1122:11)
  1448.328ms [⏱️0] [🔧wtw7v8nddkq]     at MockHttpSocket.destroy (/workspace/repro/node_modules/.pnpm/@mswjs+interceptors@file+../node_modules/@mswjs/interceptors/lib/node/chunk-EFBKFUZI.js:574:18)
  1448.348ms [⏱️0] [🔧wtw7v8nddkq]     at MockAgent.<anonymous> (node:_http_agent:154:14)
  1448.371ms [⏱️0] [🔧wtw7v8nddkq]     at MockAgent.emit (node:events:524:28)
     0.538ms [⏱️1327] [🔧t18nvfqlp5] ▶️ resume()
     0.582ms [⏱️1327] [🔧t18nvfqlp5] ✍️  write 95b 🇺🇸=unknown buffered=0
     0.620ms [⏱️1325] [🔧t18nvfqlp5] 🚀 onRequestStart path=/ keepAlive=true
     1.046ms [⏱️1327] [🔧t18nvfqlp5] ✍️  write 2b 🇺🇸=unknown buffered=1
     1.091ms [⏱️1327] [🔧t18nvfqlp5] ✍️  write 9b 🇺🇸=unknown buffered=2
     1.157ms [⏱️1325] [🔧t18nvfqlp5] 📦 onRequestBody 9b
     1.204ms [⏱️1327] [🔧t18nvfqlp5] ✍️  write 2b 🇺🇸=unknown buffered=3
     1.228ms [⏱️1327] [🔧t18nvfqlp5] ✍️  write 5b 🇺🇸=unknown buffered=4
     1.253ms [⏱️1325] [🔧t18nvfqlp5] 🏁 onRequestEnd hasStream=true
     1.301ms [⏱️1331] [🔧t18nvfqlp5] 📖 read([0])
     1.329ms [⏱️1331] [🔧t18nvfqlp5] 🔬 _read(16384) ⏳=true 🔐=undefined 🇺🇸=unknown 🔗=http://localhost:40417/ origFlowing=undefined
     1.355ms [⏱️1331] [🔧t18nvfqlp5] 📣 emit resume
     1.376ms [⏱️1331] [🔧t18nvfqlp5] 📖 read()
     1.806ms [⏱️0] [🔧t18nvfqlp5] 💨 passthrough() 🧨=false ⏳=true
     1.923ms [⏱️0] [🔧t18nvfqlp5] 🔌 created originalSocket
     1.959ms [⏱️0] [🔧t18nvfqlp5] 🚽 flushing writeBuffer (5 items)
     2.042ms [⏱️1345] [🔧t18nvfqlp5] ▶️ onResume
     2.071ms [⏱️1345] [🔧t18nvfqlp5] 📣 emit resume
     2.253ms [⏱️1344] [🔧t18nvfqlp5] 🔍 onLookup args=[null,"::1",6,"localhost"]
     2.304ms [⏱️1344] [🔧t18nvfqlp5] 📣 emit lookup null, "::1", 6, "localhost"
     2.341ms [⏱️1344] [🔧t18nvfqlp5] 🔍 onLookup args=[null,"127.0.0.1",4,"localhost"]
     2.369ms [⏱️1344] [🔧t18nvfqlp5] 📣 emit lookup null, "127.0.0.1", 4, "localhost"
   254.654ms [⏱️1098] [🔧vrpg1ldqn8] 🔧 HANDLE.close()
   254.793ms [⏱️1098] [🔧vrpg1ldqn8]     at Timeout.internalConnectMultipleTimeout [as _onTimeout] (node:net:1712:10)
   254.826ms [⏱️1098] [🔧vrpg1ldqn8]     at listOnTimeout (node:internal/timers:583:11)
   254.867ms [⏱️1098] [🔧vrpg1ldqn8]     at process.processTimers (node:internal/timers:519:7)
   254.942ms [⏱️1098] [🔧vrpg1ldqn8] 🔧 HANDLE.close()
   255.011ms [⏱️1098] [🔧vrpg1ldqn8]     at Socket.reinitializeHandle (node:net:1265:17)
   255.029ms [⏱️1098] [🔧vrpg1ldqn8]     at internalConnectMultiple (node:net:1131:30)
   255.041ms [⏱️1098] [🔧vrpg1ldqn8]     at Timeout.internalConnectMultipleTimeout (node:net:1716:5)
   255.057ms [⏱️1098] [🔧vrpg1ldqn8]     at listOnTimeout (node:internal/timers:583:11)
   255.073ms [⏱️1098] [🔧vrpg1ldqn8]     at process.processTimers (node:internal/timers:519:7)
   468.469ms [⏱️1106] [🔧j9z4jr0gsb] 🔌 onConnect delay from lookup
   468.566ms [⏱️1106] [🔧j9z4jr0gsb] ⚠️  HANDLE MISMATCH!
   468.653ms [⏱️1106] [🔧j9z4jr0gsb]    My Handle: TCP 🔧=true 🆔=-22 📖=false
   468.677ms [⏱️1106] [🔧j9z4jr0gsb]    Socket Handle: TCP 🔧=false 🆔=56 📖=false
   468.699ms [⏱️1106] [🔧j9z4jr0gsb]    Object references are different!
   468.772ms [⏱️1106] [🔧j9z4jr0gsb] 📣 emit connect
   468.802ms [⏱️1106] [🔧j9z4jr0gsb] 🔬 _read(16384) ⏳=false 🔐=undefined 🇺🇸=passthrough 🔗=http://localhost:40417/ origFlowing=true
   468.835ms [⏱️1106] [🔧j9z4jr0gsb] ✅ onReady
   468.853ms [⏱️1106] [🔧j9z4jr0gsb] 📣 emit ready
   679.276ms [⏱️875] [🔧fbrvu6kkzg7] 🔌 onConnect delay from lookup
   679.349ms [⏱️875] [🔧fbrvu6kkzg7] ⚠️  HANDLE MISMATCH!
   679.411ms [⏱️875] [🔧fbrvu6kkzg7]    My Handle: TCP 🔧=true 🆔=-22 📖=false
   679.462ms [⏱️875] [🔧fbrvu6kkzg7]    Socket Handle: TCP 🔧=false 🆔=48 📖=false
   679.567ms [⏱️875] [🔧fbrvu6kkzg7]    Object references are different!
   679.657ms [⏱️875] [🔧fbrvu6kkzg7] 📣 emit connect
   679.728ms [⏱️875] [🔧fbrvu6kkzg7] 🔬 _read(16384) ⏳=false 🔐=undefined 🇺🇸=passthrough 🔗=http://localhost:40417/ origFlowing=true
   679.821ms [⏱️875] [🔧fbrvu6kkzg7] ✅ onReady
   679.876ms [⏱️875] [🔧fbrvu6kkzg7] 📣 emit ready
  1546.915ms [⏱️464] [🔧4bg1j0gixhj] 💾 onData 120b
  1547.095ms [⏱️464] [🔧4bg1j0gixhj] 📤 push([{"type":"Buffer","data":[72,84,84,80,47)
  1547.185ms [⏱️49] [🔧4bg1j0gixhj] 📨 onResponseStart status=200 🇺🇸=passthrough
  1547.918ms [⏱️49] [🔧4bg1j0gixhj] 📥 onResponseBody 2b
  1548.044ms [⏱️49] [🔧4bg1j0gixhj] 🎬 onResponseEnd hasStream=true
  1548.160ms [⏱️464] [🔧4bg1j0gixhj] 📣 emit data 120 chars
  1548.260ms [⏱️1381] [🔧4bg1j0gixhj] 📖 read([0])
  1548.334ms [⏱️1381] [🔧4bg1j0gixhj] 🔬 _read(16384) ⏳=false 🔐=undefined 🇺🇸=passthrough 🔗=http://localhost:40417/ origFlowing=true
  1548.542ms [⏱️116] [🔧4bg1j0gixhj] ▶️ resume()
  1548.852ms [⏱️1396] [🔧4bg1j0gixhj] 📣 emit free
     0.001ms [⏱️0] [🔧urkp90p8slk] 🏗️  constructor starting
     0.127ms [⏱️0] [🔧urkp90p8slk] 🏗️  constructor complete http://localhost:40417/
  1549.565ms [⏱️0] [🔧4bg1j0gixhj] 🧨 _destroy ⏳=false 🔐=undefined 🇺🇸=passthrough 🔗=http://localhost:40417/
  1549.630ms [⏱️0] [🔧4bg1j0gixhj] 🔧 HANDLE.close()
  1549.861ms [⏱️0] [🔧4bg1j0gixhj]     at closeSocketHandle (node:net:341:18)
  1549.911ms [⏱️0] [🔧4bg1j0gixhj]     at Socket._destroy (node:net:831:7)
  1549.969ms [⏱️0] [🔧4bg1j0gixhj]     at _destroy (node:internal/streams/destroy:121:10)
  1550.019ms [⏱️0] [🔧4bg1j0gixhj]     at MockHttpSocket.destroy (node:internal/streams/destroy:83:5)
  1550.058ms [⏱️0] [🔧4bg1j0gixhj]     at Writable.destroy (node:internal/streams/writable:1122:11)
  1550.090ms [⏱️0] [🔧4bg1j0gixhj]     at MockHttpSocket.destroy (/workspace/repro/node_modules/.pnpm/@mswjs+interceptors@file+../node_modules/@mswjs/interceptors/lib/node/chunk-EFBKFUZI.js:574:18)
  1550.124ms [⏱️0] [🔧4bg1j0gixhj]     at MockAgent.<anonymous> (node:_http_agent:154:14)
  1550.158ms [⏱️0] [🔧4bg1j0gixhj]     at MockAgent.emit (node:events:524:28)
     1.048ms [⏱️1403] [🔧urkp90p8slk] ▶️ resume()
     1.142ms [⏱️1403] [🔧urkp90p8slk] ✍️  write 95b 🇺🇸=unknown buffered=0
     1.206ms [⏱️1401] [🔧urkp90p8slk] 🚀 onRequestStart path=/ keepAlive=true
     1.690ms [⏱️1403] [🔧urkp90p8slk] ✍️  write 2b 🇺🇸=unknown buffered=1
     1.729ms [⏱️1403] [🔧urkp90p8slk] ✍️  write 9b 🇺🇸=unknown buffered=2
     1.759ms [⏱️1401] [🔧urkp90p8slk] 📦 onRequestBody 9b
     1.792ms [⏱️1403] [🔧urkp90p8slk] ✍️  write 2b 🇺🇸=unknown buffered=3
     1.813ms [⏱️1403] [🔧urkp90p8slk] ✍️  write 5b 🇺🇸=unknown buffered=4
     1.839ms [⏱️1401] [🔧urkp90p8slk] 🏁 onRequestEnd hasStream=true
     1.884ms [⏱️1407] [🔧urkp90p8slk] 📖 read([0])
     1.913ms [⏱️1407] [🔧urkp90p8slk] 🔬 _read(16384) ⏳=true 🔐=undefined 🇺🇸=unknown 🔗=http://localhost:40417/ origFlowing=undefined
     1.943ms [⏱️1407] [🔧urkp90p8slk] 📣 emit resume
     1.963ms [⏱️1407] [🔧urkp90p8slk] 📖 read()
     2.602ms [⏱️0] [🔧urkp90p8slk] 💨 passthrough() 🧨=false ⏳=true
     2.761ms [⏱️0] [🔧urkp90p8slk] 🔌 created originalSocket
     2.807ms [⏱️0] [🔧urkp90p8slk] 🚽 flushing writeBuffer (5 items)
     2.896ms [⏱️1421] [🔧urkp90p8slk] ▶️ onResume
     2.932ms [⏱️1421] [🔧urkp90p8slk] 📣 emit resume
  1557.181ms [⏱️444] [🔧yd9n2t7aix] 🔌 onConnect delay from lookup
  1557.245ms [⏱️444] [🔧yd9n2t7aix] ⚠️  HANDLE MISMATCH!
  1557.285ms [⏱️444] [🔧yd9n2t7aix]    My Handle: TCP 🔧=true 🆔=-22 📖=false
  1557.306ms [⏱️444] [🔧yd9n2t7aix]    Socket Handle: TCP 🔧=false 🆔=22 📖=false
  1557.332ms [⏱️444] [🔧yd9n2t7aix]    Object references are different!
  1557.352ms [⏱️444] [🔧yd9n2t7aix] 📣 emit connect
  1557.411ms [⏱️444] [🔧yd9n2t7aix] 🔬 _read(16384) ⏳=false 🔐=undefined 🇺🇸=passthrough 🔗=http://localhost:40417/ origFlowing=true
  1557.462ms [⏱️444] [🔧yd9n2t7aix] ✅ onReady
  1557.492ms [⏱️444] [🔧yd9n2t7aix] 📣 emit ready
     3.638ms [⏱️1420] [🔧urkp90p8slk] 🔍 onLookup args=[null,"::1",6,"localhost"]
     3.683ms [⏱️1420] [🔧urkp90p8slk] 📣 emit lookup null, "::1", 6, "localhost"
     3.714ms [⏱️1420] [🔧urkp90p8slk] 🔍 onLookup args=[null,"127.0.0.1",4,"localhost"]
     3.742ms [⏱️1420] [🔧urkp90p8slk] 📣 emit lookup null, "127.0.0.1", 4, "localhost"
  1581.662ms [⏱️452] [🔧4zuwcrajtmd] 💾 onData 120b
  1581.774ms [⏱️452] [🔧4zuwcrajtmd] 📤 push([{"type":"Buffer","data":[72,84,84,80,47)
  1581.817ms [⏱️37] [🔧4zuwcrajtmd] 📨 onResponseStart status=200 🇺🇸=passthrough
  1582.138ms [⏱️37] [🔧4zuwcrajtmd] 📥 onResponseBody 2b
  1582.178ms [⏱️37] [🔧4zuwcrajtmd] 🎬 onResponseEnd hasStream=true
  1582.227ms [⏱️452] [🔧4zuwcrajtmd] 📣 emit data 120 chars
  1582.280ms [⏱️1437] [🔧4zuwcrajtmd] 📖 read([0])
  1582.312ms [⏱️1437] [🔧4zuwcrajtmd] 🔬 _read(16384) ⏳=false 🔐=undefined 🇺🇸=passthrough 🔗=http://localhost:40417/ origFlowing=true
  1582.442ms [⏱️100] [🔧4zuwcrajtmd] ▶️ resume()
  1582.620ms [⏱️1452] [🔧4zuwcrajtmd] 📣 emit free
     0.001ms [⏱️0] [🔧t0re08zme] 🏗️  constructor starting
     0.077ms [⏱️0] [🔧t0re08zme] 🏗️  constructor complete http://localhost:40417/
  1583.165ms [⏱️0] [🔧4zuwcrajtmd] 🧨 _destroy ⏳=false 🔐=undefined 🇺🇸=passthrough 🔗=http://localhost:40417/
  1583.200ms [⏱️0] [🔧4zuwcrajtmd] 🔧 HANDLE.close()
  1583.314ms [⏱️0] [🔧4zuwcrajtmd]     at closeSocketHandle (node:net:341:18)
  1583.339ms [⏱️0] [🔧4zuwcrajtmd]     at Socket._destroy (node:net:831:7)
  1583.359ms [⏱️0] [🔧4zuwcrajtmd]     at _destroy (node:internal/streams/destroy:121:10)
  1583.395ms [⏱️0] [🔧4zuwcrajtmd]     at MockHttpSocket.destroy (node:internal/streams/destroy:83:5)
  1583.410ms [⏱️0] [🔧4zuwcrajtmd]     at Writable.destroy (node:internal/streams/writable:1122:11)
  1583.429ms [⏱️0] [🔧4zuwcrajtmd]     at MockHttpSocket.destroy (/workspace/repro/node_modules/.pnpm/@mswjs+interceptors@file+../node_modules/@mswjs/interceptors/lib/node/chunk-EFBKFUZI.js:574:18)
  1583.444ms [⏱️0] [🔧4zuwcrajtmd]     at MockAgent.<anonymous> (node:_http_agent:154:14)
  1583.454ms [⏱️0] [🔧4zuwcrajtmd]     at MockAgent.emit (node:events:524:28)
     0.515ms [⏱️1459] [🔧t0re08zme] ▶️ resume()
     0.556ms [⏱️1459] [🔧t0re08zme] ✍️  write 95b 🇺🇸=unknown buffered=0
     0.598ms [⏱️1457] [🔧t0re08zme] 🚀 onRequestStart path=/ keepAlive=true
     0.987ms [⏱️1459] [🔧t0re08zme] ✍️  write 2b 🇺🇸=unknown buffered=1
     1.024ms [⏱️1459] [🔧t0re08zme] ✍️  write 9b 🇺🇸=unknown buffered=2
     1.062ms [⏱️1457] [🔧t0re08zme] 📦 onRequestBody 9b
     1.093ms [⏱️1459] [🔧t0re08zme] ✍️  write 2b 🇺🇸=unknown buffered=3
     1.117ms [⏱️1459] [🔧t0re08zme] ✍️  write 5b 🇺🇸=unknown buffered=4
     1.144ms [⏱️1457] [🔧t0re08zme] 🏁 onRequestEnd hasStream=true
     1.191ms [⏱️1463] [🔧t0re08zme] 📖 read([0])
     1.217ms [⏱️1463] [🔧t0re08zme] 🔬 _read(16384) ⏳=true 🔐=undefined 🇺🇸=unknown 🔗=http://localhost:40417/ origFlowing=undefined
     1.246ms [⏱️1463] [🔧t0re08zme] 📣 emit resume
     1.267ms [⏱️1463] [🔧t0re08zme] 📖 read()
     1.702ms [⏱️0] [🔧t0re08zme] 💨 passthrough() 🧨=false ⏳=true
     1.864ms [⏱️0] [🔧t0re08zme] 🔌 created originalSocket
     1.896ms [⏱️0] [🔧t0re08zme] 🚽 flushing writeBuffer (5 items)
     1.977ms [⏱️1477] [🔧t0re08zme] ▶️ onResume
     2.028ms [⏱️1477] [🔧t0re08zme] 📣 emit resume
     2.118ms [⏱️1476] [🔧t0re08zme] 🔍 onLookup args=[null,"::1",6,"localhost"]
     2.155ms [⏱️1476] [🔧t0re08zme] 📣 emit lookup null, "::1", 6, "localhost"
     2.182ms [⏱️1476] [🔧t0re08zme] 🔍 onLookup args=[null,"127.0.0.1",4,"localhost"]
     2.251ms [⏱️1476] [🔧t0re08zme] 📣 emit lookup null, "127.0.0.1", 4, "localhost"
  1622.548ms [⏱️479] [🔧tpexxu076qi] 💾 onData 120b
  1622.648ms [⏱️479] [🔧tpexxu076qi] 📤 push([{"type":"Buffer","data":[72,84,84,80,47)
  1622.680ms [⏱️70] [🔧tpexxu076qi] 📨 onResponseStart status=200 🇺🇸=passthrough
  1623.007ms [⏱️70] [🔧tpexxu076qi] 📥 onResponseBody 2b
  1623.046ms [⏱️70] [🔧tpexxu076qi] 🎬 onResponseEnd hasStream=true
  1623.104ms [⏱️479] [🔧tpexxu076qi] 📣 emit data 120 chars
  1623.222ms [⏱️1491] [🔧tpexxu076qi] 📖 read([0])
  1623.421ms [⏱️1491] [🔧tpexxu076qi] 🔬 _read(16384) ⏳=false 🔐=undefined 🇺🇸=passthrough 🔗=http://localhost:40417/ origFlowing=true
  1623.714ms [⏱️144] [🔧tpexxu076qi] ▶️ resume()
  1624.015ms [⏱️1506] [🔧tpexxu076qi] 📣 emit free
     0.002ms [⏱️0] [🔧iz6dh7igbj] 🏗️  constructor starting
     0.217ms [⏱️0] [🔧iz6dh7igbj] 🏗️  constructor complete http://localhost:40417/
  1624.883ms [⏱️0] [🔧tpexxu076qi] 🧨 _destroy ⏳=false 🔐=undefined 🇺🇸=passthrough 🔗=http://localhost:40417/
  1624.938ms [⏱️0] [🔧tpexxu076qi] 🔧 HANDLE.close()
  1625.107ms [⏱️0] [🔧tpexxu076qi]     at closeSocketHandle (node:net:341:18)
  1625.141ms [⏱️0] [🔧tpexxu076qi]     at Socket._destroy (node:net:831:7)
  1625.183ms [⏱️0] [🔧tpexxu076qi]     at _destroy (node:internal/streams/destroy:121:10)
  1625.202ms [⏱️0] [🔧tpexxu076qi]     at MockHttpSocket.destroy (node:internal/streams/destroy:83:5)
  1625.228ms [⏱️0] [🔧tpexxu076qi]     at Writable.destroy (node:internal/streams/writable:1122:11)
  1625.261ms [⏱️0] [🔧tpexxu076qi]     at MockHttpSocket.destroy (/workspace/repro/node_modules/.pnpm/@mswjs+interceptors@file+../node_modules/@mswjs/interceptors/lib/node/chunk-EFBKFUZI.js:574:18)
  1625.402ms [⏱️0] [🔧tpexxu076qi]     at MockAgent.<anonymous> (node:_http_agent:154:14)
  1625.456ms [⏱️0] [🔧tpexxu076qi]     at MockAgent.emit (node:events:524:28)
     1.056ms [⏱️1513] [🔧iz6dh7igbj] ▶️ resume()
     1.166ms [⏱️1513] [🔧iz6dh7igbj] ✍️  write 95b 🇺🇸=unknown buffered=0
     1.223ms [⏱️1511] [🔧iz6dh7igbj] 🚀 onRequestStart path=/ keepAlive=true
     1.622ms [⏱️1513] [🔧iz6dh7igbj] ✍️  write 2b 🇺🇸=unknown buffered=1
     1.658ms [⏱️1513] [🔧iz6dh7igbj] ✍️  write 9b 🇺🇸=unknown buffered=2
     1.686ms [⏱️1511] [🔧iz6dh7igbj] 📦 onRequestBody 9b
     1.715ms [⏱️1513] [🔧iz6dh7igbj] ✍️  write 2b 🇺🇸=unknown buffered=3
     1.735ms [⏱️1513] [🔧iz6dh7igbj] ✍️  write 5b 🇺🇸=unknown buffered=4
     1.750ms [⏱️1511] [🔧iz6dh7igbj] 🏁 onRequestEnd hasStream=true
     1.790ms [⏱️1517] [🔧iz6dh7igbj] 📖 read([0])
     1.816ms [⏱️1517] [🔧iz6dh7igbj] 🔬 _read(16384) ⏳=true 🔐=undefined 🇺🇸=unknown 🔗=http://localhost:40417/ origFlowing=undefined
     1.842ms [⏱️1517] [🔧iz6dh7igbj] 📣 emit resume
     1.862ms [⏱️1517] [🔧iz6dh7igbj] 📖 read()
     2.244ms [⏱️0] [🔧iz6dh7igbj] 💨 passthrough() 🧨=false ⏳=true
     2.355ms [⏱️0] [🔧iz6dh7igbj] 🔌 created originalSocket
     2.381ms [⏱️0] [🔧iz6dh7igbj] 🚽 flushing writeBuffer (5 items)
     2.444ms [⏱️1531] [🔧iz6dh7igbj] ▶️ onResume
     2.464ms [⏱️1531] [🔧iz6dh7igbj] 📣 emit resume
     2.563ms [⏱️1530] [🔧iz6dh7igbj] 🔍 onLookup args=[null,"::1",6,"localhost"]
     2.601ms [⏱️1530] [🔧iz6dh7igbj] 📣 emit lookup null, "::1", 6, "localhost"
     2.620ms [⏱️1530] [🔧iz6dh7igbj] 🔍 onLookup args=[null,"127.0.0.1",4,"localhost"]
     2.641ms [⏱️1530] [🔧iz6dh7igbj] 📣 emit lookup null, "127.0.0.1", 4, "localhost"
   224.682ms [⏱️1300] [🔧ndz7n9u8pz8] 🔌 onConnect delay from lookup
   224.766ms [⏱️1300] [🔧ndz7n9u8pz8] ✅ Handles match
   224.790ms [⏱️1300] [🔧ndz7n9u8pz8] 📣 emit connect
   224.817ms [⏱️1300] [🔧ndz7n9u8pz8] 🔬 _read(16384) ⏳=false 🔐=undefined 🇺🇸=passthrough 🔗=http://localhost:40417/ origFlowing=true
   224.851ms [⏱️1300] [🔧ndz7n9u8pz8] 🔧 HANDLE.readStart()
   224.966ms [⏱️1300] [🔧ndz7n9u8pz8]     at tryReadStart (node:net:705:30)
   224.985ms [⏱️1300] [🔧ndz7n9u8pz8]     at Socket._read (node:net:722:5)
   224.996ms [⏱️1300] [🔧ndz7n9u8pz8]     at Socket.<anonymous> (node:net:720:37)
   225.010ms [⏱️1300] [🔧ndz7n9u8pz8]     at Object.onceWrapper (node:events:638:28)
   225.025ms [⏱️1300] [🔧ndz7n9u8pz8]     at Socket.emit (node:events:536:35)
   225.044ms [⏱️1300] [🔧ndz7n9u8pz8]     at afterConnect (node:net:1596:10)
   225.087ms [⏱️1300] [🔧ndz7n9u8pz8]     at afterConnectMultiple (node:net:1703:3)
   225.108ms [⏱️1300] [🔧ndz7n9u8pz8] ✅ onReady
   225.119ms [⏱️1300] [🔧ndz7n9u8pz8] 📣 emit ready
   255.076ms [⏱️1194] [🔧ayd2dqcboys] 🔧 HANDLE.close()
   255.172ms [⏱️1194] [🔧ayd2dqcboys]     at Timeout.internalConnectMultipleTimeout [as _onTimeout] (node:net:1712:10)
   255.318ms [⏱️1194] [🔧ayd2dqcboys]     at listOnTimeout (node:internal/timers:583:11)
   255.351ms [⏱️1194] [🔧ayd2dqcboys]     at process.processTimers (node:internal/timers:519:7)
   255.436ms [⏱️1194] [🔧ayd2dqcboys] 🔧 HANDLE.close()
   255.524ms [⏱️1194] [🔧ayd2dqcboys]     at Socket.reinitializeHandle (node:net:1265:17)
   255.545ms [⏱️1194] [🔧ayd2dqcboys]     at internalConnectMultiple (node:net:1131:30)
   255.555ms [⏱️1194] [🔧ayd2dqcboys]     at Timeout.internalConnectMultipleTimeout (node:net:1716:5)
   255.568ms [⏱️1194] [🔧ayd2dqcboys]     at listOnTimeout (node:internal/timers:583:11)
   255.581ms [⏱️1194] [🔧ayd2dqcboys]     at process.processTimers (node:internal/timers:519:7)
   252.585ms [⏱️1248] [🔧4gbvx9788e2] 🔧 HANDLE.close()
   252.789ms [⏱️1248] [🔧4gbvx9788e2]     at Timeout.internalConnectMultipleTimeout [as _onTimeout] (node:net:1712:10)
   252.847ms [⏱️1248] [🔧4gbvx9788e2]     at listOnTimeout (node:internal/timers:583:11)
   252.904ms [⏱️1248] [🔧4gbvx9788e2]     at process.processTimers (node:internal/timers:519:7)
   253.067ms [⏱️1248] [🔧4gbvx9788e2] 🔧 HANDLE.close()
   253.260ms [⏱️1248] [🔧4gbvx9788e2]     at Socket.reinitializeHandle (node:net:1265:17)
   253.300ms [⏱️1248] [🔧4gbvx9788e2]     at internalConnectMultiple (node:net:1131:30)
   253.337ms [⏱️1248] [🔧4gbvx9788e2]     at Timeout.internalConnectMultipleTimeout (node:net:1716:5)
   253.381ms [⏱️1248] [🔧4gbvx9788e2]     at listOnTimeout (node:internal/timers:583:11)
   253.423ms [⏱️1248] [🔧4gbvx9788e2]     at process.processTimers (node:internal/timers:519:7)
  1698.094ms [⏱️449] [🔧enzvb01991] 💾 onData 120b
  1698.233ms [⏱️449] [🔧enzvb01991] 📤 push([{"type":"Buffer","data":[72,84,84,80,47)
  1698.276ms [⏱️34] [🔧enzvb01991] 📨 onResponseStart status=200 🇺🇸=passthrough
  1698.665ms [⏱️34] [🔧enzvb01991] 📥 onResponseBody 2b
  1698.742ms [⏱️34] [🔧enzvb01991] 🎬 onResponseEnd hasStream=true
  1698.828ms [⏱️449] [🔧enzvb01991] 📣 emit data 120 chars
  1698.901ms [⏱️1550] [🔧enzvb01991] 📖 read([0])
  1698.943ms [⏱️1550] [🔧enzvb01991] 🔬 _read(16384) ⏳=false 🔐=undefined 🇺🇸=passthrough 🔗=http://localhost:40417/ origFlowing=true
  1699.116ms [⏱️96] [🔧enzvb01991] ▶️ resume()
  1699.318ms [⏱️1565] [🔧enzvb01991] 📣 emit free
     0.001ms [⏱️0] [🔧xqrypr5i15] 🏗️  constructor starting
     0.066ms [⏱️0] [🔧xqrypr5i15] 🏗️  constructor complete http://localhost:40417/
  1699.703ms [⏱️0] [🔧enzvb01991] 🧨 _destroy ⏳=false 🔐=undefined 🇺🇸=passthrough 🔗=http://localhost:40417/
  1699.734ms [⏱️0] [🔧enzvb01991] 🔧 HANDLE.close()
  1699.847ms [⏱️0] [🔧enzvb01991]     at closeSocketHandle (node:net:341:18)
  1699.866ms [⏱️0] [🔧enzvb01991]     at Socket._destroy (node:net:831:7)
  1699.884ms [⏱️0] [🔧enzvb01991]     at _destroy (node:internal/streams/destroy:121:10)
  1699.907ms [⏱️0] [🔧enzvb01991]     at MockHttpSocket.destroy (node:internal/streams/destroy:83:5)
  1699.925ms [⏱️0] [🔧enzvb01991]     at Writable.destroy (node:internal/streams/writable:1122:11)
  1699.938ms [⏱️0] [🔧enzvb01991]     at MockHttpSocket.destroy (/workspace/repro/node_modules/.pnpm/@mswjs+interceptors@file+../node_modules/@mswjs/interceptors/lib/node/chunk-EFBKFUZI.js:574:18)
  1699.953ms [⏱️0] [🔧enzvb01991]     at MockAgent.<anonymous> (node:_http_agent:154:14)
  1699.963ms [⏱️0] [🔧enzvb01991]     at MockAgent.emit (node:events:524:28)
     0.453ms [⏱️1572] [🔧xqrypr5i15] ▶️ resume()
     0.518ms [⏱️1572] [🔧xqrypr5i15] ✍️  write 95b 🇺🇸=unknown buffered=0
     0.735ms [⏱️1570] [🔧xqrypr5i15] 🚀 onRequestStart path=/ keepAlive=true
     1.498ms [⏱️1572] [🔧xqrypr5i15] ✍️  write 2b 🇺🇸=unknown buffered=1
     1.535ms [⏱️1572] [🔧xqrypr5i15] ✍️  write 9b 🇺🇸=unknown buffered=2
     1.571ms [⏱️1570] [🔧xqrypr5i15] 📦 onRequestBody 9b
     1.610ms [⏱️1572] [🔧xqrypr5i15] ✍️  write 2b 🇺🇸=unknown buffered=3
     1.628ms [⏱️1572] [🔧xqrypr5i15] ✍️  write 5b 🇺🇸=unknown buffered=4
     1.655ms [⏱️1570] [🔧xqrypr5i15] 🏁 onRequestEnd hasStream=true
     1.705ms [⏱️1576] [🔧xqrypr5i15] 📖 read([0])
     1.737ms [⏱️1576] [🔧xqrypr5i15] 🔬 _read(16384) ⏳=true 🔐=undefined 🇺🇸=unknown 🔗=http://localhost:40417/ origFlowing=undefined
     1.811ms [⏱️1576] [🔧xqrypr5i15] 📣 emit resume
     1.847ms [⏱️1576] [🔧xqrypr5i15] 📖 read()
     2.280ms [⏱️0] [🔧xqrypr5i15] 💨 passthrough() 🧨=false ⏳=true
     2.389ms [⏱️0] [🔧xqrypr5i15] 🔌 created originalSocket
     2.414ms [⏱️0] [🔧xqrypr5i15] 🚽 flushing writeBuffer (5 items)
     2.486ms [⏱️1590] [🔧xqrypr5i15] ▶️ onResume
     2.505ms [⏱️1590] [🔧xqrypr5i15] 📣 emit resume
     2.559ms [⏱️1589] [🔧xqrypr5i15] 🔍 onLookup args=[null,"::1",6,"localhost"]
     2.584ms [⏱️1589] [🔧xqrypr5i15] 📣 emit lookup null, "::1", 6, "localhost"
     2.601ms [⏱️1589] [🔧xqrypr5i15] 🔍 onLookup args=[null,"127.0.0.1",4,"localhost"]
     2.659ms [⏱️1589] [🔧xqrypr5i15] 📣 emit lookup null, "127.0.0.1", 4, "localhost"
   253.829ms [⏱️1349] [🔧t18nvfqlp5] 🔧 HANDLE.close()
   253.918ms [⏱️1349] [🔧t18nvfqlp5]     at Timeout.internalConnectMultipleTimeout [as _onTimeout] (node:net:1712:10)
   253.942ms [⏱️1349] [🔧t18nvfqlp5]     at listOnTimeout (node:internal/timers:583:11)
   253.983ms [⏱️1349] [🔧t18nvfqlp5]     at process.processTimers (node:internal/timers:519:7)
   254.052ms [⏱️1349] [🔧t18nvfqlp5] 🔧 HANDLE.close()
   254.131ms [⏱️1349] [🔧t18nvfqlp5]     at Socket.reinitializeHandle (node:net:1265:17)
   254.183ms [⏱️1349] [🔧t18nvfqlp5]     at internalConnectMultiple (node:net:1131:30)
   254.199ms [⏱️1349] [🔧t18nvfqlp5]     at Timeout.internalConnectMultipleTimeout (node:net:1716:5)
   254.212ms [⏱️1349] [🔧t18nvfqlp5]     at listOnTimeout (node:internal/timers:583:11)
   254.233ms [⏱️1349] [🔧t18nvfqlp5]     at process.processTimers (node:internal/timers:519:7)
   706.010ms [⏱️1101] [🔧ouwandqo0fe] 🔌 onConnect delay from lookup
   706.051ms [⏱️1101] [🔧ouwandqo0fe] ⚠️  HANDLE MISMATCH!
   706.074ms [⏱️1101] [🔧ouwandqo0fe]    My Handle: TCP 🔧=true 🆔=-22 📖=false
   706.093ms [⏱️1101] [🔧ouwandqo0fe]    Socket Handle: TCP 🔧=false 🆔=55 📖=false
   706.110ms [⏱️1101] [🔧ouwandqo0fe]    Object references are different!
   706.129ms [⏱️1101] [🔧ouwandqo0fe] 📣 emit connect
   706.158ms [⏱️1101] [🔧ouwandqo0fe] 🔬 _read(16384) ⏳=false 🔐=undefined 🇺🇸=passthrough 🔗=http://localhost:40417/ origFlowing=true
   706.191ms [⏱️1101] [🔧ouwandqo0fe] ✅ onReady
   706.211ms [⏱️1101] [🔧ouwandqo0fe] 📣 emit ready
  1734.492ms [⏱️455] [🔧aosr9zlmbjb] 💾 onData 120b
  1734.676ms [⏱️455] [🔧aosr9zlmbjb] 📤 push([{"type":"Buffer","data":[72,84,84,80,47)
  1734.732ms [⏱️40] [🔧aosr9zlmbjb] 📨 onResponseStart status=200 🇺🇸=passthrough
  1735.288ms [⏱️40] [🔧aosr9zlmbjb] 📥 onResponseBody 2b
  1735.361ms [⏱️40] [🔧aosr9zlmbjb] 🎬 onResponseEnd hasStream=true
  1735.416ms [⏱️455] [🔧aosr9zlmbjb] 📣 emit data 120 chars
  1735.478ms [⏱️1606] [🔧aosr9zlmbjb] 📖 read([0])
  1735.515ms [⏱️1606] [🔧aosr9zlmbjb] 🔬 _read(16384) ⏳=false 🔐=undefined 🇺🇸=passthrough 🔗=http://localhost:40417/ origFlowing=true
  1735.655ms [⏱️104] [🔧aosr9zlmbjb] ▶️ resume()
  1735.828ms [⏱️1621] [🔧aosr9zlmbjb] 📣 emit free
     0.001ms [⏱️0] [🔧pgrtnr0a6d] 🏗️  constructor starting
     0.083ms [⏱️0] [🔧pgrtnr0a6d] 🏗️  constructor complete http://localhost:40417/
  1736.303ms [⏱️0] [🔧aosr9zlmbjb] 🧨 _destroy ⏳=false 🔐=undefined 🇺🇸=passthrough 🔗=http://localhost:40417/
  1736.341ms [⏱️0] [🔧aosr9zlmbjb] 🔧 HANDLE.close()
  1736.467ms [⏱️0] [🔧aosr9zlmbjb]     at closeSocketHandle (node:net:341:18)
  1736.489ms [⏱️0] [🔧aosr9zlmbjb]     at Socket._destroy (node:net:831:7)
  1736.502ms [⏱️0] [🔧aosr9zlmbjb]     at _destroy (node:internal/streams/destroy:121:10)
  1736.519ms [⏱️0] [🔧aosr9zlmbjb]     at MockHttpSocket.destroy (node:internal/streams/destroy:83:5)
  1736.539ms [⏱️0] [🔧aosr9zlmbjb]     at Writable.destroy (node:internal/streams/writable:1122:11)
  1736.552ms [⏱️0] [🔧aosr9zlmbjb]     at MockHttpSocket.destroy (/workspace/repro/node_modules/.pnpm/@mswjs+interceptors@file+../node_modules/@mswjs/interceptors/lib/node/chunk-EFBKFUZI.js:574:18)
  1736.563ms [⏱️0] [🔧aosr9zlmbjb]     at MockAgent.<anonymous> (node:_http_agent:154:14)
  1736.574ms [⏱️0] [🔧aosr9zlmbjb]     at MockAgent.emit (node:events:524:28)
     0.510ms [⏱️1628] [🔧pgrtnr0a6d] ▶️ resume()
     0.557ms [⏱️1628] [🔧pgrtnr0a6d] ✍️  write 95b 🇺🇸=unknown buffered=0
     0.591ms [⏱️1626] [🔧pgrtnr0a6d] 🚀 onRequestStart path=/ keepAlive=true
     0.948ms [⏱️1628] [🔧pgrtnr0a6d] ✍️  write 2b 🇺🇸=unknown buffered=1
     0.989ms [⏱️1628] [🔧pgrtnr0a6d] ✍️  write 9b 🇺🇸=unknown buffered=2
     1.013ms [⏱️1626] [🔧pgrtnr0a6d] 📦 onRequestBody 9b
     1.039ms [⏱️1628] [🔧pgrtnr0a6d] ✍️  write 2b 🇺🇸=unknown buffered=3
     1.055ms [⏱️1628] [🔧pgrtnr0a6d] ✍️  write 5b 🇺🇸=unknown buffered=4
     1.068ms [⏱️1626] [🔧pgrtnr0a6d] 🏁 onRequestEnd hasStream=true
     1.105ms [⏱️1632] [🔧pgrtnr0a6d] 📖 read([0])
     1.128ms [⏱️1632] [🔧pgrtnr0a6d] 🔬 _read(16384) ⏳=true 🔐=undefined 🇺🇸=unknown 🔗=http://localhost:40417/ origFlowing=undefined
     1.187ms [⏱️1632] [🔧pgrtnr0a6d] 📣 emit resume
     1.205ms [⏱️1632] [🔧pgrtnr0a6d] 📖 read()
     1.528ms [⏱️0] [🔧pgrtnr0a6d] 💨 passthrough() 🧨=false ⏳=true
     1.616ms [⏱️0] [🔧pgrtnr0a6d] 🔌 created originalSocket
     1.638ms [⏱️0] [🔧pgrtnr0a6d] 🚽 flushing writeBuffer (5 items)
     1.691ms [⏱️1646] [🔧pgrtnr0a6d] ▶️ onResume
     1.713ms [⏱️1646] [🔧pgrtnr0a6d] 📣 emit resume
     1.788ms [⏱️1645] [🔧pgrtnr0a6d] 🔍 onLookup args=[null,"::1",6,"localhost"]
     1.828ms [⏱️1645] [🔧pgrtnr0a6d] 📣 emit lookup null, "::1", 6, "localhost"
     1.854ms [⏱️1645] [🔧pgrtnr0a6d] 🔍 onLookup args=[null,"127.0.0.1",4,"localhost"]
     1.873ms [⏱️1645] [🔧pgrtnr0a6d] 📣 emit lookup null, "127.0.0.1", 4, "localhost"
   361.141ms [⏱️1546] [🔧4gbvx9788e2] 🔌 onConnect delay from lookup
   361.335ms [⏱️1546] [🔧4gbvx9788e2] ⚠️  HANDLE MISMATCH!
   361.394ms [⏱️1546] [🔧4gbvx9788e2]    My Handle: TCP 🔧=true 🆔=-22 📖=false
   361.445ms [⏱️1546] [🔧4gbvx9788e2]    Socket Handle: TCP 🔧=false 🆔=67 📖=false
   361.491ms [⏱️1546] [🔧4gbvx9788e2]    Object references are different!
   361.537ms [⏱️1546] [🔧4gbvx9788e2] 📣 emit connect
   361.600ms [⏱️1546] [🔧4gbvx9788e2] 🔬 _read(16384) ⏳=false 🔐=undefined 🇺🇸=passthrough 🔗=http://localhost:40417/ origFlowing=true
   361.671ms [⏱️1546] [🔧4gbvx9788e2] ✅ onReady
   361.716ms [⏱️1546] [🔧4gbvx9788e2] 📣 emit ready
   259.660ms [⏱️1430] [🔧urkp90p8slk] 🔧 HANDLE.close()
   259.872ms [⏱️1430] [🔧urkp90p8slk]     at Timeout.internalConnectMultipleTimeout [as _onTimeout] (node:net:1712:10)
   259.904ms [⏱️1430] [🔧urkp90p8slk]     at listOnTimeout (node:internal/timers:583:11)
   259.932ms [⏱️1430] [🔧urkp90p8slk]     at process.processTimers (node:internal/timers:519:7)
   260.018ms [⏱️1430] [🔧urkp90p8slk] 🔧 HANDLE.close()
   260.087ms [⏱️1430] [🔧urkp90p8slk]     at Socket.reinitializeHandle (node:net:1265:17)
   260.112ms [⏱️1430] [🔧urkp90p8slk]     at internalConnectMultiple (node:net:1131:30)
   260.126ms [⏱️1430] [🔧urkp90p8slk]     at Timeout.internalConnectMultipleTimeout (node:net:1716:5)
   260.145ms [⏱️1430] [🔧urkp90p8slk]     at listOnTimeout (node:internal/timers:583:11)
   260.169ms [⏱️1430] [🔧urkp90p8slk]     at process.processTimers (node:internal/timers:519:7)
   260.565ms [⏱️1658] [🔧urkp90p8slk] 🔌 onConnect delay from lookup
   260.630ms [⏱️1658] [🔧urkp90p8slk] ⚠️  HANDLE MISMATCH!
   260.684ms [⏱️1658] [🔧urkp90p8slk]    My Handle: TCP 🔧=true 🆔=-1 📖=false
   260.731ms [⏱️1658] [🔧urkp90p8slk]    Socket Handle: TCP 🔧=false 🆔=75 📖=false
   260.757ms [⏱️1658] [🔧urkp90p8slk]    Object references are different!
   260.855ms [⏱️1658] [🔧urkp90p8slk] 📣 emit connect
   260.963ms [⏱️1658] [🔧urkp90p8slk] 🔬 _read(16384) ⏳=false 🔐=undefined 🇺🇸=passthrough 🔗=http://localhost:40417/ origFlowing=true
   261.047ms [⏱️1658] [🔧urkp90p8slk] ✅ onReady
   261.287ms [⏱️1658] [🔧urkp90p8slk] 📣 emit ready
  1230.524ms [⏱️710] [🔧j8nlkyg5iyh] 💾 onData 120b
  1230.784ms [⏱️710] [🔧j8nlkyg5iyh] 📤 push([{"type":"Buffer","data":[72,84,84,80,47)
  1230.879ms [⏱️534] [🔧j8nlkyg5iyh] 📨 onResponseStart status=200 🇺🇸=passthrough
  1231.509ms [⏱️534] [🔧j8nlkyg5iyh] 📥 onResponseBody 2b
  1231.596ms [⏱️534] [🔧j8nlkyg5iyh] 🎬 onResponseEnd hasStream=true
  1231.701ms [⏱️710] [🔧j8nlkyg5iyh] 📣 emit data 120 chars
  1231.805ms [⏱️1667] [🔧j8nlkyg5iyh] 📖 read([0])
  1231.871ms [⏱️1667] [🔧j8nlkyg5iyh] 🔬 _read(16384) ⏳=false 🔐=undefined 🇺🇸=passthrough 🔗=http://localhost:40417/ origFlowing=true
  1232.128ms [⏱️537] [🔧j8nlkyg5iyh] ▶️ resume()
  1232.609ms [⏱️1682] [🔧j8nlkyg5iyh] 📣 emit free
     0.001ms [⏱️0] [🔧g8rr39k97fu] 🏗️  constructor starting
     0.095ms [⏱️0] [🔧g8rr39k97fu] 🏗️  constructor complete http://localhost:40417/
  1233.230ms [⏱️0] [🔧j8nlkyg5iyh] 🧨 _destroy ⏳=false 🔐=undefined 🇺🇸=passthrough 🔗=http://localhost:40417/
  1233.264ms [⏱️0] [🔧j8nlkyg5iyh] 🔧 HANDLE.close()
  1233.392ms [⏱️0] [🔧j8nlkyg5iyh]     at closeSocketHandle (node:net:341:18)
  1233.413ms [⏱️0] [🔧j8nlkyg5iyh]     at Socket._destroy (node:net:831:7)
  1233.423ms [⏱️0] [🔧j8nlkyg5iyh]     at _destroy (node:internal/streams/destroy:121:10)
  1233.440ms [⏱️0] [🔧j8nlkyg5iyh]     at MockHttpSocket.destroy (node:internal/streams/destroy:83:5)
  1233.450ms [⏱️0] [🔧j8nlkyg5iyh]     at Writable.destroy (node:internal/streams/writable:1122:11)
  1233.489ms [⏱️0] [🔧j8nlkyg5iyh]     at MockHttpSocket.destroy (/workspace/repro/node_modules/.pnpm/@mswjs+interceptors@file+../node_modules/@mswjs/interceptors/lib/node/chunk-EFBKFUZI.js:574:18)
  1233.526ms [⏱️0] [🔧j8nlkyg5iyh]     at MockAgent.<anonymous> (node:_http_agent:154:14)
  1233.545ms [⏱️0] [🔧j8nlkyg5iyh]     at MockAgent.emit (node:events:524:28)
     0.573ms [⏱️1689] [🔧g8rr39k97fu] ▶️ resume()
     0.615ms [⏱️1689] [🔧g8rr39k97fu] ✍️  write 95b 🇺🇸=unknown buffered=0
     0.654ms [⏱️1687] [🔧g8rr39k97fu] 🚀 onRequestStart path=/ keepAlive=true
     1.180ms [⏱️1689] [🔧g8rr39k97fu] ✍️  write 2b 🇺🇸=unknown buffered=1
     1.223ms [⏱️1689] [🔧g8rr39k97fu] ✍️  write 9b 🇺🇸=unknown buffered=2
     1.272ms [⏱️1687] [🔧g8rr39k97fu] 📦 onRequestBody 9b
     1.316ms [⏱️1689] [🔧g8rr39k97fu] ✍️  write 2b 🇺🇸=unknown buffered=3
     1.350ms [⏱️1689] [🔧g8rr39k97fu] ✍️  write 5b 🇺🇸=unknown buffered=4
     1.382ms [⏱️1687] [🔧g8rr39k97fu] 🏁 onRequestEnd hasStream=true
     1.445ms [⏱️1693] [🔧g8rr39k97fu] 📖 read([0])
     1.487ms [⏱️1693] [🔧g8rr39k97fu] 🔬 _read(16384) ⏳=true 🔐=undefined 🇺🇸=unknown 🔗=http://localhost:40417/ origFlowing=undefined
     1.529ms [⏱️1693] [🔧g8rr39k97fu] 📣 emit resume
     1.548ms [⏱️1693] [🔧g8rr39k97fu] 📖 read()
     2.313ms [⏱️0] [🔧g8rr39k97fu] 💨 passthrough() 🧨=false ⏳=true
     2.465ms [⏱️0] [🔧g8rr39k97fu] 🔌 created originalSocket
     2.505ms [⏱️0] [🔧g8rr39k97fu] 🚽 flushing writeBuffer (5 items)
     2.592ms [⏱️1707] [🔧g8rr39k97fu] ▶️ onResume
     2.624ms [⏱️1707] [🔧g8rr39k97fu] 📣 emit resume
     2.751ms [⏱️1706] [🔧g8rr39k97fu] 🔍 onLookup args=[null,"::1",6,"localhost"]
     2.797ms [⏱️1706] [🔧g8rr39k97fu] 📣 emit lookup null, "::1", 6, "localhost"
     2.864ms [⏱️1706] [🔧g8rr39k97fu] 🔍 onLookup args=[null,"127.0.0.1",4,"localhost"]
     2.906ms [⏱️1706] [🔧g8rr39k97fu] 📣 emit lookup null, "127.0.0.1", 4, "localhost"
   604.007ms [⏱️1358] [🔧vrpg1ldqn8] 🔌 onConnect delay from lookup
   604.060ms [⏱️1358] [🔧vrpg1ldqn8] ⚠️  HANDLE MISMATCH!
   604.089ms [⏱️1358] [🔧vrpg1ldqn8]    My Handle: TCP 🔧=true 🆔=-22 📖=false
   604.111ms [⏱️1358] [🔧vrpg1ldqn8]    Socket Handle: TCP 🔧=false 🆔=63 📖=false
   604.131ms [⏱️1358] [🔧vrpg1ldqn8]    Object references are different!
   604.147ms [⏱️1358] [🔧vrpg1ldqn8] 📣 emit connect
   604.177ms [⏱️1358] [🔧vrpg1ldqn8] 🔬 _read(16384) ⏳=false 🔐=undefined 🇺🇸=passthrough 🔗=http://localhost:40417/ origFlowing=true
   604.226ms [⏱️1358] [🔧vrpg1ldqn8] ✅ onReady
   604.249ms [⏱️1358] [🔧vrpg1ldqn8] 📣 emit ready
   252.762ms [⏱️1481] [🔧t0re08zme] 🔧 HANDLE.close()
   252.884ms [⏱️1481] [🔧t0re08zme]     at Timeout.internalConnectMultipleTimeout [as _onTimeout] (node:net:1712:10)
   252.908ms [⏱️1481] [🔧t0re08zme]     at listOnTimeout (node:internal/timers:583:11)
   252.934ms [⏱️1481] [🔧t0re08zme]     at process.processTimers (node:internal/timers:519:7)
   253.017ms [⏱️1481] [🔧t0re08zme] 🔧 HANDLE.close()
   253.091ms [⏱️1481] [🔧t0re08zme]     at Socket.reinitializeHandle (node:net:1265:17)
   253.116ms [⏱️1481] [🔧t0re08zme]     at internalConnectMultiple (node:net:1131:30)
   253.129ms [⏱️1481] [🔧t0re08zme]     at Timeout.internalConnectMultipleTimeout (node:net:1716:5)
   253.140ms [⏱️1481] [🔧t0re08zme]     at listOnTimeout (node:internal/timers:583:11)
   253.151ms [⏱️1481] [🔧t0re08zme]     at process.processTimers (node:internal/timers:519:7)
   252.609ms [⏱️1535] [🔧iz6dh7igbj] 🔧 HANDLE.close()
   252.773ms [⏱️1535] [🔧iz6dh7igbj]     at Timeout.internalConnectMultipleTimeout [as _onTimeout] (node:net:1712:10)
   252.829ms [⏱️1535] [🔧iz6dh7igbj]     at listOnTimeout (node:internal/timers:583:11)
   252.938ms [⏱️1535] [🔧iz6dh7igbj]     at process.processTimers (node:internal/timers:519:7)
   253.151ms [⏱️1535] [🔧iz6dh7igbj] 🔧 HANDLE.close()
   253.292ms [⏱️1535] [🔧iz6dh7igbj]     at Socket.reinitializeHandle (node:net:1265:17)
   253.342ms [⏱️1535] [🔧iz6dh7igbj]     at internalConnectMultiple (node:net:1131:30)
   253.441ms [⏱️1535] [🔧iz6dh7igbj]     at Timeout.internalConnectMultipleTimeout (node:net:1716:5)
   253.508ms [⏱️1535] [🔧iz6dh7igbj]     at listOnTimeout (node:internal/timers:583:11)
   253.543ms [⏱️1535] [🔧iz6dh7igbj]     at process.processTimers (node:internal/timers:519:7)
   653.550ms [⏱️1357] [🔧vrpg1ldqn8] 💾 onData 120b
   653.615ms [⏱️1357] [🔧vrpg1ldqn8] 📤 push([{"type":"Buffer","data":[72,84,84,80,47)
   653.643ms [⏱️1075] [🔧vrpg1ldqn8] 📨 onResponseStart status=200 🇺🇸=passthrough
   653.964ms [⏱️1075] [🔧vrpg1ldqn8] 📥 onResponseBody 2b
   654.000ms [⏱️1075] [🔧vrpg1ldqn8] 🎬 onResponseEnd hasStream=true
   654.038ms [⏱️1357] [🔧vrpg1ldqn8] 📣 emit data 120 chars
   654.077ms [⏱️1745] [🔧vrpg1ldqn8] 📖 read([0])
   654.102ms [⏱️1745] [🔧vrpg1ldqn8] 🔬 _read(16384) ⏳=false 🔐=undefined 🇺🇸=passthrough 🔗=http://localhost:40417/ origFlowing=true
   654.195ms [⏱️1078] [🔧vrpg1ldqn8] ▶️ resume()
   654.312ms [⏱️1760] [🔧vrpg1ldqn8] 📣 emit free
     0.000ms [⏱️0] [🔧kk4ffezc0mc] 🏗️  constructor starting
     0.053ms [⏱️0] [🔧kk4ffezc0mc] 🏗️  constructor complete http://localhost:40417/
   654.662ms [⏱️0] [🔧vrpg1ldqn8] 🧨 _destroy ⏳=false 🔐=undefined 🇺🇸=passthrough 🔗=http://localhost:40417/
   654.687ms [⏱️0] [🔧vrpg1ldqn8] 🔧 HANDLE.close()
   654.779ms [⏱️0] [🔧vrpg1ldqn8]     at closeSocketHandle (node:net:341:18)
   654.794ms [⏱️0] [🔧vrpg1ldqn8]     at Socket._destroy (node:net:831:7)
   654.804ms [⏱️0] [🔧vrpg1ldqn8]     at _destroy (node:internal/streams/destroy:121:10)
   654.817ms [⏱️0] [🔧vrpg1ldqn8]     at MockHttpSocket.destroy (node:internal/streams/destroy:83:5)
   654.830ms [⏱️0] [🔧vrpg1ldqn8]     at Writable.destroy (node:internal/streams/writable:1122:11)
   654.838ms [⏱️0] [🔧vrpg1ldqn8]     at MockHttpSocket.destroy (/workspace/repro/node_modules/.pnpm/@mswjs+interceptors@file+../node_modules/@mswjs/interceptors/lib/node/chunk-EFBKFUZI.js:574:18)
   654.855ms [⏱️0] [🔧vrpg1ldqn8]     at MockAgent.<anonymous> (node:_http_agent:154:14)
   654.870ms [⏱️0] [🔧vrpg1ldqn8]     at MockAgent.emit (node:events:524:28)
     0.392ms [⏱️1767] [🔧kk4ffezc0mc] ▶️ resume()
     0.441ms [⏱️1767] [🔧kk4ffezc0mc] ✍️  write 95b 🇺🇸=unknown buffered=0
     0.500ms [⏱️1765] [🔧kk4ffezc0mc] 🚀 onRequestStart path=/ keepAlive=true
     0.946ms [⏱️1767] [🔧kk4ffezc0mc] ✍️  write 2b 🇺🇸=unknown buffered=1
     0.982ms [⏱️1767] [🔧kk4ffezc0mc] ✍️  write 9b 🇺🇸=unknown buffered=2
     1.012ms [⏱️1765] [🔧kk4ffezc0mc] 📦 onRequestBody 9b
     1.042ms [⏱️1767] [🔧kk4ffezc0mc] ✍️  write 2b 🇺🇸=unknown buffered=3
     1.075ms [⏱️1767] [🔧kk4ffezc0mc] ✍️  write 5b 🇺🇸=unknown buffered=4
     1.098ms [⏱️1765] [🔧kk4ffezc0mc] 🏁 onRequestEnd hasStream=true
     1.140ms [⏱️1771] [🔧kk4ffezc0mc] 📖 read([0])
     1.178ms [⏱️1771] [🔧kk4ffezc0mc] 🔬 _read(16384) ⏳=true 🔐=undefined 🇺🇸=unknown 🔗=http://localhost:40417/ origFlowing=undefined
     1.209ms [⏱️1771] [🔧kk4ffezc0mc] 📣 emit resume
     1.246ms [⏱️1771] [🔧kk4ffezc0mc] 📖 read()
     1.705ms [⏱️0] [🔧kk4ffezc0mc] 💨 passthrough() 🧨=false ⏳=true
     1.817ms [⏱️0] [🔧kk4ffezc0mc] 🔌 created originalSocket
     1.843ms [⏱️0] [🔧kk4ffezc0mc] 🚽 flushing writeBuffer (5 items)
     1.906ms [⏱️1785] [🔧kk4ffezc0mc] ▶️ onResume
     1.947ms [⏱️1785] [🔧kk4ffezc0mc] 📣 emit resume
     2.079ms [⏱️1784] [🔧kk4ffezc0mc] 🔍 onLookup args=[null,"::1",6,"localhost"]
     2.114ms [⏱️1784] [🔧kk4ffezc0mc] 📣 emit lookup null, "::1", 6, "localhost"
     2.131ms [⏱️1784] [🔧kk4ffezc0mc] 🔍 onLookup args=[null,"127.0.0.1",4,"localhost"]
     2.145ms [⏱️1784] [🔧kk4ffezc0mc] 📣 emit lookup null, "127.0.0.1", 4, "localhost"
  1888.644ms [⏱️482] [🔧t092m9hoea] 💾 onData 120b
  1888.708ms [⏱️482] [🔧t092m9hoea] 📤 push([{"type":"Buffer","data":[72,84,84,80,47)
  1888.736ms [⏱️73] [🔧t092m9hoea] 📨 onResponseStart status=200 🇺🇸=passthrough
  1888.956ms [⏱️73] [🔧t092m9hoea] 📥 onResponseBody 2b
  1888.992ms [⏱️73] [🔧t092m9hoea] 🎬 onResponseEnd hasStream=true
  1889.021ms [⏱️482] [🔧t092m9hoea] 📣 emit data 120 chars
  1889.066ms [⏱️1793] [🔧t092m9hoea] 📖 read([0])
  1889.095ms [⏱️1793] [🔧t092m9hoea] 🔬 _read(16384) ⏳=false 🔐=undefined 🇺🇸=passthrough 🔗=http://localhost:40417/ origFlowing=true
  1889.392ms [⏱️148] [🔧t092m9hoea] ▶️ resume()
  1889.527ms [⏱️1808] [🔧t092m9hoea] 📣 emit free
     0.001ms [⏱️0] [🔧jsn2yxzw9q] 🏗️  constructor starting
     0.093ms [⏱️0] [🔧jsn2yxzw9q] 🏗️  constructor complete http://localhost:40417/
  1889.924ms [⏱️0] [🔧t092m9hoea] 🧨 _destroy ⏳=false 🔐=undefined 🇺🇸=passthrough 🔗=http://localhost:40417/
  1889.958ms [⏱️0] [🔧t092m9hoea] 🔧 HANDLE.close()
  1890.056ms [⏱️0] [🔧t092m9hoea]     at closeSocketHandle (node:net:341:18)
  1890.079ms [⏱️0] [🔧t092m9hoea]     at Socket._destroy (node:net:831:7)
  1890.089ms [⏱️0] [🔧t092m9hoea]     at _destroy (node:internal/streams/destroy:121:10)
  1890.111ms [⏱️0] [🔧t092m9hoea]     at MockHttpSocket.destroy (node:internal/streams/destroy:83:5)
  1890.129ms [⏱️0] [🔧t092m9hoea]     at Writable.destroy (node:internal/streams/writable:1122:11)
  1890.140ms [⏱️0] [🔧t092m9hoea]     at MockHttpSocket.destroy (/workspace/repro/node_modules/.pnpm/@mswjs+interceptors@file+../node_modules/@mswjs/interceptors/lib/node/chunk-EFBKFUZI.js:574:18)
  1890.149ms [⏱️0] [🔧t092m9hoea]     at MockAgent.<anonymous> (node:_http_agent:154:14)
  1890.158ms [⏱️0] [🔧t092m9hoea]     at MockAgent.emit (node:events:524:28)
     0.465ms [⏱️1815] [🔧jsn2yxzw9q] ▶️ resume()
     0.503ms [⏱️1815] [🔧jsn2yxzw9q] ✍️  write 95b 🇺🇸=unknown buffered=0
     0.539ms [⏱️1813] [🔧jsn2yxzw9q] 🚀 onRequestStart path=/ keepAlive=true
     0.982ms [⏱️1815] [🔧jsn2yxzw9q] ✍️  write 2b 🇺🇸=unknown buffered=1
     1.023ms [⏱️1815] [🔧jsn2yxzw9q] ✍️  write 9b 🇺🇸=unknown buffered=2
     1.054ms [⏱️1813] [🔧jsn2yxzw9q] 📦 onRequestBody 9b
     1.082ms [⏱️1815] [🔧jsn2yxzw9q] ✍️  write 2b 🇺🇸=unknown buffered=3
     1.106ms [⏱️1815] [🔧jsn2yxzw9q] ✍️  write 5b 🇺🇸=unknown buffered=4
     1.128ms [⏱️1813] [🔧jsn2yxzw9q] 🏁 onRequestEnd hasStream=true
     1.172ms [⏱️1819] [🔧jsn2yxzw9q] 📖 read([0])
     1.200ms [⏱️1819] [🔧jsn2yxzw9q] 🔬 _read(16384) ⏳=true 🔐=undefined 🇺🇸=unknown 🔗=http://localhost:40417/ origFlowing=undefined
     1.253ms [⏱️1819] [🔧jsn2yxzw9q] 📣 emit resume
     1.379ms [⏱️1819] [🔧jsn2yxzw9q] 📖 read()
     1.945ms [⏱️0] [🔧jsn2yxzw9q] 💨 passthrough() 🧨=false ⏳=true
     2.062ms [⏱️0] [🔧jsn2yxzw9q] 🔌 created originalSocket
     2.097ms [⏱️0] [🔧jsn2yxzw9q] 🚽 flushing writeBuffer (5 items)
     2.167ms [⏱️1833] [🔧jsn2yxzw9q] ▶️ onResume
     2.193ms [⏱️1833] [🔧jsn2yxzw9q] 📣 emit resume
     2.260ms [⏱️1832] [🔧jsn2yxzw9q] 🔍 onLookup args=[null,"::1",6,"localhost"]
     2.296ms [⏱️1832] [🔧jsn2yxzw9q] 📣 emit lookup null, "::1", 6, "localhost"
     2.319ms [⏱️1832] [🔧jsn2yxzw9q] 🔍 onLookup args=[null,"127.0.0.1",4,"localhost"]
     2.332ms [⏱️1832] [🔧jsn2yxzw9q] 📣 emit lookup null, "127.0.0.1", 4, "localhost"
   903.182ms [⏱️1105] [🔧j9z4jr0gsb] 💾 onData 120b
   903.375ms [⏱️1105] [🔧j9z4jr0gsb] 📤 push([{"type":"Buffer","data":[72,84,84,80,47)
   903.428ms [⏱️830] [🔧j9z4jr0gsb] 📨 onResponseStart status=200 🇺🇸=passthrough
   903.828ms [⏱️830] [🔧j9z4jr0gsb] 📥 onResponseBody 2b
   903.877ms [⏱️830] [🔧j9z4jr0gsb] 🎬 onResponseEnd hasStream=true
   903.954ms [⏱️1105] [🔧j9z4jr0gsb] 📣 emit data 120 chars
   904.019ms [⏱️1841] [🔧j9z4jr0gsb] 📖 read([0])
   904.062ms [⏱️1841] [🔧j9z4jr0gsb] 🔬 _read(16384) ⏳=false 🔐=undefined 🇺🇸=passthrough 🔗=http://localhost:40417/ origFlowing=true
   904.226ms [⏱️833] [🔧j9z4jr0gsb] ▶️ resume()
   904.452ms [⏱️1856] [🔧j9z4jr0gsb] 📣 emit free
     0.001ms [⏱️0] [🔧52y8soe5daq] 🏗️  constructor starting
     0.084ms [⏱️0] [🔧52y8soe5daq] 🏗️  constructor complete http://localhost:40417/
   905.093ms [⏱️0] [🔧j9z4jr0gsb] 🧨 _destroy ⏳=false 🔐=undefined 🇺🇸=passthrough 🔗=http://localhost:40417/
   905.135ms [⏱️0] [🔧j9z4jr0gsb] 🔧 HANDLE.close()
   905.275ms [⏱️0] [🔧j9z4jr0gsb]     at closeSocketHandle (node:net:341:18)
   905.298ms [⏱️0] [🔧j9z4jr0gsb]     at Socket._destroy (node:net:831:7)
   905.322ms [⏱️0] [🔧j9z4jr0gsb]     at _destroy (node:internal/streams/destroy:121:10)
   905.346ms [⏱️0] [🔧j9z4jr0gsb]     at MockHttpSocket.destroy (node:internal/streams/destroy:83:5)
   905.369ms [⏱️0] [🔧j9z4jr0gsb]     at Writable.destroy (node:internal/streams/writable:1122:11)
   905.387ms [⏱️0] [🔧j9z4jr0gsb]     at MockHttpSocket.destroy (/workspace/repro/node_modules/.pnpm/@mswjs+interceptors@file+../node_modules/@mswjs/interceptors/lib/node/chunk-EFBKFUZI.js:574:18)
   905.412ms [⏱️0] [🔧j9z4jr0gsb]     at MockAgent.<anonymous> (node:_http_agent:154:14)
   905.442ms [⏱️0] [🔧j9z4jr0gsb]     at MockAgent.emit (node:events:524:28)
     0.698ms [⏱️1863] [🔧52y8soe5daq] ▶️ resume()
     0.749ms [⏱️1863] [🔧52y8soe5daq] ✍️  write 95b 🇺🇸=unknown buffered=0
     0.801ms [⏱️1861] [🔧52y8soe5daq] 🚀 onRequestStart path=/ keepAlive=true
     1.367ms [⏱️1863] [🔧52y8soe5daq] ✍️  write 2b 🇺🇸=unknown buffered=1
     1.412ms [⏱️1863] [🔧52y8soe5daq] ✍️  write 9b 🇺🇸=unknown buffered=2
     1.454ms [⏱️1861] [🔧52y8soe5daq] 📦 onRequestBody 9b
     1.500ms [⏱️1863] [🔧52y8soe5daq] ✍️  write 2b 🇺🇸=unknown buffered=3
     1.588ms [⏱️1863] [🔧52y8soe5daq] ✍️  write 5b 🇺🇸=unknown buffered=4
     1.646ms [⏱️1861] [🔧52y8soe5daq] 🏁 onRequestEnd hasStream=true
     1.730ms [⏱️1867] [🔧52y8soe5daq] 📖 read([0])
     1.774ms [⏱️1867] [🔧52y8soe5daq] 🔬 _read(16384) ⏳=true 🔐=undefined 🇺🇸=unknown 🔗=http://localhost:40417/ origFlowing=undefined
     1.880ms [⏱️1867] [🔧52y8soe5daq] 📣 emit resume
     2.052ms [⏱️1867] [🔧52y8soe5daq] 📖 read()
     2.806ms [⏱️0] [🔧52y8soe5daq] 💨 passthrough() 🧨=false ⏳=true
     2.982ms [⏱️0] [🔧52y8soe5daq] 🔌 created originalSocket
     3.023ms [⏱️0] [🔧52y8soe5daq] 🚽 flushing writeBuffer (5 items)
     3.143ms [⏱️1881] [🔧52y8soe5daq] ▶️ onResume
     3.178ms [⏱️1881] [🔧52y8soe5daq] 📣 emit resume
     3.258ms [⏱️1880] [🔧52y8soe5daq] 🔍 onLookup args=[null,"::1",6,"localhost"]
     3.350ms [⏱️1880] [🔧52y8soe5daq] 📣 emit lookup null, "::1", 6, "localhost"
     3.390ms [⏱️1880] [🔧52y8soe5daq] 🔍 onLookup args=[null,"127.0.0.1",4,"localhost"]
     3.420ms [⏱️1880] [🔧52y8soe5daq] 📣 emit lookup null, "127.0.0.1", 4, "localhost"
   315.749ms [⏱️1738] [🔧iz6dh7igbj] 🔌 onConnect delay from lookup
   315.806ms [⏱️1738] [🔧iz6dh7igbj] ⚠️  HANDLE MISMATCH!
   315.829ms [⏱️1738] [🔧iz6dh7igbj]    My Handle: TCP 🔧=true 🆔=-22 📖=false
   315.847ms [⏱️1738] [🔧iz6dh7igbj]    Socket Handle: TCP 🔧=false 🆔=77 📖=false
   315.866ms [⏱️1738] [🔧iz6dh7igbj]    Object references are different!
   315.884ms [⏱️1738] [🔧iz6dh7igbj] 📣 emit connect
   315.910ms [⏱️1738] [🔧iz6dh7igbj] 🔬 _read(16384) ⏳=false 🔐=undefined 🇺🇸=passthrough 🔗=http://localhost:40417/ origFlowing=true
   315.933ms [⏱️1738] [🔧iz6dh7igbj] ✅ onReady
   315.951ms [⏱️1738] [🔧iz6dh7igbj] 📣 emit ready
   209.060ms [⏱️1649] [🔧pgrtnr0a6d] 🔌 onConnect delay from lookup
   209.082ms [⏱️1649] [🔧pgrtnr0a6d] ✅ Handles match
   209.099ms [⏱️1649] [🔧pgrtnr0a6d] 📣 emit connect
   209.125ms [⏱️1649] [🔧pgrtnr0a6d] 🔬 _read(16384) ⏳=false 🔐=undefined 🇺🇸=passthrough 🔗=http://localhost:40417/ origFlowing=true
   209.146ms [⏱️1649] [🔧pgrtnr0a6d] 🔧 HANDLE.readStart()
   209.317ms [⏱️1649] [🔧pgrtnr0a6d]     at tryReadStart (node:net:705:30)
   209.368ms [⏱️1649] [🔧pgrtnr0a6d]     at Socket._read (node:net:722:5)
   209.417ms [⏱️1649] [🔧pgrtnr0a6d]     at Socket.<anonymous> (node:net:720:37)
   209.465ms [⏱️1649] [🔧pgrtnr0a6d]     at Object.onceWrapper (node:events:638:28)
   209.499ms [⏱️1649] [🔧pgrtnr0a6d]     at Socket.emit (node:events:536:35)
   209.619ms [⏱️1649] [🔧pgrtnr0a6d]     at afterConnect (node:net:1596:10)
   209.697ms [⏱️1649] [🔧pgrtnr0a6d]     at afterConnectMultiple (node:net:1703:3)
   209.772ms [⏱️1649] [🔧pgrtnr0a6d] ✅ onReady
   209.822ms [⏱️1649] [🔧pgrtnr0a6d] 📣 emit ready
   253.780ms [⏱️1594] [🔧xqrypr5i15] 🔧 HANDLE.close()
   253.912ms [⏱️1594] [🔧xqrypr5i15]     at Timeout.internalConnectMultipleTimeout [as _onTimeout] (node:net:1712:10)
   253.932ms [⏱️1594] [🔧xqrypr5i15]     at listOnTimeout (node:internal/timers:583:11)
   253.944ms [⏱️1594] [🔧xqrypr5i15]     at process.processTimers (node:internal/timers:519:7)
   254.008ms [⏱️1594] [🔧xqrypr5i15] 🔧 HANDLE.close()
   254.076ms [⏱️1594] [🔧xqrypr5i15]     at Socket.reinitializeHandle (node:net:1265:17)
   254.092ms [⏱️1594] [🔧xqrypr5i15]     at internalConnectMultiple (node:net:1131:30)
   254.101ms [⏱️1594] [🔧xqrypr5i15]     at Timeout.internalConnectMultipleTimeout (node:net:1716:5)
   254.116ms [⏱️1594] [🔧xqrypr5i15]     at listOnTimeout (node:internal/timers:583:11)
   254.131ms [⏱️1594] [🔧xqrypr5i15]     at process.processTimers (node:internal/timers:519:7)
   607.990ms [⏱️1597] [🔧t18nvfqlp5] 🔌 onConnect delay from lookup
   608.141ms [⏱️1597] [🔧t18nvfqlp5] ⚠️  HANDLE MISMATCH!
   608.198ms [⏱️1597] [🔧t18nvfqlp5]    My Handle: TCP 🔧=true 🆔=-22 📖=false
   608.242ms [⏱️1597] [🔧t18nvfqlp5]    Socket Handle: TCP 🔧=false 🆔=70 📖=false
   608.274ms [⏱️1597] [🔧t18nvfqlp5]    Object references are different!
   608.351ms [⏱️1597] [🔧t18nvfqlp5] 📣 emit connect
   608.395ms [⏱️1597] [🔧t18nvfqlp5] 🔬 _read(16384) ⏳=false 🔐=undefined 🇺🇸=passthrough 🔗=http://localhost:40417/ origFlowing=true
   608.436ms [⏱️1597] [🔧t18nvfqlp5] ✅ onReady
   608.467ms [⏱️1597] [🔧t18nvfqlp5] 📣 emit ready
   254.447ms [⏱️1711] [🔧g8rr39k97fu] 🔧 HANDLE.close()
   254.641ms [⏱️1711] [🔧g8rr39k97fu]     at Timeout.internalConnectMultipleTimeout [as _onTimeout] (node:net:1712:10)
   254.674ms [⏱️1711] [🔧g8rr39k97fu]     at listOnTimeout (node:internal/timers:583:11)
   254.692ms [⏱️1711] [🔧g8rr39k97fu]     at process.processTimers (node:internal/timers:519:7)
   254.791ms [⏱️1711] [🔧g8rr39k97fu] 🔧 HANDLE.close()
   254.884ms [⏱️1711] [🔧g8rr39k97fu]     at Socket.reinitializeHandle (node:net:1265:17)
   254.906ms [⏱️1711] [🔧g8rr39k97fu]     at internalConnectMultiple (node:net:1131:30)
   254.920ms [⏱️1711] [🔧g8rr39k97fu]     at Timeout.internalConnectMultipleTimeout (node:net:1716:5)
   254.928ms [⏱️1711] [🔧g8rr39k97fu]     at listOnTimeout (node:internal/timers:583:11)
   254.941ms [⏱️1711] [🔧g8rr39k97fu]     at process.processTimers (node:internal/timers:519:7)
  1001.872ms [⏱️1125] [🔧0380tw7b4v16] 💾 onData 120b
  1001.939ms [⏱️1125] [🔧0380tw7b4v16] 📤 push([{"type":"Buffer","data":[72,84,84,80,47)
  1002.033ms [⏱️906] [🔧0380tw7b4v16] 📨 onResponseStart status=200 🇺🇸=passthrough
  1002.793ms [⏱️906] [🔧0380tw7b4v16] 📥 onResponseBody 2b
  1002.870ms [⏱️906] [🔧0380tw7b4v16] 🎬 onResponseEnd hasStream=true
  1002.949ms [⏱️1125] [🔧0380tw7b4v16] 📣 emit data 120 chars
  1003.092ms [⏱️1934] [🔧0380tw7b4v16] 📖 read([0])
  1003.138ms [⏱️1934] [🔧0380tw7b4v16] 🔬 _read(16384) ⏳=false 🔐=undefined 🇺🇸=passthrough 🔗=http://localhost:40417/ origFlowing=true
  1003.271ms [⏱️909] [🔧0380tw7b4v16] ▶️ resume()
  1004.000ms [⏱️1949] [🔧0380tw7b4v16] 📣 emit free
     0.001ms [⏱️0] [🔧ngmibmph15] 🏗️  constructor starting
     0.136ms [⏱️0] [🔧ngmibmph15] 🏗️  constructor complete http://localhost:40417/
  1004.934ms [⏱️0] [🔧0380tw7b4v16] 🧨 _destroy ⏳=false 🔐=undefined 🇺🇸=passthrough 🔗=http://localhost:40417/
  1005.024ms [⏱️0] [🔧0380tw7b4v16] 🔧 HANDLE.close()
  1005.198ms [⏱️0] [🔧0380tw7b4v16]     at closeSocketHandle (node:net:341:18)
  1005.219ms [⏱️0] [🔧0380tw7b4v16]     at Socket._destroy (node:net:831:7)
  1005.236ms [⏱️0] [🔧0380tw7b4v16]     at _destroy (node:internal/streams/destroy:121:10)
  1005.253ms [⏱️0] [🔧0380tw7b4v16]     at MockHttpSocket.destroy (node:internal/streams/destroy:83:5)
  1005.327ms [⏱️0] [🔧0380tw7b4v16]     at Writable.destroy (node:internal/streams/writable:1122:11)
  1005.340ms [⏱️0] [🔧0380tw7b4v16]     at MockHttpSocket.destroy (/workspace/repro/node_modules/.pnpm/@mswjs+interceptors@file+../node_modules/@mswjs/interceptors/lib/node/chunk-EFBKFUZI.js:574:18)
  1005.353ms [⏱️0] [🔧0380tw7b4v16]     at MockAgent.<anonymous> (node:_http_agent:154:14)
  1005.362ms [⏱️0] [🔧0380tw7b4v16]     at MockAgent.emit (node:events:524:28)
     0.929ms [⏱️1956] [🔧ngmibmph15] ▶️ resume()
     1.121ms [⏱️1956] [🔧ngmibmph15] ✍️  write 95b 🇺🇸=unknown buffered=0
     1.270ms [⏱️1954] [🔧ngmibmph15] 🚀 onRequestStart path=/ keepAlive=true
     2.631ms [⏱️1956] [🔧ngmibmph15] ✍️  write 2b 🇺🇸=unknown buffered=1
     2.683ms [⏱️1956] [🔧ngmibmph15] ✍️  write 9b 🇺🇸=unknown buffered=2
     2.722ms [⏱️1954] [🔧ngmibmph15] 📦 onRequestBody 9b
     2.761ms [⏱️1956] [🔧ngmibmph15] ✍️  write 2b 🇺🇸=unknown buffered=3
     2.786ms [⏱️1956] [🔧ngmibmph15] ✍️  write 5b 🇺🇸=unknown buffered=4
     2.811ms [⏱️1954] [🔧ngmibmph15] 🏁 onRequestEnd hasStream=true
     2.860ms [⏱️1960] [🔧ngmibmph15] 📖 read([0])
     2.891ms [⏱️1960] [🔧ngmibmph15] 🔬 _read(16384) ⏳=true 🔐=undefined 🇺🇸=unknown 🔗=http://localhost:40417/ origFlowing=undefined
     2.915ms [⏱️1960] [🔧ngmibmph15] 📣 emit resume
     2.939ms [⏱️1960] [🔧ngmibmph15] 📖 read()
     3.624ms [⏱️0] [🔧ngmibmph15] 💨 passthrough() 🧨=false ⏳=true
     3.774ms [⏱️0] [🔧ngmibmph15] 🔌 created originalSocket
     3.827ms [⏱️0] [🔧ngmibmph15] 🚽 flushing writeBuffer (5 items)
     3.899ms [⏱️1974] [🔧ngmibmph15] ▶️ onResume
     3.924ms [⏱️1974] [🔧ngmibmph15] 📣 emit resume
     4.230ms [⏱️1973] [🔧ngmibmph15] 🔍 onLookup args=[null,"::1",6,"localhost"]
     4.269ms [⏱️1973] [🔧ngmibmph15] 📣 emit lookup null, "::1", 6, "localhost"
     4.315ms [⏱️1973] [🔧ngmibmph15] 🔍 onLookup args=[null,"127.0.0.1",4,"localhost"]
     4.330ms [⏱️1973] [🔧ngmibmph15] 📣 emit lookup null, "127.0.0.1", 4, "localhost"
   686.814ms [⏱️1545] [🔧4gbvx9788e2] 💾 onData 120b
   686.978ms [⏱️1545] [🔧4gbvx9788e2] 📤 push([{"type":"Buffer","data":[72,84,84,80,47)
   687.051ms [⏱️1225] [🔧4gbvx9788e2] 📨 onResponseStart status=200 🇺🇸=passthrough
   687.570ms [⏱️1225] [🔧4gbvx9788e2] 📥 onResponseBody 2b
   687.618ms [⏱️1225] [🔧4gbvx9788e2] 🎬 onResponseEnd hasStream=true
   687.667ms [⏱️1545] [🔧4gbvx9788e2] 📣 emit data 120 chars
   687.721ms [⏱️1988] [🔧4gbvx9788e2] 📖 read([0])
   687.756ms [⏱️1988] [🔧4gbvx9788e2] 🔬 _read(16384) ⏳=false 🔐=undefined 🇺🇸=passthrough 🔗=http://localhost:40417/ origFlowing=true
   687.915ms [⏱️1228] [🔧4gbvx9788e2] ▶️ resume()
   688.170ms [⏱️2003] [🔧4gbvx9788e2] 📣 emit free
     0.001ms [⏱️0] [🔧x8zv88re8ul] 🏗️  constructor starting
     0.078ms [⏱️0] [🔧x8zv88re8ul] 🏗️  constructor complete http://localhost:40417/
   688.665ms [⏱️0] [🔧4gbvx9788e2] 🧨 _destroy ⏳=false 🔐=undefined 🇺🇸=passthrough 🔗=http://localhost:40417/
   688.694ms [⏱️0] [🔧4gbvx9788e2] 🔧 HANDLE.close()
   688.814ms [⏱️0] [🔧4gbvx9788e2]     at closeSocketHandle (node:net:341:18)
   688.831ms [⏱️0] [🔧4gbvx9788e2]     at Socket._destroy (node:net:831:7)
   688.842ms [⏱️0] [🔧4gbvx9788e2]     at _destroy (node:internal/streams/destroy:121:10)
   688.855ms [⏱️0] [🔧4gbvx9788e2]     at MockHttpSocket.destroy (node:internal/streams/destroy:83:5)
   688.869ms [⏱️0] [🔧4gbvx9788e2]     at Writable.destroy (node:internal/streams/writable:1122:11)
   688.877ms [⏱️0] [🔧4gbvx9788e2]     at MockHttpSocket.destroy (/workspace/repro/node_modules/.pnpm/@mswjs+interceptors@file+../node_modules/@mswjs/interceptors/lib/node/chunk-EFBKFUZI.js:574:18)
   688.910ms [⏱️0] [🔧4gbvx9788e2]     at MockAgent.<anonymous> (node:_http_agent:154:14)
   688.946ms [⏱️0] [🔧4gbvx9788e2]     at MockAgent.emit (node:events:524:28)
     0.537ms [⏱️2010] [🔧x8zv88re8ul] ▶️ resume()
     0.583ms [⏱️2010] [🔧x8zv88re8ul] ✍️  write 95b 🇺🇸=unknown buffered=0
     0.655ms [⏱️2008] [🔧x8zv88re8ul] 🚀 onRequestStart path=/ keepAlive=true
     1.255ms [⏱️2010] [🔧x8zv88re8ul] ✍️  write 2b 🇺🇸=unknown buffered=1
     1.305ms [⏱️2010] [🔧x8zv88re8ul] ✍️  write 9b 🇺🇸=unknown buffered=2
     1.343ms [⏱️2008] [🔧x8zv88re8ul] 📦 onRequestBody 9b
     1.390ms [⏱️2010] [🔧x8zv88re8ul] ✍️  write 2b 🇺🇸=unknown buffered=3
     1.413ms [⏱️2010] [🔧x8zv88re8ul] ✍️  write 5b 🇺🇸=unknown buffered=4
     1.441ms [⏱️2008] [🔧x8zv88re8ul] 🏁 onRequestEnd hasStream=true
     1.500ms [⏱️2014] [🔧x8zv88re8ul] 📖 read([0])
     1.529ms [⏱️2014] [🔧x8zv88re8ul] 🔬 _read(16384) ⏳=true 🔐=undefined 🇺🇸=unknown 🔗=http://localhost:40417/ origFlowing=undefined
     1.563ms [⏱️2014] [🔧x8zv88re8ul] 📣 emit resume
     1.580ms [⏱️2014] [🔧x8zv88re8ul] 📖 read()
     2.237ms [⏱️0] [🔧x8zv88re8ul] 💨 passthrough() 🧨=false ⏳=true
     2.386ms [⏱️0] [🔧x8zv88re8ul] 🔌 created originalSocket
     2.423ms [⏱️0] [🔧x8zv88re8ul] 🚽 flushing writeBuffer (5 items)
     2.536ms [⏱️2028] [🔧x8zv88re8ul] ▶️ onResume
     2.562ms [⏱️2028] [🔧x8zv88re8ul] 📣 emit resume
     2.880ms [⏱️2027] [🔧x8zv88re8ul] 🔍 onLookup args=[null,"::1",6,"localhost"]
     2.942ms [⏱️2027] [🔧x8zv88re8ul] 📣 emit lookup null, "::1", 6, "localhost"
     2.973ms [⏱️2027] [🔧x8zv88re8ul] 🔍 onLookup args=[null,"127.0.0.1",4,"localhost"]
     2.989ms [⏱️2027] [🔧x8zv88re8ul] 📣 emit lookup null, "127.0.0.1", 4, "localhost"
  1490.497ms [⏱️718] [🔧4ui6875euxt] 💾 onData 120b
  1490.645ms [⏱️718] [🔧4ui6875euxt] 📤 push([{"type":"Buffer","data":[72,84,84,80,47)
  1490.691ms [⏱️593] [🔧4ui6875euxt] 📨 onResponseStart status=200 🇺🇸=passthrough
  1491.304ms [⏱️593] [🔧4ui6875euxt] 📥 onResponseBody 2b
  1491.377ms [⏱️593] [🔧4ui6875euxt] 🎬 onResponseEnd hasStream=true
  1491.428ms [⏱️718] [🔧4ui6875euxt] 📣 emit data 120 chars
  1491.487ms [⏱️2036] [🔧4ui6875euxt] 📖 read([0])
  1491.521ms [⏱️2036] [🔧4ui6875euxt] 🔬 _read(16384) ⏳=false 🔐=undefined 🇺🇸=passthrough 🔗=http://localhost:40417/ origFlowing=true
  1491.692ms [⏱️596] [🔧4ui6875euxt] ▶️ resume()
  1491.922ms [⏱️2051] [🔧4ui6875euxt] 📣 emit free
     0.001ms [⏱️0] [🔧uixzdiazri] 🏗️  constructor starting
     0.108ms [⏱️0] [🔧uixzdiazri] 🏗️  constructor complete http://localhost:40417/
  1492.487ms [⏱️0] [🔧4ui6875euxt] 🧨 _destroy ⏳=false 🔐=undefined 🇺🇸=passthrough 🔗=http://localhost:40417/
  1492.533ms [⏱️0] [🔧4ui6875euxt] 🔧 HANDLE.close()
  1492.671ms [⏱️0] [🔧4ui6875euxt]     at closeSocketHandle (node:net:341:18)
  1492.694ms [⏱️0] [🔧4ui6875euxt]     at Socket._destroy (node:net:831:7)
  1492.716ms [⏱️0] [🔧4ui6875euxt]     at _destroy (node:internal/streams/destroy:121:10)
  1492.734ms [⏱️0] [🔧4ui6875euxt]     at MockHttpSocket.destroy (node:internal/streams/destroy:83:5)
  1492.755ms [⏱️0] [🔧4ui6875euxt]     at Writable.destroy (node:internal/streams/writable:1122:11)
  1492.774ms [⏱️0] [🔧4ui6875euxt]     at MockHttpSocket.destroy (/workspace/repro/node_modules/.pnpm/@mswjs+interceptors@file+../node_modules/@mswjs/interceptors/lib/node/chunk-EFBKFUZI.js:574:18)
  1492.791ms [⏱️0] [🔧4ui6875euxt]     at MockAgent.<anonymous> (node:_http_agent:154:14)
  1492.806ms [⏱️0] [🔧4ui6875euxt]     at MockAgent.emit (node:events:524:28)
     0.635ms [⏱️2058] [🔧uixzdiazri] ▶️ resume()
     0.684ms [⏱️2058] [🔧uixzdiazri] ✍️  write 95b 🇺🇸=unknown buffered=0
     0.723ms [⏱️2056] [🔧uixzdiazri] 🚀 onRequestStart path=/ keepAlive=true
     1.380ms [⏱️2058] [🔧uixzdiazri] ✍️  write 2b 🇺🇸=unknown buffered=1
     1.434ms [⏱️2058] [🔧uixzdiazri] ✍️  write 9b 🇺🇸=unknown buffered=2
     1.473ms [⏱️2056] [🔧uixzdiazri] 📦 onRequestBody 9b
     1.504ms [⏱️2058] [🔧uixzdiazri] ✍️  write 2b 🇺🇸=unknown buffered=3
     1.526ms [⏱️2058] [🔧uixzdiazri] ✍️  write 5b 🇺🇸=unknown buffered=4
     1.548ms [⏱️2056] [🔧uixzdiazri] 🏁 onRequestEnd hasStream=true
     1.600ms [⏱️2062] [🔧uixzdiazri] 📖 read([0])
     1.626ms [⏱️2062] [🔧uixzdiazri] 🔬 _read(16384) ⏳=true 🔐=undefined 🇺🇸=unknown 🔗=http://localhost:40417/ origFlowing=undefined
     1.651ms [⏱️2062] [🔧uixzdiazri] 📣 emit resume
     1.668ms [⏱️2062] [🔧uixzdiazri] 📖 read()
     2.128ms [⏱️0] [🔧uixzdiazri] 💨 passthrough() 🧨=false ⏳=true
     2.244ms [⏱️0] [🔧uixzdiazri] 🔌 created originalSocket
     2.275ms [⏱️0] [🔧uixzdiazri] 🚽 flushing writeBuffer (5 items)
     2.342ms [⏱️2076] [🔧uixzdiazri] ▶️ onResume
     2.361ms [⏱️2076] [🔧uixzdiazri] 📣 emit resume
     2.486ms [⏱️2075] [🔧uixzdiazri] 🔍 onLookup args=[null,"::1",6,"localhost"]
     2.519ms [⏱️2075] [🔧uixzdiazri] 📣 emit lookup null, "::1", 6, "localhost"
     2.535ms [⏱️2075] [🔧uixzdiazri] 🔍 onLookup args=[null,"127.0.0.1",4,"localhost"]
     2.559ms [⏱️2075] [🔧uixzdiazri] 📣 emit lookup null, "127.0.0.1", 4, "localhost"
   255.696ms [⏱️1789] [🔧kk4ffezc0mc] 🔧 HANDLE.close()
   255.909ms [⏱️1789] [🔧kk4ffezc0mc]     at Timeout.internalConnectMultipleTimeout [as _onTimeout] (node:net:1712:10)
   255.936ms [⏱️1789] [🔧kk4ffezc0mc]     at listOnTimeout (node:internal/timers:583:11)
   255.965ms [⏱️1789] [🔧kk4ffezc0mc]     at process.processTimers (node:internal/timers:519:7)
   256.053ms [⏱️1789] [🔧kk4ffezc0mc] 🔧 HANDLE.close()
   256.133ms [⏱️1789] [🔧kk4ffezc0mc]     at Socket.reinitializeHandle (node:net:1265:17)
   256.172ms [⏱️1789] [🔧kk4ffezc0mc]     at internalConnectMultiple (node:net:1131:30)
   256.222ms [⏱️1789] [🔧kk4ffezc0mc]     at Timeout.internalConnectMultipleTimeout (node:net:1716:5)
   256.265ms [⏱️1789] [🔧kk4ffezc0mc]     at listOnTimeout (node:internal/timers:583:11)
   256.310ms [⏱️1789] [🔧kk4ffezc0mc]     at process.processTimers (node:internal/timers:519:7)
   254.358ms [⏱️1837] [🔧jsn2yxzw9q] 🔧 HANDLE.close()
   254.476ms [⏱️1837] [🔧jsn2yxzw9q]     at Timeout.internalConnectMultipleTimeout [as _onTimeout] (node:net:1712:10)
   254.503ms [⏱️1837] [🔧jsn2yxzw9q]     at listOnTimeout (node:internal/timers:583:11)
   254.516ms [⏱️1837] [🔧jsn2yxzw9q]     at process.processTimers (node:internal/timers:519:7)
   254.571ms [⏱️1837] [🔧jsn2yxzw9q] 🔧 HANDLE.close()
   254.646ms [⏱️1837] [🔧jsn2yxzw9q]     at Socket.reinitializeHandle (node:net:1265:17)
   254.667ms [⏱️1837] [🔧jsn2yxzw9q]     at internalConnectMultiple (node:net:1131:30)
   254.678ms [⏱️1837] [🔧jsn2yxzw9q]     at Timeout.internalConnectMultipleTimeout (node:net:1716:5)
   254.689ms [⏱️1837] [🔧jsn2yxzw9q]     at listOnTimeout (node:internal/timers:583:11)
   254.710ms [⏱️1837] [🔧jsn2yxzw9q]     at process.processTimers (node:internal/timers:519:7)
   256.197ms [⏱️1885] [🔧52y8soe5daq] 🔧 HANDLE.close()
   256.472ms [⏱️1885] [🔧52y8soe5daq]     at Timeout.internalConnectMultipleTimeout [as _onTimeout] (node:net:1712:10)
   256.533ms [⏱️1885] [🔧52y8soe5daq]     at listOnTimeout (node:internal/timers:583:11)
   256.581ms [⏱️1885] [🔧52y8soe5daq]     at process.processTimers (node:internal/timers:519:7)
   256.727ms [⏱️1885] [🔧52y8soe5daq] 🔧 HANDLE.close()
   256.870ms [⏱️1885] [🔧52y8soe5daq]     at Socket.reinitializeHandle (node:net:1265:17)
   256.920ms [⏱️1885] [🔧52y8soe5daq]     at internalConnectMultiple (node:net:1131:30)
   256.947ms [⏱️1885] [🔧52y8soe5daq]     at Timeout.internalConnectMultipleTimeout (node:net:1716:5)
   256.990ms [⏱️1885] [🔧52y8soe5daq]     at listOnTimeout (node:internal/timers:583:11)
   257.016ms [⏱️1885] [🔧52y8soe5daq]     at process.processTimers (node:internal/timers:519:7)
   108.557ms [⏱️1980] [🔧ngmibmph15] 🔌 onConnect delay from lookup
   108.652ms [⏱️1980] [🔧ngmibmph15] ✅ Handles match
   108.694ms [⏱️1980] [🔧ngmibmph15] 📣 emit connect
   108.764ms [⏱️1980] [🔧ngmibmph15] 🔬 _read(16384) ⏳=false 🔐=undefined 🇺🇸=passthrough 🔗=http://localhost:40417/ origFlowing=true
   108.824ms [⏱️1980] [🔧ngmibmph15] 🔧 HANDLE.readStart()
   109.008ms [⏱️1980] [🔧ngmibmph15]     at tryReadStart (node:net:705:30)
   109.069ms [⏱️1980] [🔧ngmibmph15]     at Socket._read (node:net:722:5)
   109.100ms [⏱️1980] [🔧ngmibmph15]     at Socket.<anonymous> (node:net:720:37)
   109.252ms [⏱️1980] [🔧ngmibmph15]     at Object.onceWrapper (node:events:638:28)
   109.332ms [⏱️1980] [🔧ngmibmph15]     at Socket.emit (node:events:536:35)
   109.371ms [⏱️1980] [🔧ngmibmph15]     at afterConnect (node:net:1596:10)
   109.399ms [⏱️1980] [🔧ngmibmph15]     at afterConnectMultiple (node:net:1703:3)
   109.440ms [⏱️1980] [🔧ngmibmph15] ✅ onReady
   109.467ms [⏱️1980] [🔧ngmibmph15] 📣 emit ready
  1107.929ms [⏱️1132] [🔧lmqnq4iom3t] 🔌 onConnect delay from lookup
  1108.054ms [⏱️1132] [🔧lmqnq4iom3t] ⚠️  HANDLE MISMATCH!
  1108.112ms [⏱️1132] [🔧lmqnq4iom3t]    My Handle: TCP 🔧=true 🆔=-22 📖=false
  1108.174ms [⏱️1132] [🔧lmqnq4iom3t]    Socket Handle: TCP 🔧=false 🆔=59 📖=false
  1108.270ms [⏱️1132] [🔧lmqnq4iom3t]    Object references are different!
  1108.351ms [⏱️1132] [🔧lmqnq4iom3t] 📣 emit connect
  1108.411ms [⏱️1132] [🔧lmqnq4iom3t] 🔬 _read(16384) ⏳=false 🔐=undefined 🇺🇸=passthrough 🔗=http://localhost:40417/ origFlowing=true
  1108.498ms [⏱️1132] [🔧lmqnq4iom3t] ✅ onReady
  1108.547ms [⏱️1132] [🔧lmqnq4iom3t] 📣 emit ready
  1398.675ms [⏱️874] [🔧fbrvu6kkzg7] 💾 onData 120b
  1398.793ms [⏱️874] [🔧fbrvu6kkzg7] 📤 push([{"type":"Buffer","data":[72,84,84,80,47)
  1398.856ms [⏱️680] [🔧fbrvu6kkzg7] 📨 onResponseStart status=200 🇺🇸=passthrough
  1399.223ms [⏱️680] [🔧fbrvu6kkzg7] 📥 onResponseBody 2b
  1399.263ms [⏱️680] [🔧fbrvu6kkzg7] 🎬 onResponseEnd hasStream=true
  1399.322ms [⏱️874] [🔧fbrvu6kkzg7] 📣 emit data 120 chars
  1399.370ms [⏱️2109] [🔧fbrvu6kkzg7] 📖 read([0])
  1399.395ms [⏱️2109] [🔧fbrvu6kkzg7] 🔬 _read(16384) ⏳=false 🔐=undefined 🇺🇸=passthrough 🔗=http://localhost:40417/ origFlowing=true
  1399.498ms [⏱️683] [🔧fbrvu6kkzg7] ▶️ resume()
  1399.630ms [⏱️2124] [🔧fbrvu6kkzg7] 📣 emit free
     0.001ms [⏱️0] [🔧4y7fk8129e8] 🏗️  constructor starting
     0.060ms [⏱️0] [🔧4y7fk8129e8] 🏗️  constructor complete http://localhost:40417/
  1400.158ms [⏱️0] [🔧fbrvu6kkzg7] 🧨 _destroy ⏳=false 🔐=undefined 🇺🇸=passthrough 🔗=http://localhost:40417/
  1400.188ms [⏱️0] [🔧fbrvu6kkzg7] 🔧 HANDLE.close()
  1400.280ms [⏱️0] [🔧fbrvu6kkzg7]     at closeSocketHandle (node:net:341:18)
  1400.299ms [⏱️0] [🔧fbrvu6kkzg7]     at Socket._destroy (node:net:831:7)
  1400.325ms [⏱️0] [🔧fbrvu6kkzg7]     at _destroy (node:internal/streams/destroy:121:10)
  1400.391ms [⏱️0] [🔧fbrvu6kkzg7]     at MockHttpSocket.destroy (node:internal/streams/destroy:83:5)
  1400.479ms [⏱️0] [🔧fbrvu6kkzg7]     at Writable.destroy (node:internal/streams/writable:1122:11)
  1400.550ms [⏱️0] [🔧fbrvu6kkzg7]     at MockHttpSocket.destroy (/workspace/repro/node_modules/.pnpm/@mswjs+interceptors@file+../node_modules/@mswjs/interceptors/lib/node/chunk-EFBKFUZI.js:574:18)
  1400.632ms [⏱️0] [🔧fbrvu6kkzg7]     at MockAgent.<anonymous> (node:_http_agent:154:14)
  1400.688ms [⏱️0] [🔧fbrvu6kkzg7]     at MockAgent.emit (node:events:524:28)
     0.781ms [⏱️2131] [🔧4y7fk8129e8] ▶️ resume()
     0.844ms [⏱️2131] [🔧4y7fk8129e8] ✍️  write 95b 🇺🇸=unknown buffered=0
     0.897ms [⏱️2129] [🔧4y7fk8129e8] 🚀 onRequestStart path=/ keepAlive=true
     1.478ms [⏱️2131] [🔧4y7fk8129e8] ✍️  write 2b 🇺🇸=unknown buffered=1
     1.527ms [⏱️2131] [🔧4y7fk8129e8] ✍️  write 9b 🇺🇸=unknown buffered=2
     1.577ms [⏱️2129] [🔧4y7fk8129e8] 📦 onRequestBody 9b
     1.621ms [⏱️2131] [🔧4y7fk8129e8] ✍️  write 2b 🇺🇸=unknown buffered=3
     1.658ms [⏱️2131] [🔧4y7fk8129e8] ✍️  write 5b 🇺🇸=unknown buffered=4
     1.693ms [⏱️2129] [🔧4y7fk8129e8] 🏁 onRequestEnd hasStream=true
     1.752ms [⏱️2135] [🔧4y7fk8129e8] 📖 read([0])
     1.795ms [⏱️2135] [🔧4y7fk8129e8] 🔬 _read(16384) ⏳=true 🔐=undefined 🇺🇸=unknown 🔗=http://localhost:40417/ origFlowing=undefined
     1.836ms [⏱️2135] [🔧4y7fk8129e8] 📣 emit resume
     1.869ms [⏱️2135] [🔧4y7fk8129e8] 📖 read()
     2.525ms [⏱️0] [🔧4y7fk8129e8] 💨 passthrough() 🧨=false ⏳=true
     2.687ms [⏱️0] [🔧4y7fk8129e8] 🔌 created originalSocket
     2.740ms [⏱️0] [🔧4y7fk8129e8] 🚽 flushing writeBuffer (5 items)
     2.848ms [⏱️2149] [🔧4y7fk8129e8] ▶️ onResume
     2.880ms [⏱️2149] [🔧4y7fk8129e8] 📣 emit resume
     2.986ms [⏱️2148] [🔧4y7fk8129e8] 🔍 onLookup args=[null,"::1",6,"localhost"]
     3.016ms [⏱️2148] [🔧4y7fk8129e8] 📣 emit lookup null, "::1", 6, "localhost"
     3.048ms [⏱️2148] [🔧4y7fk8129e8] 🔍 onLookup args=[null,"127.0.0.1",4,"localhost"]
     3.066ms [⏱️2148] [🔧4y7fk8129e8] 📣 emit lookup null, "127.0.0.1", 4, "localhost"
   683.758ms [⏱️1657] [🔧urkp90p8slk] 💾 onData 120b
   683.851ms [⏱️1657] [🔧urkp90p8slk] 📤 push([{"type":"Buffer","data":[72,84,84,80,47)
   683.888ms [⏱️1402] [🔧urkp90p8slk] 📨 onResponseStart status=200 🇺🇸=passthrough
   684.291ms [⏱️1402] [🔧urkp90p8slk] 📥 onResponseBody 2b
   684.331ms [⏱️1402] [🔧urkp90p8slk] 🎬 onResponseEnd hasStream=true
   684.367ms [⏱️1657] [🔧urkp90p8slk] 📣 emit data 120 chars
   684.431ms [⏱️2160] [🔧urkp90p8slk] 📖 read([0])
   684.460ms [⏱️2160] [🔧urkp90p8slk] 🔬 _read(16384) ⏳=false 🔐=undefined 🇺🇸=passthrough 🔗=http://localhost:40417/ origFlowing=true
   684.592ms [⏱️1405] [🔧urkp90p8slk] ▶️ resume()
   684.857ms [⏱️2175] [🔧urkp90p8slk] 📣 emit free
     0.001ms [⏱️0] [🔧ugt8arz1wip] 🏗️  constructor starting
     0.068ms [⏱️0] [🔧ugt8arz1wip] 🏗️  constructor complete http://localhost:40417/
   685.332ms [⏱️0] [🔧urkp90p8slk] 🧨 _destroy ⏳=false 🔐=undefined 🇺🇸=passthrough 🔗=http://localhost:40417/
   685.381ms [⏱️0] [🔧urkp90p8slk] 🔧 HANDLE.close()
   685.507ms [⏱️0] [🔧urkp90p8slk]     at closeSocketHandle (node:net:341:18)
   685.519ms [⏱️0] [🔧urkp90p8slk]     at Socket._destroy (node:net:831:7)
   685.529ms [⏱️0] [🔧urkp90p8slk]     at _destroy (node:internal/streams/destroy:121:10)
   685.538ms [⏱️0] [🔧urkp90p8slk]     at MockHttpSocket.destroy (node:internal/streams/destroy:83:5)
   685.544ms [⏱️0] [🔧urkp90p8slk]     at Writable.destroy (node:internal/streams/writable:1122:11)
   685.553ms [⏱️0] [🔧urkp90p8slk]     at MockHttpSocket.destroy (/workspace/repro/node_modules/.pnpm/@mswjs+interceptors@file+../node_modules/@mswjs/interceptors/lib/node/chunk-EFBKFUZI.js:574:18)
   685.572ms [⏱️0] [🔧urkp90p8slk]     at MockAgent.<anonymous> (node:_http_agent:154:14)
   685.588ms [⏱️0] [🔧urkp90p8slk]     at MockAgent.emit (node:events:524:28)
     0.556ms [⏱️2182] [🔧ugt8arz1wip] ▶️ resume()
     0.589ms [⏱️2182] [🔧ugt8arz1wip] ✍️  write 95b 🇺🇸=unknown buffered=0
     0.620ms [⏱️2180] [🔧ugt8arz1wip] 🚀 onRequestStart path=/ keepAlive=true
     1.027ms [⏱️2182] [🔧ugt8arz1wip] ✍️  write 2b 🇺🇸=unknown buffered=1
     1.056ms [⏱️2182] [🔧ugt8arz1wip] ✍️  write 9b 🇺🇸=unknown buffered=2
     1.084ms [⏱️2180] [🔧ugt8arz1wip] 📦 onRequestBody 9b
     1.117ms [⏱️2182] [🔧ugt8arz1wip] ✍️  write 2b 🇺🇸=unknown buffered=3
     1.145ms [⏱️2182] [🔧ugt8arz1wip] ✍️  write 5b 🇺🇸=unknown buffered=4
     1.168ms [⏱️2180] [🔧ugt8arz1wip] 🏁 onRequestEnd hasStream=true
     1.217ms [⏱️2186] [🔧ugt8arz1wip] 📖 read([0])
     1.241ms [⏱️2186] [🔧ugt8arz1wip] 🔬 _read(16384) ⏳=true 🔐=undefined 🇺🇸=unknown 🔗=http://localhost:40417/ origFlowing=undefined
     1.266ms [⏱️2186] [🔧ugt8arz1wip] 📣 emit resume
     1.281ms [⏱️2186] [🔧ugt8arz1wip] 📖 read()
     1.758ms [⏱️0] [🔧ugt8arz1wip] 💨 passthrough() 🧨=false ⏳=true
     1.897ms [⏱️0] [🔧ugt8arz1wip] 🔌 created originalSocket
     1.930ms [⏱️0] [🔧ugt8arz1wip] 🚽 flushing writeBuffer (5 items)
     1.997ms [⏱️2200] [🔧ugt8arz1wip] ▶️ onResume
     2.021ms [⏱️2200] [🔧ugt8arz1wip] 📣 emit resume
     2.154ms [⏱️2199] [🔧ugt8arz1wip] 🔍 onLookup args=[null,"::1",6,"localhost"]
     2.193ms [⏱️2199] [🔧ugt8arz1wip] 📣 emit lookup null, "::1", 6, "localhost"
     2.211ms [⏱️2199] [🔧ugt8arz1wip] 🔍 onLookup args=[null,"127.0.0.1",4,"localhost"]
     2.222ms [⏱️2199] [🔧ugt8arz1wip] 📣 emit lookup null, "127.0.0.1", 4, "localhost"
   799.424ms [⏱️1295] [🔧ndz7n9u8pz8] 💾 onData 120b
   799.511ms [⏱️1295] [🔧ndz7n9u8pz8] 📤 push([{"type":"Buffer","data":[72,84,84,80,47)
   799.559ms [⏱️1278] [🔧ndz7n9u8pz8] 📨 onResponseStart status=200 🇺🇸=passthrough
   799.932ms [⏱️1278] [🔧ndz7n9u8pz8] 📥 onResponseBody 2b
   799.965ms [⏱️1278] [🔧ndz7n9u8pz8] 🎬 onResponseEnd hasStream=true
   799.998ms [⏱️1295] [🔧ndz7n9u8pz8] 📣 emit data 120 chars
   800.060ms [⏱️2208] [🔧ndz7n9u8pz8] 📖 read([0])
   800.081ms [⏱️2208] [🔧ndz7n9u8pz8] 🔬 _read(16384) ⏳=false 🔐=undefined 🇺🇸=passthrough 🔗=http://localhost:40417/ origFlowing=true
   800.197ms [⏱️1281] [🔧ndz7n9u8pz8] ▶️ resume()
   800.433ms [⏱️2223] [🔧ndz7n9u8pz8] 📣 emit free
     0.001ms [⏱️0] [🔧cmmp2mnu7tc] 🏗️  constructor starting
     0.051ms [⏱️0] [🔧cmmp2mnu7tc] 🏗️  constructor complete http://localhost:40417/
   800.776ms [⏱️0] [🔧ndz7n9u8pz8] 🧨 _destroy ⏳=false 🔐=undefined 🇺🇸=passthrough 🔗=http://localhost:40417/
   800.805ms [⏱️0] [🔧ndz7n9u8pz8] 🔧 HANDLE.close()
   800.894ms [⏱️0] [🔧ndz7n9u8pz8]     at closeSocketHandle (node:net:341:18)
   800.911ms [⏱️0] [🔧ndz7n9u8pz8]     at Socket._destroy (node:net:831:7)
   800.924ms [⏱️0] [🔧ndz7n9u8pz8]     at _destroy (node:internal/streams/destroy:121:10)
   800.936ms [⏱️0] [🔧ndz7n9u8pz8]     at MockHttpSocket.destroy (node:internal/streams/destroy:83:5)
   800.949ms [⏱️0] [🔧ndz7n9u8pz8]     at Writable.destroy (node:internal/streams/writable:1122:11)
   800.963ms [⏱️0] [🔧ndz7n9u8pz8]     at MockHttpSocket.destroy (/workspace/repro/node_modules/.pnpm/@mswjs+interceptors@file+../node_modules/@mswjs/interceptors/lib/node/chunk-EFBKFUZI.js:574:18)
   801.281ms [⏱️0] [🔧ndz7n9u8pz8]     at MockAgent.<anonymous> (node:_http_agent:154:14)
   801.340ms [⏱️0] [🔧ndz7n9u8pz8]     at MockAgent.emit (node:events:524:28)
     0.831ms [⏱️2230] [🔧cmmp2mnu7tc] ▶️ resume()
     0.868ms [⏱️2230] [🔧cmmp2mnu7tc] ✍️  write 95b 🇺🇸=unknown buffered=0
     0.906ms [⏱️2228] [🔧cmmp2mnu7tc] 🚀 onRequestStart path=/ keepAlive=true
     1.277ms [⏱️2230] [🔧cmmp2mnu7tc] ✍️  write 2b 🇺🇸=unknown buffered=1
     1.307ms [⏱️2230] [🔧cmmp2mnu7tc] ✍️  write 9b 🇺🇸=unknown buffered=2
     1.332ms [⏱️2228] [🔧cmmp2mnu7tc] 📦 onRequestBody 9b
     1.358ms [⏱️2230] [🔧cmmp2mnu7tc] ✍️  write 2b 🇺🇸=unknown buffered=3
     1.376ms [⏱️2230] [🔧cmmp2mnu7tc] ✍️  write 5b 🇺🇸=unknown buffered=4
     1.405ms [⏱️2228] [🔧cmmp2mnu7tc] 🏁 onRequestEnd hasStream=true
     1.491ms [⏱️2234] [🔧cmmp2mnu7tc] 📖 read([0])
     1.515ms [⏱️2234] [🔧cmmp2mnu7tc] 🔬 _read(16384) ⏳=true 🔐=undefined 🇺🇸=unknown 🔗=http://localhost:40417/ origFlowing=undefined
     1.534ms [⏱️2234] [🔧cmmp2mnu7tc] 📣 emit resume
     1.543ms [⏱️2234] [🔧cmmp2mnu7tc] 📖 read()
     2.014ms [⏱️0] [🔧cmmp2mnu7tc] 💨 passthrough() 🧨=false ⏳=true
     2.103ms [⏱️0] [🔧cmmp2mnu7tc] 🔌 created originalSocket
     2.129ms [⏱️0] [🔧cmmp2mnu7tc] 🚽 flushing writeBuffer (5 items)
     2.181ms [⏱️2248] [🔧cmmp2mnu7tc] ▶️ onResume
     2.200ms [⏱️2248] [🔧cmmp2mnu7tc] 📣 emit resume
   802.883ms [⏱️1295] [🔧ndz7n9u8pz8] 📣 emit close false
     2.310ms [⏱️2247] [🔧cmmp2mnu7tc] 🔍 onLookup args=[null,"::1",6,"localhost"]
     2.330ms [⏱️2247] [🔧cmmp2mnu7tc] 📣 emit lookup null, "::1", 6, "localhost"
     2.351ms [⏱️2247] [🔧cmmp2mnu7tc] 🔍 onLookup args=[null,"127.0.0.1",4,"localhost"]
     2.370ms [⏱️2247] [🔧cmmp2mnu7tc] 📣 emit lookup null, "127.0.0.1", 4, "localhost"
  1123.339ms [⏱️1135] [🔧usmszwhqav] 🔌 onConnect delay from lookup
  1123.417ms [⏱️1135] [🔧usmszwhqav] ⚠️  HANDLE MISMATCH!
  1123.431ms [⏱️1135] [🔧usmszwhqav]    My Handle: TCP 🔧=true 🆔=-22 📖=false
  1123.447ms [⏱️1135] [🔧usmszwhqav]    Socket Handle: TCP 🔧=false 🆔=60 📖=false
  1123.463ms [⏱️1135] [🔧usmszwhqav]    Object references are different!
  1123.495ms [⏱️1135] [🔧usmszwhqav] 📣 emit connect
  1123.523ms [⏱️1135] [🔧usmszwhqav] 🔬 _read(16384) ⏳=false 🔐=undefined 🇺🇸=passthrough 🔗=http://localhost:40417/ origFlowing=true
  1123.554ms [⏱️1135] [🔧usmszwhqav] ✅ onReady
  1123.571ms [⏱️1135] [🔧usmszwhqav] 📣 emit ready
   672.902ms [⏱️1716] [🔧t0re08zme] 🔌 onConnect delay from lookup
   672.955ms [⏱️1716] [🔧t0re08zme] ⚠️  HANDLE MISMATCH!
   672.976ms [⏱️1716] [🔧t0re08zme]    My Handle: TCP 🔧=true 🆔=-22 📖=false
   672.995ms [⏱️1716] [🔧t0re08zme]    Socket Handle: TCP 🔧=false 🆔=76 📖=false
   673.012ms [⏱️1716] [🔧t0re08zme]    Object references are different!
   673.037ms [⏱️1716] [🔧t0re08zme] 📣 emit connect
   673.062ms [⏱️1716] [🔧t0re08zme] 🔬 _read(16384) ⏳=false 🔐=undefined 🇺🇸=passthrough 🔗=http://localhost:40417/ origFlowing=true
   673.094ms [⏱️1716] [🔧t0re08zme] ✅ onReady
   673.110ms [⏱️1716] [🔧t0re08zme] 📣 emit ready
   436.263ms [⏱️2098] [🔧52y8soe5daq] 🔌 onConnect delay from lookup
   436.357ms [⏱️2098] [🔧52y8soe5daq] ⚠️  HANDLE MISMATCH!
   436.372ms [⏱️2098] [🔧52y8soe5daq]    My Handle: TCP 🔧=true 🆔=-22 📖=false
   436.389ms [⏱️2098] [🔧52y8soe5daq]    Socket Handle: TCP 🔧=false 🆔=87 📖=false
   436.403ms [⏱️2098] [🔧52y8soe5daq]    Object references are different!
   436.431ms [⏱️2098] [🔧52y8soe5daq] 📣 emit connect
   436.468ms [⏱️2098] [🔧52y8soe5daq] 🔬 _read(16384) ⏳=false 🔐=undefined 🇺🇸=passthrough 🔗=http://localhost:40417/ origFlowing=true
   436.506ms [⏱️2098] [🔧52y8soe5daq] ✅ onReady
   436.523ms [⏱️2098] [🔧52y8soe5daq] 📣 emit ready
   255.273ms [⏱️2032] [🔧x8zv88re8ul] 🔧 HANDLE.close()
   255.408ms [⏱️2032] [🔧x8zv88re8ul]     at Timeout.internalConnectMultipleTimeout [as _onTimeout] (node:net:1712:10)
   255.431ms [⏱️2032] [🔧x8zv88re8ul]     at listOnTimeout (node:internal/timers:583:11)
   255.440ms [⏱️2032] [🔧x8zv88re8ul]     at process.processTimers (node:internal/timers:519:7)
   255.511ms [⏱️2032] [🔧x8zv88re8ul] 🔧 HANDLE.close()
   255.570ms [⏱️2032] [🔧x8zv88re8ul]     at Socket.reinitializeHandle (node:net:1265:17)
   255.589ms [⏱️2032] [🔧x8zv88re8ul]     at internalConnectMultiple (node:net:1131:30)
   255.644ms [⏱️2032] [🔧x8zv88re8ul]     at Timeout.internalConnectMultipleTimeout (node:net:1716:5)
   255.672ms [⏱️2032] [🔧x8zv88re8ul]     at listOnTimeout (node:internal/timers:583:11)
   255.685ms [⏱️2032] [🔧x8zv88re8ul]     at process.processTimers (node:internal/timers:519:7)
   253.054ms [⏱️2083] [🔧uixzdiazri] 🔧 HANDLE.close()
   253.215ms [⏱️2083] [🔧uixzdiazri]     at Timeout.internalConnectMultipleTimeout [as _onTimeout] (node:net:1712:10)
   253.266ms [⏱️2083] [🔧uixzdiazri]     at listOnTimeout (node:internal/timers:583:11)
   253.292ms [⏱️2083] [🔧uixzdiazri]     at process.processTimers (node:internal/timers:519:7)
   253.403ms [⏱️2083] [🔧uixzdiazri] 🔧 HANDLE.close()
   253.535ms [⏱️2083] [🔧uixzdiazri]     at Socket.reinitializeHandle (node:net:1265:17)
   253.551ms [⏱️2083] [🔧uixzdiazri]     at internalConnectMultiple (node:net:1131:30)
   253.562ms [⏱️2083] [🔧uixzdiazri]     at Timeout.internalConnectMultipleTimeout (node:net:1716:5)
   253.579ms [⏱️2083] [🔧uixzdiazri]     at listOnTimeout (node:internal/timers:583:11)
   253.592ms [⏱️2083] [🔧uixzdiazri]     at process.processTimers (node:internal/timers:519:7)
  1421.663ms [⏱️1100] [🔧ouwandqo0fe] 💾 onData 120b
  1421.893ms [⏱️1100] [🔧ouwandqo0fe] 📤 push([{"type":"Buffer","data":[72,84,84,80,47)
  1421.985ms [⏱️782] [🔧ouwandqo0fe] 📨 onResponseStart status=200 🇺🇸=passthrough
  1422.661ms [⏱️782] [🔧ouwandqo0fe] 📥 onResponseBody 2b
  1422.759ms [⏱️782] [🔧ouwandqo0fe] 🎬 onResponseEnd hasStream=true
  1422.860ms [⏱️1100] [🔧ouwandqo0fe] 📣 emit data 120 chars
  1422.924ms [⏱️2281] [🔧ouwandqo0fe] 📖 read([0])
  1422.971ms [⏱️2281] [🔧ouwandqo0fe] 🔬 _read(16384) ⏳=false 🔐=undefined 🇺🇸=passthrough 🔗=http://localhost:40417/ origFlowing=true
  1423.113ms [⏱️785] [🔧ouwandqo0fe] ▶️ resume()
  1423.421ms [⏱️2296] [🔧ouwandqo0fe] 📣 emit free
     0.001ms [⏱️0] [🔧wjynvoj5m4] 🏗️  constructor starting
     0.122ms [⏱️0] [🔧wjynvoj5m4] 🏗️  constructor complete http://localhost:40417/
  1423.999ms [⏱️0] [🔧ouwandqo0fe] 🧨 _destroy ⏳=false 🔐=undefined 🇺🇸=passthrough 🔗=http://localhost:40417/
  1424.055ms [⏱️0] [🔧ouwandqo0fe] 🔧 HANDLE.close()
  1424.234ms [⏱️0] [🔧ouwandqo0fe]     at closeSocketHandle (node:net:341:18)
  1424.258ms [⏱️0] [🔧ouwandqo0fe]     at Socket._destroy (node:net:831:7)
  1424.270ms [⏱️0] [🔧ouwandqo0fe]     at _destroy (node:internal/streams/destroy:121:10)
  1424.290ms [⏱️0] [🔧ouwandqo0fe]     at MockHttpSocket.destroy (node:internal/streams/destroy:83:5)
  1424.313ms [⏱️0] [🔧ouwandqo0fe]     at Writable.destroy (node:internal/streams/writable:1122:11)
  1424.442ms [⏱️0] [🔧ouwandqo0fe]     at MockHttpSocket.destroy (/workspace/repro/node_modules/.pnpm/@mswjs+interceptors@file+../node_modules/@mswjs/interceptors/lib/node/chunk-EFBKFUZI.js:574:18)
  1424.471ms [⏱️0] [🔧ouwandqo0fe]     at MockAgent.<anonymous> (node:_http_agent:154:14)
  1424.484ms [⏱️0] [🔧ouwandqo0fe]     at MockAgent.emit (node:events:524:28)
     0.838ms [⏱️2303] [🔧wjynvoj5m4] ▶️ resume()
     0.889ms [⏱️2303] [🔧wjynvoj5m4] ✍️  write 95b 🇺🇸=unknown buffered=0
     0.934ms [⏱️2301] [🔧wjynvoj5m4] 🚀 onRequestStart path=/ keepAlive=true
     1.383ms [⏱️2303] [🔧wjynvoj5m4] ✍️  write 2b 🇺🇸=unknown buffered=1
     1.410ms [⏱️2303] [🔧wjynvoj5m4] ✍️  write 9b 🇺🇸=unknown buffered=2
     1.445ms [⏱️2301] [🔧wjynvoj5m4] 📦 onRequestBody 9b
     1.474ms [⏱️2303] [🔧wjynvoj5m4] ✍️  write 2b 🇺🇸=unknown buffered=3
     1.493ms [⏱️2303] [🔧wjynvoj5m4] ✍️  write 5b 🇺🇸=unknown buffered=4
     1.515ms [⏱️2301] [🔧wjynvoj5m4] 🏁 onRequestEnd hasStream=true
     1.554ms [⏱️2307] [🔧wjynvoj5m4] 📖 read([0])
     1.578ms [⏱️2307] [🔧wjynvoj5m4] 🔬 _read(16384) ⏳=true 🔐=undefined 🇺🇸=unknown 🔗=http://localhost:40417/ origFlowing=undefined
     1.604ms [⏱️2307] [🔧wjynvoj5m4] 📣 emit resume
     1.621ms [⏱️2307] [🔧wjynvoj5m4] 📖 read()
     2.094ms [⏱️0] [🔧wjynvoj5m4] 💨 passthrough() 🧨=false ⏳=true
     2.233ms [⏱️0] [🔧wjynvoj5m4] 🔌 created originalSocket
     2.262ms [⏱️0] [🔧wjynvoj5m4] 🚽 flushing writeBuffer (5 items)
     2.339ms [⏱️2321] [🔧wjynvoj5m4] ▶️ onResume
     2.360ms [⏱️2321] [🔧wjynvoj5m4] 📣 emit resume
     2.656ms [⏱️2320] [🔧wjynvoj5m4] 🔍 onLookup args=[null,"::1",6,"localhost"]
     2.686ms [⏱️2320] [🔧wjynvoj5m4] 📣 emit lookup null, "::1", 6, "localhost"
     2.715ms [⏱️2320] [🔧wjynvoj5m4] 🔍 onLookup args=[null,"127.0.0.1",4,"localhost"]
     2.735ms [⏱️2320] [🔧wjynvoj5m4] 📣 emit lookup null, "127.0.0.1", 4, "localhost"
   734.874ms [⏱️1910] [🔧xqrypr5i15] 🔌 onConnect delay from lookup
   734.921ms [⏱️1910] [🔧xqrypr5i15] ⚠️  HANDLE MISMATCH!
   734.978ms [⏱️1910] [🔧xqrypr5i15]    My Handle: TCP 🔧=true 🆔=-22 📖=false
   735.020ms [⏱️1910] [🔧xqrypr5i15]    Socket Handle: TCP 🔧=false 🆔=78 📖=false
   735.054ms [⏱️1910] [🔧xqrypr5i15]    Object references are different!
   735.086ms [⏱️1910] [🔧xqrypr5i15] 📣 emit connect
   735.168ms [⏱️1910] [🔧xqrypr5i15] 🔬 _read(16384) ⏳=false 🔐=undefined 🇺🇸=passthrough 🔗=http://localhost:40417/ origFlowing=true
   735.230ms [⏱️1910] [🔧xqrypr5i15] ✅ onReady
   735.255ms [⏱️1910] [🔧xqrypr5i15] 📣 emit ready
   255.589ms [⏱️2153] [🔧4y7fk8129e8] 🔧 HANDLE.close()
   255.848ms [⏱️2153] [🔧4y7fk8129e8]     at Timeout.internalConnectMultipleTimeout [as _onTimeout] (node:net:1712:10)
   255.901ms [⏱️2153] [🔧4y7fk8129e8]     at listOnTimeout (node:internal/timers:583:11)
   255.982ms [⏱️2153] [🔧4y7fk8129e8]     at process.processTimers (node:internal/timers:519:7)
   256.116ms [⏱️2153] [🔧4y7fk8129e8] 🔧 HANDLE.close()
   256.349ms [⏱️2153] [🔧4y7fk8129e8]     at Socket.reinitializeHandle (node:net:1265:17)
   256.414ms [⏱️2153] [🔧4y7fk8129e8]     at internalConnectMultiple (node:net:1131:30)
   256.456ms [⏱️2153] [🔧4y7fk8129e8]     at Timeout.internalConnectMultipleTimeout (node:net:1716:5)
   256.509ms [⏱️2153] [🔧4y7fk8129e8]     at listOnTimeout (node:internal/timers:583:11)
   256.555ms [⏱️2153] [🔧4y7fk8129e8]     at process.processTimers (node:internal/timers:519:7)
   253.666ms [⏱️2204] [🔧ugt8arz1wip] 🔧 HANDLE.close()
   253.852ms [⏱️2204] [🔧ugt8arz1wip]     at Timeout.internalConnectMultipleTimeout [as _onTimeout] (node:net:1712:10)
   253.897ms [⏱️2204] [🔧ugt8arz1wip]     at listOnTimeout (node:internal/timers:583:11)
   253.938ms [⏱️2204] [🔧ugt8arz1wip]     at process.processTimers (node:internal/timers:519:7)
   254.093ms [⏱️2204] [🔧ugt8arz1wip] 🔧 HANDLE.close()
   254.305ms [⏱️2204] [🔧ugt8arz1wip]     at Socket.reinitializeHandle (node:net:1265:17)
   254.551ms [⏱️2204] [🔧ugt8arz1wip]     at internalConnectMultiple (node:net:1131:30)
   254.611ms [⏱️2204] [🔧ugt8arz1wip]     at Timeout.internalConnectMultipleTimeout (node:net:1716:5)
   254.663ms [⏱️2204] [🔧ugt8arz1wip]     at listOnTimeout (node:internal/timers:583:11)
   254.764ms [⏱️2204] [🔧ugt8arz1wip]     at process.processTimers (node:internal/timers:519:7)
   254.710ms [⏱️2253] [🔧cmmp2mnu7tc] 🔧 HANDLE.close()
   254.862ms [⏱️2253] [🔧cmmp2mnu7tc]     at Timeout.internalConnectMultipleTimeout [as _onTimeout] (node:net:1712:10)
   254.911ms [⏱️2253] [🔧cmmp2mnu7tc]     at listOnTimeout (node:internal/timers:583:11)
   254.947ms [⏱️2253] [🔧cmmp2mnu7tc]     at process.processTimers (node:internal/timers:519:7)
   255.058ms [⏱️2253] [🔧cmmp2mnu7tc] 🔧 HANDLE.close()
   255.181ms [⏱️2253] [🔧cmmp2mnu7tc]     at Socket.reinitializeHandle (node:net:1265:17)
   255.237ms [⏱️2253] [🔧cmmp2mnu7tc]     at internalConnectMultiple (node:net:1131:30)
   255.266ms [⏱️2253] [🔧cmmp2mnu7tc]     at Timeout.internalConnectMultipleTimeout (node:net:1716:5)
   255.303ms [⏱️2253] [🔧cmmp2mnu7tc]     at listOnTimeout (node:internal/timers:583:11)
   255.334ms [⏱️2253] [🔧cmmp2mnu7tc]     at process.processTimers (node:internal/timers:519:7)
   905.258ms [⏱️1737] [🔧iz6dh7igbj] 💾 onData 120b
   905.392ms [⏱️1737] [🔧iz6dh7igbj] 📤 push([{"type":"Buffer","data":[72,84,84,80,47)
   905.449ms [⏱️1512] [🔧iz6dh7igbj] 📨 onResponseStart status=200 🇺🇸=passthrough
   905.967ms [⏱️1512] [🔧iz6dh7igbj] 📥 onResponseBody 2b
   906.021ms [⏱️1512] [🔧iz6dh7igbj] 🎬 onResponseEnd hasStream=true
   906.079ms [⏱️1737] [🔧iz6dh7igbj] 📣 emit data 120 chars
   906.124ms [⏱️2357] [🔧iz6dh7igbj] 📖 read([0])
   906.158ms [⏱️2357] [🔧iz6dh7igbj] 🔬 _read(16384) ⏳=false 🔐=undefined 🇺🇸=passthrough 🔗=http://localhost:40417/ origFlowing=true
   906.287ms [⏱️1515] [🔧iz6dh7igbj] ▶️ resume()
   906.461ms [⏱️2372] [🔧iz6dh7igbj] 📣 emit free
     0.001ms [⏱️0] [🔧l5vjqbhfusp] 🏗️  constructor starting
     0.223ms [⏱️0] [🔧l5vjqbhfusp] 🏗️  constructor complete http://localhost:40417/
   907.322ms [⏱️0] [🔧iz6dh7igbj] 🧨 _destroy ⏳=false 🔐=undefined 🇺🇸=passthrough 🔗=http://localhost:40417/
   907.367ms [⏱️0] [🔧iz6dh7igbj] 🔧 HANDLE.close()
   907.534ms [⏱️0] [🔧iz6dh7igbj]     at closeSocketHandle (node:net:341:18)
   907.577ms [⏱️0] [🔧iz6dh7igbj]     at Socket._destroy (node:net:831:7)
   907.588ms [⏱️0] [🔧iz6dh7igbj]     at _destroy (node:internal/streams/destroy:121:10)
   907.598ms [⏱️0] [🔧iz6dh7igbj]     at MockHttpSocket.destroy (node:internal/streams/destroy:83:5)
   907.613ms [⏱️0] [🔧iz6dh7igbj]     at Writable.destroy (node:internal/streams/writable:1122:11)
   907.625ms [⏱️0] [🔧iz6dh7igbj]     at MockHttpSocket.destroy (/workspace/repro/node_modules/.pnpm/@mswjs+interceptors@file+../node_modules/@mswjs/interceptors/lib/node/chunk-EFBKFUZI.js:574:18)
   907.667ms [⏱️0] [🔧iz6dh7igbj]     at MockAgent.<anonymous> (node:_http_agent:154:14)
   907.682ms [⏱️0] [🔧iz6dh7igbj]     at MockAgent.emit (node:events:524:28)
     0.805ms [⏱️2379] [🔧l5vjqbhfusp] ▶️ resume()
     0.839ms [⏱️2379] [🔧l5vjqbhfusp] ✍️  write 95b 🇺🇸=unknown buffered=0
     0.880ms [⏱️2377] [🔧l5vjqbhfusp] 🚀 onRequestStart path=/ keepAlive=true
     1.590ms [⏱️2379] [🔧l5vjqbhfusp] ✍️  write 2b 🇺🇸=unknown buffered=1
     1.628ms [⏱️2379] [🔧l5vjqbhfusp] ✍️  write 9b 🇺🇸=unknown buffered=2
     1.659ms [⏱️2377] [🔧l5vjqbhfusp] 📦 onRequestBody 9b
     1.695ms [⏱️2379] [🔧l5vjqbhfusp] ✍️  write 2b 🇺🇸=unknown buffered=3
     1.714ms [⏱️2379] [🔧l5vjqbhfusp] ✍️  write 5b 🇺🇸=unknown buffered=4
     1.736ms [⏱️2377] [🔧l5vjqbhfusp] 🏁 onRequestEnd hasStream=true
     1.781ms [⏱️2383] [🔧l5vjqbhfusp] 📖 read([0])
     1.819ms [⏱️2383] [🔧l5vjqbhfusp] 🔬 _read(16384) ⏳=true 🔐=undefined 🇺🇸=unknown 🔗=http://localhost:40417/ origFlowing=undefined
     1.858ms [⏱️2383] [🔧l5vjqbhfusp] 📣 emit resume
     1.876ms [⏱️2383] [🔧l5vjqbhfusp] 📖 read()
     2.313ms [⏱️0] [🔧l5vjqbhfusp] 💨 passthrough() 🧨=false ⏳=true
     2.421ms [⏱️0] [🔧l5vjqbhfusp] 🔌 created originalSocket
     2.448ms [⏱️0] [🔧l5vjqbhfusp] 🚽 flushing writeBuffer (5 items)
     2.512ms [⏱️2397] [🔧l5vjqbhfusp] ▶️ onResume
     2.532ms [⏱️2397] [🔧l5vjqbhfusp] 📣 emit resume
     2.668ms [⏱️2396] [🔧l5vjqbhfusp] 🔍 onLookup args=[null,"::1",6,"localhost"]
     2.691ms [⏱️2396] [🔧l5vjqbhfusp] 📣 emit lookup null, "::1", 6, "localhost"
     2.715ms [⏱️2396] [🔧l5vjqbhfusp] 🔍 onLookup args=[null,"127.0.0.1",4,"localhost"]
     2.737ms [⏱️2396] [🔧l5vjqbhfusp] 📣 emit lookup null, "127.0.0.1", 4, "localhost"
   708.227ms [⏱️2089] [🔧jsn2yxzw9q] 🔌 onConnect delay from lookup
   708.319ms [⏱️2089] [🔧jsn2yxzw9q] ⚠️  HANDLE MISMATCH!
   708.336ms [⏱️2089] [🔧jsn2yxzw9q]    My Handle: TCP 🔧=true 🆔=-22 📖=false
   708.361ms [⏱️2089] [🔧jsn2yxzw9q]    Socket Handle: TCP 🔧=false 🆔=86 📖=false
   708.378ms [⏱️2089] [🔧jsn2yxzw9q]    Object references are different!
   708.405ms [⏱️2089] [🔧jsn2yxzw9q] 📣 emit connect
   708.439ms [⏱️2089] [🔧jsn2yxzw9q] 🔬 _read(16384) ⏳=false 🔐=undefined 🇺🇸=passthrough 🔗=http://localhost:40417/ origFlowing=true
   708.498ms [⏱️2089] [🔧jsn2yxzw9q] ✅ onReady
   708.529ms [⏱️2089] [🔧jsn2yxzw9q] 📣 emit ready
   879.542ms [⏱️1644] [🔧pgrtnr0a6d] 💾 onData 120b
   879.633ms [⏱️1644] [🔧pgrtnr0a6d] 📤 push([{"type":"Buffer","data":[72,84,84,80,47)
   879.679ms [⏱️1627] [🔧pgrtnr0a6d] 📨 onResponseStart status=200 🇺🇸=passthrough
   880.099ms [⏱️1627] [🔧pgrtnr0a6d] 📥 onResponseBody 2b
   880.151ms [⏱️1627] [🔧pgrtnr0a6d] 🎬 onResponseEnd hasStream=true
   880.206ms [⏱️1644] [🔧pgrtnr0a6d] 📣 emit data 120 chars
   880.252ms [⏱️2407] [🔧pgrtnr0a6d] 📖 read([0])
   880.282ms [⏱️2407] [🔧pgrtnr0a6d] 🔬 _read(16384) ⏳=false 🔐=undefined 🇺🇸=passthrough 🔗=http://localhost:40417/ origFlowing=true
   880.421ms [⏱️1630] [🔧pgrtnr0a6d] ▶️ resume()
   880.679ms [⏱️2422] [🔧pgrtnr0a6d] 📣 emit free
     0.001ms [⏱️0] [🔧tadhzbzyrw] 🏗️  constructor starting
     0.139ms [⏱️0] [🔧tadhzbzyrw] 🏗️  constructor complete http://localhost:40417/
   881.340ms [⏱️0] [🔧pgrtnr0a6d] 🧨 _destroy ⏳=false 🔐=undefined 🇺🇸=passthrough 🔗=http://localhost:40417/
   881.369ms [⏱️0] [🔧pgrtnr0a6d] 🔧 HANDLE.close()
   881.503ms [⏱️0] [🔧pgrtnr0a6d]     at closeSocketHandle (node:net:341:18)
   881.528ms [⏱️0] [🔧pgrtnr0a6d]     at Socket._destroy (node:net:831:7)
   881.538ms [⏱️0] [🔧pgrtnr0a6d]     at _destroy (node:internal/streams/destroy:121:10)
   881.659ms [⏱️0] [🔧pgrtnr0a6d]     at MockHttpSocket.destroy (node:internal/streams/destroy:83:5)
   881.715ms [⏱️0] [🔧pgrtnr0a6d]     at Writable.destroy (node:internal/streams/writable:1122:11)
   881.730ms [⏱️0] [🔧pgrtnr0a6d]     at MockHttpSocket.destroy (/workspace/repro/node_modules/.pnpm/@mswjs+interceptors@file+../node_modules/@mswjs/interceptors/lib/node/chunk-EFBKFUZI.js:574:18)
   881.772ms [⏱️0] [🔧pgrtnr0a6d]     at MockAgent.<anonymous> (node:_http_agent:154:14)
   881.785ms [⏱️0] [🔧pgrtnr0a6d]     at MockAgent.emit (node:events:524:28)
     0.841ms [⏱️2429] [🔧tadhzbzyrw] ▶️ resume()
     0.886ms [⏱️2429] [🔧tadhzbzyrw] ✍️  write 95b 🇺🇸=unknown buffered=0
     0.938ms [⏱️2427] [🔧tadhzbzyrw] 🚀 onRequestStart path=/ keepAlive=true
     1.606ms [⏱️2429] [🔧tadhzbzyrw] ✍️  write 2b 🇺🇸=unknown buffered=1
     1.646ms [⏱️2429] [🔧tadhzbzyrw] ✍️  write 9b 🇺🇸=unknown buffered=2
     1.676ms [⏱️2427] [🔧tadhzbzyrw] 📦 onRequestBody 9b
     1.709ms [⏱️2429] [🔧tadhzbzyrw] ✍️  write 2b 🇺🇸=unknown buffered=3
     1.730ms [⏱️2429] [🔧tadhzbzyrw] ✍️  write 5b 🇺🇸=unknown buffered=4
     1.744ms [⏱️2427] [🔧tadhzbzyrw] 🏁 onRequestEnd hasStream=true
     1.782ms [⏱️2433] [🔧tadhzbzyrw] 📖 read([0])
     1.805ms [⏱️2433] [🔧tadhzbzyrw] 🔬 _read(16384) ⏳=true 🔐=undefined 🇺🇸=unknown 🔗=http://localhost:40417/ origFlowing=undefined
     1.823ms [⏱️2433] [🔧tadhzbzyrw] 📣 emit resume
     1.834ms [⏱️2433] [🔧tadhzbzyrw] 📖 read()
     2.770ms [⏱️0] [🔧tadhzbzyrw] 💨 passthrough() 🧨=false ⏳=true
     2.953ms [⏱️0] [🔧tadhzbzyrw] 🔌 created originalSocket
     2.988ms [⏱️0] [🔧tadhzbzyrw] 🚽 flushing writeBuffer (5 items)
     3.062ms [⏱️2447] [🔧tadhzbzyrw] ▶️ onResume
     3.083ms [⏱️2447] [🔧tadhzbzyrw] 📣 emit resume
   884.177ms [⏱️1644] [🔧pgrtnr0a6d] 📣 emit close false
     3.205ms [⏱️2446] [🔧tadhzbzyrw] 🔍 onLookup args=[null,"::1",6,"localhost"]
     3.228ms [⏱️2446] [🔧tadhzbzyrw] 📣 emit lookup null, "::1", 6, "localhost"
     3.243ms [⏱️2446] [🔧tadhzbzyrw] 🔍 onLookup args=[null,"127.0.0.1",4,"localhost"]
     3.263ms [⏱️2446] [🔧tadhzbzyrw] 📣 emit lookup null, "127.0.0.1", 4, "localhost"
  2646.931ms [⏱️443] [🔧yd9n2t7aix] 💾 onData 120b
  2647.102ms [⏱️443] [🔧yd9n2t7aix] 📤 push([{"type":"Buffer","data":[72,84,84,80,47)
  2647.141ms [⏱️28] [🔧yd9n2t7aix] 📨 onResponseStart status=200 🇺🇸=passthrough
  2647.498ms [⏱️28] [🔧yd9n2t7aix] 📥 onResponseBody 2b
  2647.548ms [⏱️28] [🔧yd9n2t7aix] 🎬 onResponseEnd hasStream=true
  2647.605ms [⏱️443] [🔧yd9n2t7aix] 📣 emit data 120 chars
  2647.641ms [⏱️2465] [🔧yd9n2t7aix] 📖 read([0])
  2647.660ms [⏱️2465] [🔧yd9n2t7aix] 🔬 _read(16384) ⏳=false 🔐=undefined 🇺🇸=passthrough 🔗=http://localhost:40417/ origFlowing=true
  2647.834ms [⏱️87] [🔧yd9n2t7aix] ▶️ resume()
  2647.969ms [⏱️2480] [🔧yd9n2t7aix] 📣 emit free
     0.001ms [⏱️0] [🔧niu1cal8hzc] 🏗️  constructor starting
     0.089ms [⏱️0] [🔧niu1cal8hzc] 🏗️  constructor complete http://localhost:40417/
  2648.487ms [⏱️0] [🔧yd9n2t7aix] 🧨 _destroy ⏳=false 🔐=undefined 🇺🇸=passthrough 🔗=http://localhost:40417/
  2648.522ms [⏱️0] [🔧yd9n2t7aix] 🔧 HANDLE.close()
  2648.652ms [⏱️0] [🔧yd9n2t7aix]     at closeSocketHandle (node:net:341:18)
  2648.672ms [⏱️0] [🔧yd9n2t7aix]     at Socket._destroy (node:net:831:7)
  2648.680ms [⏱️0] [🔧yd9n2t7aix]     at _destroy (node:internal/streams/destroy:121:10)
  2648.693ms [⏱️0] [🔧yd9n2t7aix]     at MockHttpSocket.destroy (node:internal/streams/destroy:83:5)
  2648.726ms [⏱️0] [🔧yd9n2t7aix]     at Writable.destroy (node:internal/streams/writable:1122:11)
  2648.754ms [⏱️0] [🔧yd9n2t7aix]     at MockHttpSocket.destroy (/workspace/repro/node_modules/.pnpm/@mswjs+interceptors@file+../node_modules/@mswjs/interceptors/lib/node/chunk-EFBKFUZI.js:574:18)
  2648.763ms [⏱️0] [🔧yd9n2t7aix]     at MockAgent.<anonymous> (node:_http_agent:154:14)
  2648.773ms [⏱️0] [🔧yd9n2t7aix]     at MockAgent.emit (node:events:524:28)
     0.531ms [⏱️2487] [🔧niu1cal8hzc] ▶️ resume()
     0.588ms [⏱️2487] [🔧niu1cal8hzc] ✍️  write 95b 🇺🇸=unknown buffered=0
     0.633ms [⏱️2485] [🔧niu1cal8hzc] 🚀 onRequestStart path=/ keepAlive=true
     1.024ms [⏱️2487] [🔧niu1cal8hzc] ✍️  write 2b 🇺🇸=unknown buffered=1
     1.050ms [⏱️2487] [🔧niu1cal8hzc] ✍️  write 9b 🇺🇸=unknown buffered=2
     1.077ms [⏱️2485] [🔧niu1cal8hzc] 📦 onRequestBody 9b
     1.101ms [⏱️2487] [🔧niu1cal8hzc] ✍️  write 2b 🇺🇸=unknown buffered=3
     1.120ms [⏱️2487] [🔧niu1cal8hzc] ✍️  write 5b 🇺🇸=unknown buffered=4
     1.157ms [⏱️2485] [🔧niu1cal8hzc] 🏁 onRequestEnd hasStream=true
     1.197ms [⏱️2491] [🔧niu1cal8hzc] 📖 read([0])
     1.242ms [⏱️2491] [🔧niu1cal8hzc] 🔬 _read(16384) ⏳=true 🔐=undefined 🇺🇸=unknown 🔗=http://localhost:40417/ origFlowing=undefined
     1.301ms [⏱️2491] [🔧niu1cal8hzc] 📣 emit resume
     1.314ms [⏱️2491] [🔧niu1cal8hzc] 📖 read()
     1.706ms [⏱️0] [🔧niu1cal8hzc] 💨 passthrough() 🧨=false ⏳=true
     1.805ms [⏱️0] [🔧niu1cal8hzc] 🔌 created originalSocket
     1.829ms [⏱️0] [🔧niu1cal8hzc] 🚽 flushing writeBuffer (5 items)
     1.884ms [⏱️2505] [🔧niu1cal8hzc] ▶️ onResume
     1.905ms [⏱️2505] [🔧niu1cal8hzc] 📣 emit resume
     2.060ms [⏱️2504] [🔧niu1cal8hzc] 🔍 onLookup args=[null,"::1",6,"localhost"]
     2.089ms [⏱️2504] [🔧niu1cal8hzc] 📣 emit lookup null, "::1", 6, "localhost"
     2.110ms [⏱️2504] [🔧niu1cal8hzc] 🔍 onLookup args=[null,"127.0.0.1",4,"localhost"]
     2.152ms [⏱️2504] [🔧niu1cal8hzc] 📣 emit lookup null, "127.0.0.1", 4, "localhost"
   254.867ms [⏱️2330] [🔧wjynvoj5m4] 🔧 HANDLE.close()
   255.040ms [⏱️2330] [🔧wjynvoj5m4]     at Timeout.internalConnectMultipleTimeout [as _onTimeout] (node:net:1712:10)
   255.063ms [⏱️2330] [🔧wjynvoj5m4]     at listOnTimeout (node:internal/timers:583:11)
   255.075ms [⏱️2330] [🔧wjynvoj5m4]     at process.processTimers (node:internal/timers:519:7)
   255.158ms [⏱️2330] [🔧wjynvoj5m4] 🔧 HANDLE.close()
   255.223ms [⏱️2330] [🔧wjynvoj5m4]     at Socket.reinitializeHandle (node:net:1265:17)
   255.258ms [⏱️2330] [🔧wjynvoj5m4]     at internalConnectMultiple (node:net:1131:30)
   255.283ms [⏱️2330] [🔧wjynvoj5m4]     at Timeout.internalConnectMultipleTimeout (node:net:1716:5)
   255.296ms [⏱️2330] [🔧wjynvoj5m4]     at listOnTimeout (node:internal/timers:583:11)
   255.311ms [⏱️2330] [🔧wjynvoj5m4]     at process.processTimers (node:internal/timers:519:7)
  1305.224ms [⏱️1540] [🔧ayd2dqcboys] 🔌 onConnect delay from lookup
  1305.309ms [⏱️1540] [🔧ayd2dqcboys] ⚠️  HANDLE MISMATCH!
  1305.361ms [⏱️1540] [🔧ayd2dqcboys]    My Handle: TCP 🔧=true 🆔=-22 📖=false
  1305.405ms [⏱️1540] [🔧ayd2dqcboys]    Socket Handle: TCP 🔧=false 🆔=66 📖=false
  1305.445ms [⏱️1540] [🔧ayd2dqcboys]    Object references are different!
  1305.495ms [⏱️1540] [🔧ayd2dqcboys] 📣 emit connect
  1305.558ms [⏱️1540] [🔧ayd2dqcboys] 🔬 _read(16384) ⏳=false 🔐=undefined 🇺🇸=passthrough 🔗=http://localhost:40417/ origFlowing=true
  1305.776ms [⏱️1540] [🔧ayd2dqcboys] ✅ onReady
  1305.853ms [⏱️1540] [🔧ayd2dqcboys] 📣 emit ready
   253.625ms [⏱️2401] [🔧l5vjqbhfusp] 🔧 HANDLE.close()
   253.768ms [⏱️2401] [🔧l5vjqbhfusp]     at Timeout.internalConnectMultipleTimeout [as _onTimeout] (node:net:1712:10)
   253.789ms [⏱️2401] [🔧l5vjqbhfusp]     at listOnTimeout (node:internal/timers:583:11)
   253.800ms [⏱️2401] [🔧l5vjqbhfusp]     at process.processTimers (node:internal/timers:519:7)
   253.881ms [⏱️2401] [🔧l5vjqbhfusp] 🔧 HANDLE.close()
   253.931ms [⏱️2401] [🔧l5vjqbhfusp]     at Socket.reinitializeHandle (node:net:1265:17)
   253.949ms [⏱️2401] [🔧l5vjqbhfusp]     at internalConnectMultiple (node:net:1131:30)
   253.958ms [⏱️2401] [🔧l5vjqbhfusp]     at Timeout.internalConnectMultipleTimeout (node:net:1716:5)
   253.974ms [⏱️2401] [🔧l5vjqbhfusp]     at listOnTimeout (node:internal/timers:583:11)
   253.988ms [⏱️2401] [🔧l5vjqbhfusp]     at process.processTimers (node:internal/timers:519:7)
  1717.905ms [⏱️1131] [🔧lmqnq4iom3t] 💾 onData 120b
  1717.998ms [⏱️1131] [🔧lmqnq4iom3t] 📤 push([{"type":"Buffer","data":[72,84,84,80,47)
  1718.066ms [⏱️960] [🔧lmqnq4iom3t] 📨 onResponseStart status=200 🇺🇸=passthrough
  1720.173ms [⏱️960] [🔧lmqnq4iom3t] 📥 onResponseBody 2b
  1720.220ms [⏱️960] [🔧lmqnq4iom3t] 🎬 onResponseEnd hasStream=true
  1720.269ms [⏱️1131] [🔧lmqnq4iom3t] 📣 emit data 120 chars
  1720.315ms [⏱️2564] [🔧lmqnq4iom3t] 📖 read([0])
  1720.343ms [⏱️2564] [🔧lmqnq4iom3t] 🔬 _read(16384) ⏳=false 🔐=undefined 🇺🇸=passthrough 🔗=http://localhost:40417/ origFlowing=true
  1720.434ms [⏱️963] [🔧lmqnq4iom3t] ▶️ resume()
  1720.643ms [⏱️2579] [🔧lmqnq4iom3t] 📣 emit free
     0.001ms [⏱️0] [🔧vsuzul1koa] 🏗️  constructor starting
     0.081ms [⏱️0] [🔧vsuzul1koa] 🏗️  constructor complete http://localhost:40417/
  1721.119ms [⏱️0] [🔧lmqnq4iom3t] 🧨 _destroy ⏳=false 🔐=undefined 🇺🇸=passthrough 🔗=http://localhost:40417/
  1721.151ms [⏱️0] [🔧lmqnq4iom3t] 🔧 HANDLE.close()
  1721.292ms [⏱️0] [🔧lmqnq4iom3t]     at closeSocketHandle (node:net:341:18)
  1721.316ms [⏱️0] [🔧lmqnq4iom3t]     at Socket._destroy (node:net:831:7)
  1721.328ms [⏱️0] [🔧lmqnq4iom3t]     at _destroy (node:internal/streams/destroy:121:10)
  1721.336ms [⏱️0] [🔧lmqnq4iom3t]     at MockHttpSocket.destroy (node:internal/streams/destroy:83:5)
  1721.353ms [⏱️0] [🔧lmqnq4iom3t]     at Writable.destroy (node:internal/streams/writable:1122:11)
  1721.367ms [⏱️0] [🔧lmqnq4iom3t]     at MockHttpSocket.destroy (/workspace/repro/node_modules/.pnpm/@mswjs+interceptors@file+../node_modules/@mswjs/interceptors/lib/node/chunk-EFBKFUZI.js:574:18)
  1721.378ms [⏱️0] [🔧lmqnq4iom3t]     at MockAgent.<anonymous> (node:_http_agent:154:14)
  1721.385ms [⏱️0] [🔧lmqnq4iom3t]     at MockAgent.emit (node:events:524:28)
     0.515ms [⏱️2586] [🔧vsuzul1koa] ▶️ resume()
     0.549ms [⏱️2586] [🔧vsuzul1koa] ✍️  write 95b 🇺🇸=unknown buffered=0
     0.603ms [⏱️2584] [🔧vsuzul1koa] 🚀 onRequestStart path=/ keepAlive=true
     1.017ms [⏱️2586] [🔧vsuzul1koa] ✍️  write 2b 🇺🇸=unknown buffered=1
     1.047ms [⏱️2586] [🔧vsuzul1koa] ✍️  write 9b 🇺🇸=unknown buffered=2
     1.075ms [⏱️2584] [🔧vsuzul1koa] 📦 onRequestBody 9b
     1.099ms [⏱️2586] [🔧vsuzul1koa] ✍️  write 2b 🇺🇸=unknown buffered=3
     1.115ms [⏱️2586] [🔧vsuzul1koa] ✍️  write 5b 🇺🇸=unknown buffered=4
     1.160ms [⏱️2584] [🔧vsuzul1koa] 🏁 onRequestEnd hasStream=true
     1.196ms [⏱️2590] [🔧vsuzul1koa] 📖 read([0])
     1.217ms [⏱️2590] [🔧vsuzul1koa] 🔬 _read(16384) ⏳=true 🔐=undefined 🇺🇸=unknown 🔗=http://localhost:40417/ origFlowing=undefined
     1.243ms [⏱️2590] [🔧vsuzul1koa] 📣 emit resume
     1.261ms [⏱️2590] [🔧vsuzul1koa] 📖 read()
     1.626ms [⏱️0] [🔧vsuzul1koa] 💨 passthrough() 🧨=false ⏳=true
     1.745ms [⏱️0] [🔧vsuzul1koa] 🔌 created originalSocket
     1.771ms [⏱️0] [🔧vsuzul1koa] 🚽 flushing writeBuffer (5 items)
     1.825ms [⏱️2604] [🔧vsuzul1koa] ▶️ onResume
     1.840ms [⏱️2604] [🔧vsuzul1koa] 📣 emit resume
     1.987ms [⏱️2603] [🔧vsuzul1koa] 🔍 onLookup args=[null,"::1",6,"localhost"]
     2.028ms [⏱️2603] [🔧vsuzul1koa] 📣 emit lookup null, "::1", 6, "localhost"
     2.053ms [⏱️2603] [🔧vsuzul1koa] 🔍 onLookup args=[null,"127.0.0.1",4,"localhost"]
     2.089ms [⏱️2603] [🔧vsuzul1koa] 📣 emit lookup null, "127.0.0.1", 4, "localhost"
  1379.804ms [⏱️1596] [🔧t18nvfqlp5] 💾 onData 120b
  1379.841ms [⏱️1596] [🔧t18nvfqlp5] 📤 push([{"type":"Buffer","data":[72,84,84,80,47)
  1379.867ms [⏱️1326] [🔧t18nvfqlp5] 📨 onResponseStart status=200 🇺🇸=passthrough
  1380.041ms [⏱️1326] [🔧t18nvfqlp5] 📥 onResponseBody 2b
  1380.063ms [⏱️1326] [🔧t18nvfqlp5] 🎬 onResponseEnd hasStream=true
  1380.090ms [⏱️1596] [🔧t18nvfqlp5] 📣 emit data 120 chars
  1380.145ms [⏱️2612] [🔧t18nvfqlp5] 📖 read([0])
  1380.170ms [⏱️2612] [🔧t18nvfqlp5] 🔬 _read(16384) ⏳=false 🔐=undefined 🇺🇸=passthrough 🔗=http://localhost:40417/ origFlowing=true
  1380.226ms [⏱️1329] [🔧t18nvfqlp5] ▶️ resume()
  1380.313ms [⏱️2627] [🔧t18nvfqlp5] 📣 emit free
     0.001ms [⏱️0] [🔧v5u94ifvdj] 🏗️  constructor starting
     0.090ms [⏱️0] [🔧v5u94ifvdj] 🏗️  constructor complete http://localhost:40417/
  1380.735ms [⏱️0] [🔧t18nvfqlp5] 🧨 _destroy ⏳=false 🔐=undefined 🇺🇸=passthrough 🔗=http://localhost:40417/
  1380.781ms [⏱️0] [🔧t18nvfqlp5] 🔧 HANDLE.close()
  1380.881ms [⏱️0] [🔧t18nvfqlp5]     at closeSocketHandle (node:net:341:18)
  1380.922ms [⏱️0] [🔧t18nvfqlp5]     at Socket._destroy (node:net:831:7)
  1380.931ms [⏱️0] [🔧t18nvfqlp5]     at _destroy (node:internal/streams/destroy:121:10)
  1380.942ms [⏱️0] [🔧t18nvfqlp5]     at MockHttpSocket.destroy (node:internal/streams/destroy:83:5)
  1380.950ms [⏱️0] [🔧t18nvfqlp5]     at Writable.destroy (node:internal/streams/writable:1122:11)
  1380.959ms [⏱️0] [🔧t18nvfqlp5]     at MockHttpSocket.destroy (/workspace/repro/node_modules/.pnpm/@mswjs+interceptors@file+../node_modules/@mswjs/interceptors/lib/node/chunk-EFBKFUZI.js:574:18)
  1380.968ms [⏱️0] [🔧t18nvfqlp5]     at MockAgent.<anonymous> (node:_http_agent:154:14)
  1380.980ms [⏱️0] [🔧t18nvfqlp5]     at MockAgent.emit (node:events:524:28)
     0.494ms [⏱️2634] [🔧v5u94ifvdj] ▶️ resume()
     0.525ms [⏱️2634] [🔧v5u94ifvdj] ✍️  write 95b 🇺🇸=unknown buffered=0
     0.562ms [⏱️2632] [🔧v5u94ifvdj] 🚀 onRequestStart path=/ keepAlive=true
     0.974ms [⏱️2634] [🔧v5u94ifvdj] ✍️  write 2b 🇺🇸=unknown buffered=1
     1.007ms [⏱️2634] [🔧v5u94ifvdj] ✍️  write 9b 🇺🇸=unknown buffered=2
     1.055ms [⏱️2632] [🔧v5u94ifvdj] 📦 onRequestBody 9b
     1.086ms [⏱️2634] [🔧v5u94ifvdj] ✍️  write 2b 🇺🇸=unknown buffered=3
     1.106ms [⏱️2634] [🔧v5u94ifvdj] ✍️  write 5b 🇺🇸=unknown buffered=4
     1.120ms [⏱️2632] [🔧v5u94ifvdj] 🏁 onRequestEnd hasStream=true
     1.152ms [⏱️2638] [🔧v5u94ifvdj] 📖 read([0])
     1.173ms [⏱️2638] [🔧v5u94ifvdj] 🔬 _read(16384) ⏳=true 🔐=undefined 🇺🇸=unknown 🔗=http://localhost:40417/ origFlowing=undefined
     1.199ms [⏱️2638] [🔧v5u94ifvdj] 📣 emit resume
     1.209ms [⏱️2638] [🔧v5u94ifvdj] 📖 read()
     1.596ms [⏱️0] [🔧v5u94ifvdj] 💨 passthrough() 🧨=false ⏳=true
     1.707ms [⏱️0] [🔧v5u94ifvdj] 🔌 created originalSocket
     1.746ms [⏱️0] [🔧v5u94ifvdj] 🚽 flushing writeBuffer (5 items)
     1.799ms [⏱️2652] [🔧v5u94ifvdj] ▶️ onResume
     1.822ms [⏱️2652] [🔧v5u94ifvdj] 📣 emit resume
     1.871ms [⏱️2651] [🔧v5u94ifvdj] 🔍 onLookup args=[null,"::1",6,"localhost"]
     1.897ms [⏱️2651] [🔧v5u94ifvdj] 📣 emit lookup null, "::1", 6, "localhost"
     1.910ms [⏱️2651] [🔧v5u94ifvdj] 🔍 onLookup args=[null,"127.0.0.1",4,"localhost"]
     1.921ms [⏱️2651] [🔧v5u94ifvdj] 📣 emit lookup null, "127.0.0.1", 4, "localhost"
  1707.190ms [⏱️1134] [🔧usmszwhqav] 💾 onData 120b
  1707.228ms [⏱️1134] [🔧usmszwhqav] 📤 push([{"type":"Buffer","data":[72,84,84,80,47)
  1707.255ms [⏱️1011] [🔧usmszwhqav] 📨 onResponseStart status=200 🇺🇸=passthrough
  1707.416ms [⏱️1011] [🔧usmszwhqav] 📥 onResponseBody 2b
  1707.439ms [⏱️1011] [🔧usmszwhqav] 🎬 onResponseEnd hasStream=true
  1707.475ms [⏱️1134] [🔧usmszwhqav] 📣 emit data 120 chars
  1707.506ms [⏱️2660] [🔧usmszwhqav] 📖 read([0])
  1707.528ms [⏱️2660] [🔧usmszwhqav] 🔬 _read(16384) ⏳=false 🔐=undefined 🇺🇸=passthrough 🔗=http://localhost:40417/ origFlowing=true
  1707.585ms [⏱️1014] [🔧usmszwhqav] ▶️ resume()
  1707.660ms [⏱️2675] [🔧usmszwhqav] 📣 emit free
     0.001ms [⏱️0] [🔧22frrx4jptt] 🏗️  constructor starting
     0.047ms [⏱️0] [🔧22frrx4jptt] 🏗️  constructor complete http://localhost:40417/
  1707.938ms [⏱️0] [🔧usmszwhqav] 🧨 _destroy ⏳=false 🔐=undefined 🇺🇸=passthrough 🔗=http://localhost:40417/
  1707.963ms [⏱️0] [🔧usmszwhqav] 🔧 HANDLE.close()
  1708.061ms [⏱️0] [🔧usmszwhqav]     at closeSocketHandle (node:net:341:18)
  1708.082ms [⏱️0] [🔧usmszwhqav]     at Socket._destroy (node:net:831:7)
  1708.091ms [⏱️0] [🔧usmszwhqav]     at _destroy (node:internal/streams/destroy:121:10)
  1708.098ms [⏱️0] [🔧usmszwhqav]     at MockHttpSocket.destroy (node:internal/streams/destroy:83:5)
  1708.106ms [⏱️0] [🔧usmszwhqav]     at Writable.destroy (node:internal/streams/writable:1122:11)
  1708.113ms [⏱️0] [🔧usmszwhqav]     at MockHttpSocket.destroy (/workspace/repro/node_modules/.pnpm/@mswjs+interceptors@file+../node_modules/@mswjs/interceptors/lib/node/chunk-EFBKFUZI.js:574:18)
  1708.123ms [⏱️0] [🔧usmszwhqav]     at MockAgent.<anonymous> (node:_http_agent:154:14)
  1708.131ms [⏱️0] [🔧usmszwhqav]     at MockAgent.emit (node:events:524:28)
     0.333ms [⏱️2682] [🔧22frrx4jptt] ▶️ resume()
     0.374ms [⏱️2682] [🔧22frrx4jptt] ✍️  write 95b 🇺🇸=unknown buffered=0
     0.403ms [⏱️2680] [🔧22frrx4jptt] 🚀 onRequestStart path=/ keepAlive=true
     0.838ms [⏱️2682] [🔧22frrx4jptt] ✍️  write 2b 🇺🇸=unknown buffered=1
     0.876ms [⏱️2682] [🔧22frrx4jptt] ✍️  write 9b 🇺🇸=unknown buffered=2
     0.906ms [⏱️2680] [🔧22frrx4jptt] 📦 onRequestBody 9b
     0.931ms [⏱️2682] [🔧22frrx4jptt] ✍️  write 2b 🇺🇸=unknown buffered=3
     0.988ms [⏱️2682] [🔧22frrx4jptt] ✍️  write 5b 🇺🇸=unknown buffered=4
     1.027ms [⏱️2680] [🔧22frrx4jptt] 🏁 onRequestEnd hasStream=true
     1.062ms [⏱️2686] [🔧22frrx4jptt] 📖 read([0])
     1.088ms [⏱️2686] [🔧22frrx4jptt] 🔬 _read(16384) ⏳=true 🔐=undefined 🇺🇸=unknown 🔗=http://localhost:40417/ origFlowing=undefined
     1.116ms [⏱️2686] [🔧22frrx4jptt] 📣 emit resume
     1.127ms [⏱️2686] [🔧22frrx4jptt] 📖 read()
     1.582ms [⏱️0] [🔧22frrx4jptt] 💨 passthrough() 🧨=false ⏳=true
     1.694ms [⏱️0] [🔧22frrx4jptt] 🔌 created originalSocket
     1.729ms [⏱️0] [🔧22frrx4jptt] 🚽 flushing writeBuffer (5 items)
     1.792ms [⏱️2700] [🔧22frrx4jptt] ▶️ onResume
     1.813ms [⏱️2700] [🔧22frrx4jptt] 📣 emit resume
     1.879ms [⏱️2699] [🔧22frrx4jptt] 🔍 onLookup args=[null,"::1",6,"localhost"]
     1.914ms [⏱️2699] [🔧22frrx4jptt] 📣 emit lookup null, "::1", 6, "localhost"
     1.936ms [⏱️2699] [🔧22frrx4jptt] 🔍 onLookup args=[null,"127.0.0.1",4,"localhost"]
     1.956ms [⏱️2699] [🔧22frrx4jptt] 📣 emit lookup null, "127.0.0.1", 4, "localhost"
   258.874ms [⏱️2452] [🔧tadhzbzyrw] 🔧 HANDLE.close()
   259.130ms [⏱️2452] [🔧tadhzbzyrw]     at Timeout.internalConnectMultipleTimeout [as _onTimeout] (node:net:1712:10)
   259.243ms [⏱️2452] [🔧tadhzbzyrw]     at listOnTimeout (node:internal/timers:583:11)
   259.322ms [⏱️2452] [🔧tadhzbzyrw]     at process.processTimers (node:internal/timers:519:7)
   259.636ms [⏱️2452] [🔧tadhzbzyrw] 🔧 HANDLE.close()
   259.858ms [⏱️2452] [🔧tadhzbzyrw]     at Socket.reinitializeHandle (node:net:1265:17)
   259.943ms [⏱️2452] [🔧tadhzbzyrw]     at internalConnectMultiple (node:net:1131:30)
   259.972ms [⏱️2452] [🔧tadhzbzyrw]     at Timeout.internalConnectMultipleTimeout (node:net:1716:5)
   259.994ms [⏱️2452] [🔧tadhzbzyrw]     at listOnTimeout (node:internal/timers:583:11)
   260.037ms [⏱️2452] [🔧tadhzbzyrw]     at process.processTimers (node:internal/timers:519:7)
   812.942ms [⏱️1972] [🔧ngmibmph15] 💾 onData 120b
   813.007ms [⏱️1972] [🔧ngmibmph15] 📤 push([{"type":"Buffer","data":[72,84,84,80,47)
   813.047ms [⏱️1955] [🔧ngmibmph15] 📨 onResponseStart status=200 🇺🇸=passthrough
   813.409ms [⏱️1955] [🔧ngmibmph15] 📥 onResponseBody 2b
   813.447ms [⏱️1955] [🔧ngmibmph15] 🎬 onResponseEnd hasStream=true
   813.489ms [⏱️1972] [🔧ngmibmph15] 📣 emit data 120 chars
   813.526ms [⏱️2717] [🔧ngmibmph15] 📖 read([0])
   813.552ms [⏱️2717] [🔧ngmibmph15] 🔬 _read(16384) ⏳=false 🔐=undefined 🇺🇸=passthrough 🔗=http://localhost:40417/ origFlowing=true
   813.665ms [⏱️1958] [🔧ngmibmph15] ▶️ resume()
   813.818ms [⏱️2732] [🔧ngmibmph15] 📣 emit free
     0.001ms [⏱️0] [🔧ixgmoni00m] 🏗️  constructor starting
     0.118ms [⏱️0] [🔧ixgmoni00m] 🏗️  constructor complete http://localhost:40417/
   814.513ms [⏱️0] [🔧ngmibmph15] 🧨 _destroy ⏳=false 🔐=undefined 🇺🇸=passthrough 🔗=http://localhost:40417/
   814.553ms [⏱️0] [🔧ngmibmph15] 🔧 HANDLE.close()
   814.692ms [⏱️0] [🔧ngmibmph15]     at closeSocketHandle (node:net:341:18)
   814.721ms [⏱️0] [🔧ngmibmph15]     at Socket._destroy (node:net:831:7)
   814.731ms [⏱️0] [🔧ngmibmph15]     at _destroy (node:internal/streams/destroy:121:10)
   814.747ms [⏱️0] [🔧ngmibmph15]     at MockHttpSocket.destroy (node:internal/streams/destroy:83:5)
   814.756ms [⏱️0] [🔧ngmibmph15]     at Writable.destroy (node:internal/streams/writable:1122:11)
   814.764ms [⏱️0] [🔧ngmibmph15]     at MockHttpSocket.destroy (/workspace/repro/node_modules/.pnpm/@mswjs+interceptors@file+../node_modules/@mswjs/interceptors/lib/node/chunk-EFBKFUZI.js:574:18)
   814.789ms [⏱️0] [🔧ngmibmph15]     at MockAgent.<anonymous> (node:_http_agent:154:14)
   814.806ms [⏱️0] [🔧ngmibmph15]     at MockAgent.emit (node:events:524:28)
     0.688ms [⏱️2739] [🔧ixgmoni00m] ▶️ resume()
     0.737ms [⏱️2739] [🔧ixgmoni00m] ✍️  write 95b 🇺🇸=unknown buffered=0
     0.797ms [⏱️2737] [🔧ixgmoni00m] 🚀 onRequestStart path=/ keepAlive=true
     1.333ms [⏱️2739] [🔧ixgmoni00m] ✍️  write 2b 🇺🇸=unknown buffered=1
     1.366ms [⏱️2739] [🔧ixgmoni00m] ✍️  write 9b 🇺🇸=unknown buffered=2
     1.398ms [⏱️2737] [🔧ixgmoni00m] 📦 onRequestBody 9b
     1.429ms [⏱️2739] [🔧ixgmoni00m] ✍️  write 2b 🇺🇸=unknown buffered=3
     1.449ms [⏱️2739] [🔧ixgmoni00m] ✍️  write 5b 🇺🇸=unknown buffered=4
     1.463ms [⏱️2737] [🔧ixgmoni00m] 🏁 onRequestEnd hasStream=true
     1.628ms [⏱️2743] [🔧ixgmoni00m] 📖 read([0])
     1.658ms [⏱️2743] [🔧ixgmoni00m] 🔬 _read(16384) ⏳=true 🔐=undefined 🇺🇸=unknown 🔗=http://localhost:40417/ origFlowing=undefined
     1.679ms [⏱️2743] [🔧ixgmoni00m] 📣 emit resume
     1.714ms [⏱️2743] [🔧ixgmoni00m] 📖 read()
     2.232ms [⏱️0] [🔧ixgmoni00m] 💨 passthrough() 🧨=false ⏳=true
     2.380ms [⏱️0] [🔧ixgmoni00m] 🔌 created originalSocket
     2.429ms [⏱️0] [🔧ixgmoni00m] 🚽 flushing writeBuffer (5 items)
     2.514ms [⏱️2757] [🔧ixgmoni00m] ▶️ onResume
     2.534ms [⏱️2757] [🔧ixgmoni00m] 📣 emit resume
   816.840ms [⏱️1972] [🔧ngmibmph15] 📣 emit close false
   257.057ms [⏱️2512] [🔧niu1cal8hzc] 🔧 HANDLE.close()
   257.142ms [⏱️2512] [🔧niu1cal8hzc]     at Timeout.internalConnectMultipleTimeout [as _onTimeout] (node:net:1712:10)
   257.157ms [⏱️2512] [🔧niu1cal8hzc]     at listOnTimeout (node:internal/timers:583:11)
   257.172ms [⏱️2512] [🔧niu1cal8hzc]     at process.processTimers (node:internal/timers:519:7)
   257.251ms [⏱️2512] [🔧niu1cal8hzc] 🔧 HANDLE.close()
   257.351ms [⏱️2512] [🔧niu1cal8hzc]     at Socket.reinitializeHandle (node:net:1265:17)
   257.364ms [⏱️2512] [🔧niu1cal8hzc]     at internalConnectMultiple (node:net:1131:30)
   257.372ms [⏱️2512] [🔧niu1cal8hzc]     at Timeout.internalConnectMultipleTimeout (node:net:1716:5)
   257.380ms [⏱️2512] [🔧niu1cal8hzc]     at listOnTimeout (node:internal/timers:583:11)
   257.387ms [⏱️2512] [🔧niu1cal8hzc]     at process.processTimers (node:internal/timers:519:7)
     3.386ms [⏱️2756] [🔧ixgmoni00m] 🔍 onLookup args=[null,"::1",6,"localhost"]
     3.426ms [⏱️2756] [🔧ixgmoni00m] 📣 emit lookup null, "::1", 6, "localhost"
     3.444ms [⏱️2756] [🔧ixgmoni00m] 🔍 onLookup args=[null,"127.0.0.1",4,"localhost"]
     3.459ms [⏱️2756] [🔧ixgmoni00m] 📣 emit lookup null, "127.0.0.1", 4, "localhost"
   735.575ms [⏱️2341] [🔧4y7fk8129e8] 🔌 onConnect delay from lookup
   735.693ms [⏱️2341] [🔧4y7fk8129e8] ⚠️  HANDLE MISMATCH!
   735.750ms [⏱️2341] [🔧4y7fk8129e8]    My Handle: TCP 🔧=true 🆔=-22 📖=false
   735.793ms [⏱️2341] [🔧4y7fk8129e8]    Socket Handle: TCP 🔧=false 🆔=95 📖=false
   735.830ms [⏱️2341] [🔧4y7fk8129e8]    Object references are different!
   735.877ms [⏱️2341] [🔧4y7fk8129e8] 📣 emit connect
   735.970ms [⏱️2341] [🔧4y7fk8129e8] 🔬 _read(16384) ⏳=false 🔐=undefined 🇺🇸=passthrough 🔗=http://localhost:40417/ origFlowing=true
   736.043ms [⏱️2341] [🔧4y7fk8129e8] ✅ onReady
   736.086ms [⏱️2341] [🔧4y7fk8129e8] 📣 emit ready
   256.888ms [⏱️2608] [🔧vsuzul1koa] 🔧 HANDLE.close()
   257.096ms [⏱️2608] [🔧vsuzul1koa]     at Timeout.internalConnectMultipleTimeout [as _onTimeout] (node:net:1712:10)
   257.121ms [⏱️2608] [🔧vsuzul1koa]     at listOnTimeout (node:internal/timers:583:11)
   257.133ms [⏱️2608] [🔧vsuzul1koa]     at process.processTimers (node:internal/timers:519:7)
   257.226ms [⏱️2608] [🔧vsuzul1koa] 🔧 HANDLE.close()
   257.294ms [⏱️2608] [🔧vsuzul1koa]     at Socket.reinitializeHandle (node:net:1265:17)
   257.312ms [⏱️2608] [🔧vsuzul1koa]     at internalConnectMultiple (node:net:1131:30)
   257.323ms [⏱️2608] [🔧vsuzul1koa]     at Timeout.internalConnectMultipleTimeout (node:net:1716:5)
   257.341ms [⏱️2608] [🔧vsuzul1koa]     at listOnTimeout (node:internal/timers:583:11)
   257.352ms [⏱️2608] [🔧vsuzul1koa]     at process.processTimers (node:internal/timers:519:7)
   847.264ms [⏱️2344] [🔧ugt8arz1wip] 🔌 onConnect delay from lookup
   847.294ms [⏱️2344] [🔧ugt8arz1wip] ⚠️  HANDLE MISMATCH!
   847.308ms [⏱️2344] [🔧ugt8arz1wip]    My Handle: TCP 🔧=true 🆔=-22 📖=false
   847.318ms [⏱️2344] [🔧ugt8arz1wip]    Socket Handle: TCP 🔧=false 🆔=96 📖=false
   847.325ms [⏱️2344] [🔧ugt8arz1wip]    Object references are different!
   847.365ms [⏱️2344] [🔧ugt8arz1wip] 📣 emit connect
   847.426ms [⏱️2344] [🔧ugt8arz1wip] 🔬 _read(16384) ⏳=false 🔐=undefined 🇺🇸=passthrough 🔗=http://localhost:40417/ origFlowing=true
   847.452ms [⏱️2344] [🔧ugt8arz1wip] ✅ onReady
   847.461ms [⏱️2344] [🔧ugt8arz1wip] 📣 emit ready
   251.788ms [⏱️2656] [🔧v5u94ifvdj] 🔧 HANDLE.close()
   251.848ms [⏱️2656] [🔧v5u94ifvdj]     at Timeout.internalConnectMultipleTimeout [as _onTimeout] (node:net:1712:10)
   251.866ms [⏱️2656] [🔧v5u94ifvdj]     at listOnTimeout (node:internal/timers:583:11)
   251.875ms [⏱️2656] [🔧v5u94ifvdj]     at process.processTimers (node:internal/timers:519:7)
   251.910ms [⏱️2656] [🔧v5u94ifvdj] 🔧 HANDLE.close()
   251.958ms [⏱️2656] [🔧v5u94ifvdj]     at Socket.reinitializeHandle (node:net:1265:17)
   251.968ms [⏱️2656] [🔧v5u94ifvdj]     at internalConnectMultiple (node:net:1131:30)
   251.975ms [⏱️2656] [🔧v5u94ifvdj]     at Timeout.internalConnectMultipleTimeout (node:net:1716:5)
   251.982ms [⏱️2656] [🔧v5u94ifvdj]     at listOnTimeout (node:internal/timers:583:11)
   251.989ms [⏱️2656] [🔧v5u94ifvdj]     at process.processTimers (node:internal/timers:519:7)
   251.575ms [⏱️2704] [🔧22frrx4jptt] 🔧 HANDLE.close()
   251.732ms [⏱️2704] [🔧22frrx4jptt]     at Timeout.internalConnectMultipleTimeout [as _onTimeout] (node:net:1712:10)
   251.757ms [⏱️2704] [🔧22frrx4jptt]     at listOnTimeout (node:internal/timers:583:11)
   251.769ms [⏱️2704] [🔧22frrx4jptt]     at process.processTimers (node:internal/timers:519:7)
   251.841ms [⏱️2704] [🔧22frrx4jptt] 🔧 HANDLE.close()
   251.904ms [⏱️2704] [🔧22frrx4jptt]     at Socket.reinitializeHandle (node:net:1265:17)
   251.923ms [⏱️2704] [🔧22frrx4jptt]     at internalConnectMultiple (node:net:1131:30)
   251.934ms [⏱️2704] [🔧22frrx4jptt]     at Timeout.internalConnectMultipleTimeout (node:net:1716:5)
   251.949ms [⏱️2704] [🔧22frrx4jptt]     at listOnTimeout (node:internal/timers:583:11)
   251.968ms [⏱️2704] [🔧22frrx4jptt]     at process.processTimers (node:internal/timers:519:7)
   975.814ms [⏱️2268] [🔧x8zv88re8ul] 🔌 onConnect delay from lookup
   975.843ms [⏱️2268] [🔧x8zv88re8ul] ⚠️  HANDLE MISMATCH!
   975.857ms [⏱️2268] [🔧x8zv88re8ul]    My Handle: TCP 🔧=true 🆔=-22 📖=false
   975.866ms [⏱️2268] [🔧x8zv88re8ul]    Socket Handle: TCP 🔧=false 🆔=92 📖=false
   975.880ms [⏱️2268] [🔧x8zv88re8ul]    Object references are different!
   975.899ms [⏱️2268] [🔧x8zv88re8ul] 📣 emit connect
   975.921ms [⏱️2268] [🔧x8zv88re8ul] 🔬 _read(16384) ⏳=false 🔐=undefined 🇺🇸=passthrough 🔗=http://localhost:40417/ origFlowing=true
   975.942ms [⏱️2268] [🔧x8zv88re8ul] ✅ onReady
   975.950ms [⏱️2268] [🔧x8zv88re8ul] 📣 emit ready
  1271.640ms [⏱️1930] [🔧g8rr39k97fu] 🔌 onConnect delay from lookup
  1271.687ms [⏱️1930] [🔧g8rr39k97fu] ⚠️  HANDLE MISMATCH!
  1271.701ms [⏱️1930] [🔧g8rr39k97fu]    My Handle: TCP 🔧=true 🆔=-22 📖=false
  1271.720ms [⏱️1930] [🔧g8rr39k97fu]    Socket Handle: TCP 🔧=false 🆔=82 📖=false
  1271.732ms [⏱️1930] [🔧g8rr39k97fu]    Object references are different!
  1271.751ms [⏱️1930] [🔧g8rr39k97fu] 📣 emit connect
  1271.772ms [⏱️1930] [🔧g8rr39k97fu] 🔬 _read(16384) ⏳=false 🔐=undefined 🇺🇸=passthrough 🔗=http://localhost:40417/ origFlowing=true
  1271.802ms [⏱️1930] [🔧g8rr39k97fu] ✅ onReady
  1271.820ms [⏱️1930] [🔧g8rr39k97fu] 📣 emit ready
  1222.713ms [⏱️2086] [🔧kk4ffezc0mc] 🔌 onConnect delay from lookup
  1222.758ms [⏱️2086] [🔧kk4ffezc0mc] ⚠️  HANDLE MISMATCH!
  1222.780ms [⏱️2086] [🔧kk4ffezc0mc]    My Handle: TCP 🔧=true 🆔=-22 📖=false
  1222.812ms [⏱️2086] [🔧kk4ffezc0mc]    Socket Handle: TCP 🔧=false 🆔=85 📖=false
  1222.848ms [⏱️2086] [🔧kk4ffezc0mc]    Object references are different!
  1222.873ms [⏱️2086] [🔧kk4ffezc0mc] 📣 emit connect
  1222.982ms [⏱️2086] [🔧kk4ffezc0mc] 🔬 _read(16384) ⏳=false 🔐=undefined 🇺🇸=passthrough 🔗=http://localhost:40417/ origFlowing=true
  1223.137ms [⏱️2086] [🔧kk4ffezc0mc] ✅ onReady
  1223.184ms [⏱️2086] [🔧kk4ffezc0mc] 📣 emit ready
   508.157ms [⏱️2713] [🔧tadhzbzyrw] 🔌 onConnect delay from lookup
   508.249ms [⏱️2713] [🔧tadhzbzyrw] ⚠️  HANDLE MISMATCH!
   508.279ms [⏱️2713] [🔧tadhzbzyrw]    My Handle: TCP 🔧=true 🆔=-22 📖=false
   508.318ms [⏱️2713] [🔧tadhzbzyrw]    Socket Handle: TCP 🔧=false 🆔=79 📖=false
   508.356ms [⏱️2713] [🔧tadhzbzyrw]    Object references are different!
   508.385ms [⏱️2713] [🔧tadhzbzyrw] 📣 emit connect
   508.441ms [⏱️2713] [🔧tadhzbzyrw] 🔬 _read(16384) ⏳=false 🔐=undefined 🇺🇸=passthrough 🔗=http://localhost:40417/ origFlowing=true
   508.565ms [⏱️2713] [🔧tadhzbzyrw] ✅ onReady
   508.630ms [⏱️2713] [🔧tadhzbzyrw] 📣 emit ready
   697.706ms [⏱️2524] [🔧wjynvoj5m4] 🔌 onConnect delay from lookup
   697.810ms [⏱️2524] [🔧wjynvoj5m4] ⚠️  HANDLE MISMATCH!
   697.859ms [⏱️2524] [🔧wjynvoj5m4]    My Handle: TCP 🔧=true 🆔=-22 📖=false
   697.893ms [⏱️2524] [🔧wjynvoj5m4]    Socket Handle: TCP 🔧=false 🆔=83 📖=false
   697.915ms [⏱️2524] [🔧wjynvoj5m4]    Object references are different!
   697.939ms [⏱️2524] [🔧wjynvoj5m4] 📣 emit connect
   697.989ms [⏱️2524] [🔧wjynvoj5m4] 🔬 _read(16384) ⏳=false 🔐=undefined 🇺🇸=passthrough 🔗=http://localhost:40417/ origFlowing=true
   698.038ms [⏱️2524] [🔧wjynvoj5m4] ✅ onReady
   698.090ms [⏱️2524] [🔧wjynvoj5m4] 📣 emit ready
  1242.991ms [⏱️2088] [🔧jsn2yxzw9q] 💾 onData 120b
  1243.141ms [⏱️2088] [🔧jsn2yxzw9q] 📤 push([{"type":"Buffer","data":[72,84,84,80,47)
  1243.214ms [⏱️1814] [🔧jsn2yxzw9q] 📨 onResponseStart status=200 🇺🇸=passthrough
  1243.777ms [⏱️1814] [🔧jsn2yxzw9q] 📥 onResponseBody 2b
  1243.847ms [⏱️1814] [🔧jsn2yxzw9q] 🎬 onResponseEnd hasStream=true
  1243.934ms [⏱️2088] [🔧jsn2yxzw9q] 📣 emit data 120 chars
  1244.056ms [⏱️2813] [🔧jsn2yxzw9q] 📖 read([0])
  1244.083ms [⏱️2813] [🔧jsn2yxzw9q] 🔬 _read(16384) ⏳=false 🔐=undefined 🇺🇸=passthrough 🔗=http://localhost:40417/ origFlowing=true
  1244.173ms [⏱️1817] [🔧jsn2yxzw9q] ▶️ resume()
  1244.281ms [⏱️2828] [🔧jsn2yxzw9q] 📣 emit free
     0.001ms [⏱️0] [🔧8xd9u7aj267] 🏗️  constructor starting
     0.068ms [⏱️0] [🔧8xd9u7aj267] 🏗️  constructor complete http://localhost:40417/
  1244.739ms [⏱️0] [🔧jsn2yxzw9q] 🧨 _destroy ⏳=false 🔐=undefined 🇺🇸=passthrough 🔗=http://localhost:40417/
  1244.772ms [⏱️0] [🔧jsn2yxzw9q] 🔧 HANDLE.close()
  1244.886ms [⏱️0] [🔧jsn2yxzw9q]     at closeSocketHandle (node:net:341:18)
  1244.906ms [⏱️0] [🔧jsn2yxzw9q]     at Socket._destroy (node:net:831:7)
  1244.915ms [⏱️0] [🔧jsn2yxzw9q]     at _destroy (node:internal/streams/destroy:121:10)
  1244.922ms [⏱️0] [🔧jsn2yxzw9q]     at MockHttpSocket.destroy (node:internal/streams/destroy:83:5)
  1244.935ms [⏱️0] [🔧jsn2yxzw9q]     at Writable.destroy (node:internal/streams/writable:1122:11)
  1244.953ms [⏱️0] [🔧jsn2yxzw9q]     at MockHttpSocket.destroy (/workspace/repro/node_modules/.pnpm/@mswjs+interceptors@file+../node_modules/@mswjs/interceptors/lib/node/chunk-EFBKFUZI.js:574:18)
  1244.966ms [⏱️0] [🔧jsn2yxzw9q]     at MockAgent.<anonymous> (node:_http_agent:154:14)
  1244.977ms [⏱️0] [🔧jsn2yxzw9q]     at MockAgent.emit (node:events:524:28)
     0.464ms [⏱️2835] [🔧8xd9u7aj267] ▶️ resume()
     0.493ms [⏱️2835] [🔧8xd9u7aj267] ✍️  write 95b 🇺🇸=unknown buffered=0
     0.530ms [⏱️2833] [🔧8xd9u7aj267] 🚀 onRequestStart path=/ keepAlive=true
     0.912ms [⏱️2835] [🔧8xd9u7aj267] ✍️  write 2b 🇺🇸=unknown buffered=1
     0.936ms [⏱️2835] [🔧8xd9u7aj267] ✍️  write 9b 🇺🇸=unknown buffered=2
     0.961ms [⏱️2833] [🔧8xd9u7aj267] 📦 onRequestBody 9b
     0.984ms [⏱️2835] [🔧8xd9u7aj267] ✍️  write 2b 🇺🇸=unknown buffered=3
     1.023ms [⏱️2835] [🔧8xd9u7aj267] ✍️  write 5b 🇺🇸=unknown buffered=4
     1.088ms [⏱️2833] [🔧8xd9u7aj267] 🏁 onRequestEnd hasStream=true
     1.128ms [⏱️2839] [🔧8xd9u7aj267] 📖 read([0])
     1.176ms [⏱️2839] [🔧8xd9u7aj267] 🔬 _read(16384) ⏳=true 🔐=undefined 🇺🇸=unknown 🔗=http://localhost:40417/ origFlowing=undefined
     1.207ms [⏱️2839] [🔧8xd9u7aj267] 📣 emit resume
     1.224ms [⏱️2839] [🔧8xd9u7aj267] 📖 read()
     1.592ms [⏱️0] [🔧8xd9u7aj267] 💨 passthrough() 🧨=false ⏳=true
     1.688ms [⏱️0] [🔧8xd9u7aj267] 🔌 created originalSocket
     1.711ms [⏱️0] [🔧8xd9u7aj267] 🚽 flushing writeBuffer (5 items)
     1.773ms [⏱️2853] [🔧8xd9u7aj267] ▶️ onResume
     1.802ms [⏱️2853] [🔧8xd9u7aj267] 📣 emit resume
     1.972ms [⏱️2852] [🔧8xd9u7aj267] 🔍 onLookup args=[null,"::1",6,"localhost"]
     2.021ms [⏱️2852] [🔧8xd9u7aj267] 📣 emit lookup null, "::1", 6, "localhost"
     2.054ms [⏱️2852] [🔧8xd9u7aj267] 🔍 onLookup args=[null,"127.0.0.1",4,"localhost"]
     2.088ms [⏱️2852] [🔧8xd9u7aj267] 📣 emit lookup null, "127.0.0.1", 4, "localhost"
   256.122ms [⏱️2768] [🔧ixgmoni00m] 🔧 HANDLE.close()
   256.272ms [⏱️2768] [🔧ixgmoni00m]     at Timeout.internalConnectMultipleTimeout [as _onTimeout] (node:net:1712:10)
   256.293ms [⏱️2768] [🔧ixgmoni00m]     at listOnTimeout (node:internal/timers:583:11)
   256.302ms [⏱️2768] [🔧ixgmoni00m]     at process.processTimers (node:internal/timers:519:7)
   256.372ms [⏱️2768] [🔧ixgmoni00m] 🔧 HANDLE.close()
   256.424ms [⏱️2768] [🔧ixgmoni00m]     at Socket.reinitializeHandle (node:net:1265:17)
   256.443ms [⏱️2768] [🔧ixgmoni00m]     at internalConnectMultiple (node:net:1131:30)
   256.451ms [⏱️2768] [🔧ixgmoni00m]     at Timeout.internalConnectMultipleTimeout (node:net:1716:5)
   256.466ms [⏱️2768] [🔧ixgmoni00m]     at listOnTimeout (node:internal/timers:583:11)
   256.479ms [⏱️2768] [🔧ixgmoni00m]     at process.processTimers (node:internal/timers:519:7)
  1264.191ms [⏱️2097] [🔧52y8soe5daq] 💾 onData 120b
  1264.376ms [⏱️2097] [🔧52y8soe5daq] 📤 push([{"type":"Buffer","data":[72,84,84,80,47)
  1264.460ms [⏱️1862] [🔧52y8soe5daq] 📨 onResponseStart status=200 🇺🇸=passthrough
  1265.026ms [⏱️1862] [🔧52y8soe5daq] 📥 onResponseBody 2b
  1265.099ms [⏱️1862] [🔧52y8soe5daq] 🎬 onResponseEnd hasStream=true
  1265.221ms [⏱️2097] [🔧52y8soe5daq] 📣 emit data 120 chars
  1265.304ms [⏱️2864] [🔧52y8soe5daq] 📖 read([0])
  1265.365ms [⏱️2864] [🔧52y8soe5daq] 🔬 _read(16384) ⏳=false 🔐=undefined 🇺🇸=passthrough 🔗=http://localhost:40417/ origFlowing=true
  1265.535ms [⏱️1865] [🔧52y8soe5daq] ▶️ resume()
  1265.655ms [⏱️2879] [🔧52y8soe5daq] 📣 emit free
     0.001ms [⏱️0] [🔧jczxdyq1cs] 🏗️  constructor starting
     0.090ms [⏱️0] [🔧jczxdyq1cs] 🏗️  constructor complete http://localhost:40417/
  1266.262ms [⏱️0] [🔧52y8soe5daq] 🧨 _destroy ⏳=false 🔐=undefined 🇺🇸=passthrough 🔗=http://localhost:40417/
  1266.293ms [⏱️0] [🔧52y8soe5daq] 🔧 HANDLE.close()
  1266.407ms [⏱️0] [🔧52y8soe5daq]     at closeSocketHandle (node:net:341:18)
  1266.423ms [⏱️0] [🔧52y8soe5daq]     at Socket._destroy (node:net:831:7)
  1266.432ms [⏱️0] [🔧52y8soe5daq]     at _destroy (node:internal/streams/destroy:121:10)
  1266.453ms [⏱️0] [🔧52y8soe5daq]     at MockHttpSocket.destroy (node:internal/streams/destroy:83:5)
  1266.461ms [⏱️0] [🔧52y8soe5daq]     at Writable.destroy (node:internal/streams/writable:1122:11)
  1266.468ms [⏱️0] [🔧52y8soe5daq]     at MockHttpSocket.destroy (/workspace/repro/node_modules/.pnpm/@mswjs+interceptors@file+../node_modules/@mswjs/interceptors/lib/node/chunk-EFBKFUZI.js:574:18)
  1266.481ms [⏱️0] [🔧52y8soe5daq]     at MockAgent.<anonymous> (node:_http_agent:154:14)
  1266.495ms [⏱️0] [🔧52y8soe5daq]     at MockAgent.emit (node:events:524:28)
     0.465ms [⏱️2886] [🔧jczxdyq1cs] ▶️ resume()
     0.493ms [⏱️2886] [🔧jczxdyq1cs] ✍️  write 95b 🇺🇸=unknown buffered=0
     0.523ms [⏱️2884] [🔧jczxdyq1cs] 🚀 onRequestStart path=/ keepAlive=true
     0.891ms [⏱️2886] [🔧jczxdyq1cs] ✍️  write 2b 🇺🇸=unknown buffered=1
     0.918ms [⏱️2886] [🔧jczxdyq1cs] ✍️  write 9b 🇺🇸=unknown buffered=2
     0.943ms [⏱️2884] [🔧jczxdyq1cs] 📦 onRequestBody 9b
     0.968ms [⏱️2886] [🔧jczxdyq1cs] ✍️  write 2b 🇺🇸=unknown buffered=3
     0.987ms [⏱️2886] [🔧jczxdyq1cs] ✍️  write 5b 🇺🇸=unknown buffered=4
     1.006ms [⏱️2884] [🔧jczxdyq1cs] 🏁 onRequestEnd hasStream=true
     1.039ms [⏱️2890] [🔧jczxdyq1cs] 📖 read([0])
     1.068ms [⏱️2890] [🔧jczxdyq1cs] 🔬 _read(16384) ⏳=true 🔐=undefined 🇺🇸=unknown 🔗=http://localhost:40417/ origFlowing=undefined
     1.086ms [⏱️2890] [🔧jczxdyq1cs] 📣 emit resume
     1.097ms [⏱️2890] [🔧jczxdyq1cs] 📖 read()
     1.673ms [⏱️0] [🔧jczxdyq1cs] 💨 passthrough() 🧨=false ⏳=true
     1.816ms [⏱️0] [🔧jczxdyq1cs] 🔌 created originalSocket
     1.856ms [⏱️0] [🔧jczxdyq1cs] 🚽 flushing writeBuffer (5 items)
     1.942ms [⏱️2904] [🔧jczxdyq1cs] ▶️ onResume
     2.115ms [⏱️2904] [🔧jczxdyq1cs] 📣 emit resume
     2.305ms [⏱️2903] [🔧jczxdyq1cs] 🔍 onLookup args=[null,"::1",6,"localhost"]
     2.353ms [⏱️2903] [🔧jczxdyq1cs] 📣 emit lookup null, "::1", 6, "localhost"
     2.399ms [⏱️2903] [🔧jczxdyq1cs] 🔍 onLookup args=[null,"127.0.0.1",4,"localhost"]
     2.432ms [⏱️2903] [🔧jczxdyq1cs] 📣 emit lookup null, "127.0.0.1", 4, "localhost"
   378.771ms [⏱️2776] [🔧vsuzul1koa] 🔌 onConnect delay from lookup
   378.885ms [⏱️2776] [🔧vsuzul1koa] ⚠️  HANDLE MISMATCH!
   378.918ms [⏱️2776] [🔧vsuzul1koa]    My Handle: TCP 🔧=true 🆔=-22 📖=false
   378.965ms [⏱️2776] [🔧vsuzul1koa]    Socket Handle: TCP 🔧=false 🆔=107 📖=false
   378.991ms [⏱️2776] [🔧vsuzul1koa]    Object references are different!
   379.036ms [⏱️2776] [🔧vsuzul1koa] 📣 emit connect
   379.112ms [⏱️2776] [🔧vsuzul1koa] 🔬 _read(16384) ⏳=false 🔐=undefined 🇺🇸=passthrough 🔗=http://localhost:40417/ origFlowing=true
   379.264ms [⏱️2776] [🔧vsuzul1koa] ✅ onReady
   379.321ms [⏱️2776] [🔧vsuzul1koa] 📣 emit ready
  1811.859ms [⏱️1539] [🔧ayd2dqcboys] 💾 onData 120b
  1812.072ms [⏱️1539] [🔧ayd2dqcboys] 📤 push([{"type":"Buffer","data":[72,84,84,80,47)
  1812.114ms [⏱️1171] [🔧ayd2dqcboys] 📨 onResponseStart status=200 🇺🇸=passthrough
  1812.473ms [⏱️1171] [🔧ayd2dqcboys] 📥 onResponseBody 2b
  1812.504ms [⏱️1171] [🔧ayd2dqcboys] 🎬 onResponseEnd hasStream=true
  1812.544ms [⏱️1539] [🔧ayd2dqcboys] 📣 emit data 120 chars
  1812.579ms [⏱️2925] [🔧ayd2dqcboys] 📖 read([0])
  1812.605ms [⏱️2925] [🔧ayd2dqcboys] 🔬 _read(16384) ⏳=false 🔐=undefined 🇺🇸=passthrough 🔗=http://localhost:40417/ origFlowing=true
  1812.737ms [⏱️1174] [🔧ayd2dqcboys] ▶️ resume()
  1812.860ms [⏱️2940] [🔧ayd2dqcboys] 📣 emit free
     0.001ms [⏱️0] [🔧jsssi4fv5to] 🏗️  constructor starting
     0.065ms [⏱️0] [🔧jsssi4fv5to] 🏗️  constructor complete http://localhost:40417/
  1813.254ms [⏱️0] [🔧ayd2dqcboys] 🧨 _destroy ⏳=false 🔐=undefined 🇺🇸=passthrough 🔗=http://localhost:40417/
  1813.283ms [⏱️0] [🔧ayd2dqcboys] 🔧 HANDLE.close()
  1813.399ms [⏱️0] [🔧ayd2dqcboys]     at closeSocketHandle (node:net:341:18)
  1813.418ms [⏱️0] [🔧ayd2dqcboys]     at Socket._destroy (node:net:831:7)
  1813.428ms [⏱️0] [🔧ayd2dqcboys]     at _destroy (node:internal/streams/destroy:121:10)
  1813.444ms [⏱️0] [🔧ayd2dqcboys]     at MockHttpSocket.destroy (node:internal/streams/destroy:83:5)
  1813.456ms [⏱️0] [🔧ayd2dqcboys]     at Writable.destroy (node:internal/streams/writable:1122:11)
  1813.472ms [⏱️0] [🔧ayd2dqcboys]     at MockHttpSocket.destroy (/workspace/repro/node_modules/.pnpm/@mswjs+interceptors@file+../node_modules/@mswjs/interceptors/lib/node/chunk-EFBKFUZI.js:574:18)
  1813.485ms [⏱️0] [🔧ayd2dqcboys]     at MockAgent.<anonymous> (node:_http_agent:154:14)
  1813.499ms [⏱️0] [🔧ayd2dqcboys]     at MockAgent.emit (node:events:524:28)
     0.428ms [⏱️2947] [🔧jsssi4fv5to] ▶️ resume()
     0.456ms [⏱️2947] [🔧jsssi4fv5to] ✍️  write 95b 🇺🇸=unknown buffered=0
     0.490ms [⏱️2945] [🔧jsssi4fv5to] 🚀 onRequestStart path=/ keepAlive=true
     0.875ms [⏱️2947] [🔧jsssi4fv5to] ✍️  write 2b 🇺🇸=unknown buffered=1
     0.899ms [⏱️2947] [🔧jsssi4fv5to] ✍️  write 9b 🇺🇸=unknown buffered=2
     0.943ms [⏱️2945] [🔧jsssi4fv5to] 📦 onRequestBody 9b
     0.973ms [⏱️2947] [🔧jsssi4fv5to] ✍️  write 2b 🇺🇸=unknown buffered=3
     0.990ms [⏱️2947] [🔧jsssi4fv5to] ✍️  write 5b 🇺🇸=unknown buffered=4
     1.009ms [⏱️2945] [🔧jsssi4fv5to] 🏁 onRequestEnd hasStream=true
     1.042ms [⏱️2951] [🔧jsssi4fv5to] 📖 read([0])
     1.061ms [⏱️2951] [🔧jsssi4fv5to] 🔬 _read(16384) ⏳=true 🔐=undefined 🇺🇸=unknown 🔗=http://localhost:40417/ origFlowing=undefined
     1.107ms [⏱️2951] [🔧jsssi4fv5to] 📣 emit resume
     1.131ms [⏱️2951] [🔧jsssi4fv5to] 📖 read()
     1.631ms [⏱️0] [🔧jsssi4fv5to] 💨 passthrough() 🧨=false ⏳=true
     1.775ms [⏱️0] [🔧jsssi4fv5to] 🔌 created originalSocket
     1.837ms [⏱️0] [🔧jsssi4fv5to] 🚽 flushing writeBuffer (5 items)
     1.940ms [⏱️2965] [🔧jsssi4fv5to] ▶️ onResume
     1.971ms [⏱️2965] [🔧jsssi4fv5to] 📣 emit resume
     2.071ms [⏱️2964] [🔧jsssi4fv5to] 🔍 onLookup args=[null,"::1",6,"localhost"]
     2.096ms [⏱️2964] [🔧jsssi4fv5to] 📣 emit lookup null, "::1", 6, "localhost"
     2.117ms [⏱️2964] [🔧jsssi4fv5to] 🔍 onLookup args=[null,"127.0.0.1",4,"localhost"]
     2.134ms [⏱️2964] [🔧jsssi4fv5to] 📣 emit lookup null, "127.0.0.1", 4, "localhost"
  1536.839ms [⏱️1909] [🔧xqrypr5i15] 💾 onData 120b
  1536.936ms [⏱️1909] [🔧xqrypr5i15] 📤 push([{"type":"Buffer","data":[72,84,84,80,47)
  1536.973ms [⏱️1571] [🔧xqrypr5i15] 📨 onResponseStart status=200 🇺🇸=passthrough
  1537.335ms [⏱️1571] [🔧xqrypr5i15] 📥 onResponseBody 2b
  1537.377ms [⏱️1571] [🔧xqrypr5i15] 🎬 onResponseEnd hasStream=true
  1537.443ms [⏱️1909] [🔧xqrypr5i15] 📣 emit data 120 chars
  1537.512ms [⏱️2973] [🔧xqrypr5i15] 📖 read([0])
  1537.588ms [⏱️2973] [🔧xqrypr5i15] 🔬 _read(16384) ⏳=false 🔐=undefined 🇺🇸=passthrough 🔗=http://localhost:40417/ origFlowing=true
  1537.746ms [⏱️1574] [🔧xqrypr5i15] ▶️ resume()
  1537.941ms [⏱️2988] [🔧xqrypr5i15] 📣 emit free
     0.001ms [⏱️0] [🔧yor9aqtp51] 🏗️  constructor starting
     0.076ms [⏱️0] [🔧yor9aqtp51] 🏗️  constructor complete http://localhost:40417/
  1538.485ms [⏱️0] [🔧xqrypr5i15] 🧨 _destroy ⏳=false 🔐=undefined 🇺🇸=passthrough 🔗=http://localhost:40417/
  1538.519ms [⏱️0] [🔧xqrypr5i15] 🔧 HANDLE.close()
  1538.625ms [⏱️0] [🔧xqrypr5i15]     at closeSocketHandle (node:net:341:18)
  1538.642ms [⏱️0] [🔧xqrypr5i15]     at Socket._destroy (node:net:831:7)
  1538.675ms [⏱️0] [🔧xqrypr5i15]     at _destroy (node:internal/streams/destroy:121:10)
  1538.702ms [⏱️0] [🔧xqrypr5i15]     at MockHttpSocket.destroy (node:internal/streams/destroy:83:5)
  1538.749ms [⏱️0] [🔧xqrypr5i15]     at Writable.destroy (node:internal/streams/writable:1122:11)
  1538.767ms [⏱️0] [🔧xqrypr5i15]     at MockHttpSocket.destroy (/workspace/repro/node_modules/.pnpm/@mswjs+interceptors@file+../node_modules/@mswjs/interceptors/lib/node/chunk-EFBKFUZI.js:574:18)
  1538.780ms [⏱️0] [🔧xqrypr5i15]     at MockAgent.<anonymous> (node:_http_agent:154:14)
  1538.788ms [⏱️0] [🔧xqrypr5i15]     at MockAgent.emit (node:events:524:28)
     0.531ms [⏱️2995] [🔧yor9aqtp51] ▶️ resume()
     0.564ms [⏱️2995] [🔧yor9aqtp51] ✍️  write 95b 🇺🇸=unknown buffered=0
     0.653ms [⏱️2993] [🔧yor9aqtp51] 🚀 onRequestStart path=/ keepAlive=true
     1.295ms [⏱️2995] [🔧yor9aqtp51] ✍️  write 2b 🇺🇸=unknown buffered=1
     1.342ms [⏱️2995] [🔧yor9aqtp51] ✍️  write 9b 🇺🇸=unknown buffered=2
     1.378ms [⏱️2993] [🔧yor9aqtp51] 📦 onRequestBody 9b
     1.412ms [⏱️2995] [🔧yor9aqtp51] ✍️  write 2b 🇺🇸=unknown buffered=3
     1.437ms [⏱️2995] [🔧yor9aqtp51] ✍️  write 5b 🇺🇸=unknown buffered=4
     1.465ms [⏱️2993] [🔧yor9aqtp51] 🏁 onRequestEnd hasStream=true
     1.547ms [⏱️2999] [🔧yor9aqtp51] 📖 read([0])
     1.579ms [⏱️2999] [🔧yor9aqtp51] 🔬 _read(16384) ⏳=true 🔐=undefined 🇺🇸=unknown 🔗=http://localhost:40417/ origFlowing=undefined
     1.611ms [⏱️2999] [🔧yor9aqtp51] 📣 emit resume
     1.633ms [⏱️2999] [🔧yor9aqtp51] 📖 read()
     2.033ms [⏱️0] [🔧yor9aqtp51] 💨 passthrough() 🧨=false ⏳=true
     2.136ms [⏱️0] [🔧yor9aqtp51] 🔌 created originalSocket
     2.177ms [⏱️0] [🔧yor9aqtp51] 🚽 flushing writeBuffer (5 items)
     2.256ms [⏱️3013] [🔧yor9aqtp51] ▶️ onResume
     2.279ms [⏱️3013] [🔧yor9aqtp51] 📣 emit resume
     2.474ms [⏱️3012] [🔧yor9aqtp51] 🔍 onLookup args=[null,"::1",6,"localhost"]
     2.515ms [⏱️3012] [🔧yor9aqtp51] 📣 emit lookup null, "::1", 6, "localhost"
     2.531ms [⏱️3012] [🔧yor9aqtp51] 🔍 onLookup args=[null,"127.0.0.1",4,"localhost"]
     2.543ms [⏱️3012] [🔧yor9aqtp51] 📣 emit lookup null, "127.0.0.1", 4, "localhost"
   828.537ms [⏱️2523] [🔧wjynvoj5m4] 💾 onData 120b
   828.631ms [⏱️2523] [🔧wjynvoj5m4] 📤 push([{"type":"Buffer","data":[72,84,84,80,47)
   828.703ms [⏱️2302] [🔧wjynvoj5m4] 📨 onResponseStart status=200 🇺🇸=passthrough
   829.282ms [⏱️2302] [🔧wjynvoj5m4] 📥 onResponseBody 2b
   829.358ms [⏱️2302] [🔧wjynvoj5m4] 🎬 onResponseEnd hasStream=true
   829.443ms [⏱️2523] [🔧wjynvoj5m4] 📣 emit data 120 chars
   829.536ms [⏱️3036] [🔧wjynvoj5m4] 📖 read([0])
   829.612ms [⏱️3036] [🔧wjynvoj5m4] 🔬 _read(16384) ⏳=false 🔐=undefined 🇺🇸=passthrough 🔗=http://localhost:40417/ origFlowing=true
   829.754ms [⏱️2305] [🔧wjynvoj5m4] ▶️ resume()
   829.998ms [⏱️3051] [🔧wjynvoj5m4] 📣 emit free
     0.002ms [⏱️0] [🔧0ygp7n2xt3x] 🏗️  constructor starting
     0.139ms [⏱️0] [🔧0ygp7n2xt3x] 🏗️  constructor complete http://localhost:40417/
   830.852ms [⏱️0] [🔧wjynvoj5m4] 🧨 _destroy ⏳=false 🔐=undefined 🇺🇸=passthrough 🔗=http://localhost:40417/
   830.917ms [⏱️0] [🔧wjynvoj5m4] 🔧 HANDLE.close()
   831.040ms [⏱️0] [🔧wjynvoj5m4]     at closeSocketHandle (node:net:341:18)
   831.057ms [⏱️0] [🔧wjynvoj5m4]     at Socket._destroy (node:net:831:7)
   831.068ms [⏱️0] [🔧wjynvoj5m4]     at _destroy (node:internal/streams/destroy:121:10)
   831.079ms [⏱️0] [🔧wjynvoj5m4]     at MockHttpSocket.destroy (node:internal/streams/destroy:83:5)
   831.094ms [⏱️0] [🔧wjynvoj5m4]     at Writable.destroy (node:internal/streams/writable:1122:11)
   831.102ms [⏱️0] [🔧wjynvoj5m4]     at MockHttpSocket.destroy (/workspace/repro/node_modules/.pnpm/@mswjs+interceptors@file+../node_modules/@mswjs/interceptors/lib/node/chunk-EFBKFUZI.js:574:18)
   831.119ms [⏱️0] [🔧wjynvoj5m4]     at MockAgent.<anonymous> (node:_http_agent:154:14)
   831.133ms [⏱️0] [🔧wjynvoj5m4]     at MockAgent.emit (node:events:524:28)
     0.711ms [⏱️3058] [🔧0ygp7n2xt3x] ▶️ resume()
     0.769ms [⏱️3058] [🔧0ygp7n2xt3x] ✍️  write 95b 🇺🇸=unknown buffered=0
     0.812ms [⏱️3056] [🔧0ygp7n2xt3x] 🚀 onRequestStart path=/ keepAlive=true
     1.231ms [⏱️3058] [🔧0ygp7n2xt3x] ✍️  write 2b 🇺🇸=unknown buffered=1
     1.263ms [⏱️3058] [🔧0ygp7n2xt3x] ✍️  write 9b 🇺🇸=unknown buffered=2
     1.334ms [⏱️3056] [🔧0ygp7n2xt3x] 📦 onRequestBody 9b
     1.429ms [⏱️3058] [🔧0ygp7n2xt3x] ✍️  write 2b 🇺🇸=unknown buffered=3
     1.507ms [⏱️3058] [🔧0ygp7n2xt3x] ✍️  write 5b 🇺🇸=unknown buffered=4
     1.550ms [⏱️3056] [🔧0ygp7n2xt3x] 🏁 onRequestEnd hasStream=true
     1.592ms [⏱️3062] [🔧0ygp7n2xt3x] 📖 read([0])
     1.617ms [⏱️3062] [🔧0ygp7n2xt3x] 🔬 _read(16384) ⏳=true 🔐=undefined 🇺🇸=unknown 🔗=http://localhost:40417/ origFlowing=undefined
     1.644ms [⏱️3062] [🔧0ygp7n2xt3x] 📣 emit resume
     1.674ms [⏱️3062] [🔧0ygp7n2xt3x] 📖 read()
     2.128ms [⏱️0] [🔧0ygp7n2xt3x] 💨 passthrough() 🧨=false ⏳=true
     2.248ms [⏱️0] [🔧0ygp7n2xt3x] 🔌 created originalSocket
     2.275ms [⏱️0] [🔧0ygp7n2xt3x] 🚽 flushing writeBuffer (5 items)
     2.356ms [⏱️3076] [🔧0ygp7n2xt3x] ▶️ onResume
     2.410ms [⏱️3076] [🔧0ygp7n2xt3x] 📣 emit resume
     2.474ms [⏱️3075] [🔧0ygp7n2xt3x] 🔍 onLookup args=[null,"::1",6,"localhost"]
     2.498ms [⏱️3075] [🔧0ygp7n2xt3x] 📣 emit lookup null, "::1", 6, "localhost"
     2.512ms [⏱️3075] [🔧0ygp7n2xt3x] 🔍 onLookup args=[null,"127.0.0.1",4,"localhost"]
     2.531ms [⏱️3075] [🔧0ygp7n2xt3x] 📣 emit lookup null, "127.0.0.1", 4, "localhost"
   456.782ms [⏱️2793] [🔧22frrx4jptt] 🔌 onConnect delay from lookup
   456.916ms [⏱️2793] [🔧22frrx4jptt] ⚠️  HANDLE MISMATCH!
   456.955ms [⏱️2793] [🔧22frrx4jptt]    My Handle: TCP 🔧=true 🆔=-22 📖=false
   457.012ms [⏱️2793] [🔧22frrx4jptt]    Socket Handle: TCP 🔧=false 🆔=109 📖=false
   457.039ms [⏱️2793] [🔧22frrx4jptt]    Object references are different!
   457.073ms [⏱️2793] [🔧22frrx4jptt] 📣 emit connect
   457.119ms [⏱️2793] [🔧22frrx4jptt] 🔬 _read(16384) ⏳=false 🔐=undefined 🇺🇸=passthrough 🔗=http://localhost:40417/ origFlowing=true
   457.225ms [⏱️2793] [🔧22frrx4jptt] ✅ onReady
   457.275ms [⏱️2793] [🔧22frrx4jptt] 📣 emit ready
   777.629ms [⏱️2554] [🔧l5vjqbhfusp] 🔌 onConnect delay from lookup
   777.709ms [⏱️2554] [🔧l5vjqbhfusp] ⚠️  HANDLE MISMATCH!
   777.723ms [⏱️2554] [🔧l5vjqbhfusp]    My Handle: TCP 🔧=true 🆔=-22 📖=false
   777.743ms [⏱️2554] [🔧l5vjqbhfusp]    Socket Handle: TCP 🔧=false 🆔=101 📖=false
   777.760ms [⏱️2554] [🔧l5vjqbhfusp]    Object references are different!
   777.785ms [⏱️2554] [🔧l5vjqbhfusp] 📣 emit connect
   777.815ms [⏱️2554] [🔧l5vjqbhfusp] 🔬 _read(16384) ⏳=false 🔐=undefined 🇺🇸=passthrough 🔗=http://localhost:40417/ origFlowing=true
   777.845ms [⏱️2554] [🔧l5vjqbhfusp] ✅ onReady
   777.869ms [⏱️2554] [🔧l5vjqbhfusp] 📣 emit ready
  1107.194ms [⏱️2347] [🔧cmmp2mnu7tc] 🔌 onConnect delay from lookup
  1107.313ms [⏱️2347] [🔧cmmp2mnu7tc] ⚠️  HANDLE MISMATCH!
  1107.329ms [⏱️2347] [🔧cmmp2mnu7tc]    My Handle: TCP 🔧=true 🆔=-22 📖=false
  1107.349ms [⏱️2347] [🔧cmmp2mnu7tc]    Socket Handle: TCP 🔧=false 🆔=69 📖=false
  1107.366ms [⏱️2347] [🔧cmmp2mnu7tc]    Object references are different!
  1107.404ms [⏱️2347] [🔧cmmp2mnu7tc] 📣 emit connect
  1107.440ms [⏱️2347] [🔧cmmp2mnu7tc] 🔬 _read(16384) ⏳=false 🔐=undefined 🇺🇸=passthrough 🔗=http://localhost:40417/ origFlowing=true
  1107.473ms [⏱️2347] [🔧cmmp2mnu7tc] ✅ onReady
  1107.490ms [⏱️2347] [🔧cmmp2mnu7tc] 📣 emit ready
   746.280ms [⏱️2712] [🔧tadhzbzyrw] 💾 onData 120b
   746.370ms [⏱️2712] [🔧tadhzbzyrw] 📤 push([{"type":"Buffer","data":[72,84,84,80,47)
   746.411ms [⏱️2428] [🔧tadhzbzyrw] 📨 onResponseStart status=200 🇺🇸=passthrough
   746.752ms [⏱️2428] [🔧tadhzbzyrw] 📥 onResponseBody 2b
   746.836ms [⏱️2428] [🔧tadhzbzyrw] 🎬 onResponseEnd hasStream=true
   746.893ms [⏱️2712] [🔧tadhzbzyrw] 📣 emit data 120 chars
   746.960ms [⏱️3111] [🔧tadhzbzyrw] 📖 read([0])
   746.989ms [⏱️3111] [🔧tadhzbzyrw] 🔬 _read(16384) ⏳=false 🔐=undefined 🇺🇸=passthrough 🔗=http://localhost:40417/ origFlowing=true
   747.100ms [⏱️2431] [🔧tadhzbzyrw] ▶️ resume()
   747.229ms [⏱️3126] [🔧tadhzbzyrw] 📣 emit free
     0.001ms [⏱️0] [🔧wlocnulaz2o] 🏗️  constructor starting
     0.071ms [⏱️0] [🔧wlocnulaz2o] 🏗️  constructor complete http://localhost:40417/
   747.642ms [⏱️0] [🔧tadhzbzyrw] 🧨 _destroy ⏳=false 🔐=undefined 🇺🇸=passthrough 🔗=http://localhost:40417/
   747.677ms [⏱️0] [🔧tadhzbzyrw] 🔧 HANDLE.close()
   747.790ms [⏱️0] [🔧tadhzbzyrw]     at closeSocketHandle (node:net:341:18)
   747.808ms [⏱️0] [🔧tadhzbzyrw]     at Socket._destroy (node:net:831:7)
   747.820ms [⏱️0] [🔧tadhzbzyrw]     at _destroy (node:internal/streams/destroy:121:10)
   747.833ms [⏱️0] [🔧tadhzbzyrw]     at MockHttpSocket.destroy (node:internal/streams/destroy:83:5)
   747.843ms [⏱️0] [🔧tadhzbzyrw]     at Writable.destroy (node:internal/streams/writable:1122:11)
   747.858ms [⏱️0] [🔧tadhzbzyrw]     at MockHttpSocket.destroy (/workspace/repro/node_modules/.pnpm/@mswjs+interceptors@file+../node_modules/@mswjs/interceptors/lib/node/chunk-EFBKFUZI.js:574:18)
   747.878ms [⏱️0] [🔧tadhzbzyrw]     at MockAgent.<anonymous> (node:_http_agent:154:14)
   747.887ms [⏱️0] [🔧tadhzbzyrw]     at MockAgent.emit (node:events:524:28)
     0.460ms [⏱️3133] [🔧wlocnulaz2o] ▶️ resume()
     0.485ms [⏱️3133] [🔧wlocnulaz2o] ✍️  write 95b 🇺🇸=unknown buffered=0
     0.566ms [⏱️3131] [🔧wlocnulaz2o] 🚀 onRequestStart path=/ keepAlive=true
     1.542ms [⏱️3133] [🔧wlocnulaz2o] ✍️  write 2b 🇺🇸=unknown buffered=1
     1.626ms [⏱️3133] [🔧wlocnulaz2o] ✍️  write 9b 🇺🇸=unknown buffered=2
     1.714ms [⏱️3131] [🔧wlocnulaz2o] 📦 onRequestBody 9b
     1.781ms [⏱️3133] [🔧wlocnulaz2o] ✍️  write 2b 🇺🇸=unknown buffered=3
     1.828ms [⏱️3133] [🔧wlocnulaz2o] ✍️  write 5b 🇺🇸=unknown buffered=4
     1.885ms [⏱️3131] [🔧wlocnulaz2o] 🏁 onRequestEnd hasStream=true
     2.034ms [⏱️3137] [🔧wlocnulaz2o] 📖 read([0])
     2.081ms [⏱️3137] [🔧wlocnulaz2o] 🔬 _read(16384) ⏳=true 🔐=undefined 🇺🇸=unknown 🔗=http://localhost:40417/ origFlowing=undefined
     2.123ms [⏱️3137] [🔧wlocnulaz2o] 📣 emit resume
     2.158ms [⏱️3137] [🔧wlocnulaz2o] 📖 read()
     2.777ms [⏱️0] [🔧wlocnulaz2o] 💨 passthrough() 🧨=false ⏳=true
     2.939ms [⏱️0] [🔧wlocnulaz2o] 🔌 created originalSocket
     2.981ms [⏱️0] [🔧wlocnulaz2o] 🚽 flushing writeBuffer (5 items)
     3.066ms [⏱️3151] [🔧wlocnulaz2o] ▶️ onResume
     3.099ms [⏱️3151] [🔧wlocnulaz2o] 📣 emit resume
     3.295ms [⏱️3150] [🔧wlocnulaz2o] 🔍 onLookup args=[null,"::1",6,"localhost"]
     3.348ms [⏱️3150] [🔧wlocnulaz2o] 📣 emit lookup null, "::1", 6, "localhost"
     3.468ms [⏱️3150] [🔧wlocnulaz2o] 🔍 onLookup args=[null,"127.0.0.1",4,"localhost"]
     3.506ms [⏱️3150] [🔧wlocnulaz2o] 📣 emit lookup null, "127.0.0.1", 4, "localhost"
   254.005ms [⏱️2857] [🔧8xd9u7aj267] 🔧 HANDLE.close()
   254.291ms [⏱️2857] [🔧8xd9u7aj267]     at Timeout.internalConnectMultipleTimeout [as _onTimeout] (node:net:1712:10)
   254.351ms [⏱️2857] [🔧8xd9u7aj267]     at listOnTimeout (node:internal/timers:583:11)
   254.381ms [⏱️2857] [🔧8xd9u7aj267]     at process.processTimers (node:internal/timers:519:7)
   254.536ms [⏱️2857] [🔧8xd9u7aj267] 🔧 HANDLE.close()
   254.654ms [⏱️2857] [🔧8xd9u7aj267]     at Socket.reinitializeHandle (node:net:1265:17)
   254.670ms [⏱️2857] [🔧8xd9u7aj267]     at internalConnectMultiple (node:net:1131:30)
   254.681ms [⏱️2857] [🔧8xd9u7aj267]     at Timeout.internalConnectMultipleTimeout (node:net:1716:5)
   254.711ms [⏱️2857] [🔧8xd9u7aj267]     at listOnTimeout (node:internal/timers:583:11)
   254.749ms [⏱️2857] [🔧8xd9u7aj267]     at process.processTimers (node:internal/timers:519:7)
  1811.244ms [⏱️1715] [🔧t0re08zme] 💾 onData 120b
  1811.286ms [⏱️1715] [🔧t0re08zme] 📤 push([{"type":"Buffer","data":[72,84,84,80,47)
  1811.318ms [⏱️1458] [🔧t0re08zme] 📨 onResponseStart status=200 🇺🇸=passthrough
  1811.764ms [⏱️1458] [🔧t0re08zme] 📥 onResponseBody 2b
  1811.838ms [⏱️1458] [🔧t0re08zme] 🎬 onResponseEnd hasStream=true
  1811.926ms [⏱️1715] [🔧t0re08zme] 📣 emit data 120 chars
  1812.145ms [⏱️3162] [🔧t0re08zme] 📖 read([0])
  1812.327ms [⏱️3162] [🔧t0re08zme] 🔬 _read(16384) ⏳=false 🔐=undefined 🇺🇸=passthrough 🔗=http://localhost:40417/ origFlowing=true
  1812.676ms [⏱️1461] [🔧t0re08zme] ▶️ resume()
  1812.950ms [⏱️3177] [🔧t0re08zme] 📣 emit free
     0.001ms [⏱️0] [🔧5zdw2dc5x64] 🏗️  constructor starting
     0.087ms [⏱️0] [🔧5zdw2dc5x64] 🏗️  constructor complete http://localhost:40417/
  1813.846ms [⏱️0] [🔧t0re08zme] 🧨 _destroy ⏳=false 🔐=undefined 🇺🇸=passthrough 🔗=http://localhost:40417/
  1813.891ms [⏱️0] [🔧t0re08zme] 🔧 HANDLE.close()
  1814.144ms [⏱️0] [🔧t0re08zme]     at closeSocketHandle (node:net:341:18)
  1814.198ms [⏱️0] [🔧t0re08zme]     at Socket._destroy (node:net:831:7)
  1814.220ms [⏱️0] [🔧t0re08zme]     at _destroy (node:internal/streams/destroy:121:10)
  1814.229ms [⏱️0] [🔧t0re08zme]     at MockHttpSocket.destroy (node:internal/streams/destroy:83:5)
  1814.245ms [⏱️0] [🔧t0re08zme]     at Writable.destroy (node:internal/streams/writable:1122:11)
  1814.262ms [⏱️0] [🔧t0re08zme]     at MockHttpSocket.destroy (/workspace/repro/node_modules/.pnpm/@mswjs+interceptors@file+../node_modules/@mswjs/interceptors/lib/node/chunk-EFBKFUZI.js:574:18)
  1814.275ms [⏱️0] [🔧t0re08zme]     at MockAgent.<anonymous> (node:_http_agent:154:14)
  1814.304ms [⏱️0] [🔧t0re08zme]     at MockAgent.emit (node:events:524:28)
     0.771ms [⏱️3184] [🔧5zdw2dc5x64] ▶️ resume()
     0.848ms [⏱️3184] [🔧5zdw2dc5x64] ✍️  write 95b 🇺🇸=unknown buffered=0
     1.035ms [⏱️3182] [🔧5zdw2dc5x64] 🚀 onRequestStart path=/ keepAlive=true
     1.619ms [⏱️3184] [🔧5zdw2dc5x64] ✍️  write 2b 🇺🇸=unknown buffered=1
     1.653ms [⏱️3184] [🔧5zdw2dc5x64] ✍️  write 9b 🇺🇸=unknown buffered=2
     1.686ms [⏱️3182] [🔧5zdw2dc5x64] 📦 onRequestBody 9b
     1.713ms [⏱️3184] [🔧5zdw2dc5x64] ✍️  write 2b 🇺🇸=unknown buffered=3
     1.785ms [⏱️3184] [🔧5zdw2dc5x64] ✍️  write 5b 🇺🇸=unknown buffered=4
     1.826ms [⏱️3182] [🔧5zdw2dc5x64] 🏁 onRequestEnd hasStream=true
     1.871ms [⏱️3188] [🔧5zdw2dc5x64] 📖 read([0])
     1.916ms [⏱️3188] [🔧5zdw2dc5x64] 🔬 _read(16384) ⏳=true 🔐=undefined 🇺🇸=unknown 🔗=http://localhost:40417/ origFlowing=undefined
     1.945ms [⏱️3188] [🔧5zdw2dc5x64] 📣 emit resume
     1.984ms [⏱️3188] [🔧5zdw2dc5x64] 📖 read()
     2.549ms [⏱️0] [🔧5zdw2dc5x64] 💨 passthrough() 🧨=false ⏳=true
     2.668ms [⏱️0] [🔧5zdw2dc5x64] 🔌 created originalSocket
     2.696ms [⏱️0] [🔧5zdw2dc5x64] 🚽 flushing writeBuffer (5 items)
     2.777ms [⏱️3202] [🔧5zdw2dc5x64] ▶️ onResume
     2.796ms [⏱️3202] [🔧5zdw2dc5x64] 📣 emit resume
     2.895ms [⏱️3201] [🔧5zdw2dc5x64] 🔍 onLookup args=[null,"::1",6,"localhost"]
     2.929ms [⏱️3201] [🔧5zdw2dc5x64] 📣 emit lookup null, "::1", 6, "localhost"
     2.953ms [⏱️3201] [🔧5zdw2dc5x64] 🔍 onLookup args=[null,"127.0.0.1",4,"localhost"]
     2.994ms [⏱️3201] [🔧5zdw2dc5x64] 📣 emit lookup null, "127.0.0.1", 4, "localhost"
    42.580ms [⏱️3205] [🔧5zdw2dc5x64] 🔌 onConnect delay from lookup
    42.656ms [⏱️3205] [🔧5zdw2dc5x64] ✅ Handles match
    42.670ms [⏱️3205] [🔧5zdw2dc5x64] 📣 emit connect
    42.702ms [⏱️3205] [🔧5zdw2dc5x64] 🔬 _read(16384) ⏳=false 🔐=undefined 🇺🇸=passthrough 🔗=http://localhost:40417/ origFlowing=true
    42.738ms [⏱️3205] [🔧5zdw2dc5x64] 🔧 HANDLE.readStart()
    42.912ms [⏱️3205] [🔧5zdw2dc5x64]     at tryReadStart (node:net:705:30)
    42.959ms [⏱️3205] [🔧5zdw2dc5x64]     at Socket._read (node:net:722:5)
    42.988ms [⏱️3205] [🔧5zdw2dc5x64]     at Socket.<anonymous> (node:net:720:37)
    43.029ms [⏱️3205] [🔧5zdw2dc5x64]     at Object.onceWrapper (node:events:638:28)
    43.057ms [⏱️3205] [🔧5zdw2dc5x64]     at Socket.emit (node:events:536:35)
    43.156ms [⏱️3205] [🔧5zdw2dc5x64]     at afterConnect (node:net:1596:10)
    43.179ms [⏱️3205] [🔧5zdw2dc5x64]     at afterConnectMultiple (node:net:1703:3)
    43.215ms [⏱️3205] [🔧5zdw2dc5x64] ✅ onReady
    43.233ms [⏱️3205] [🔧5zdw2dc5x64] 📣 emit ready
   253.384ms [⏱️2911] [🔧jczxdyq1cs] 🔧 HANDLE.close()
   253.494ms [⏱️2911] [🔧jczxdyq1cs]     at Timeout.internalConnectMultipleTimeout [as _onTimeout] (node:net:1712:10)
   253.522ms [⏱️2911] [🔧jczxdyq1cs]     at listOnTimeout (node:internal/timers:583:11)
   253.538ms [⏱️2911] [🔧jczxdyq1cs]     at process.processTimers (node:internal/timers:519:7)
   253.674ms [⏱️2911] [🔧jczxdyq1cs] 🔧 HANDLE.close()
   253.789ms [⏱️2911] [🔧jczxdyq1cs]     at Socket.reinitializeHandle (node:net:1265:17)
   253.821ms [⏱️2911] [🔧jczxdyq1cs]     at internalConnectMultiple (node:net:1131:30)
   253.846ms [⏱️2911] [🔧jczxdyq1cs]     at Timeout.internalConnectMultipleTimeout (node:net:1716:5)
   253.873ms [⏱️2911] [🔧jczxdyq1cs]     at listOnTimeout (node:internal/timers:583:11)
   254.046ms [⏱️2911] [🔧jczxdyq1cs]     at process.processTimers (node:internal/timers:519:7)
  1343.770ms [⏱️2274] [🔧uixzdiazri] 🔌 onConnect delay from lookup
  1343.906ms [⏱️2274] [🔧uixzdiazri] ⚠️  HANDLE MISMATCH!
  1343.959ms [⏱️2274] [🔧uixzdiazri]    My Handle: TCP 🔧=true 🆔=-22 📖=false
  1344.009ms [⏱️2274] [🔧uixzdiazri]    Socket Handle: TCP 🔧=false 🆔=93 📖=false
  1344.034ms [⏱️2274] [🔧uixzdiazri]    Object references are different!
  1344.084ms [⏱️2274] [🔧uixzdiazri] 📣 emit connect
  1344.144ms [⏱️2274] [🔧uixzdiazri] 🔬 _read(16384) ⏳=false 🔐=undefined 🇺🇸=passthrough 🔗=http://localhost:40417/ origFlowing=true
  1344.221ms [⏱️2274] [🔧uixzdiazri] ✅ onReady
  1344.265ms [⏱️2274] [🔧uixzdiazri] 📣 emit ready
   232.489ms [⏱️3019] [🔧yor9aqtp51] 🔌 onConnect delay from lookup
   232.557ms [⏱️3019] [🔧yor9aqtp51] ✅ Handles match
   232.582ms [⏱️3019] [🔧yor9aqtp51] 📣 emit connect
   232.621ms [⏱️3019] [🔧yor9aqtp51] 🔬 _read(16384) ⏳=false 🔐=undefined 🇺🇸=passthrough 🔗=http://localhost:40417/ origFlowing=true
   232.689ms [⏱️3019] [🔧yor9aqtp51] 🔧 HANDLE.readStart()
   232.951ms [⏱️3019] [🔧yor9aqtp51]     at tryReadStart (node:net:705:30)
   233.009ms [⏱️3019] [🔧yor9aqtp51]     at Socket._read (node:net:722:5)
   233.142ms [⏱️3019] [🔧yor9aqtp51]     at Socket.<anonymous> (node:net:720:37)
   233.204ms [⏱️3019] [🔧yor9aqtp51]     at Object.onceWrapper (node:events:638:28)
   233.223ms [⏱️3019] [🔧yor9aqtp51]     at Socket.emit (node:events:536:35)
   233.234ms [⏱️3019] [🔧yor9aqtp51]     at afterConnect (node:net:1596:10)
   233.265ms [⏱️3019] [🔧yor9aqtp51]     at afterConnectMultiple (node:net:1703:3)
   233.289ms [⏱️3019] [🔧yor9aqtp51] ✅ onReady
   233.304ms [⏱️3019] [🔧yor9aqtp51] 📣 emit ready
   252.986ms [⏱️2969] [🔧jsssi4fv5to] 🔧 HANDLE.close()
   253.097ms [⏱️2969] [🔧jsssi4fv5to]     at Timeout.internalConnectMultipleTimeout [as _onTimeout] (node:net:1712:10)
   253.118ms [⏱️2969] [🔧jsssi4fv5to]     at listOnTimeout (node:internal/timers:583:11)
   253.147ms [⏱️2969] [🔧jsssi4fv5to]     at process.processTimers (node:internal/timers:519:7)
   253.264ms [⏱️2969] [🔧jsssi4fv5to] 🔧 HANDLE.close()
   253.325ms [⏱️2969] [🔧jsssi4fv5to]     at Socket.reinitializeHandle (node:net:1265:17)
   253.340ms [⏱️2969] [🔧jsssi4fv5to]     at internalConnectMultiple (node:net:1131:30)
   253.350ms [⏱️2969] [🔧jsssi4fv5to]     at Timeout.internalConnectMultipleTimeout (node:net:1716:5)
   253.381ms [⏱️2969] [🔧jsssi4fv5to]     at listOnTimeout (node:internal/timers:583:11)
   253.397ms [⏱️2969] [🔧jsssi4fv5to]     at process.processTimers (node:internal/timers:519:7)
  1262.983ms [⏱️2343] [🔧ugt8arz1wip] 💾 onData 120b
  1263.074ms [⏱️2343] [🔧ugt8arz1wip] 📤 push([{"type":"Buffer","data":[72,84,84,80,47)
  1263.115ms [⏱️2181] [🔧ugt8arz1wip] 📨 onResponseStart status=200 🇺🇸=passthrough
  1263.543ms [⏱️2181] [🔧ugt8arz1wip] 📥 onResponseBody 2b
  1263.584ms [⏱️2181] [🔧ugt8arz1wip] 🎬 onResponseEnd hasStream=true
  1263.635ms [⏱️2343] [🔧ugt8arz1wip] 📣 emit data 120 chars
  1263.670ms [⏱️3234] [🔧ugt8arz1wip] 📖 read([0])
  1263.701ms [⏱️3234] [🔧ugt8arz1wip] 🔬 _read(16384) ⏳=false 🔐=undefined 🇺🇸=passthrough 🔗=http://localhost:40417/ origFlowing=true
  1263.816ms [⏱️2184] [🔧ugt8arz1wip] ▶️ resume()
  1263.985ms [⏱️3249] [🔧ugt8arz1wip] 📣 emit free
     0.001ms [⏱️0] [🔧q0zy4cw5oij] 🏗️  constructor starting
     0.093ms [⏱️0] [🔧q0zy4cw5oij] 🏗️  constructor complete http://localhost:40417/
  1264.537ms [⏱️0] [🔧ugt8arz1wip] 🧨 _destroy ⏳=false 🔐=undefined 🇺🇸=passthrough 🔗=http://localhost:40417/
  1264.581ms [⏱️0] [🔧ugt8arz1wip] 🔧 HANDLE.close()
  1264.721ms [⏱️0] [🔧ugt8arz1wip]     at closeSocketHandle (node:net:341:18)
  1264.739ms [⏱️0] [🔧ugt8arz1wip]     at Socket._destroy (node:net:831:7)
  1264.747ms [⏱️0] [🔧ugt8arz1wip]     at _destroy (node:internal/streams/destroy:121:10)
  1264.761ms [⏱️0] [🔧ugt8arz1wip]     at MockHttpSocket.destroy (node:internal/streams/destroy:83:5)
  1264.780ms [⏱️0] [🔧ugt8arz1wip]     at Writable.destroy (node:internal/streams/writable:1122:11)
  1264.789ms [⏱️0] [🔧ugt8arz1wip]     at MockHttpSocket.destroy (/workspace/repro/node_modules/.pnpm/@mswjs+interceptors@file+../node_modules/@mswjs/interceptors/lib/node/chunk-EFBKFUZI.js:574:18)
  1264.802ms [⏱️0] [🔧ugt8arz1wip]     at MockAgent.<anonymous> (node:_http_agent:154:14)
  1264.811ms [⏱️0] [🔧ugt8arz1wip]     at MockAgent.emit (node:events:524:28)
     0.552ms [⏱️3256] [🔧q0zy4cw5oij] ▶️ resume()
     0.583ms [⏱️3256] [🔧q0zy4cw5oij] ✍️  write 95b 🇺🇸=unknown buffered=0
     0.619ms [⏱️3254] [🔧q0zy4cw5oij] 🚀 onRequestStart path=/ keepAlive=true
     0.977ms [⏱️3256] [🔧q0zy4cw5oij] ✍️  write 2b 🇺🇸=unknown buffered=1
     1.005ms [⏱️3256] [🔧q0zy4cw5oij] ✍️  write 9b 🇺🇸=unknown buffered=2
     1.031ms [⏱️3254] [🔧q0zy4cw5oij] 📦 onRequestBody 9b
     1.088ms [⏱️3256] [🔧q0zy4cw5oij] ✍️  write 2b 🇺🇸=unknown buffered=3
     1.105ms [⏱️3256] [🔧q0zy4cw5oij] ✍️  write 5b 🇺🇸=unknown buffered=4
     1.134ms [⏱️3254] [🔧q0zy4cw5oij] 🏁 onRequestEnd hasStream=true
     1.176ms [⏱️3260] [🔧q0zy4cw5oij] 📖 read([0])
     1.203ms [⏱️3260] [🔧q0zy4cw5oij] 🔬 _read(16384) ⏳=true 🔐=undefined 🇺🇸=unknown 🔗=http://localhost:40417/ origFlowing=undefined
     1.230ms [⏱️3260] [🔧q0zy4cw5oij] 📣 emit resume
     1.245ms [⏱️3260] [🔧q0zy4cw5oij] 📖 read()
     1.847ms [⏱️0] [🔧q0zy4cw5oij] 💨 passthrough() 🧨=false ⏳=true
     1.968ms [⏱️0] [🔧q0zy4cw5oij] 🔌 created originalSocket
     1.994ms [⏱️0] [🔧q0zy4cw5oij] 🚽 flushing writeBuffer (5 items)
     2.095ms [⏱️3274] [🔧q0zy4cw5oij] ▶️ onResume
     2.110ms [⏱️3274] [🔧q0zy4cw5oij] 📣 emit resume
     2.211ms [⏱️3273] [🔧q0zy4cw5oij] 🔍 onLookup args=[null,"::1",6,"localhost"]
     2.236ms [⏱️3273] [🔧q0zy4cw5oij] 📣 emit lookup null, "::1", 6, "localhost"
     2.362ms [⏱️3273] [🔧q0zy4cw5oij] 🔍 onLookup args=[null,"127.0.0.1",4,"localhost"]
     2.490ms [⏱️3273] [🔧q0zy4cw5oij] 📣 emit lookup null, "127.0.0.1", 4, "localhost"
   255.610ms [⏱️3080] [🔧0ygp7n2xt3x] 🔧 HANDLE.close()
   255.769ms [⏱️3080] [🔧0ygp7n2xt3x]     at Timeout.internalConnectMultipleTimeout [as _onTimeout] (node:net:1712:10)
   255.797ms [⏱️3080] [🔧0ygp7n2xt3x]     at listOnTimeout (node:internal/timers:583:11)
   255.816ms [⏱️3080] [🔧0ygp7n2xt3x]     at process.processTimers (node:internal/timers:519:7)
   255.875ms [⏱️3080] [🔧0ygp7n2xt3x] 🔧 HANDLE.close()
   255.943ms [⏱️3080] [🔧0ygp7n2xt3x]     at Socket.reinitializeHandle (node:net:1265:17)
   255.961ms [⏱️3080] [🔧0ygp7n2xt3x]     at internalConnectMultiple (node:net:1131:30)
   255.969ms [⏱️3080] [🔧0ygp7n2xt3x]     at Timeout.internalConnectMultipleTimeout (node:net:1716:5)
   256.024ms [⏱️3080] [🔧0ygp7n2xt3x]     at listOnTimeout (node:internal/timers:583:11)
   256.035ms [⏱️3080] [🔧0ygp7n2xt3x]     at process.processTimers (node:internal/timers:519:7)
   256.870ms [⏱️3155] [🔧wlocnulaz2o] 🔧 HANDLE.close()
   257.185ms [⏱️3155] [🔧wlocnulaz2o]     at Timeout.internalConnectMultipleTimeout [as _onTimeout] (node:net:1712:10)
   257.204ms [⏱️3155] [🔧wlocnulaz2o]     at listOnTimeout (node:internal/timers:583:11)
   257.225ms [⏱️3155] [🔧wlocnulaz2o]     at process.processTimers (node:internal/timers:519:7)
   257.320ms [⏱️3155] [🔧wlocnulaz2o] 🔧 HANDLE.close()
   257.383ms [⏱️3155] [🔧wlocnulaz2o]     at Socket.reinitializeHandle (node:net:1265:17)
   257.401ms [⏱️3155] [🔧wlocnulaz2o]     at internalConnectMultiple (node:net:1131:30)
   257.411ms [⏱️3155] [🔧wlocnulaz2o]     at Timeout.internalConnectMultipleTimeout (node:net:1716:5)
   257.463ms [⏱️3155] [🔧wlocnulaz2o]     at listOnTimeout (node:internal/timers:583:11)
   257.488ms [⏱️3155] [🔧wlocnulaz2o]     at process.processTimers (node:internal/timers:519:7)
  1813.128ms [⏱️1929] [🔧g8rr39k97fu] 💾 onData 120b
  1813.282ms [⏱️1929] [🔧g8rr39k97fu] 📤 push([{"type":"Buffer","data":[72,84,84,80,47)
  1813.380ms [⏱️1688] [🔧g8rr39k97fu] 📨 onResponseStart status=200 🇺🇸=passthrough
  1814.087ms [⏱️1688] [🔧g8rr39k97fu] 📥 onResponseBody 2b
  1814.323ms [⏱️1688] [🔧g8rr39k97fu] 🎬 onResponseEnd hasStream=true
  1814.482ms [⏱️1929] [🔧g8rr39k97fu] 📣 emit data 120 chars
  1814.588ms [⏱️3306] [🔧g8rr39k97fu] 📖 read([0])
  1814.640ms [⏱️3306] [🔧g8rr39k97fu] 🔬 _read(16384) ⏳=false 🔐=undefined 🇺🇸=passthrough 🔗=http://localhost:40417/ origFlowing=true
  1814.836ms [⏱️1691] [🔧g8rr39k97fu] ▶️ resume()
  1815.149ms [⏱️3321] [🔧g8rr39k97fu] 📣 emit free
     0.002ms [⏱️0] [🔧f3sl77o4qo] 🏗️  constructor starting
     0.239ms [⏱️0] [🔧f3sl77o4qo] 🏗️  constructor complete http://localhost:40417/
  1816.266ms [⏱️0] [🔧g8rr39k97fu] 🧨 _destroy ⏳=false 🔐=undefined 🇺🇸=passthrough 🔗=http://localhost:40417/
  1816.306ms [⏱️0] [🔧g8rr39k97fu] 🔧 HANDLE.close()
  1816.662ms [⏱️0] [🔧g8rr39k97fu]     at closeSocketHandle (node:net:341:18)
  1816.694ms [⏱️0] [🔧g8rr39k97fu]     at Socket._destroy (node:net:831:7)
  1816.704ms [⏱️0] [🔧g8rr39k97fu]     at _destroy (node:internal/streams/destroy:121:10)
  1816.720ms [⏱️0] [🔧g8rr39k97fu]     at MockHttpSocket.destroy (node:internal/streams/destroy:83:5)
  1816.729ms [⏱️0] [🔧g8rr39k97fu]     at Writable.destroy (node:internal/streams/writable:1122:11)
  1816.748ms [⏱️0] [🔧g8rr39k97fu]     at MockHttpSocket.destroy (/workspace/repro/node_modules/.pnpm/@mswjs+interceptors@file+../node_modules/@mswjs/interceptors/lib/node/chunk-EFBKFUZI.js:574:18)
  1816.757ms [⏱️0] [🔧g8rr39k97fu]     at MockAgent.<anonymous> (node:_http_agent:154:14)
  1816.771ms [⏱️0] [🔧g8rr39k97fu]     at MockAgent.emit (node:events:524:28)
     0.915ms [⏱️3328] [🔧f3sl77o4qo] ▶️ resume()
     0.952ms [⏱️3328] [🔧f3sl77o4qo] ✍️  write 95b 🇺🇸=unknown buffered=0
     1.008ms [⏱️3326] [🔧f3sl77o4qo] 🚀 onRequestStart path=/ keepAlive=true
     1.737ms [⏱️3328] [🔧f3sl77o4qo] ✍️  write 2b 🇺🇸=unknown buffered=1
     1.787ms [⏱️3328] [🔧f3sl77o4qo] ✍️  write 9b 🇺🇸=unknown buffered=2
     1.842ms [⏱️3326] [🔧f3sl77o4qo] 📦 onRequestBody 9b
     1.879ms [⏱️3328] [🔧f3sl77o4qo] ✍️  write 2b 🇺🇸=unknown buffered=3
     1.910ms [⏱️3328] [🔧f3sl77o4qo] ✍️  write 5b 🇺🇸=unknown buffered=4
     1.941ms [⏱️3326] [🔧f3sl77o4qo] 🏁 onRequestEnd hasStream=true
     1.997ms [⏱️3332] [🔧f3sl77o4qo] 📖 read([0])
     2.033ms [⏱️3332] [🔧f3sl77o4qo] 🔬 _read(16384) ⏳=true 🔐=undefined 🇺🇸=unknown 🔗=http://localhost:40417/ origFlowing=undefined
     2.064ms [⏱️3332] [🔧f3sl77o4qo] 📣 emit resume
     2.096ms [⏱️3332] [🔧f3sl77o4qo] 📖 read()
     2.564ms [⏱️0] [🔧f3sl77o4qo] 💨 passthrough() 🧨=false ⏳=true
     2.680ms [⏱️0] [🔧f3sl77o4qo] 🔌 created originalSocket
     2.717ms [⏱️0] [🔧f3sl77o4qo] 🚽 flushing writeBuffer (5 items)
     2.780ms [⏱️3346] [🔧f3sl77o4qo] ▶️ onResume
     2.876ms [⏱️3346] [🔧f3sl77o4qo] 📣 emit resume
     3.335ms [⏱️3345] [🔧f3sl77o4qo] 🔍 onLookup args=[null,"::1",6,"localhost"]
     3.366ms [⏱️3345] [🔧f3sl77o4qo] 📣 emit lookup null, "::1", 6, "localhost"
     3.392ms [⏱️3345] [🔧f3sl77o4qo] 🔍 onLookup args=[null,"127.0.0.1",4,"localhost"]
     3.413ms [⏱️3345] [🔧f3sl77o4qo] 📣 emit lookup null, "127.0.0.1", 4, "localhost"
  1023.949ms [⏱️2762] [🔧niu1cal8hzc] 🔌 onConnect delay from lookup
  1024.051ms [⏱️2762] [🔧niu1cal8hzc] ⚠️  HANDLE MISMATCH!
  1024.067ms [⏱️2762] [🔧niu1cal8hzc]    My Handle: TCP 🔧=true 🆔=-22 📖=false
  1024.085ms [⏱️2762] [🔧niu1cal8hzc]    Socket Handle: TCP 🔧=false 🆔=90 📖=false
  1024.101ms [⏱️2762] [🔧niu1cal8hzc]    Object references are different!
  1024.123ms [⏱️2762] [🔧niu1cal8hzc] 📣 emit connect
  1024.160ms [⏱️2762] [🔧niu1cal8hzc] 🔬 _read(16384) ⏳=false 🔐=undefined 🇺🇸=passthrough 🔗=http://localhost:40417/ origFlowing=true
  1024.197ms [⏱️2762] [🔧niu1cal8hzc] ✅ onReady
  1024.206ms [⏱️2762] [🔧niu1cal8hzc] 📣 emit ready
   843.499ms [⏱️2792] [🔧22frrx4jptt] 💾 onData 120b
   843.598ms [⏱️2792] [🔧22frrx4jptt] 📤 push([{"type":"Buffer","data":[72,84,84,80,47)
   843.633ms [⏱️2681] [🔧22frrx4jptt] 📨 onResponseStart status=200 🇺🇸=passthrough
   844.031ms [⏱️2681] [🔧22frrx4jptt] 📥 onResponseBody 2b
   844.066ms [⏱️2681] [🔧22frrx4jptt] 🎬 onResponseEnd hasStream=true
   844.108ms [⏱️2792] [🔧22frrx4jptt] 📣 emit data 120 chars
   844.144ms [⏱️3369] [🔧22frrx4jptt] 📖 read([0])
   844.184ms [⏱️3369] [🔧22frrx4jptt] 🔬 _read(16384) ⏳=false 🔐=undefined 🇺🇸=passthrough 🔗=http://localhost:40417/ origFlowing=true
   844.289ms [⏱️2684] [🔧22frrx4jptt] ▶️ resume()
   844.584ms [⏱️3384] [🔧22frrx4jptt] 📣 emit free
     0.001ms [⏱️0] [🔧r1m4lntl4s] 🏗️  constructor starting
     0.062ms [⏱️0] [🔧r1m4lntl4s] 🏗️  constructor complete http://localhost:40417/
   845.043ms [⏱️0] [🔧22frrx4jptt] 🧨 _destroy ⏳=false 🔐=undefined 🇺🇸=passthrough 🔗=http://localhost:40417/
   845.095ms [⏱️0] [🔧22frrx4jptt] 🔧 HANDLE.close()
   845.358ms [⏱️0] [🔧22frrx4jptt]     at closeSocketHandle (node:net:341:18)
   845.412ms [⏱️0] [🔧22frrx4jptt]     at Socket._destroy (node:net:831:7)
   845.431ms [⏱️0] [🔧22frrx4jptt]     at _destroy (node:internal/streams/destroy:121:10)
   845.447ms [⏱️0] [🔧22frrx4jptt]     at MockHttpSocket.destroy (node:internal/streams/destroy:83:5)
   845.462ms [⏱️0] [🔧22frrx4jptt]     at Writable.destroy (node:internal/streams/writable:1122:11)
   845.498ms [⏱️0] [🔧22frrx4jptt]     at MockHttpSocket.destroy (/workspace/repro/node_modules/.pnpm/@mswjs+interceptors@file+../node_modules/@mswjs/interceptors/lib/node/chunk-EFBKFUZI.js:574:18)
   845.520ms [⏱️0] [🔧22frrx4jptt]     at MockAgent.<anonymous> (node:_http_agent:154:14)
   845.535ms [⏱️0] [🔧22frrx4jptt]     at MockAgent.emit (node:events:524:28)
     0.684ms [⏱️3391] [🔧r1m4lntl4s] ▶️ resume()
     0.773ms [⏱️3391] [🔧r1m4lntl4s] ✍️  write 95b 🇺🇸=unknown buffered=0
     0.859ms [⏱️3389] [🔧r1m4lntl4s] 🚀 onRequestStart path=/ keepAlive=true
     1.406ms [⏱️3391] [🔧r1m4lntl4s] ✍️  write 2b 🇺🇸=unknown buffered=1
     1.444ms [⏱️3391] [🔧r1m4lntl4s] ✍️  write 9b 🇺🇸=unknown buffered=2
     1.475ms [⏱️3389] [🔧r1m4lntl4s] 📦 onRequestBody 9b
     1.505ms [⏱️3391] [🔧r1m4lntl4s] ✍️  write 2b 🇺🇸=unknown buffered=3
     1.522ms [⏱️3391] [🔧r1m4lntl4s] ✍️  write 5b 🇺🇸=unknown buffered=4
     1.547ms [⏱️3389] [🔧r1m4lntl4s] 🏁 onRequestEnd hasStream=true
     1.585ms [⏱️3395] [🔧r1m4lntl4s] 📖 read([0])
     1.611ms [⏱️3395] [🔧r1m4lntl4s] 🔬 _read(16384) ⏳=true 🔐=undefined 🇺🇸=unknown 🔗=http://localhost:40417/ origFlowing=undefined
     1.632ms [⏱️3395] [🔧r1m4lntl4s] 📣 emit resume
     1.696ms [⏱️3395] [🔧r1m4lntl4s] 📖 read()
     2.331ms [⏱️0] [🔧r1m4lntl4s] 💨 passthrough() 🧨=false ⏳=true
     2.458ms [⏱️0] [🔧r1m4lntl4s] 🔌 created originalSocket
     2.491ms [⏱️0] [🔧r1m4lntl4s] 🚽 flushing writeBuffer (5 items)
     2.560ms [⏱️3409] [🔧r1m4lntl4s] ▶️ onResume
     2.582ms [⏱️3409] [🔧r1m4lntl4s] 📣 emit resume
     2.725ms [⏱️3408] [🔧r1m4lntl4s] 🔍 onLookup args=[null,"::1",6,"localhost"]
     2.804ms [⏱️3408] [🔧r1m4lntl4s] 📣 emit lookup null, "::1", 6, "localhost"
     2.831ms [⏱️3408] [🔧r1m4lntl4s] 🔍 onLookup args=[null,"127.0.0.1",4,"localhost"]
     2.910ms [⏱️3408] [🔧r1m4lntl4s] 📣 emit lookup null, "127.0.0.1", 4, "localhost"
  1190.427ms [⏱️2553] [🔧l5vjqbhfusp] 💾 onData 120b
  1190.587ms [⏱️2553] [🔧l5vjqbhfusp] 📤 push([{"type":"Buffer","data":[72,84,84,80,47)
  1190.660ms [⏱️2378] [🔧l5vjqbhfusp] 📨 onResponseStart status=200 🇺🇸=passthrough
  1191.153ms [⏱️2378] [🔧l5vjqbhfusp] 📥 onResponseBody 2b
  1191.178ms [⏱️2378] [🔧l5vjqbhfusp] 🎬 onResponseEnd hasStream=true
  1191.217ms [⏱️2553] [🔧l5vjqbhfusp] 📣 emit data 120 chars
  1191.251ms [⏱️3426] [🔧l5vjqbhfusp] 📖 read([0])
  1191.276ms [⏱️3426] [🔧l5vjqbhfusp] 🔬 _read(16384) ⏳=false 🔐=undefined 🇺🇸=passthrough 🔗=http://localhost:40417/ origFlowing=true
  1191.430ms [⏱️2381] [🔧l5vjqbhfusp] ▶️ resume()
  1191.540ms [⏱️3441] [🔧l5vjqbhfusp] 📣 emit free
     0.001ms [⏱️0] [🔧rxagvr3cux] 🏗️  constructor starting
     0.044ms [⏱️0] [🔧rxagvr3cux] 🏗️  constructor complete http://localhost:40417/
  1192.024ms [⏱️0] [🔧l5vjqbhfusp] 🧨 _destroy ⏳=false 🔐=undefined 🇺🇸=passthrough 🔗=http://localhost:40417/
  1192.065ms [⏱️0] [🔧l5vjqbhfusp] 🔧 HANDLE.close()
  1192.203ms [⏱️0] [🔧l5vjqbhfusp]     at closeSocketHandle (node:net:341:18)
  1192.242ms [⏱️0] [🔧l5vjqbhfusp]     at Socket._destroy (node:net:831:7)
  1192.259ms [⏱️0] [🔧l5vjqbhfusp]     at _destroy (node:internal/streams/destroy:121:10)
  1192.268ms [⏱️0] [🔧l5vjqbhfusp]     at MockHttpSocket.destroy (node:internal/streams/destroy:83:5)
  1192.310ms [⏱️0] [🔧l5vjqbhfusp]     at Writable.destroy (node:internal/streams/writable:1122:11)
  1192.327ms [⏱️0] [🔧l5vjqbhfusp]     at MockHttpSocket.destroy (/workspace/repro/node_modules/.pnpm/@mswjs+interceptors@file+../node_modules/@mswjs/interceptors/lib/node/chunk-EFBKFUZI.js:574:18)
  1192.345ms [⏱️0] [🔧l5vjqbhfusp]     at MockAgent.<anonymous> (node:_http_agent:154:14)
  1192.359ms [⏱️0] [🔧l5vjqbhfusp]     at MockAgent.emit (node:events:524:28)
     0.519ms [⏱️3448] [🔧rxagvr3cux] ▶️ resume()
     0.646ms [⏱️3448] [🔧rxagvr3cux] ✍️  write 95b 🇺🇸=unknown buffered=0
     0.739ms [⏱️3446] [🔧rxagvr3cux] 🚀 onRequestStart path=/ keepAlive=true
     1.380ms [⏱️3448] [🔧rxagvr3cux] ✍️  write 2b 🇺🇸=unknown buffered=1
     1.442ms [⏱️3448] [🔧rxagvr3cux] ✍️  write 9b 🇺🇸=unknown buffered=2
     1.494ms [⏱️3446] [🔧rxagvr3cux] 📦 onRequestBody 9b
     1.560ms [⏱️3448] [🔧rxagvr3cux] ✍️  write 2b 🇺🇸=unknown buffered=3
     1.591ms [⏱️3448] [🔧rxagvr3cux] ✍️  write 5b 🇺🇸=unknown buffered=4
     1.659ms [⏱️3446] [🔧rxagvr3cux] 🏁 onRequestEnd hasStream=true
     1.774ms [⏱️3452] [🔧rxagvr3cux] 📖 read([0])
     1.954ms [⏱️3452] [🔧rxagvr3cux] 🔬 _read(16384) ⏳=true 🔐=undefined 🇺🇸=unknown 🔗=http://localhost:40417/ origFlowing=undefined
     2.004ms [⏱️3452] [🔧rxagvr3cux] 📣 emit resume
     2.084ms [⏱️3452] [🔧rxagvr3cux] 📖 read()
     2.571ms [⏱️0] [🔧rxagvr3cux] 💨 passthrough() 🧨=false ⏳=true
     2.671ms [⏱️0] [🔧rxagvr3cux] 🔌 created originalSocket
     2.721ms [⏱️0] [🔧rxagvr3cux] 🚽 flushing writeBuffer (5 items)
     2.799ms [⏱️3466] [🔧rxagvr3cux] ▶️ onResume
     2.846ms [⏱️3466] [🔧rxagvr3cux] 📣 emit resume
     2.903ms [⏱️3465] [🔧rxagvr3cux] 🔍 onLookup args=[null,"::1",6,"localhost"]
     2.945ms [⏱️3465] [🔧rxagvr3cux] 📣 emit lookup null, "::1", 6, "localhost"
     2.968ms [⏱️3465] [🔧rxagvr3cux] 🔍 onLookup args=[null,"127.0.0.1",4,"localhost"]
     2.987ms [⏱️3465] [🔧rxagvr3cux] 📣 emit lookup null, "127.0.0.1", 4, "localhost"
  1489.946ms [⏱️2346] [🔧cmmp2mnu7tc] 💾 onData 120b
  1490.025ms [⏱️2346] [🔧cmmp2mnu7tc] 📤 push([{"type":"Buffer","data":[72,84,84,80,47)
  1490.063ms [⏱️2229] [🔧cmmp2mnu7tc] 📨 onResponseStart status=200 🇺🇸=passthrough
  1490.363ms [⏱️2229] [🔧cmmp2mnu7tc] 📥 onResponseBody 2b
  1490.411ms [⏱️2229] [🔧cmmp2mnu7tc] 🎬 onResponseEnd hasStream=true
  1490.496ms [⏱️2346] [🔧cmmp2mnu7tc] 📣 emit data 120 chars
  1490.537ms [⏱️3474] [🔧cmmp2mnu7tc] 📖 read([0])
  1490.573ms [⏱️3474] [🔧cmmp2mnu7tc] 🔬 _read(16384) ⏳=false 🔐=undefined 🇺🇸=passthrough 🔗=http://localhost:40417/ origFlowing=true
  1490.665ms [⏱️2232] [🔧cmmp2mnu7tc] ▶️ resume()
  1490.796ms [⏱️3489] [🔧cmmp2mnu7tc] 📣 emit free
     0.000ms [⏱️0] [🔧68qla3xrr69] 🏗️  constructor starting
     0.046ms [⏱️0] [🔧68qla3xrr69] 🏗️  constructor complete http://localhost:40417/
  1491.147ms [⏱️0] [🔧cmmp2mnu7tc] 🧨 _destroy ⏳=false 🔐=undefined 🇺🇸=passthrough 🔗=http://localhost:40417/
  1491.172ms [⏱️0] [🔧cmmp2mnu7tc] 🔧 HANDLE.close()
  1491.369ms [⏱️0] [🔧cmmp2mnu7tc]     at closeSocketHandle (node:net:341:18)
  1491.476ms [⏱️0] [🔧cmmp2mnu7tc]     at Socket._destroy (node:net:831:7)
  1491.504ms [⏱️0] [🔧cmmp2mnu7tc]     at _destroy (node:internal/streams/destroy:121:10)
  1491.530ms [⏱️0] [🔧cmmp2mnu7tc]     at MockHttpSocket.destroy (node:internal/streams/destroy:83:5)
  1491.558ms [⏱️0] [🔧cmmp2mnu7tc]     at Writable.destroy (node:internal/streams/writable:1122:11)
  1491.573ms [⏱️0] [🔧cmmp2mnu7tc]     at MockHttpSocket.destroy (/workspace/repro/node_modules/.pnpm/@mswjs+interceptors@file+../node_modules/@mswjs/interceptors/lib/node/chunk-EFBKFUZI.js:574:18)
  1491.599ms [⏱️0] [🔧cmmp2mnu7tc]     at MockAgent.<anonymous> (node:_http_agent:154:14)
  1491.614ms [⏱️0] [🔧cmmp2mnu7tc]     at MockAgent.emit (node:events:524:28)
     0.639ms [⏱️3496] [🔧68qla3xrr69] ▶️ resume()
     0.693ms [⏱️3496] [🔧68qla3xrr69] ✍️  write 95b 🇺🇸=unknown buffered=0
     0.745ms [⏱️3494] [🔧68qla3xrr69] 🚀 onRequestStart path=/ keepAlive=true
     1.255ms [⏱️3496] [🔧68qla3xrr69] ✍️  write 2b 🇺🇸=unknown buffered=1
     1.292ms [⏱️3496] [🔧68qla3xrr69] ✍️  write 9b 🇺🇸=unknown buffered=2
     1.319ms [⏱️3494] [🔧68qla3xrr69] 📦 onRequestBody 9b
     1.346ms [⏱️3496] [🔧68qla3xrr69] ✍️  write 2b 🇺🇸=unknown buffered=3
     1.374ms [⏱️3496] [🔧68qla3xrr69] ✍️  write 5b 🇺🇸=unknown buffered=4
     1.389ms [⏱️3494] [🔧68qla3xrr69] 🏁 onRequestEnd hasStream=true
     1.417ms [⏱️3500] [🔧68qla3xrr69] 📖 read([0])
     1.440ms [⏱️3500] [🔧68qla3xrr69] 🔬 _read(16384) ⏳=true 🔐=undefined 🇺🇸=unknown 🔗=http://localhost:40417/ origFlowing=undefined
     1.458ms [⏱️3500] [🔧68qla3xrr69] 📣 emit resume
     1.470ms [⏱️3500] [🔧68qla3xrr69] 📖 read()
     1.863ms [⏱️0] [🔧68qla3xrr69] 💨 passthrough() 🧨=false ⏳=true
     1.957ms [⏱️0] [🔧68qla3xrr69] 🔌 created originalSocket
     1.982ms [⏱️0] [🔧68qla3xrr69] 🚽 flushing writeBuffer (5 items)
     2.029ms [⏱️3514] [🔧68qla3xrr69] ▶️ onResume
     2.060ms [⏱️3514] [🔧68qla3xrr69] 📣 emit resume
     2.103ms [⏱️3513] [🔧68qla3xrr69] 🔍 onLookup args=[null,"::1",6,"localhost"]
     2.218ms [⏱️3513] [🔧68qla3xrr69] 📣 emit lookup null, "::1", 6, "localhost"
     2.265ms [⏱️3513] [🔧68qla3xrr69] 🔍 onLookup args=[null,"127.0.0.1",4,"localhost"]
     2.288ms [⏱️3513] [🔧68qla3xrr69] 📣 emit lookup null, "127.0.0.1", 4, "localhost"
   560.441ms [⏱️3214] [🔧jczxdyq1cs] 🔌 onConnect delay from lookup
   560.493ms [⏱️3214] [🔧jczxdyq1cs] ⚠️  HANDLE MISMATCH!
   560.505ms [⏱️3214] [🔧jczxdyq1cs]    My Handle: TCP 🔧=true 🆔=-22 📖=false
   560.521ms [⏱️3214] [🔧jczxdyq1cs]    Socket Handle: TCP 🔧=false 🆔=114 📖=false
   560.535ms [⏱️3214] [🔧jczxdyq1cs]    Object references are different!
   560.559ms [⏱️3214] [🔧jczxdyq1cs] 📣 emit connect
   560.587ms [⏱️3214] [🔧jczxdyq1cs] 🔬 _read(16384) ⏳=false 🔐=undefined 🇺🇸=passthrough 🔗=http://localhost:40417/ origFlowing=true
   560.620ms [⏱️3214] [🔧jczxdyq1cs] ✅ onReady
   560.634ms [⏱️3214] [🔧jczxdyq1cs] 📣 emit ready
   253.558ms [⏱️3281] [🔧q0zy4cw5oij] 🔧 HANDLE.close()
   253.669ms [⏱️3281] [🔧q0zy4cw5oij]     at Timeout.internalConnectMultipleTimeout [as _onTimeout] (node:net:1712:10)
   253.721ms [⏱️3281] [🔧q0zy4cw5oij]     at listOnTimeout (node:internal/timers:583:11)
   253.800ms [⏱️3281] [🔧q0zy4cw5oij]     at process.processTimers (node:internal/timers:519:7)
   253.936ms [⏱️3281] [🔧q0zy4cw5oij] 🔧 HANDLE.close()
   254.223ms [⏱️3281] [🔧q0zy4cw5oij]     at Socket.reinitializeHandle (node:net:1265:17)
   254.306ms [⏱️3281] [🔧q0zy4cw5oij]     at internalConnectMultiple (node:net:1131:30)
   254.488ms [⏱️3281] [🔧q0zy4cw5oij]     at Timeout.internalConnectMultipleTimeout (node:net:1716:5)
   254.645ms [⏱️3281] [🔧q0zy4cw5oij]     at listOnTimeout (node:internal/timers:583:11)
   254.894ms [⏱️3281] [🔧q0zy4cw5oij]     at process.processTimers (node:internal/timers:519:7)
   859.798ms [⏱️2860] [🔧ixgmoni00m] 🔌 onConnect delay from lookup
   859.863ms [⏱️2860] [🔧ixgmoni00m] ⚠️  HANDLE MISMATCH!
   859.947ms [⏱️2860] [🔧ixgmoni00m]    My Handle: TCP 🔧=true 🆔=-22 📖=false
   860.001ms [⏱️2860] [🔧ixgmoni00m]    Socket Handle: TCP 🔧=false 🆔=104 📖=false
   860.047ms [⏱️2860] [🔧ixgmoni00m]    Object references are different!
   860.116ms [⏱️2860] [🔧ixgmoni00m] 📣 emit connect
   860.179ms [⏱️2860] [🔧ixgmoni00m] 🔬 _read(16384) ⏳=false 🔐=undefined 🇺🇸=passthrough 🔗=http://localhost:40417/ origFlowing=true
   860.257ms [⏱️2860] [🔧ixgmoni00m] ✅ onReady
   860.299ms [⏱️2860] [🔧ixgmoni00m] 📣 emit ready
  1538.326ms [⏱️2340] [🔧4y7fk8129e8] 💾 onData 120b
  1538.363ms [⏱️2340] [🔧4y7fk8129e8] 📤 push([{"type":"Buffer","data":[72,84,84,80,47)
  1538.392ms [⏱️2130] [🔧4y7fk8129e8] 📨 onResponseStart status=200 🇺🇸=passthrough
  1538.918ms [⏱️2130] [🔧4y7fk8129e8] 📥 onResponseBody 2b
  1539.015ms [⏱️2130] [🔧4y7fk8129e8] 🎬 onResponseEnd hasStream=true
  1539.104ms [⏱️2340] [🔧4y7fk8129e8] 📣 emit data 120 chars
  1539.177ms [⏱️3532] [🔧4y7fk8129e8] 📖 read([0])
  1539.247ms [⏱️3532] [🔧4y7fk8129e8] 🔬 _read(16384) ⏳=false 🔐=undefined 🇺🇸=passthrough 🔗=http://localhost:40417/ origFlowing=true
  1539.533ms [⏱️2133] [🔧4y7fk8129e8] ▶️ resume()
  1539.840ms [⏱️3547] [🔧4y7fk8129e8] 📣 emit free
     0.001ms [⏱️0] [🔧gle076ykmj] 🏗️  constructor starting
     0.076ms [⏱️0] [🔧gle076ykmj] 🏗️  constructor complete http://localhost:40417/
  1540.708ms [⏱️0] [🔧4y7fk8129e8] 🧨 _destroy ⏳=false 🔐=undefined 🇺🇸=passthrough 🔗=http://localhost:40417/
  1540.769ms [⏱️0] [🔧4y7fk8129e8] 🔧 HANDLE.close()
  1540.906ms [⏱️0] [🔧4y7fk8129e8]     at closeSocketHandle (node:net:341:18)
  1540.925ms [⏱️0] [🔧4y7fk8129e8]     at Socket._destroy (node:net:831:7)
  1540.959ms [⏱️0] [🔧4y7fk8129e8]     at _destroy (node:internal/streams/destroy:121:10)
  1540.970ms [⏱️0] [🔧4y7fk8129e8]     at MockHttpSocket.destroy (node:internal/streams/destroy:83:5)
  1540.978ms [⏱️0] [🔧4y7fk8129e8]     at Writable.destroy (node:internal/streams/writable:1122:11)
  1540.989ms [⏱️0] [🔧4y7fk8129e8]     at MockHttpSocket.destroy (/workspace/repro/node_modules/.pnpm/@mswjs+interceptors@file+../node_modules/@mswjs/interceptors/lib/node/chunk-EFBKFUZI.js:574:18)
  1540.996ms [⏱️0] [🔧4y7fk8129e8]     at MockAgent.<anonymous> (node:_http_agent:154:14)
  1541.009ms [⏱️0] [🔧4y7fk8129e8]     at MockAgent.emit (node:events:524:28)
     0.546ms [⏱️3554] [🔧gle076ykmj] ▶️ resume()
     0.576ms [⏱️3554] [🔧gle076ykmj] ✍️  write 95b 🇺🇸=unknown buffered=0
     0.608ms [⏱️3552] [🔧gle076ykmj] 🚀 onRequestStart path=/ keepAlive=true
     1.003ms [⏱️3554] [🔧gle076ykmj] ✍️  write 2b 🇺🇸=unknown buffered=1
     1.030ms [⏱️3554] [🔧gle076ykmj] ✍️  write 9b 🇺🇸=unknown buffered=2
     1.081ms [⏱️3552] [🔧gle076ykmj] 📦 onRequestBody 9b
     1.113ms [⏱️3554] [🔧gle076ykmj] ✍️  write 2b 🇺🇸=unknown buffered=3
     1.135ms [⏱️3554] [🔧gle076ykmj] ✍️  write 5b 🇺🇸=unknown buffered=4
     1.148ms [⏱️3552] [🔧gle076ykmj] 🏁 onRequestEnd hasStream=true
     1.183ms [⏱️3558] [🔧gle076ykmj] 📖 read([0])
     1.200ms [⏱️3558] [🔧gle076ykmj] 🔬 _read(16384) ⏳=true 🔐=undefined 🇺🇸=unknown 🔗=http://localhost:40417/ origFlowing=undefined
     1.243ms [⏱️3558] [🔧gle076ykmj] 📣 emit resume
     1.256ms [⏱️3558] [🔧gle076ykmj] 📖 read()
     1.824ms [⏱️0] [🔧gle076ykmj] 💨 passthrough() 🧨=false ⏳=true
     1.928ms [⏱️0] [🔧gle076ykmj] 🔌 created originalSocket
     1.955ms [⏱️0] [🔧gle076ykmj] 🚽 flushing writeBuffer (5 items)
     2.007ms [⏱️3572] [🔧gle076ykmj] ▶️ onResume
     2.074ms [⏱️3572] [🔧gle076ykmj] 📣 emit resume
     2.291ms [⏱️3571] [🔧gle076ykmj] 🔍 onLookup args=[null,"::1",6,"localhost"]
     2.347ms [⏱️3571] [🔧gle076ykmj] 📣 emit lookup null, "::1", 6, "localhost"
     2.370ms [⏱️3571] [🔧gle076ykmj] 🔍 onLookup args=[null,"127.0.0.1",4,"localhost"]
     2.388ms [⏱️3571] [🔧gle076ykmj] 📣 emit lookup null, "127.0.0.1", 4, "localhost"
  1020.708ms [⏱️2781] [🔧v5u94ifvdj] 🔌 onConnect delay from lookup
  1020.782ms [⏱️2781] [🔧v5u94ifvdj] ⚠️  HANDLE MISMATCH!
  1020.815ms [⏱️2781] [🔧v5u94ifvdj]    My Handle: TCP 🔧=true 🆔=-22 📖=false
  1020.833ms [⏱️2781] [🔧v5u94ifvdj]    Socket Handle: TCP 🔧=false 🆔=108 📖=false
  1020.854ms [⏱️2781] [🔧v5u94ifvdj]    Object references are different!
  1020.869ms [⏱️2781] [🔧v5u94ifvdj] 📣 emit connect
  1020.902ms [⏱️2781] [🔧v5u94ifvdj] 🔬 _read(16384) ⏳=false 🔐=undefined 🇺🇸=passthrough 🔗=http://localhost:40417/ origFlowing=true
  1020.933ms [⏱️2781] [🔧v5u94ifvdj] ✅ onReady
  1020.952ms [⏱️2781] [🔧v5u94ifvdj] 📣 emit ready
   258.996ms [⏱️3356] [🔧f3sl77o4qo] 🔧 HANDLE.close()
   259.113ms [⏱️3356] [🔧f3sl77o4qo]     at Timeout.internalConnectMultipleTimeout [as _onTimeout] (node:net:1712:10)
   259.128ms [⏱️3356] [🔧f3sl77o4qo]     at listOnTimeout (node:internal/timers:583:11)
   259.134ms [⏱️3356] [🔧f3sl77o4qo]     at process.processTimers (node:internal/timers:519:7)
   259.182ms [⏱️3356] [🔧f3sl77o4qo] 🔧 HANDLE.close()
   259.211ms [⏱️3356] [🔧f3sl77o4qo]     at Socket.reinitializeHandle (node:net:1265:17)
   259.221ms [⏱️3356] [🔧f3sl77o4qo]     at internalConnectMultiple (node:net:1131:30)
   259.231ms [⏱️3356] [🔧f3sl77o4qo]     at Timeout.internalConnectMultipleTimeout (node:net:1716:5)
   259.235ms [⏱️3356] [🔧f3sl77o4qo]     at listOnTimeout (node:internal/timers:583:11)
   259.243ms [⏱️3356] [🔧f3sl77o4qo]     at process.processTimers (node:internal/timers:519:7)
   253.614ms [⏱️3413] [🔧r1m4lntl4s] 🔧 HANDLE.close()
   253.687ms [⏱️3413] [🔧r1m4lntl4s]     at Timeout.internalConnectMultipleTimeout [as _onTimeout] (node:net:1712:10)
   253.697ms [⏱️3413] [🔧r1m4lntl4s]     at listOnTimeout (node:internal/timers:583:11)
   253.702ms [⏱️3413] [🔧r1m4lntl4s]     at process.processTimers (node:internal/timers:519:7)
   253.734ms [⏱️3413] [🔧r1m4lntl4s] 🔧 HANDLE.close()
   253.757ms [⏱️3413] [🔧r1m4lntl4s]     at Socket.reinitializeHandle (node:net:1265:17)
   253.777ms [⏱️3413] [🔧r1m4lntl4s]     at internalConnectMultiple (node:net:1131:30)
   253.801ms [⏱️3413] [🔧r1m4lntl4s]     at Timeout.internalConnectMultipleTimeout (node:net:1716:5)
   253.807ms [⏱️3413] [🔧r1m4lntl4s]     at listOnTimeout (node:internal/timers:583:11)
   253.811ms [⏱️3413] [🔧r1m4lntl4s]     at process.processTimers (node:internal/timers:519:7)
  1123.510ms [⏱️2775] [🔧vsuzul1koa] 💾 onData 120b
  1123.548ms [⏱️2775] [🔧vsuzul1koa] 📤 push([{"type":"Buffer","data":[72,84,84,80,47)
  1123.565ms [⏱️2585] [🔧vsuzul1koa] 📨 onResponseStart status=200 🇺🇸=passthrough
  1123.806ms [⏱️2585] [🔧vsuzul1koa] 📥 onResponseBody 2b
  1123.826ms [⏱️2585] [🔧vsuzul1koa] 🎬 onResponseEnd hasStream=true
  1123.847ms [⏱️2775] [🔧vsuzul1koa] 📣 emit data 120 chars
  1123.864ms [⏱️3617] [🔧vsuzul1koa] 📖 read([0])
  1123.878ms [⏱️3617] [🔧vsuzul1koa] 🔬 _read(16384) ⏳=false 🔐=undefined 🇺🇸=passthrough 🔗=http://localhost:40417/ origFlowing=true
  1123.921ms [⏱️2588] [🔧vsuzul1koa] ▶️ resume()
  1123.966ms [⏱️3632] [🔧vsuzul1koa] 📣 emit free
     0.001ms [⏱️0] [🔧ghbknprmw0q] 🏗️  constructor starting
     0.046ms [⏱️0] [🔧ghbknprmw0q] 🏗️  constructor complete http://localhost:40417/
  1124.234ms [⏱️0] [🔧vsuzul1koa] 🧨 _destroy ⏳=false 🔐=undefined 🇺🇸=passthrough 🔗=http://localhost:40417/
  1124.251ms [⏱️0] [🔧vsuzul1koa] 🔧 HANDLE.close()
  1124.304ms [⏱️0] [🔧vsuzul1koa]     at closeSocketHandle (node:net:341:18)
  1124.408ms [⏱️0] [🔧vsuzul1koa]     at Socket._destroy (node:net:831:7)
  1124.420ms [⏱️0] [🔧vsuzul1koa]     at _destroy (node:internal/streams/destroy:121:10)
  1124.469ms [⏱️0] [🔧vsuzul1koa]     at MockHttpSocket.destroy (node:internal/streams/destroy:83:5)
  1124.502ms [⏱️0] [🔧vsuzul1koa]     at Writable.destroy (node:internal/streams/writable:1122:11)
  1124.523ms [⏱️0] [🔧vsuzul1koa]     at MockHttpSocket.destroy (/workspace/repro/node_modules/.pnpm/@mswjs+interceptors@file+../node_modules/@mswjs/interceptors/lib/node/chunk-EFBKFUZI.js:574:18)
  1124.549ms [⏱️0] [🔧vsuzul1koa]     at MockAgent.<anonymous> (node:_http_agent:154:14)
  1124.561ms [⏱️0] [🔧vsuzul1koa]     at MockAgent.emit (node:events:524:28)
     0.473ms [⏱️3639] [🔧ghbknprmw0q] ▶️ resume()
     0.502ms [⏱️3639] [🔧ghbknprmw0q] ✍️  write 95b 🇺🇸=unknown buffered=0
     0.553ms [⏱️3637] [🔧ghbknprmw0q] 🚀 onRequestStart path=/ keepAlive=true
     0.769ms [⏱️3639] [🔧ghbknprmw0q] ✍️  write 2b 🇺🇸=unknown buffered=1
     0.782ms [⏱️3639] [🔧ghbknprmw0q] ✍️  write 9b 🇺🇸=unknown buffered=2
     0.791ms [⏱️3637] [🔧ghbknprmw0q] 📦 onRequestBody 9b
     0.803ms [⏱️3639] [🔧ghbknprmw0q] ✍️  write 2b 🇺🇸=unknown buffered=3
     0.808ms [⏱️3639] [🔧ghbknprmw0q] ✍️  write 5b 🇺🇸=unknown buffered=4
     0.818ms [⏱️3637] [🔧ghbknprmw0q] 🏁 onRequestEnd hasStream=true
     0.834ms [⏱️3643] [🔧ghbknprmw0q] 📖 read([0])
     0.845ms [⏱️3643] [🔧ghbknprmw0q] 🔬 _read(16384) ⏳=true 🔐=undefined 🇺🇸=unknown 🔗=http://localhost:40417/ origFlowing=undefined
     0.852ms [⏱️3643] [🔧ghbknprmw0q] 📣 emit resume
     0.873ms [⏱️3643] [🔧ghbknprmw0q] 📖 read()
     1.175ms [⏱️0] [🔧ghbknprmw0q] 💨 passthrough() 🧨=false ⏳=true
     1.225ms [⏱️0] [🔧ghbknprmw0q] 🔌 created originalSocket
     1.238ms [⏱️0] [🔧ghbknprmw0q] 🚽 flushing writeBuffer (5 items)
     1.267ms [⏱️3657] [🔧ghbknprmw0q] ▶️ onResume
     1.277ms [⏱️3657] [🔧ghbknprmw0q] 📣 emit resume
     1.324ms [⏱️3656] [🔧ghbknprmw0q] 🔍 onLookup args=[null,"::1",6,"localhost"]
     1.336ms [⏱️3656] [🔧ghbknprmw0q] 📣 emit lookup null, "::1", 6, "localhost"
     1.342ms [⏱️3656] [🔧ghbknprmw0q] 🔍 onLookup args=[null,"127.0.0.1",4,"localhost"]
     1.351ms [⏱️3656] [🔧ghbknprmw0q] 📣 emit lookup null, "127.0.0.1", 4, "localhost"
   720.173ms [⏱️3011] [🔧yor9aqtp51] 💾 onData 120b
   720.194ms [⏱️3011] [🔧yor9aqtp51] 📤 push([{"type":"Buffer","data":[72,84,84,80,47)
   720.207ms [⏱️2994] [🔧yor9aqtp51] 📨 onResponseStart status=200 🇺🇸=passthrough
   720.294ms [⏱️2994] [🔧yor9aqtp51] 📥 onResponseBody 2b
   720.306ms [⏱️2994] [🔧yor9aqtp51] 🎬 onResponseEnd hasStream=true
   720.315ms [⏱️3011] [🔧yor9aqtp51] 📣 emit data 120 chars
   720.338ms [⏱️3665] [🔧yor9aqtp51] 📖 read([0])
   720.351ms [⏱️3665] [🔧yor9aqtp51] 🔬 _read(16384) ⏳=false 🔐=undefined 🇺🇸=passthrough 🔗=http://localhost:40417/ origFlowing=true
   720.391ms [⏱️2997] [🔧yor9aqtp51] ▶️ resume()
   720.498ms [⏱️3680] [🔧yor9aqtp51] 📣 emit free
     0.000ms [⏱️0] [🔧ct1f3tqpth4] 🏗️  constructor starting
     0.040ms [⏱️0] [🔧ct1f3tqpth4] 🏗️  constructor complete http://localhost:40417/
   720.777ms [⏱️0] [🔧yor9aqtp51] 🧨 _destroy ⏳=false 🔐=undefined 🇺🇸=passthrough 🔗=http://localhost:40417/
   720.791ms [⏱️0] [🔧yor9aqtp51] 🔧 HANDLE.close()
   720.834ms [⏱️0] [🔧yor9aqtp51]     at closeSocketHandle (node:net:341:18)
   720.843ms [⏱️0] [🔧yor9aqtp51]     at Socket._destroy (node:net:831:7)
   720.848ms [⏱️0] [🔧yor9aqtp51]     at _destroy (node:internal/streams/destroy:121:10)
   720.851ms [⏱️0] [🔧yor9aqtp51]     at MockHttpSocket.destroy (node:internal/streams/destroy:83:5)
   720.855ms [⏱️0] [🔧yor9aqtp51]     at Writable.destroy (node:internal/streams/writable:1122:11)
   720.954ms [⏱️0] [🔧yor9aqtp51]     at MockHttpSocket.destroy (/workspace/repro/node_modules/.pnpm/@mswjs+interceptors@file+../node_modules/@mswjs/interceptors/lib/node/chunk-EFBKFUZI.js:574:18)
   720.979ms [⏱️0] [🔧yor9aqtp51]     at MockAgent.<anonymous> (node:_http_agent:154:14)
   720.984ms [⏱️0] [🔧yor9aqtp51]     at MockAgent.emit (node:events:524:28)
     0.306ms [⏱️3687] [🔧ct1f3tqpth4] ▶️ resume()
     0.321ms [⏱️3687] [🔧ct1f3tqpth4] ✍️  write 95b 🇺🇸=unknown buffered=0
     0.336ms [⏱️3685] [🔧ct1f3tqpth4] 🚀 onRequestStart path=/ keepAlive=true
     0.647ms [⏱️3687] [🔧ct1f3tqpth4] ✍️  write 2b 🇺🇸=unknown buffered=1
     0.665ms [⏱️3687] [🔧ct1f3tqpth4] ✍️  write 9b 🇺🇸=unknown buffered=2
     0.675ms [⏱️3685] [🔧ct1f3tqpth4] 📦 onRequestBody 9b
     0.686ms [⏱️3687] [🔧ct1f3tqpth4] ✍️  write 2b 🇺🇸=unknown buffered=3
     0.696ms [⏱️3687] [🔧ct1f3tqpth4] ✍️  write 5b 🇺🇸=unknown buffered=4
     0.706ms [⏱️3685] [🔧ct1f3tqpth4] 🏁 onRequestEnd hasStream=true
     0.720ms [⏱️3691] [🔧ct1f3tqpth4] 📖 read([0])
     0.731ms [⏱️3691] [🔧ct1f3tqpth4] 🔬 _read(16384) ⏳=true 🔐=undefined 🇺🇸=unknown 🔗=http://localhost:40417/ origFlowing=undefined
     0.738ms [⏱️3691] [🔧ct1f3tqpth4] 📣 emit resume
     0.745ms [⏱️3691] [🔧ct1f3tqpth4] 📖 read()
     0.925ms [⏱️0] [🔧ct1f3tqpth4] 💨 passthrough() 🧨=false ⏳=true
     0.973ms [⏱️0] [🔧ct1f3tqpth4] 🔌 created originalSocket
     0.986ms [⏱️0] [🔧ct1f3tqpth4] 🚽 flushing writeBuffer (5 items)
     1.004ms [⏱️3705] [🔧ct1f3tqpth4] ▶️ onResume
     1.013ms [⏱️3705] [🔧ct1f3tqpth4] 📣 emit resume
   721.730ms [⏱️3011] [🔧yor9aqtp51] 📣 emit close false
     1.052ms [⏱️3704] [🔧ct1f3tqpth4] 🔍 onLookup args=[null,"::1",6,"localhost"]
     1.064ms [⏱️3704] [🔧ct1f3tqpth4] 📣 emit lookup null, "::1", 6, "localhost"
     1.090ms [⏱️3704] [🔧ct1f3tqpth4] 🔍 onLookup args=[null,"127.0.0.1",4,"localhost"]
     1.095ms [⏱️3704] [🔧ct1f3tqpth4] 📣 emit lookup null, "127.0.0.1", 4, "localhost"
   253.433ms [⏱️3470] [🔧rxagvr3cux] 🔧 HANDLE.close()
   253.489ms [⏱️3470] [🔧rxagvr3cux]     at Timeout.internalConnectMultipleTimeout [as _onTimeout] (node:net:1712:10)
   253.500ms [⏱️3470] [🔧rxagvr3cux]     at listOnTimeout (node:internal/timers:583:11)
   253.505ms [⏱️3470] [🔧rxagvr3cux]     at process.processTimers (node:internal/timers:519:7)
   253.534ms [⏱️3470] [🔧rxagvr3cux] 🔧 HANDLE.close()
   253.562ms [⏱️3470] [🔧rxagvr3cux]     at Socket.reinitializeHandle (node:net:1265:17)
   253.570ms [⏱️3470] [🔧rxagvr3cux]     at internalConnectMultiple (node:net:1131:30)
   253.665ms [⏱️3470] [🔧rxagvr3cux]     at Timeout.internalConnectMultipleTimeout (node:net:1716:5)
   253.703ms [⏱️3470] [🔧rxagvr3cux]     at listOnTimeout (node:internal/timers:583:11)
   253.716ms [⏱️3470] [🔧rxagvr3cux]     at process.processTimers (node:internal/timers:519:7)
   252.658ms [⏱️3518] [🔧68qla3xrr69] 🔧 HANDLE.close()
   252.700ms [⏱️3518] [🔧68qla3xrr69]     at Timeout.internalConnectMultipleTimeout [as _onTimeout] (node:net:1712:10)
   252.710ms [⏱️3518] [🔧68qla3xrr69]     at listOnTimeout (node:internal/timers:583:11)
   252.729ms [⏱️3518] [🔧68qla3xrr69]     at process.processTimers (node:internal/timers:519:7)
   252.757ms [⏱️3518] [🔧68qla3xrr69] 🔧 HANDLE.close()
   252.784ms [⏱️3518] [🔧68qla3xrr69]     at Socket.reinitializeHandle (node:net:1265:17)
   252.792ms [⏱️3518] [🔧68qla3xrr69]     at internalConnectMultiple (node:net:1131:30)
   252.796ms [⏱️3518] [🔧68qla3xrr69]     at Timeout.internalConnectMultipleTimeout (node:net:1716:5)
   252.801ms [⏱️3518] [🔧68qla3xrr69]     at listOnTimeout (node:internal/timers:583:11)
   252.811ms [⏱️3518] [🔧68qla3xrr69]     at process.processTimers (node:internal/timers:519:7)
   849.640ms [⏱️3158] [🔧8xd9u7aj267] 🔌 onConnect delay from lookup
   849.652ms [⏱️3158] [🔧8xd9u7aj267] ⚠️  HANDLE MISMATCH!
   849.658ms [⏱️3158] [🔧8xd9u7aj267]    My Handle: TCP 🔧=true 🆔=-22 📖=false
   849.663ms [⏱️3158] [🔧8xd9u7aj267]    Socket Handle: TCP 🔧=false 🆔=113 📖=false
   849.667ms [⏱️3158] [🔧8xd9u7aj267]    Object references are different!
   849.679ms [⏱️3158] [🔧8xd9u7aj267] 📣 emit connect
   849.696ms [⏱️3158] [🔧8xd9u7aj267] 🔬 _read(16384) ⏳=false 🔐=undefined 🇺🇸=passthrough 🔗=http://localhost:40417/ origFlowing=true
   849.707ms [⏱️3158] [🔧8xd9u7aj267] ✅ onReady
   849.711ms [⏱️3158] [🔧8xd9u7aj267] 📣 emit ready
   253.754ms [⏱️3579] [🔧gle076ykmj] 🔧 HANDLE.close()
   253.805ms [⏱️3579] [🔧gle076ykmj]     at Timeout.internalConnectMultipleTimeout [as _onTimeout] (node:net:1712:10)
   253.816ms [⏱️3579] [🔧gle076ykmj]     at listOnTimeout (node:internal/timers:583:11)
   253.821ms [⏱️3579] [🔧gle076ykmj]     at process.processTimers (node:internal/timers:519:7)
   253.848ms [⏱️3579] [🔧gle076ykmj] 🔧 HANDLE.close()
   253.884ms [⏱️3579] [🔧gle076ykmj]     at Socket.reinitializeHandle (node:net:1265:17)
   253.895ms [⏱️3579] [🔧gle076ykmj]     at internalConnectMultiple (node:net:1131:30)
   253.900ms [⏱️3579] [🔧gle076ykmj]     at Timeout.internalConnectMultipleTimeout (node:net:1716:5)
   253.905ms [⏱️3579] [🔧gle076ykmj]     at listOnTimeout (node:internal/timers:583:11)
   253.910ms [⏱️3579] [🔧gle076ykmj]     at process.processTimers (node:internal/timers:519:7)
   809.066ms [⏱️3227] [🔧jsssi4fv5to] 🔌 onConnect delay from lookup
   809.089ms [⏱️3227] [🔧jsssi4fv5to] ⚠️  HANDLE MISMATCH!
   809.098ms [⏱️3227] [🔧jsssi4fv5to]    My Handle: TCP 🔧=true 🆔=-22 📖=false
   809.112ms [⏱️3227] [🔧jsssi4fv5to]    Socket Handle: TCP 🔧=false 🆔=115 📖=false
   809.124ms [⏱️3227] [🔧jsssi4fv5to]    Object references are different!
   809.131ms [⏱️3227] [🔧jsssi4fv5to] 📣 emit connect
   809.149ms [⏱️3227] [🔧jsssi4fv5to] 🔬 _read(16384) ⏳=false 🔐=undefined 🇺🇸=passthrough 🔗=http://localhost:40417/ origFlowing=true
   809.161ms [⏱️3227] [🔧jsssi4fv5to] ✅ onReady
   809.168ms [⏱️3227] [🔧jsssi4fv5to] 📣 emit ready
  2169.233ms [⏱️2085] [🔧kk4ffezc0mc] 💾 onData 120b
  2169.284ms [⏱️2085] [🔧kk4ffezc0mc] 📤 push([{"type":"Buffer","data":[72,84,84,80,47)
  2169.308ms [⏱️1766] [🔧kk4ffezc0mc] 📨 onResponseStart status=200 🇺🇸=passthrough
  2169.594ms [⏱️1766] [🔧kk4ffezc0mc] 📥 onResponseBody 2b
  2169.650ms [⏱️1766] [🔧kk4ffezc0mc] 🎬 onResponseEnd hasStream=true
  2169.679ms [⏱️2085] [🔧kk4ffezc0mc] 📣 emit data 120 chars
  2169.703ms [⏱️3742] [🔧kk4ffezc0mc] 📖 read([0])
  2169.720ms [⏱️3742] [🔧kk4ffezc0mc] 🔬 _read(16384) ⏳=false 🔐=undefined 🇺🇸=passthrough 🔗=http://localhost:40417/ origFlowing=true
  2169.775ms [⏱️1769] [🔧kk4ffezc0mc] ▶️ resume()
  2169.841ms [⏱️3757] [🔧kk4ffezc0mc] 📣 emit free
     0.001ms [⏱️0] [🔧3vlen28hziq] 🏗️  constructor starting
     0.075ms [⏱️0] [🔧3vlen28hziq] 🏗️  constructor complete http://localhost:40417/
  2170.293ms [⏱️0] [🔧kk4ffezc0mc] 🧨 _destroy ⏳=false 🔐=undefined 🇺🇸=passthrough 🔗=http://localhost:40417/
  2170.325ms [⏱️0] [🔧kk4ffezc0mc] 🔧 HANDLE.close()
  2170.408ms [⏱️0] [🔧kk4ffezc0mc]     at closeSocketHandle (node:net:341:18)
  2170.424ms [⏱️0] [🔧kk4ffezc0mc]     at Socket._destroy (node:net:831:7)
  2170.431ms [⏱️0] [🔧kk4ffezc0mc]     at _destroy (node:internal/streams/destroy:121:10)
  2170.622ms [⏱️0] [🔧kk4ffezc0mc]     at MockHttpSocket.destroy (node:internal/streams/destroy:83:5)
  2170.645ms [⏱️0] [🔧kk4ffezc0mc]     at Writable.destroy (node:internal/streams/writable:1122:11)
  2170.651ms [⏱️0] [🔧kk4ffezc0mc]     at MockHttpSocket.destroy (/workspace/repro/node_modules/.pnpm/@mswjs+interceptors@file+../node_modules/@mswjs/interceptors/lib/node/chunk-EFBKFUZI.js:574:18)
  2170.656ms [⏱️0] [🔧kk4ffezc0mc]     at MockAgent.<anonymous> (node:_http_agent:154:14)
  2170.676ms [⏱️0] [🔧kk4ffezc0mc]     at MockAgent.emit (node:events:524:28)
     0.544ms [⏱️3764] [🔧3vlen28hziq] ▶️ resume()
     0.583ms [⏱️3764] [🔧3vlen28hziq] ✍️  write 95b 🇺🇸=unknown buffered=0
     0.637ms [⏱️3762] [🔧3vlen28hziq] 🚀 onRequestStart path=/ keepAlive=true
     0.947ms [⏱️3764] [🔧3vlen28hziq] ✍️  write 2b 🇺🇸=unknown buffered=1
     0.964ms [⏱️3764] [🔧3vlen28hziq] ✍️  write 9b 🇺🇸=unknown buffered=2
     0.976ms [⏱️3762] [🔧3vlen28hziq] 📦 onRequestBody 9b
     0.992ms [⏱️3764] [🔧3vlen28hziq] ✍️  write 2b 🇺🇸=unknown buffered=3
     1.008ms [⏱️3764] [🔧3vlen28hziq] ✍️  write 5b 🇺🇸=unknown buffered=4
     1.055ms [⏱️3762] [🔧3vlen28hziq] 🏁 onRequestEnd hasStream=true
     1.095ms [⏱️3768] [🔧3vlen28hziq] 📖 read([0])
     1.258ms [⏱️3768] [🔧3vlen28hziq] 🔬 _read(16384) ⏳=true 🔐=undefined 🇺🇸=unknown 🔗=http://localhost:40417/ origFlowing=undefined
     1.282ms [⏱️3768] [🔧3vlen28hziq] 📣 emit resume
     1.290ms [⏱️3768] [🔧3vlen28hziq] 📖 read()
     1.699ms [⏱️0] [🔧3vlen28hziq] 💨 passthrough() 🧨=false ⏳=true
     1.769ms [⏱️0] [🔧3vlen28hziq] 🔌 created originalSocket
     1.790ms [⏱️0] [🔧3vlen28hziq] 🚽 flushing writeBuffer (5 items)
     2.028ms [⏱️3782] [🔧3vlen28hziq] ▶️ onResume
     2.065ms [⏱️3782] [🔧3vlen28hziq] 📣 emit resume
     2.101ms [⏱️3781] [🔧3vlen28hziq] 🔍 onLookup args=[null,"::1",6,"localhost"]
     2.116ms [⏱️3781] [🔧3vlen28hziq] 📣 emit lookup null, "::1", 6, "localhost"
     2.126ms [⏱️3781] [🔧3vlen28hziq] 🔍 onLookup args=[null,"127.0.0.1",4,"localhost"]
     2.140ms [⏱️3781] [🔧3vlen28hziq] 📣 emit lookup null, "127.0.0.1", 4, "localhost"
  1414.511ms [⏱️2761] [🔧niu1cal8hzc] 💾 onData 120b
  1414.539ms [⏱️2761] [🔧niu1cal8hzc] 📤 push([{"type":"Buffer","data":[72,84,84,80,47)
  1414.557ms [⏱️2486] [🔧niu1cal8hzc] 📨 onResponseStart status=200 🇺🇸=passthrough
  1414.661ms [⏱️2486] [🔧niu1cal8hzc] 📥 onResponseBody 2b
  1414.678ms [⏱️2486] [🔧niu1cal8hzc] 🎬 onResponseEnd hasStream=true
  1414.692ms [⏱️2761] [🔧niu1cal8hzc] 📣 emit data 120 chars
  1414.725ms [⏱️3793] [🔧niu1cal8hzc] 📖 read([0])
  1414.734ms [⏱️3793] [🔧niu1cal8hzc] 🔬 _read(16384) ⏳=false 🔐=undefined 🇺🇸=passthrough 🔗=http://localhost:40417/ origFlowing=true
  1414.796ms [⏱️2489] [🔧niu1cal8hzc] ▶️ resume()
  1414.847ms [⏱️3808] [🔧niu1cal8hzc] 📣 emit free
     0.001ms [⏱️0] [🔧ihbqp5h367] 🏗️  constructor starting
     0.050ms [⏱️0] [🔧ihbqp5h367] 🏗️  constructor complete http://localhost:40417/
  1415.092ms [⏱️0] [🔧niu1cal8hzc] 🧨 _destroy ⏳=false 🔐=undefined 🇺🇸=passthrough 🔗=http://localhost:40417/
  1415.111ms [⏱️0] [🔧niu1cal8hzc] 🔧 HANDLE.close()
  1415.160ms [⏱️0] [🔧niu1cal8hzc]     at closeSocketHandle (node:net:341:18)
  1415.233ms [⏱️0] [🔧niu1cal8hzc]     at Socket._destroy (node:net:831:7)
  1415.282ms [⏱️0] [🔧niu1cal8hzc]     at _destroy (node:internal/streams/destroy:121:10)
  1415.322ms [⏱️0] [🔧niu1cal8hzc]     at MockHttpSocket.destroy (node:internal/streams/destroy:83:5)
  1415.331ms [⏱️0] [🔧niu1cal8hzc]     at Writable.destroy (node:internal/streams/writable:1122:11)
  1415.345ms [⏱️0] [🔧niu1cal8hzc]     at MockHttpSocket.destroy (/workspace/repro/node_modules/.pnpm/@mswjs+interceptors@file+../node_modules/@mswjs/interceptors/lib/node/chunk-EFBKFUZI.js:574:18)
  1415.351ms [⏱️0] [🔧niu1cal8hzc]     at MockAgent.<anonymous> (node:_http_agent:154:14)
  1415.357ms [⏱️0] [🔧niu1cal8hzc]     at MockAgent.emit (node:events:524:28)
     0.386ms [⏱️3815] [🔧ihbqp5h367] ▶️ resume()
     0.407ms [⏱️3815] [🔧ihbqp5h367] ✍️  write 95b 🇺🇸=unknown buffered=0
     0.419ms [⏱️3813] [🔧ihbqp5h367] 🚀 onRequestStart path=/ keepAlive=true
     0.660ms [⏱️3815] [🔧ihbqp5h367] ✍️  write 2b 🇺🇸=unknown buffered=1
     0.677ms [⏱️3815] [🔧ihbqp5h367] ✍️  write 9b 🇺🇸=unknown buffered=2
     0.688ms [⏱️3813] [🔧ihbqp5h367] 📦 onRequestBody 9b
     0.702ms [⏱️3815] [🔧ihbqp5h367] ✍️  write 2b 🇺🇸=unknown buffered=3
     0.715ms [⏱️3815] [🔧ihbqp5h367] ✍️  write 5b 🇺🇸=unknown buffered=4
     0.728ms [⏱️3813] [🔧ihbqp5h367] 🏁 onRequestEnd hasStream=true
     0.749ms [⏱️3819] [🔧ihbqp5h367] 📖 read([0])
     0.763ms [⏱️3819] [🔧ihbqp5h367] 🔬 _read(16384) ⏳=true 🔐=undefined 🇺🇸=unknown 🔗=http://localhost:40417/ origFlowing=undefined
     0.778ms [⏱️3819] [🔧ihbqp5h367] 📣 emit resume
     0.792ms [⏱️3819] [🔧ihbqp5h367] 📖 read()
     1.024ms [⏱️0] [🔧ihbqp5h367] 💨 passthrough() 🧨=false ⏳=true
     1.077ms [⏱️0] [🔧ihbqp5h367] 🔌 created originalSocket
     1.093ms [⏱️0] [🔧ihbqp5h367] 🚽 flushing writeBuffer (5 items)
     1.118ms [⏱️3833] [🔧ihbqp5h367] ▶️ onResume
     1.131ms [⏱️3833] [🔧ihbqp5h367] 📣 emit resume
     1.210ms [⏱️3832] [🔧ihbqp5h367] 🔍 onLookup args=[null,"::1",6,"localhost"]
     1.229ms [⏱️3832] [🔧ihbqp5h367] 📣 emit lookup null, "::1", 6, "localhost"
     1.238ms [⏱️3832] [🔧ihbqp5h367] 🔍 onLookup args=[null,"127.0.0.1",4,"localhost"]
     1.244ms [⏱️3832] [🔧ihbqp5h367] 📣 emit lookup null, "127.0.0.1", 4, "localhost"
   582.040ms [⏱️3526] [🔧q0zy4cw5oij] 🔌 onConnect delay from lookup
   582.090ms [⏱️3526] [🔧q0zy4cw5oij] ⚠️  HANDLE MISMATCH!
   582.112ms [⏱️3526] [🔧q0zy4cw5oij]    My Handle: TCP 🔧=true 🆔=-22 📖=false
   582.126ms [⏱️3526] [🔧q0zy4cw5oij]    Socket Handle: TCP 🔧=false 🆔=127 📖=false
   582.170ms [⏱️3526] [🔧q0zy4cw5oij]    Object references are different!
   582.201ms [⏱️3526] [🔧q0zy4cw5oij] 📣 emit connect
   582.220ms [⏱️3526] [🔧q0zy4cw5oij] 🔬 _read(16384) ⏳=false 🔐=undefined 🇺🇸=passthrough 🔗=http://localhost:40417/ origFlowing=true
   582.239ms [⏱️3526] [🔧q0zy4cw5oij] ✅ onReady
   582.252ms [⏱️3526] [🔧q0zy4cw5oij] 📣 emit ready
  1990.805ms [⏱️2267] [🔧x8zv88re8ul] 💾 onData 120b
  1990.870ms [⏱️2267] [🔧x8zv88re8ul] 📤 push([{"type":"Buffer","data":[72,84,84,80,47)
  1990.894ms [⏱️2009] [🔧x8zv88re8ul] 📨 onResponseStart status=200 🇺🇸=passthrough
  1991.089ms [⏱️2009] [🔧x8zv88re8ul] 📥 onResponseBody 2b
  1991.113ms [⏱️2009] [🔧x8zv88re8ul] 🎬 onResponseEnd hasStream=true
  1991.132ms [⏱️2267] [🔧x8zv88re8ul] 📣 emit data 120 chars
  1991.150ms [⏱️3846] [🔧x8zv88re8ul] 📖 read([0])
  1991.171ms [⏱️3846] [🔧x8zv88re8ul] 🔬 _read(16384) ⏳=false 🔐=undefined 🇺🇸=passthrough 🔗=http://localhost:40417/ origFlowing=true
  1991.313ms [⏱️2012] [🔧x8zv88re8ul] ▶️ resume()
  1991.687ms [⏱️3861] [🔧x8zv88re8ul] 📣 emit free
     0.001ms [⏱️0] [🔧n6ompuig69] 🏗️  constructor starting
     0.050ms [⏱️0] [🔧n6ompuig69] 🏗️  constructor complete http://localhost:40417/
  1992.030ms [⏱️0] [🔧x8zv88re8ul] 🧨 _destroy ⏳=false 🔐=undefined 🇺🇸=passthrough 🔗=http://localhost:40417/
  1992.144ms [⏱️0] [🔧x8zv88re8ul] 🔧 HANDLE.close()
  1992.329ms [⏱️0] [🔧x8zv88re8ul]     at closeSocketHandle (node:net:341:18)
  1992.350ms [⏱️0] [🔧x8zv88re8ul]     at Socket._destroy (node:net:831:7)
  1992.377ms [⏱️0] [🔧x8zv88re8ul]     at _destroy (node:internal/streams/destroy:121:10)
  1992.390ms [⏱️0] [🔧x8zv88re8ul]     at MockHttpSocket.destroy (node:internal/streams/destroy:83:5)
  1992.411ms [⏱️0] [🔧x8zv88re8ul]     at Writable.destroy (node:internal/streams/writable:1122:11)
  1992.493ms [⏱️0] [🔧x8zv88re8ul]     at MockHttpSocket.destroy (/workspace/repro/node_modules/.pnpm/@mswjs+interceptors@file+../node_modules/@mswjs/interceptors/lib/node/chunk-EFBKFUZI.js:574:18)
  1992.511ms [⏱️0] [🔧x8zv88re8ul]     at MockAgent.<anonymous> (node:_http_agent:154:14)
  1992.550ms [⏱️0] [🔧x8zv88re8ul]     at MockAgent.emit (node:events:524:28)
     0.691ms [⏱️3868] [🔧n6ompuig69] ▶️ resume()
     0.719ms [⏱️3868] [🔧n6ompuig69] ✍️  write 95b 🇺🇸=unknown buffered=0
     0.768ms [⏱️3866] [🔧n6ompuig69] 🚀 onRequestStart path=/ keepAlive=true
     1.247ms [⏱️3868] [🔧n6ompuig69] ✍️  write 2b 🇺🇸=unknown buffered=1
     1.274ms [⏱️3868] [🔧n6ompuig69] ✍️  write 9b 🇺🇸=unknown buffered=2
     1.293ms [⏱️3866] [🔧n6ompuig69] 📦 onRequestBody 9b
     1.312ms [⏱️3868] [🔧n6ompuig69] ✍️  write 2b 🇺🇸=unknown buffered=3
     1.330ms [⏱️3868] [🔧n6ompuig69] ✍️  write 5b 🇺🇸=unknown buffered=4
     1.348ms [⏱️3866] [🔧n6ompuig69] 🏁 onRequestEnd hasStream=true
     1.374ms [⏱️3872] [🔧n6ompuig69] 📖 read([0])
     1.396ms [⏱️3872] [🔧n6ompuig69] 🔬 _read(16384) ⏳=true 🔐=undefined 🇺🇸=unknown 🔗=http://localhost:40417/ origFlowing=undefined
     1.417ms [⏱️3872] [🔧n6ompuig69] 📣 emit resume
     1.432ms [⏱️3872] [🔧n6ompuig69] 📖 read()
     1.758ms [⏱️0] [🔧n6ompuig69] 💨 passthrough() 🧨=false ⏳=true
     1.856ms [⏱️0] [🔧n6ompuig69] 🔌 created originalSocket
     1.878ms [⏱️0] [🔧n6ompuig69] 🚽 flushing writeBuffer (5 items)
     1.947ms [⏱️3886] [🔧n6ompuig69] ▶️ onResume
     1.974ms [⏱️3886] [🔧n6ompuig69] 📣 emit resume
     3.183ms [⏱️3885] [🔧n6ompuig69] 🔍 onLookup args=[null,"::1",6,"localhost"]
     3.209ms [⏱️3885] [🔧n6ompuig69] 📣 emit lookup null, "::1", 6, "localhost"
     3.221ms [⏱️3885] [🔧n6ompuig69] 🔍 onLookup args=[null,"127.0.0.1",4,"localhost"]
     3.238ms [⏱️3885] [🔧n6ompuig69] 📣 emit lookup null, "127.0.0.1", 4, "localhost"
   467.605ms [⏱️3607] [🔧f3sl77o4qo] 🔌 onConnect delay from lookup
   467.625ms [⏱️3607] [🔧f3sl77o4qo] ⚠️  HANDLE MISMATCH!
   467.634ms [⏱️3607] [🔧f3sl77o4qo]    My Handle: TCP 🔧=true 🆔=-22 📖=false
   467.641ms [⏱️3607] [🔧f3sl77o4qo]    Socket Handle: TCP 🔧=false 🆔=129 📖=false
   467.653ms [⏱️3607] [🔧f3sl77o4qo]    Object references are different!
   467.668ms [⏱️3607] [🔧f3sl77o4qo] 📣 emit connect
   467.687ms [⏱️3607] [🔧f3sl77o4qo] 🔬 _read(16384) ⏳=false 🔐=undefined 🇺🇸=passthrough 🔗=http://localhost:40417/ origFlowing=true
   467.709ms [⏱️3607] [🔧f3sl77o4qo] ✅ onReady
   467.724ms [⏱️3607] [🔧f3sl77o4qo] 📣 emit ready
  1307.190ms [⏱️2780] [🔧v5u94ifvdj] 💾 onData 120b
  1307.270ms [⏱️2780] [🔧v5u94ifvdj] 📤 push([{"type":"Buffer","data":[72,84,84,80,47)
  1307.305ms [⏱️2633] [🔧v5u94ifvdj] 📨 onResponseStart status=200 🇺🇸=passthrough
  1307.569ms [⏱️2633] [🔧v5u94ifvdj] 📥 onResponseBody 2b
  1307.616ms [⏱️2633] [🔧v5u94ifvdj] 🎬 onResponseEnd hasStream=true
  1307.643ms [⏱️2780] [🔧v5u94ifvdj] 📣 emit data 120 chars
  1307.666ms [⏱️3902] [🔧v5u94ifvdj] 📖 read([0])
  1307.721ms [⏱️3902] [🔧v5u94ifvdj] 🔬 _read(16384) ⏳=false 🔐=undefined 🇺🇸=passthrough 🔗=http://localhost:40417/ origFlowing=true
  1307.813ms [⏱️2636] [🔧v5u94ifvdj] ▶️ resume()
  1307.938ms [⏱️3917] [🔧v5u94ifvdj] 📣 emit free
     0.001ms [⏱️0] [🔧fpxgbgm69a] 🏗️  constructor starting
     0.072ms [⏱️0] [🔧fpxgbgm69a] 🏗️  constructor complete http://localhost:40417/
  1308.478ms [⏱️0] [🔧v5u94ifvdj] 🧨 _destroy ⏳=false 🔐=undefined 🇺🇸=passthrough 🔗=http://localhost:40417/
  1308.514ms [⏱️0] [🔧v5u94ifvdj] 🔧 HANDLE.close()
  1308.818ms [⏱️0] [🔧v5u94ifvdj]     at closeSocketHandle (node:net:341:18)
  1308.839ms [⏱️0] [🔧v5u94ifvdj]     at Socket._destroy (node:net:831:7)
  1308.846ms [⏱️0] [🔧v5u94ifvdj]     at _destroy (node:internal/streams/destroy:121:10)
  1308.852ms [⏱️0] [🔧v5u94ifvdj]     at MockHttpSocket.destroy (node:internal/streams/destroy:83:5)
  1308.858ms [⏱️0] [🔧v5u94ifvdj]     at Writable.destroy (node:internal/streams/writable:1122:11)
  1308.863ms [⏱️0] [🔧v5u94ifvdj]     at MockHttpSocket.destroy (/workspace/repro/node_modules/.pnpm/@mswjs+interceptors@file+../node_modules/@mswjs/interceptors/lib/node/chunk-EFBKFUZI.js:574:18)
  1308.875ms [⏱️0] [🔧v5u94ifvdj]     at MockAgent.<anonymous> (node:_http_agent:154:14)
  1308.881ms [⏱️0] [🔧v5u94ifvdj]     at MockAgent.emit (node:events:524:28)
     0.664ms [⏱️3924] [🔧fpxgbgm69a] ▶️ resume()
     0.697ms [⏱️3924] [🔧fpxgbgm69a] ✍️  write 95b 🇺🇸=unknown buffered=0
     0.773ms [⏱️3922] [🔧fpxgbgm69a] 🚀 onRequestStart path=/ keepAlive=true
     1.267ms [⏱️3924] [🔧fpxgbgm69a] ✍️  write 2b 🇺🇸=unknown buffered=1
     1.289ms [⏱️3924] [🔧fpxgbgm69a] ✍️  write 9b 🇺🇸=unknown buffered=2
     1.362ms [⏱️3922] [🔧fpxgbgm69a] 📦 onRequestBody 9b
     1.391ms [⏱️3924] [🔧fpxgbgm69a] ✍️  write 2b 🇺🇸=unknown buffered=3
     1.400ms [⏱️3924] [🔧fpxgbgm69a] ✍️  write 5b 🇺🇸=unknown buffered=4
     7.552ms [⏱️3922] [🔧fpxgbgm69a] 🏁 onRequestEnd hasStream=true
     7.609ms [⏱️3928] [🔧fpxgbgm69a] 📖 read([0])
     7.634ms [⏱️3928] [🔧fpxgbgm69a] 🔬 _read(16384) ⏳=true 🔐=undefined 🇺🇸=unknown 🔗=http://localhost:40417/ origFlowing=undefined
     7.655ms [⏱️3928] [🔧fpxgbgm69a] 📣 emit resume
     7.662ms [⏱️3928] [🔧fpxgbgm69a] 📖 read()
     8.053ms [⏱️0] [🔧fpxgbgm69a] 💨 passthrough() 🧨=false ⏳=true
     8.128ms [⏱️0] [🔧fpxgbgm69a] 🔌 created originalSocket
     8.147ms [⏱️0] [🔧fpxgbgm69a] 🚽 flushing writeBuffer (5 items)
     8.181ms [⏱️3942] [🔧fpxgbgm69a] ▶️ onResume
     8.191ms [⏱️3942] [🔧fpxgbgm69a] 📣 emit resume
     8.482ms [⏱️3941] [🔧fpxgbgm69a] 🔍 onLookup args=[null,"::1",6,"localhost"]
     8.503ms [⏱️3941] [🔧fpxgbgm69a] 📣 emit lookup null, "::1", 6, "localhost"
     8.513ms [⏱️3941] [🔧fpxgbgm69a] 🔍 onLookup args=[null,"127.0.0.1",4,"localhost"]
     8.529ms [⏱️3941] [🔧fpxgbgm69a] 📣 emit lookup null, "127.0.0.1", 4, "localhost"
   252.443ms [⏱️3661] [🔧ghbknprmw0q] 🔧 HANDLE.close()
   252.674ms [⏱️3661] [🔧ghbknprmw0q]     at Timeout.internalConnectMultipleTimeout [as _onTimeout] (node:net:1712:10)
   252.699ms [⏱️3661] [🔧ghbknprmw0q]     at listOnTimeout (node:internal/timers:583:11)
   252.709ms [⏱️3661] [🔧ghbknprmw0q]     at process.processTimers (node:internal/timers:519:7)
   252.808ms [⏱️3661] [🔧ghbknprmw0q] 🔧 HANDLE.close()
   252.864ms [⏱️3661] [🔧ghbknprmw0q]     at Socket.reinitializeHandle (node:net:1265:17)
   252.879ms [⏱️3661] [🔧ghbknprmw0q]     at internalConnectMultiple (node:net:1131:30)
   252.887ms [⏱️3661] [🔧ghbknprmw0q]     at Timeout.internalConnectMultipleTimeout (node:net:1716:5)
   252.902ms [⏱️3661] [🔧ghbknprmw0q]     at listOnTimeout (node:internal/timers:583:11)
   252.911ms [⏱️3661] [🔧ghbknprmw0q]     at process.processTimers (node:internal/timers:519:7)
   251.865ms [⏱️3710] [🔧ct1f3tqpth4] 🔧 HANDLE.close()
   251.972ms [⏱️3710] [🔧ct1f3tqpth4]     at Timeout.internalConnectMultipleTimeout [as _onTimeout] (node:net:1712:10)
   251.991ms [⏱️3710] [🔧ct1f3tqpth4]     at listOnTimeout (node:internal/timers:583:11)
   252.001ms [⏱️3710] [🔧ct1f3tqpth4]     at process.processTimers (node:internal/timers:519:7)
   252.059ms [⏱️3710] [🔧ct1f3tqpth4] 🔧 HANDLE.close()
   252.111ms [⏱️3710] [🔧ct1f3tqpth4]     at Socket.reinitializeHandle (node:net:1265:17)
   252.127ms [⏱️3710] [🔧ct1f3tqpth4]     at internalConnectMultiple (node:net:1131:30)
   252.136ms [⏱️3710] [🔧ct1f3tqpth4]     at Timeout.internalConnectMultipleTimeout (node:net:1716:5)
   252.152ms [⏱️3710] [🔧ct1f3tqpth4]     at listOnTimeout (node:internal/timers:583:11)
   252.166ms [⏱️3710] [🔧ct1f3tqpth4]     at process.processTimers (node:internal/timers:519:7)
   254.326ms [⏱️3786] [🔧3vlen28hziq] 🔧 HANDLE.close()
   254.611ms [⏱️3786] [🔧3vlen28hziq]     at Timeout.internalConnectMultipleTimeout [as _onTimeout] (node:net:1712:10)
   254.671ms [⏱️3786] [🔧3vlen28hziq]     at listOnTimeout (node:internal/timers:583:11)
   254.719ms [⏱️3786] [🔧3vlen28hziq]     at process.processTimers (node:internal/timers:519:7)
   254.973ms [⏱️3786] [🔧3vlen28hziq] 🔧 HANDLE.close()
   255.158ms [⏱️3786] [🔧3vlen28hziq]     at Socket.reinitializeHandle (node:net:1265:17)
   255.208ms [⏱️3786] [🔧3vlen28hziq]     at internalConnectMultiple (node:net:1131:30)
   255.360ms [⏱️3786] [🔧3vlen28hziq]     at Timeout.internalConnectMultipleTimeout (node:net:1716:5)
   255.448ms [⏱️3786] [🔧3vlen28hziq]     at listOnTimeout (node:internal/timers:583:11)
   255.491ms [⏱️3786] [🔧3vlen28hziq]     at process.processTimers (node:internal/timers:519:7)
   252.594ms [⏱️3837] [🔧ihbqp5h367] 🔧 HANDLE.close()
   252.748ms [⏱️3837] [🔧ihbqp5h367]     at Timeout.internalConnectMultipleTimeout [as _onTimeout] (node:net:1712:10)
   252.793ms [⏱️3837] [🔧ihbqp5h367]     at listOnTimeout (node:internal/timers:583:11)
   252.817ms [⏱️3837] [🔧ihbqp5h367]     at process.processTimers (node:internal/timers:519:7)
   252.907ms [⏱️3837] [🔧ihbqp5h367] 🔧 HANDLE.close()
   253.022ms [⏱️3837] [🔧ihbqp5h367]     at Socket.reinitializeHandle (node:net:1265:17)
   253.066ms [⏱️3837] [🔧ihbqp5h367]     at internalConnectMultiple (node:net:1131:30)
   253.090ms [⏱️3837] [🔧ihbqp5h367]     at Timeout.internalConnectMultipleTimeout (node:net:1716:5)
   253.133ms [⏱️3837] [🔧ihbqp5h367]     at listOnTimeout (node:internal/timers:583:11)
   253.299ms [⏱️3837] [🔧ihbqp5h367]     at process.processTimers (node:internal/timers:519:7)
   594.564ms [⏱️3716] [🔧68qla3xrr69] 🔌 onConnect delay from lookup
   594.609ms [⏱️3716] [🔧68qla3xrr69] ⚠️  HANDLE MISMATCH!
   594.622ms [⏱️3716] [🔧68qla3xrr69]    My Handle: TCP 🔧=true 🆔=-22 📖=false
   594.638ms [⏱️3716] [🔧68qla3xrr69]    Socket Handle: TCP 🔧=false 🆔=135 📖=false
   594.654ms [⏱️3716] [🔧68qla3xrr69]    Object references are different!
   594.669ms [⏱️3716] [🔧68qla3xrr69] 📣 emit connect
   594.702ms [⏱️3716] [🔧68qla3xrr69] 🔬 _read(16384) ⏳=false 🔐=undefined 🇺🇸=passthrough 🔗=http://localhost:40417/ origFlowing=true
   594.732ms [⏱️3716] [🔧68qla3xrr69] ✅ onReady
   594.748ms [⏱️3716] [🔧68qla3xrr69] 📣 emit ready
  2228.731ms [⏱️2273] [🔧uixzdiazri] 💾 onData 120b
  2228.890ms [⏱️2273] [🔧uixzdiazri] 📤 push([{"type":"Buffer","data":[72,84,84,80,47)
  2228.962ms [⏱️2057] [🔧uixzdiazri] 📨 onResponseStart status=200 🇺🇸=passthrough
  2229.644ms [⏱️2057] [🔧uixzdiazri] 📥 onResponseBody 2b
  2229.707ms [⏱️2057] [🔧uixzdiazri] 🎬 onResponseEnd hasStream=true
  2229.763ms [⏱️2273] [🔧uixzdiazri] 📣 emit data 120 chars
  2229.860ms [⏱️3976] [🔧uixzdiazri] 📖 read([0])
  2229.902ms [⏱️3976] [🔧uixzdiazri] 🔬 _read(16384) ⏳=false 🔐=undefined 🇺🇸=passthrough 🔗=http://localhost:40417/ origFlowing=true
  2230.049ms [⏱️2060] [🔧uixzdiazri] ▶️ resume()
  2230.308ms [⏱️3991] [🔧uixzdiazri] 📣 emit free
     0.002ms [⏱️0] [🔧3qwldlh5i1r] 🏗️  constructor starting
     0.125ms [⏱️0] [🔧3qwldlh5i1r] 🏗️  constructor complete http://localhost:40417/
  2231.152ms [⏱️0] [🔧uixzdiazri] 🧨 _destroy ⏳=false 🔐=undefined 🇺🇸=passthrough 🔗=http://localhost:40417/
  2231.315ms [⏱️0] [🔧uixzdiazri] 🔧 HANDLE.close()
  2231.583ms [⏱️0] [🔧uixzdiazri]     at closeSocketHandle (node:net:341:18)
  2231.653ms [⏱️0] [🔧uixzdiazri]     at Socket._destroy (node:net:831:7)
  2231.674ms [⏱️0] [🔧uixzdiazri]     at _destroy (node:internal/streams/destroy:121:10)
  2231.691ms [⏱️0] [🔧uixzdiazri]     at MockHttpSocket.destroy (node:internal/streams/destroy:83:5)
  2231.708ms [⏱️0] [🔧uixzdiazri]     at Writable.destroy (node:internal/streams/writable:1122:11)
  2231.724ms [⏱️0] [🔧uixzdiazri]     at MockHttpSocket.destroy (/workspace/repro/node_modules/.pnpm/@mswjs+interceptors@file+../node_modules/@mswjs/interceptors/lib/node/chunk-EFBKFUZI.js:574:18)
  2231.741ms [⏱️0] [🔧uixzdiazri]     at MockAgent.<anonymous> (node:_http_agent:154:14)
  2231.751ms [⏱️0] [🔧uixzdiazri]     at MockAgent.emit (node:events:524:28)
     1.044ms [⏱️3998] [🔧3qwldlh5i1r] ▶️ resume()
     1.090ms [⏱️3998] [🔧3qwldlh5i1r] ✍️  write 95b 🇺🇸=unknown buffered=0
     1.139ms [⏱️3996] [🔧3qwldlh5i1r] 🚀 onRequestStart path=/ keepAlive=true
     1.757ms [⏱️3998] [🔧3qwldlh5i1r] ✍️  write 2b 🇺🇸=unknown buffered=1
     1.796ms [⏱️3998] [🔧3qwldlh5i1r] ✍️  write 9b 🇺🇸=unknown buffered=2
     1.828ms [⏱️3996] [🔧3qwldlh5i1r] 📦 onRequestBody 9b
     1.855ms [⏱️3998] [🔧3qwldlh5i1r] ✍️  write 2b 🇺🇸=unknown buffered=3
     1.916ms [⏱️3998] [🔧3qwldlh5i1r] ✍️  write 5b 🇺🇸=unknown buffered=4
     1.952ms [⏱️3996] [🔧3qwldlh5i1r] 🏁 onRequestEnd hasStream=true
     2.078ms [⏱️4002] [🔧3qwldlh5i1r] 📖 read([0])
     2.131ms [⏱️4002] [🔧3qwldlh5i1r] 🔬 _read(16384) ⏳=true 🔐=undefined 🇺🇸=unknown 🔗=http://localhost:40417/ origFlowing=undefined
     2.191ms [⏱️4002] [🔧3qwldlh5i1r] 📣 emit resume
     2.215ms [⏱️4002] [🔧3qwldlh5i1r] 📖 read()
     3.161ms [⏱️0] [🔧3qwldlh5i1r] 💨 passthrough() 🧨=false ⏳=true
     3.341ms [⏱️0] [🔧3qwldlh5i1r] 🔌 created originalSocket
     3.381ms [⏱️0] [🔧3qwldlh5i1r] 🚽 flushing writeBuffer (5 items)
     3.506ms [⏱️4016] [🔧3qwldlh5i1r] ▶️ onResume
     3.552ms [⏱️4016] [🔧3qwldlh5i1r] 📣 emit resume
     3.696ms [⏱️4015] [🔧3qwldlh5i1r] 🔍 onLookup args=[null,"::1",6,"localhost"]
     3.747ms [⏱️4015] [🔧3qwldlh5i1r] 📣 emit lookup null, "::1", 6, "localhost"
     3.794ms [⏱️4015] [🔧3qwldlh5i1r] 🔍 onLookup args=[null,"127.0.0.1",4,"localhost"]
     3.817ms [⏱️4015] [🔧3qwldlh5i1r] 📣 emit lookup null, "127.0.0.1", 4, "localhost"
     4.242ms [⏱️4019] [🔧3qwldlh5i1r] 🔌 onConnect delay from lookup
     4.270ms [⏱️4019] [🔧3qwldlh5i1r] ✅ Handles match
     4.284ms [⏱️4019] [🔧3qwldlh5i1r] 📣 emit connect
     4.309ms [⏱️4019] [🔧3qwldlh5i1r] 🔬 _read(16384) ⏳=false 🔐=undefined 🇺🇸=passthrough 🔗=http://localhost:40417/ origFlowing=true
     4.336ms [⏱️4019] [🔧3qwldlh5i1r] 🔧 HANDLE.readStart()
     4.450ms [⏱️4019] [🔧3qwldlh5i1r]     at tryReadStart (node:net:705:30)
     4.472ms [⏱️4019] [🔧3qwldlh5i1r]     at Socket._read (node:net:722:5)
     4.485ms [⏱️4019] [🔧3qwldlh5i1r]     at Socket.<anonymous> (node:net:720:37)
     4.518ms [⏱️4019] [🔧3qwldlh5i1r]     at Object.onceWrapper (node:events:638:28)
     4.536ms [⏱️4019] [🔧3qwldlh5i1r]     at Socket.emit (node:events:536:35)
     4.552ms [⏱️4019] [🔧3qwldlh5i1r]     at afterConnect (node:net:1596:10)
     4.565ms [⏱️4019] [🔧3qwldlh5i1r]     at afterConnectMultiple (node:net:1703:3)
     4.578ms [⏱️4019] [🔧3qwldlh5i1r] ✅ onReady
     4.634ms [⏱️4019] [🔧3qwldlh5i1r] 📣 emit ready
   254.125ms [⏱️3890] [🔧n6ompuig69] 🔧 HANDLE.close()
   254.217ms [⏱️3890] [🔧n6ompuig69]     at Timeout.internalConnectMultipleTimeout [as _onTimeout] (node:net:1712:10)
   254.235ms [⏱️3890] [🔧n6ompuig69]     at listOnTimeout (node:internal/timers:583:11)
   254.245ms [⏱️3890] [🔧n6ompuig69]     at process.processTimers (node:internal/timers:519:7)
   254.306ms [⏱️3890] [🔧n6ompuig69] 🔧 HANDLE.close()
   254.360ms [⏱️3890] [🔧n6ompuig69]     at Socket.reinitializeHandle (node:net:1265:17)
   254.376ms [⏱️3890] [🔧n6ompuig69]     at internalConnectMultiple (node:net:1131:30)
   254.385ms [⏱️3890] [🔧n6ompuig69]     at Timeout.internalConnectMultipleTimeout (node:net:1716:5)
   254.392ms [⏱️3890] [🔧n6ompuig69]     at listOnTimeout (node:internal/timers:583:11)
   254.400ms [⏱️3890] [🔧n6ompuig69]     at process.processTimers (node:internal/timers:519:7)
   635.221ms [⏱️3713] [🔧rxagvr3cux] 🔌 onConnect delay from lookup
   635.279ms [⏱️3713] [🔧rxagvr3cux] ⚠️  HANDLE MISMATCH!
   635.301ms [⏱️3713] [🔧rxagvr3cux]    My Handle: TCP 🔧=true 🆔=-22 📖=false
   635.313ms [⏱️3713] [🔧rxagvr3cux]    Socket Handle: TCP 🔧=false 🆔=134 📖=false
   635.320ms [⏱️3713] [🔧rxagvr3cux]    Object references are different!
   635.332ms [⏱️3713] [🔧rxagvr3cux] 📣 emit connect
   635.362ms [⏱️3713] [🔧rxagvr3cux] 🔬 _read(16384) ⏳=false 🔐=undefined 🇺🇸=passthrough 🔗=http://localhost:40417/ origFlowing=true
   635.418ms [⏱️3713] [🔧rxagvr3cux] ✅ onReady
   635.435ms [⏱️3713] [🔧rxagvr3cux] 📣 emit ready
  1195.827ms [⏱️3213] [🔧jczxdyq1cs] 💾 onData 120b
  1195.951ms [⏱️3213] [🔧jczxdyq1cs] 📤 push([{"type":"Buffer","data":[72,84,84,80,47)
  1196.014ms [⏱️2885] [🔧jczxdyq1cs] 📨 onResponseStart status=200 🇺🇸=passthrough
  1196.552ms [⏱️2885] [🔧jczxdyq1cs] 📥 onResponseBody 2b
  1196.672ms [⏱️2885] [🔧jczxdyq1cs] 🎬 onResponseEnd hasStream=true
  1196.714ms [⏱️3213] [🔧jczxdyq1cs] 📣 emit data 120 chars
  1196.754ms [⏱️4043] [🔧jczxdyq1cs] 📖 read([0])
  1196.784ms [⏱️4043] [🔧jczxdyq1cs] 🔬 _read(16384) ⏳=false 🔐=undefined 🇺🇸=passthrough 🔗=http://localhost:40417/ origFlowing=true
  1196.965ms [⏱️2888] [🔧jczxdyq1cs] ▶️ resume()
  1197.172ms [⏱️4058] [🔧jczxdyq1cs] 📣 emit free
     0.001ms [⏱️0] [🔧1eqz0ue8lcj] 🏗️  constructor starting
     0.075ms [⏱️0] [🔧1eqz0ue8lcj] 🏗️  constructor complete http://localhost:40417/
  1197.705ms [⏱️0] [🔧jczxdyq1cs] 🧨 _destroy ⏳=false 🔐=undefined 🇺🇸=passthrough 🔗=http://localhost:40417/
  1197.764ms [⏱️0] [🔧jczxdyq1cs] 🔧 HANDLE.close()
  1197.906ms [⏱️0] [🔧jczxdyq1cs]     at closeSocketHandle (node:net:341:18)
  1197.929ms [⏱️0] [🔧jczxdyq1cs]     at Socket._destroy (node:net:831:7)
  1197.948ms [⏱️0] [🔧jczxdyq1cs]     at _destroy (node:internal/streams/destroy:121:10)
  1197.961ms [⏱️0] [🔧jczxdyq1cs]     at MockHttpSocket.destroy (node:internal/streams/destroy:83:5)
  1197.974ms [⏱️0] [🔧jczxdyq1cs]     at Writable.destroy (node:internal/streams/writable:1122:11)
  1197.989ms [⏱️0] [🔧jczxdyq1cs]     at MockHttpSocket.destroy (/workspace/repro/node_modules/.pnpm/@mswjs+interceptors@file+../node_modules/@mswjs/interceptors/lib/node/chunk-EFBKFUZI.js:574:18)
  1198.003ms [⏱️0] [🔧jczxdyq1cs]     at MockAgent.<anonymous> (node:_http_agent:154:14)
  1198.017ms [⏱️0] [🔧jczxdyq1cs]     at MockAgent.emit (node:events:524:28)
     0.531ms [⏱️4065] [🔧1eqz0ue8lcj] ▶️ resume()
     0.561ms [⏱️4065] [🔧1eqz0ue8lcj] ✍️  write 95b 🇺🇸=unknown buffered=0
     0.595ms [⏱️4063] [🔧1eqz0ue8lcj] 🚀 onRequestStart path=/ keepAlive=true
     1.353ms [⏱️4065] [🔧1eqz0ue8lcj] ✍️  write 2b 🇺🇸=unknown buffered=1
     1.401ms [⏱️4065] [🔧1eqz0ue8lcj] ✍️  write 9b 🇺🇸=unknown buffered=2
     1.444ms [⏱️4063] [🔧1eqz0ue8lcj] 📦 onRequestBody 9b
     1.481ms [⏱️4065] [🔧1eqz0ue8lcj] ✍️  write 2b 🇺🇸=unknown buffered=3
     1.513ms [⏱️4065] [🔧1eqz0ue8lcj] ✍️  write 5b 🇺🇸=unknown buffered=4
     1.576ms [⏱️4063] [🔧1eqz0ue8lcj] 🏁 onRequestEnd hasStream=true
     1.623ms [⏱️4069] [🔧1eqz0ue8lcj] 📖 read([0])
     1.656ms [⏱️4069] [🔧1eqz0ue8lcj] 🔬 _read(16384) ⏳=true 🔐=undefined 🇺🇸=unknown 🔗=http://localhost:40417/ origFlowing=undefined
     1.704ms [⏱️4069] [🔧1eqz0ue8lcj] 📣 emit resume
     1.766ms [⏱️4069] [🔧1eqz0ue8lcj] 📖 read()
     2.340ms [⏱️0] [🔧1eqz0ue8lcj] 💨 passthrough() 🧨=false ⏳=true
     2.448ms [⏱️0] [🔧1eqz0ue8lcj] 🔌 created originalSocket
     2.476ms [⏱️0] [🔧1eqz0ue8lcj] 🚽 flushing writeBuffer (5 items)
     2.559ms [⏱️4083] [🔧1eqz0ue8lcj] ▶️ onResume
     2.581ms [⏱️4083] [🔧1eqz0ue8lcj] 📣 emit resume
     2.726ms [⏱️4082] [🔧1eqz0ue8lcj] 🔍 onLookup args=[null,"::1",6,"localhost"]
     2.772ms [⏱️4082] [🔧1eqz0ue8lcj] 📣 emit lookup null, "::1", 6, "localhost"
     2.791ms [⏱️4082] [🔧1eqz0ue8lcj] 🔍 onLookup args=[null,"127.0.0.1",4,"localhost"]
     2.844ms [⏱️4082] [🔧1eqz0ue8lcj] 📣 emit lookup null, "127.0.0.1", 4, "localhost"
   259.529ms [⏱️3946] [🔧fpxgbgm69a] 🔧 HANDLE.close()
   259.637ms [⏱️3946] [🔧fpxgbgm69a]     at Timeout.internalConnectMultipleTimeout [as _onTimeout] (node:net:1712:10)
   259.662ms [⏱️3946] [🔧fpxgbgm69a]     at listOnTimeout (node:internal/timers:583:11)
   259.674ms [⏱️3946] [🔧fpxgbgm69a]     at process.processTimers (node:internal/timers:519:7)
   259.774ms [⏱️3946] [🔧fpxgbgm69a] 🔧 HANDLE.close()
   259.849ms [⏱️3946] [🔧fpxgbgm69a]     at Socket.reinitializeHandle (node:net:1265:17)
   259.887ms [⏱️3946] [🔧fpxgbgm69a]     at internalConnectMultiple (node:net:1131:30)
   259.898ms [⏱️3946] [🔧fpxgbgm69a]     at Timeout.internalConnectMultipleTimeout (node:net:1716:5)
   259.914ms [⏱️3946] [🔧fpxgbgm69a]     at listOnTimeout (node:internal/timers:583:11)
   259.924ms [⏱️3946] [🔧fpxgbgm69a]     at process.processTimers (node:internal/timers:519:7)
  1517.228ms [⏱️2859] [🔧ixgmoni00m] 💾 onData 120b
  1517.329ms [⏱️2859] [🔧ixgmoni00m] 📤 push([{"type":"Buffer","data":[72,84,84,80,47)
  1517.374ms [⏱️2738] [🔧ixgmoni00m] 📨 onResponseStart status=200 🇺🇸=passthrough
  1517.804ms [⏱️2738] [🔧ixgmoni00m] 📥 onResponseBody 2b
  1517.920ms [⏱️2738] [🔧ixgmoni00m] 🎬 onResponseEnd hasStream=true
  1517.964ms [⏱️2859] [🔧ixgmoni00m] 📣 emit data 120 chars
  1518.005ms [⏱️4094] [🔧ixgmoni00m] 📖 read([0])
  1518.035ms [⏱️4094] [🔧ixgmoni00m] 🔬 _read(16384) ⏳=false 🔐=undefined 🇺🇸=passthrough 🔗=http://localhost:40417/ origFlowing=true
  1518.151ms [⏱️2741] [🔧ixgmoni00m] ▶️ resume()
  1518.432ms [⏱️4109] [🔧ixgmoni00m] 📣 emit free
     0.001ms [⏱️0] [🔧l8m9vrjii5q] 🏗️  constructor starting
     0.107ms [⏱️0] [🔧l8m9vrjii5q] 🏗️  constructor complete http://localhost:40417/
  1519.082ms [⏱️0] [🔧ixgmoni00m] 🧨 _destroy ⏳=false 🔐=undefined 🇺🇸=passthrough 🔗=http://localhost:40417/
  1519.136ms [⏱️0] [🔧ixgmoni00m] 🔧 HANDLE.close()
  1519.293ms [⏱️0] [🔧ixgmoni00m]     at closeSocketHandle (node:net:341:18)
  1519.330ms [⏱️0] [🔧ixgmoni00m]     at Socket._destroy (node:net:831:7)
  1519.349ms [⏱️0] [🔧ixgmoni00m]     at _destroy (node:internal/streams/destroy:121:10)
  1519.393ms [⏱️0] [🔧ixgmoni00m]     at MockHttpSocket.destroy (node:internal/streams/destroy:83:5)
  1519.530ms [⏱️0] [🔧ixgmoni00m]     at Writable.destroy (node:internal/streams/writable:1122:11)
  1519.564ms [⏱️0] [🔧ixgmoni00m]     at MockHttpSocket.destroy (/workspace/repro/node_modules/.pnpm/@mswjs+interceptors@file+../node_modules/@mswjs/interceptors/lib/node/chunk-EFBKFUZI.js:574:18)
  1519.606ms [⏱️0] [🔧ixgmoni00m]     at MockAgent.<anonymous> (node:_http_agent:154:14)
  1519.664ms [⏱️0] [🔧ixgmoni00m]     at MockAgent.emit (node:events:524:28)
     1.000ms [⏱️4116] [🔧l8m9vrjii5q] ▶️ resume()
     1.111ms [⏱️4116] [🔧l8m9vrjii5q] ✍️  write 95b 🇺🇸=unknown buffered=0
     1.157ms [⏱️4114] [🔧l8m9vrjii5q] 🚀 onRequestStart path=/ keepAlive=true
     1.700ms [⏱️4116] [🔧l8m9vrjii5q] ✍️  write 2b 🇺🇸=unknown buffered=1
     1.731ms [⏱️4116] [🔧l8m9vrjii5q] ✍️  write 9b 🇺🇸=unknown buffered=2
     1.762ms [⏱️4114] [🔧l8m9vrjii5q] 📦 onRequestBody 9b
     1.786ms [⏱️4116] [🔧l8m9vrjii5q] ✍️  write 2b 🇺🇸=unknown buffered=3
     1.802ms [⏱️4116] [🔧l8m9vrjii5q] ✍️  write 5b 🇺🇸=unknown buffered=4
     1.825ms [⏱️4114] [🔧l8m9vrjii5q] 🏁 onRequestEnd hasStream=true
     1.861ms [⏱️4120] [🔧l8m9vrjii5q] 📖 read([0])
     1.882ms [⏱️4120] [🔧l8m9vrjii5q] 🔬 _read(16384) ⏳=true 🔐=undefined 🇺🇸=unknown 🔗=http://localhost:40417/ origFlowing=undefined
     1.905ms [⏱️4120] [🔧l8m9vrjii5q] 📣 emit resume
     1.920ms [⏱️4120] [🔧l8m9vrjii5q] 📖 read()
     2.335ms [⏱️0] [🔧l8m9vrjii5q] 💨 passthrough() 🧨=false ⏳=true
     2.486ms [⏱️0] [🔧l8m9vrjii5q] 🔌 created originalSocket
     2.532ms [⏱️0] [🔧l8m9vrjii5q] 🚽 flushing writeBuffer (5 items)
     2.620ms [⏱️4134] [🔧l8m9vrjii5q] ▶️ onResume
     2.691ms [⏱️4134] [🔧l8m9vrjii5q] 📣 emit resume
     2.801ms [⏱️4133] [🔧l8m9vrjii5q] 🔍 onLookup args=[null,"::1",6,"localhost"]
     2.849ms [⏱️4133] [🔧l8m9vrjii5q] 📣 emit lookup null, "::1", 6, "localhost"
     2.973ms [⏱️4133] [🔧l8m9vrjii5q] 🔍 onLookup args=[null,"127.0.0.1",4,"localhost"]
     3.004ms [⏱️4133] [🔧l8m9vrjii5q] 📣 emit lookup null, "127.0.0.1", 4, "localhost"
  1231.569ms [⏱️3226] [🔧jsssi4fv5to] 💾 onData 120b
  1231.744ms [⏱️3226] [🔧jsssi4fv5to] 📤 push([{"type":"Buffer","data":[72,84,84,80,47)
  1231.864ms [⏱️2946] [🔧jsssi4fv5to] 📨 onResponseStart status=200 🇺🇸=passthrough
  1232.471ms [⏱️2946] [🔧jsssi4fv5to] 📥 onResponseBody 2b
  1232.762ms [⏱️2946] [🔧jsssi4fv5to] 🎬 onResponseEnd hasStream=true
  1232.869ms [⏱️3226] [🔧jsssi4fv5to] 📣 emit data 120 chars
  1232.944ms [⏱️4148] [🔧jsssi4fv5to] 📖 read([0])
  1233.005ms [⏱️4148] [🔧jsssi4fv5to] 🔬 _read(16384) ⏳=false 🔐=undefined 🇺🇸=passthrough 🔗=http://localhost:40417/ origFlowing=true
  1233.207ms [⏱️2949] [🔧jsssi4fv5to] ▶️ resume()
  1233.640ms [⏱️4163] [🔧jsssi4fv5to] 📣 emit free
     0.001ms [⏱️0] [🔧2je74eb4nun] 🏗️  constructor starting
     0.151ms [⏱️0] [🔧2je74eb4nun] 🏗️  constructor complete http://localhost:40417/
  1234.365ms [⏱️0] [🔧jsssi4fv5to] 🧨 _destroy ⏳=false 🔐=undefined 🇺🇸=passthrough 🔗=http://localhost:40417/
  1234.413ms [⏱️0] [🔧jsssi4fv5to] 🔧 HANDLE.close()
  1234.812ms [⏱️0] [🔧jsssi4fv5to]     at closeSocketHandle (node:net:341:18)
  1234.852ms [⏱️0] [🔧jsssi4fv5to]     at Socket._destroy (node:net:831:7)
  1234.868ms [⏱️0] [🔧jsssi4fv5to]     at _destroy (node:internal/streams/destroy:121:10)
  1234.880ms [⏱️0] [🔧jsssi4fv5to]     at MockHttpSocket.destroy (node:internal/streams/destroy:83:5)
  1234.901ms [⏱️0] [🔧jsssi4fv5to]     at Writable.destroy (node:internal/streams/writable:1122:11)
  1234.924ms [⏱️0] [🔧jsssi4fv5to]     at MockHttpSocket.destroy (/workspace/repro/node_modules/.pnpm/@mswjs+interceptors@file+../node_modules/@mswjs/interceptors/lib/node/chunk-EFBKFUZI.js:574:18)
  1234.939ms [⏱️0] [🔧jsssi4fv5to]     at MockAgent.<anonymous> (node:_http_agent:154:14)
  1234.959ms [⏱️0] [🔧jsssi4fv5to]     at MockAgent.emit (node:events:524:28)
     0.941ms [⏱️4170] [🔧2je74eb4nun] ▶️ resume()
     0.989ms [⏱️4170] [🔧2je74eb4nun] ✍️  write 95b 🇺🇸=unknown buffered=0
     1.075ms [⏱️4168] [🔧2je74eb4nun] 🚀 onRequestStart path=/ keepAlive=true
     1.838ms [⏱️4170] [🔧2je74eb4nun] ✍️  write 2b 🇺🇸=unknown buffered=1
     1.888ms [⏱️4170] [🔧2je74eb4nun] ✍️  write 9b 🇺🇸=unknown buffered=2
     1.926ms [⏱️4168] [🔧2je74eb4nun] 📦 onRequestBody 9b
     1.964ms [⏱️4170] [🔧2je74eb4nun] ✍️  write 2b 🇺🇸=unknown buffered=3
     1.990ms [⏱️4170] [🔧2je74eb4nun] ✍️  write 5b 🇺🇸=unknown buffered=4
     2.022ms [⏱️4168] [🔧2je74eb4nun] 🏁 onRequestEnd hasStream=true
     2.073ms [⏱️4174] [🔧2je74eb4nun] 📖 read([0])
     2.102ms [⏱️4174] [🔧2je74eb4nun] 🔬 _read(16384) ⏳=true 🔐=undefined 🇺🇸=unknown 🔗=http://localhost:40417/ origFlowing=undefined
     2.130ms [⏱️4174] [🔧2je74eb4nun] 📣 emit resume
     2.174ms [⏱️4174] [🔧2je74eb4nun] 📖 read()
     2.793ms [⏱️0] [🔧2je74eb4nun] 💨 passthrough() 🧨=false ⏳=true
     2.916ms [⏱️0] [🔧2je74eb4nun] 🔌 created originalSocket
     2.948ms [⏱️0] [🔧2je74eb4nun] 🚽 flushing writeBuffer (5 items)
     3.018ms [⏱️4188] [🔧2je74eb4nun] ▶️ onResume
     3.041ms [⏱️4188] [🔧2je74eb4nun] 📣 emit resume
     3.177ms [⏱️4187] [🔧2je74eb4nun] 🔍 onLookup args=[null,"::1",6,"localhost"]
     3.281ms [⏱️4187] [🔧2je74eb4nun] 📣 emit lookup null, "::1", 6, "localhost"
     3.364ms [⏱️4187] [🔧2je74eb4nun] 🔍 onLookup args=[null,"127.0.0.1",4,"localhost"]
     3.390ms [⏱️4187] [🔧2je74eb4nun] 📣 emit lookup null, "127.0.0.1", 4, "localhost"
   738.250ms [⏱️3727] [🔧gle076ykmj] 🔌 onConnect delay from lookup
   738.458ms [⏱️3727] [🔧gle076ykmj] ⚠️  HANDLE MISMATCH!
   738.506ms [⏱️3727] [🔧gle076ykmj]    My Handle: TCP 🔧=true 🆔=-22 📖=false
   738.547ms [⏱️3727] [🔧gle076ykmj]    Socket Handle: TCP 🔧=false 🆔=137 📖=false
   738.571ms [⏱️3727] [🔧gle076ykmj]    Object references are different!
   738.613ms [⏱️3727] [🔧gle076ykmj] 📣 emit connect
   738.681ms [⏱️3727] [🔧gle076ykmj] 🔬 _read(16384) ⏳=false 🔐=undefined 🇺🇸=passthrough 🔗=http://localhost:40417/ origFlowing=true
   738.759ms [⏱️3727] [🔧gle076ykmj] ✅ onReady
   738.809ms [⏱️3727] [🔧gle076ykmj] 📣 emit ready
   553.200ms [⏱️3949] [🔧ghbknprmw0q] 🔌 onConnect delay from lookup
   553.248ms [⏱️3949] [🔧ghbknprmw0q] ⚠️  HANDLE MISMATCH!
   553.289ms [⏱️3949] [🔧ghbknprmw0q]    My Handle: TCP 🔧=true 🆔=-22 📖=false
   553.328ms [⏱️3949] [🔧ghbknprmw0q]    Socket Handle: TCP 🔧=false 🆔=139 📖=false
   553.367ms [⏱️3949] [🔧ghbknprmw0q]    Object references are different!
   553.471ms [⏱️3949] [🔧ghbknprmw0q] 📣 emit connect
   553.520ms [⏱️3949] [🔧ghbknprmw0q] 🔬 _read(16384) ⏳=false 🔐=undefined 🇺🇸=passthrough 🔗=http://localhost:40417/ origFlowing=true
   553.666ms [⏱️3949] [🔧ghbknprmw0q] ✅ onReady
   553.725ms [⏱️3949] [🔧ghbknprmw0q] 📣 emit ready
   461.767ms [⏱️3967] [🔧3vlen28hziq] 🔌 onConnect delay from lookup
   461.819ms [⏱️3967] [🔧3vlen28hziq] ⚠️  HANDLE MISMATCH!
   461.830ms [⏱️3967] [🔧3vlen28hziq]    My Handle: TCP 🔧=true 🆔=-22 📖=false
   461.849ms [⏱️3967] [🔧3vlen28hziq]    Socket Handle: TCP 🔧=false 🆔=142 📖=false
   461.865ms [⏱️3967] [🔧3vlen28hziq]    Object references are different!
   461.884ms [⏱️3967] [🔧3vlen28hziq] 📣 emit connect
   461.917ms [⏱️3967] [🔧3vlen28hziq] 🔬 _read(16384) ⏳=false 🔐=undefined 🇺🇸=passthrough 🔗=http://localhost:40417/ origFlowing=true
   461.948ms [⏱️3967] [🔧3vlen28hziq] ✅ onReady
   461.965ms [⏱️3967] [🔧3vlen28hziq] 📣 emit ready
  1151.565ms [⏱️3302] [🔧wlocnulaz2o] 🔌 onConnect delay from lookup
  1151.586ms [⏱️3302] [🔧wlocnulaz2o] ⚠️  HANDLE MISMATCH!
  1151.596ms [⏱️3302] [🔧wlocnulaz2o]    My Handle: TCP 🔧=true 🆔=-22 📖=false
  1151.612ms [⏱️3302] [🔧wlocnulaz2o]    Socket Handle: TCP 🔧=false 🆔=124 📖=false
  1151.628ms [⏱️3302] [🔧wlocnulaz2o]    Object references are different!
  1151.638ms [⏱️3302] [🔧wlocnulaz2o] 📣 emit connect
  1151.649ms [⏱️3302] [🔧wlocnulaz2o] 🔬 _read(16384) ⏳=false 🔐=undefined 🇺🇸=passthrough 🔗=http://localhost:40417/ origFlowing=true
  1151.663ms [⏱️3302] [🔧wlocnulaz2o] ✅ onReady
  1151.681ms [⏱️3302] [🔧wlocnulaz2o] 📣 emit ready
   472.639ms [⏱️3970] [🔧ihbqp5h367] 🔌 onConnect delay from lookup
   472.705ms [⏱️3970] [🔧ihbqp5h367] ⚠️  HANDLE MISMATCH!
   472.721ms [⏱️3970] [🔧ihbqp5h367]    My Handle: TCP 🔧=true 🆔=-22 📖=false
   472.741ms [⏱️3970] [🔧ihbqp5h367]    Socket Handle: TCP 🔧=false 🆔=143 📖=false
   472.758ms [⏱️3970] [🔧ihbqp5h367]    Object references are different!
   472.785ms [⏱️3970] [🔧ihbqp5h367] 📣 emit connect
   472.809ms [⏱️3970] [🔧ihbqp5h367] 🔬 _read(16384) ⏳=false 🔐=undefined 🇺🇸=passthrough 🔗=http://localhost:40417/ origFlowing=true
   472.843ms [⏱️3970] [🔧ihbqp5h367] ✅ onReady
   472.863ms [⏱️3970] [🔧ihbqp5h367] 📣 emit ready
  1168.672ms [⏱️3200] [🔧5zdw2dc5x64] 💾 onData 120b
  1168.813ms [⏱️3200] [🔧5zdw2dc5x64] 📤 push([{"type":"Buffer","data":[72,84,84,80,47)
  1168.859ms [⏱️3183] [🔧5zdw2dc5x64] 📨 onResponseStart status=200 🇺🇸=passthrough
  1169.279ms [⏱️3183] [🔧5zdw2dc5x64] 📥 onResponseBody 2b
  1169.318ms [⏱️3183] [🔧5zdw2dc5x64] 🎬 onResponseEnd hasStream=true
  1169.413ms [⏱️3200] [🔧5zdw2dc5x64] 📣 emit data 120 chars
  1169.456ms [⏱️4230] [🔧5zdw2dc5x64] 📖 read([0])
  1169.487ms [⏱️4230] [🔧5zdw2dc5x64] 🔬 _read(16384) ⏳=false 🔐=undefined 🇺🇸=passthrough 🔗=http://localhost:40417/ origFlowing=true
  1169.618ms [⏱️3186] [🔧5zdw2dc5x64] ▶️ resume()
  1169.824ms [⏱️4245] [🔧5zdw2dc5x64] 📣 emit free
     0.001ms [⏱️0] [🔧me57vqf2b58] 🏗️  constructor starting
     0.085ms [⏱️0] [🔧me57vqf2b58] 🏗️  constructor complete http://localhost:40417/
  1170.379ms [⏱️0] [🔧5zdw2dc5x64] 🧨 _destroy ⏳=false 🔐=undefined 🇺🇸=passthrough 🔗=http://localhost:40417/
  1170.456ms [⏱️0] [🔧5zdw2dc5x64] 🔧 HANDLE.close()
  1170.694ms [⏱️0] [🔧5zdw2dc5x64]     at closeSocketHandle (node:net:341:18)
  1170.770ms [⏱️0] [🔧5zdw2dc5x64]     at Socket._destroy (node:net:831:7)
  1170.790ms [⏱️0] [🔧5zdw2dc5x64]     at _destroy (node:internal/streams/destroy:121:10)
  1170.800ms [⏱️0] [🔧5zdw2dc5x64]     at MockHttpSocket.destroy (node:internal/streams/destroy:83:5)
  1170.834ms [⏱️0] [🔧5zdw2dc5x64]     at Writable.destroy (node:internal/streams/writable:1122:11)
  1170.868ms [⏱️0] [🔧5zdw2dc5x64]     at MockHttpSocket.destroy (/workspace/repro/node_modules/.pnpm/@mswjs+interceptors@file+../node_modules/@mswjs/interceptors/lib/node/chunk-EFBKFUZI.js:574:18)
  1170.880ms [⏱️0] [🔧5zdw2dc5x64]     at MockAgent.<anonymous> (node:_http_agent:154:14)
  1170.889ms [⏱️0] [🔧5zdw2dc5x64]     at MockAgent.emit (node:events:524:28)
     0.819ms [⏱️4252] [🔧me57vqf2b58] ▶️ resume()
     0.866ms [⏱️4252] [🔧me57vqf2b58] ✍️  write 95b 🇺🇸=unknown buffered=0
     0.989ms [⏱️4250] [🔧me57vqf2b58] 🚀 onRequestStart path=/ keepAlive=true
     1.713ms [⏱️4252] [🔧me57vqf2b58] ✍️  write 2b 🇺🇸=unknown buffered=1
     1.765ms [⏱️4252] [🔧me57vqf2b58] ✍️  write 9b 🇺🇸=unknown buffered=2
     1.816ms [⏱️4250] [🔧me57vqf2b58] 📦 onRequestBody 9b
     1.855ms [⏱️4252] [🔧me57vqf2b58] ✍️  write 2b 🇺🇸=unknown buffered=3
     1.875ms [⏱️4252] [🔧me57vqf2b58] ✍️  write 5b 🇺🇸=unknown buffered=4
     1.909ms [⏱️4250] [🔧me57vqf2b58] 🏁 onRequestEnd hasStream=true
     1.977ms [⏱️4256] [🔧me57vqf2b58] 📖 read([0])
     2.041ms [⏱️4256] [🔧me57vqf2b58] 🔬 _read(16384) ⏳=true 🔐=undefined 🇺🇸=unknown 🔗=http://localhost:40417/ origFlowing=undefined
     2.074ms [⏱️4256] [🔧me57vqf2b58] 📣 emit resume
     2.109ms [⏱️4256] [🔧me57vqf2b58] 📖 read()
     2.722ms [⏱️0] [🔧me57vqf2b58] 💨 passthrough() 🧨=false ⏳=true
     2.892ms [⏱️0] [🔧me57vqf2b58] 🔌 created originalSocket
     2.927ms [⏱️0] [🔧me57vqf2b58] 🚽 flushing writeBuffer (5 items)
     3.074ms [⏱️4270] [🔧me57vqf2b58] ▶️ onResume
     3.100ms [⏱️4270] [🔧me57vqf2b58] 📣 emit resume
  1173.347ms [⏱️3200] [🔧5zdw2dc5x64] 📣 emit close false
     3.398ms [⏱️4269] [🔧me57vqf2b58] 🔍 onLookup args=[null,"::1",6,"localhost"]
     3.480ms [⏱️4269] [🔧me57vqf2b58] 📣 emit lookup null, "::1", 6, "localhost"
     3.512ms [⏱️4269] [🔧me57vqf2b58] 🔍 onLookup args=[null,"127.0.0.1",4,"localhost"]
     3.539ms [⏱️4269] [🔧me57vqf2b58] 📣 emit lookup null, "127.0.0.1", 4, "localhost"
   918.070ms [⏱️3610] [🔧r1m4lntl4s] 🔌 onConnect delay from lookup
   918.138ms [⏱️3610] [🔧r1m4lntl4s] ⚠️  HANDLE MISMATCH!
   918.159ms [⏱️3610] [🔧r1m4lntl4s]    My Handle: TCP 🔧=true 🆔=-22 📖=false
   918.176ms [⏱️3610] [🔧r1m4lntl4s]    Socket Handle: TCP 🔧=false 🆔=131 📖=false
   918.209ms [⏱️3610] [🔧r1m4lntl4s]    Object references are different!
   918.238ms [⏱️3610] [🔧r1m4lntl4s] 📣 emit connect
   918.283ms [⏱️3610] [🔧r1m4lntl4s] 🔬 _read(16384) ⏳=false 🔐=undefined 🇺🇸=passthrough 🔗=http://localhost:40417/ origFlowing=true
   918.326ms [⏱️3610] [🔧r1m4lntl4s] ✅ onReady
   918.343ms [⏱️3610] [🔧r1m4lntl4s] 📣 emit ready
   503.124ms [⏱️4028] [🔧n6ompuig69] 🔌 onConnect delay from lookup
   503.224ms [⏱️4028] [🔧n6ompuig69] ⚠️  HANDLE MISMATCH!
   503.255ms [⏱️4028] [🔧n6ompuig69]    My Handle: TCP 🔧=true 🆔=-22 📖=false
   503.292ms [⏱️4028] [🔧n6ompuig69]    Socket Handle: TCP 🔧=false 🆔=144 📖=false
   503.316ms [⏱️4028] [🔧n6ompuig69]    Object references are different!
   503.364ms [⏱️4028] [🔧n6ompuig69] 📣 emit connect
   503.426ms [⏱️4028] [🔧n6ompuig69] 🔬 _read(16384) ⏳=false 🔐=undefined 🇺🇸=passthrough 🔗=http://localhost:40417/ origFlowing=true
   503.495ms [⏱️4028] [🔧n6ompuig69] ✅ onReady
   503.538ms [⏱️4028] [🔧n6ompuig69] 📣 emit ready
  1350.621ms [⏱️3284] [🔧0ygp7n2xt3x] 🔌 onConnect delay from lookup
  1350.668ms [⏱️3284] [🔧0ygp7n2xt3x] ⚠️  HANDLE MISMATCH!
  1350.686ms [⏱️3284] [🔧0ygp7n2xt3x]    My Handle: TCP 🔧=true 🆔=-22 📖=false
  1350.707ms [⏱️3284] [🔧0ygp7n2xt3x]    Socket Handle: TCP 🔧=false 🆔=120 📖=false
  1350.730ms [⏱️3284] [🔧0ygp7n2xt3x]    Object references are different!
  1350.748ms [⏱️3284] [🔧0ygp7n2xt3x] 📣 emit connect
  1350.805ms [⏱️3284] [🔧0ygp7n2xt3x] 🔬 _read(16384) ⏳=false 🔐=undefined 🇺🇸=passthrough 🔗=http://localhost:40417/ origFlowing=true
  1350.860ms [⏱️3284] [🔧0ygp7n2xt3x] ✅ onReady
  1350.890ms [⏱️3284] [🔧0ygp7n2xt3x] 📣 emit ready
  1116.108ms [⏱️3525] [🔧q0zy4cw5oij] 💾 onData 120b
  1116.224ms [⏱️3525] [🔧q0zy4cw5oij] 📤 push([{"type":"Buffer","data":[72,84,84,80,47)
  1116.294ms [⏱️3255] [🔧q0zy4cw5oij] 📨 onResponseStart status=200 🇺🇸=passthrough
  1116.913ms [⏱️3255] [🔧q0zy4cw5oij] 📥 onResponseBody 2b
  1116.981ms [⏱️3255] [🔧q0zy4cw5oij] 🎬 onResponseEnd hasStream=true
  1117.097ms [⏱️3525] [🔧q0zy4cw5oij] 📣 emit data 120 chars
  1117.182ms [⏱️4299] [🔧q0zy4cw5oij] 📖 read([0])
  1117.234ms [⏱️4299] [🔧q0zy4cw5oij] 🔬 _read(16384) ⏳=false 🔐=undefined 🇺🇸=passthrough 🔗=http://localhost:40417/ origFlowing=true
  1117.384ms [⏱️3258] [🔧q0zy4cw5oij] ▶️ resume()
  1117.927ms [⏱️4314] [🔧q0zy4cw5oij] 📣 emit free
     0.002ms [⏱️0] [🔧tz719tv1n9a] 🏗️  constructor starting
     0.209ms [⏱️0] [🔧tz719tv1n9a] 🏗️  constructor complete http://localhost:40417/
  1118.842ms [⏱️0] [🔧q0zy4cw5oij] 🧨 _destroy ⏳=false 🔐=undefined 🇺🇸=passthrough 🔗=http://localhost:40417/
  1118.916ms [⏱️0] [🔧q0zy4cw5oij] 🔧 HANDLE.close()
  1119.118ms [⏱️0] [🔧q0zy4cw5oij]     at closeSocketHandle (node:net:341:18)
  1119.149ms [⏱️0] [🔧q0zy4cw5oij]     at Socket._destroy (node:net:831:7)
  1119.157ms [⏱️0] [🔧q0zy4cw5oij]     at _destroy (node:internal/streams/destroy:121:10)
  1119.187ms [⏱️0] [🔧q0zy4cw5oij]     at MockHttpSocket.destroy (node:internal/streams/destroy:83:5)
  1119.201ms [⏱️0] [🔧q0zy4cw5oij]     at Writable.destroy (node:internal/streams/writable:1122:11)
  1119.209ms [⏱️0] [🔧q0zy4cw5oij]     at MockHttpSocket.destroy (/workspace/repro/node_modules/.pnpm/@mswjs+interceptors@file+../node_modules/@mswjs/interceptors/lib/node/chunk-EFBKFUZI.js:574:18)
  1119.224ms [⏱️0] [🔧q0zy4cw5oij]     at MockAgent.<anonymous> (node:_http_agent:154:14)
  1119.236ms [⏱️0] [🔧q0zy4cw5oij]     at MockAgent.emit (node:events:524:28)
     0.820ms [⏱️4321] [🔧tz719tv1n9a] ▶️ resume()
     0.851ms [⏱️4321] [🔧tz719tv1n9a] ✍️  write 95b 🇺🇸=unknown buffered=0
     0.899ms [⏱️4319] [🔧tz719tv1n9a] 🚀 onRequestStart path=/ keepAlive=true
     1.384ms [⏱️4321] [🔧tz719tv1n9a] ✍️  write 2b 🇺🇸=unknown buffered=1
     1.415ms [⏱️4321] [🔧tz719tv1n9a] ✍️  write 9b 🇺🇸=unknown buffered=2
     1.461ms [⏱️4319] [🔧tz719tv1n9a] 📦 onRequestBody 9b
     1.488ms [⏱️4321] [🔧tz719tv1n9a] ✍️  write 2b 🇺🇸=unknown buffered=3
     1.505ms [⏱️4321] [🔧tz719tv1n9a] ✍️  write 5b 🇺🇸=unknown buffered=4
     1.522ms [⏱️4319] [🔧tz719tv1n9a] 🏁 onRequestEnd hasStream=true
     1.554ms [⏱️4325] [🔧tz719tv1n9a] 📖 read([0])
     1.712ms [⏱️4325] [🔧tz719tv1n9a] 🔬 _read(16384) ⏳=true 🔐=undefined 🇺🇸=unknown 🔗=http://localhost:40417/ origFlowing=undefined
     1.738ms [⏱️4325] [🔧tz719tv1n9a] 📣 emit resume
     1.754ms [⏱️4325] [🔧tz719tv1n9a] 📖 read()
     2.304ms [⏱️0] [🔧tz719tv1n9a] 💨 passthrough() 🧨=false ⏳=true
     2.459ms [⏱️0] [🔧tz719tv1n9a] 🔌 created originalSocket
     2.495ms [⏱️0] [🔧tz719tv1n9a] 🚽 flushing writeBuffer (5 items)
     2.563ms [⏱️4339] [🔧tz719tv1n9a] ▶️ onResume
     2.619ms [⏱️4339] [🔧tz719tv1n9a] 📣 emit resume
     2.733ms [⏱️4338] [🔧tz719tv1n9a] 🔍 onLookup args=[null,"::1",6,"localhost"]
     2.820ms [⏱️4338] [🔧tz719tv1n9a] 📣 emit lookup null, "::1", 6, "localhost"
     2.924ms [⏱️4338] [🔧tz719tv1n9a] 🔍 onLookup args=[null,"127.0.0.1",4,"localhost"]
     2.969ms [⏱️4338] [🔧tz719tv1n9a] 📣 emit lookup null, "127.0.0.1", 4, "localhost"
   256.062ms [⏱️4087] [🔧1eqz0ue8lcj] 🔧 HANDLE.close()
   256.278ms [⏱️4087] [🔧1eqz0ue8lcj]     at Timeout.internalConnectMultipleTimeout [as _onTimeout] (node:net:1712:10)
   256.310ms [⏱️4087] [🔧1eqz0ue8lcj]     at listOnTimeout (node:internal/timers:583:11)
   256.327ms [⏱️4087] [🔧1eqz0ue8lcj]     at process.processTimers (node:internal/timers:519:7)
   256.423ms [⏱️4087] [🔧1eqz0ue8lcj] 🔧 HANDLE.close()
   256.511ms [⏱️4087] [🔧1eqz0ue8lcj]     at Socket.reinitializeHandle (node:net:1265:17)
   256.566ms [⏱️4087] [🔧1eqz0ue8lcj]     at internalConnectMultiple (node:net:1131:30)
   256.582ms [⏱️4087] [🔧1eqz0ue8lcj]     at Timeout.internalConnectMultipleTimeout (node:net:1716:5)
   256.600ms [⏱️4087] [🔧1eqz0ue8lcj]     at listOnTimeout (node:internal/timers:583:11)
   256.614ms [⏱️4087] [🔧1eqz0ue8lcj]     at process.processTimers (node:internal/timers:519:7)
   707.745ms [⏱️3948] [🔧ghbknprmw0q] 💾 onData 120b
   707.885ms [⏱️3948] [🔧ghbknprmw0q] 📤 push([{"type":"Buffer","data":[72,84,84,80,47)
   707.954ms [⏱️3638] [🔧ghbknprmw0q] 📨 onResponseStart status=200 🇺🇸=passthrough
   708.513ms [⏱️3638] [🔧ghbknprmw0q] 📥 onResponseBody 2b
   708.628ms [⏱️3638] [🔧ghbknprmw0q] 🎬 onResponseEnd hasStream=true
   708.713ms [⏱️3948] [🔧ghbknprmw0q] 📣 emit data 120 chars
   708.853ms [⏱️4356] [🔧ghbknprmw0q] 📖 read([0])
   708.916ms [⏱️4356] [🔧ghbknprmw0q] 🔬 _read(16384) ⏳=false 🔐=undefined 🇺🇸=passthrough 🔗=http://localhost:40417/ origFlowing=true
   709.084ms [⏱️3641] [🔧ghbknprmw0q] ▶️ resume()
   709.461ms [⏱️4371] [🔧ghbknprmw0q] 📣 emit free
     0.032ms [⏱️0] [🔧zxssdzh6whp] 🏗️  constructor starting
     0.132ms [⏱️0] [🔧zxssdzh6whp] 🏗️  constructor complete http://localhost:40417/
   710.259ms [⏱️0] [🔧ghbknprmw0q] 🧨 _destroy ⏳=false 🔐=undefined 🇺🇸=passthrough 🔗=http://localhost:40417/
   710.354ms [⏱️0] [🔧ghbknprmw0q] 🔧 HANDLE.close()
   710.662ms [⏱️0] [🔧ghbknprmw0q]     at closeSocketHandle (node:net:341:18)
   710.751ms [⏱️0] [🔧ghbknprmw0q]     at Socket._destroy (node:net:831:7)
   710.803ms [⏱️0] [🔧ghbknprmw0q]     at _destroy (node:internal/streams/destroy:121:10)
   710.885ms [⏱️0] [🔧ghbknprmw0q]     at MockHttpSocket.destroy (node:internal/streams/destroy:83:5)
   710.922ms [⏱️0] [🔧ghbknprmw0q]     at Writable.destroy (node:internal/streams/writable:1122:11)
   710.938ms [⏱️0] [🔧ghbknprmw0q]     at MockHttpSocket.destroy (/workspace/repro/node_modules/.pnpm/@mswjs+interceptors@file+../node_modules/@mswjs/interceptors/lib/node/chunk-EFBKFUZI.js:574:18)
   710.963ms [⏱️0] [🔧ghbknprmw0q]     at MockAgent.<anonymous> (node:_http_agent:154:14)
   710.988ms [⏱️0] [🔧ghbknprmw0q]     at MockAgent.emit (node:events:524:28)
     1.051ms [⏱️4378] [🔧zxssdzh6whp] ▶️ resume()
     1.099ms [⏱️4378] [🔧zxssdzh6whp] ✍️  write 95b 🇺🇸=unknown buffered=0
     1.177ms [⏱️4376] [🔧zxssdzh6whp] 🚀 onRequestStart path=/ keepAlive=true
     1.784ms [⏱️4378] [🔧zxssdzh6whp] ✍️  write 2b 🇺🇸=unknown buffered=1
     1.809ms [⏱️4378] [🔧zxssdzh6whp] ✍️  write 9b 🇺🇸=unknown buffered=2
     1.833ms [⏱️4376] [🔧zxssdzh6whp] 📦 onRequestBody 9b
     1.856ms [⏱️4378] [🔧zxssdzh6whp] ✍️  write 2b 🇺🇸=unknown buffered=3
     1.873ms [⏱️4378] [🔧zxssdzh6whp] ✍️  write 5b 🇺🇸=unknown buffered=4
     1.888ms [⏱️4376] [🔧zxssdzh6whp] 🏁 onRequestEnd hasStream=true
     1.918ms [⏱️4382] [🔧zxssdzh6whp] 📖 read([0])
     1.939ms [⏱️4382] [🔧zxssdzh6whp] 🔬 _read(16384) ⏳=true 🔐=undefined 🇺🇸=unknown 🔗=http://localhost:40417/ origFlowing=undefined
     1.962ms [⏱️4382] [🔧zxssdzh6whp] 📣 emit resume
     1.972ms [⏱️4382] [🔧zxssdzh6whp] 📖 read()
     2.427ms [⏱️0] [🔧zxssdzh6whp] 💨 passthrough() 🧨=false ⏳=true
     2.525ms [⏱️0] [🔧zxssdzh6whp] 🔌 created originalSocket
     2.553ms [⏱️0] [🔧zxssdzh6whp] 🚽 flushing writeBuffer (5 items)
     2.619ms [⏱️4396] [🔧zxssdzh6whp] ▶️ onResume
     2.674ms [⏱️4396] [🔧zxssdzh6whp] 📣 emit resume
     2.825ms [⏱️4395] [🔧zxssdzh6whp] 🔍 onLookup args=[null,"::1",6,"localhost"]
     2.879ms [⏱️4395] [🔧zxssdzh6whp] 📣 emit lookup null, "::1", 6, "localhost"
     2.904ms [⏱️4395] [🔧zxssdzh6whp] 🔍 onLookup args=[null,"127.0.0.1",4,"localhost"]
     2.944ms [⏱️4395] [🔧zxssdzh6whp] 📣 emit lookup null, "127.0.0.1", 4, "localhost"
   254.340ms [⏱️4138] [🔧l8m9vrjii5q] 🔧 HANDLE.close()
   254.483ms [⏱️4138] [🔧l8m9vrjii5q]     at Timeout.internalConnectMultipleTimeout [as _onTimeout] (node:net:1712:10)
   254.503ms [⏱️4138] [🔧l8m9vrjii5q]     at listOnTimeout (node:internal/timers:583:11)
   254.513ms [⏱️4138] [🔧l8m9vrjii5q]     at process.processTimers (node:internal/timers:519:7)
   254.576ms [⏱️4138] [🔧l8m9vrjii5q] 🔧 HANDLE.close()
   254.622ms [⏱️4138] [🔧l8m9vrjii5q]     at Socket.reinitializeHandle (node:net:1265:17)
   254.639ms [⏱️4138] [🔧l8m9vrjii5q]     at internalConnectMultiple (node:net:1131:30)
   254.647ms [⏱️4138] [🔧l8m9vrjii5q]     at Timeout.internalConnectMultipleTimeout (node:net:1716:5)
   254.676ms [⏱️4138] [🔧l8m9vrjii5q]     at listOnTimeout (node:internal/timers:583:11)
   254.697ms [⏱️4138] [🔧l8m9vrjii5q]     at process.processTimers (node:internal/timers:519:7)
   255.162ms [⏱️4403] [🔧l8m9vrjii5q] 🔌 onConnect delay from lookup
   255.200ms [⏱️4403] [🔧l8m9vrjii5q] ⚠️  HANDLE MISMATCH!
   255.259ms [⏱️4403] [🔧l8m9vrjii5q]    My Handle: TCP 🔧=true 🆔=-1 📖=false
   255.301ms [⏱️4403] [🔧l8m9vrjii5q]    Socket Handle: TCP 🔧=false 🆔=152 📖=false
   255.329ms [⏱️4403] [🔧l8m9vrjii5q]    Object references are different!
   255.354ms [⏱️4403] [🔧l8m9vrjii5q] 📣 emit connect
   255.395ms [⏱️4403] [🔧l8m9vrjii5q] 🔬 _read(16384) ⏳=false 🔐=undefined 🇺🇸=passthrough 🔗=http://localhost:40417/ origFlowing=true
   255.445ms [⏱️4403] [🔧l8m9vrjii5q] ✅ onReady
   255.470ms [⏱️4403] [🔧l8m9vrjii5q] 📣 emit ready
   722.770ms [⏱️3955] [🔧ct1f3tqpth4] 🔌 onConnect delay from lookup
   722.810ms [⏱️3955] [🔧ct1f3tqpth4] ⚠️  HANDLE MISMATCH!
   722.843ms [⏱️3955] [🔧ct1f3tqpth4]    My Handle: TCP 🔧=true 🆔=-22 📖=false
   722.861ms [⏱️3955] [🔧ct1f3tqpth4]    Socket Handle: TCP 🔧=false 🆔=117 📖=false
   722.870ms [⏱️3955] [🔧ct1f3tqpth4]    Object references are different!
   722.890ms [⏱️3955] [🔧ct1f3tqpth4] 📣 emit connect
   722.915ms [⏱️3955] [🔧ct1f3tqpth4] 🔬 _read(16384) ⏳=false 🔐=undefined 🇺🇸=passthrough 🔗=http://localhost:40417/ origFlowing=true
   722.941ms [⏱️3955] [🔧ct1f3tqpth4] ✅ onReady
   722.956ms [⏱️3955] [🔧ct1f3tqpth4] 📣 emit ready
   623.816ms [⏱️3969] [🔧ihbqp5h367] 💾 onData 120b
   623.873ms [⏱️3969] [🔧ihbqp5h367] 📤 push([{"type":"Buffer","data":[72,84,84,80,47)
   623.913ms [⏱️3814] [🔧ihbqp5h367] 📨 onResponseStart status=200 🇺🇸=passthrough
   624.333ms [⏱️3814] [🔧ihbqp5h367] 📥 onResponseBody 2b
   624.364ms [⏱️3814] [🔧ihbqp5h367] 🎬 onResponseEnd hasStream=true
   624.398ms [⏱️3969] [🔧ihbqp5h367] 📣 emit data 120 chars
   624.429ms [⏱️4411] [🔧ihbqp5h367] 📖 read([0])
   624.455ms [⏱️4411] [🔧ihbqp5h367] 🔬 _read(16384) ⏳=false 🔐=undefined 🇺🇸=passthrough 🔗=http://localhost:40417/ origFlowing=true
   624.562ms [⏱️3817] [🔧ihbqp5h367] ▶️ resume()
   624.889ms [⏱️4426] [🔧ihbqp5h367] 📣 emit free
     0.001ms [⏱️0] [🔧opd2a3igvrr] 🏗️  constructor starting
     0.121ms [⏱️0] [🔧opd2a3igvrr] 🏗️  constructor complete http://localhost:40417/
   625.766ms [⏱️0] [🔧ihbqp5h367] 🧨 _destroy ⏳=false 🔐=undefined 🇺🇸=passthrough 🔗=http://localhost:40417/
   625.819ms [⏱️0] [🔧ihbqp5h367] 🔧 HANDLE.close()
   625.990ms [⏱️0] [🔧ihbqp5h367]     at closeSocketHandle (node:net:341:18)
   626.038ms [⏱️0] [🔧ihbqp5h367]     at Socket._destroy (node:net:831:7)
   626.059ms [⏱️0] [🔧ihbqp5h367]     at _destroy (node:internal/streams/destroy:121:10)
   626.090ms [⏱️0] [🔧ihbqp5h367]     at MockHttpSocket.destroy (node:internal/streams/destroy:83:5)
   626.110ms [⏱️0] [🔧ihbqp5h367]     at Writable.destroy (node:internal/streams/writable:1122:11)
   626.124ms [⏱️0] [🔧ihbqp5h367]     at MockHttpSocket.destroy (/workspace/repro/node_modules/.pnpm/@mswjs+interceptors@file+../node_modules/@mswjs/interceptors/lib/node/chunk-EFBKFUZI.js:574:18)
   626.142ms [⏱️0] [🔧ihbqp5h367]     at MockAgent.<anonymous> (node:_http_agent:154:14)
   626.169ms [⏱️0] [🔧ihbqp5h367]     at MockAgent.emit (node:events:524:28)
     0.782ms [⏱️4433] [🔧opd2a3igvrr] ▶️ resume()
     0.854ms [⏱️4433] [🔧opd2a3igvrr] ✍️  write 95b 🇺🇸=unknown buffered=0
     0.892ms [⏱️4431] [🔧opd2a3igvrr] 🚀 onRequestStart path=/ keepAlive=true
     1.319ms [⏱️4433] [🔧opd2a3igvrr] ✍️  write 2b 🇺🇸=unknown buffered=1
     1.346ms [⏱️4433] [🔧opd2a3igvrr] ✍️  write 9b 🇺🇸=unknown buffered=2
     1.398ms [⏱️4431] [🔧opd2a3igvrr] 📦 onRequestBody 9b
     1.431ms [⏱️4433] [🔧opd2a3igvrr] ✍️  write 2b 🇺🇸=unknown buffered=3
     1.451ms [⏱️4433] [🔧opd2a3igvrr] ✍️  write 5b 🇺🇸=unknown buffered=4
     1.490ms [⏱️4431] [🔧opd2a3igvrr] 🏁 onRequestEnd hasStream=true
     1.527ms [⏱️4437] [🔧opd2a3igvrr] 📖 read([0])
     1.561ms [⏱️4437] [🔧opd2a3igvrr] 🔬 _read(16384) ⏳=true 🔐=undefined 🇺🇸=unknown 🔗=http://localhost:40417/ origFlowing=undefined
     1.578ms [⏱️4437] [🔧opd2a3igvrr] 📣 emit resume
     1.587ms [⏱️4437] [🔧opd2a3igvrr] 📖 read()
     2.122ms [⏱️0] [🔧opd2a3igvrr] 💨 passthrough() 🧨=false ⏳=true
     2.251ms [⏱️0] [🔧opd2a3igvrr] 🔌 created originalSocket
     2.276ms [⏱️0] [🔧opd2a3igvrr] 🚽 flushing writeBuffer (5 items)
     2.338ms [⏱️4451] [🔧opd2a3igvrr] ▶️ onResume
     2.356ms [⏱️4451] [🔧opd2a3igvrr] 📣 emit resume
     2.472ms [⏱️4450] [🔧opd2a3igvrr] 🔍 onLookup args=[null,"::1",6,"localhost"]
     2.542ms [⏱️4450] [🔧opd2a3igvrr] 📣 emit lookup null, "::1", 6, "localhost"
     2.565ms [⏱️4450] [🔧opd2a3igvrr] 🔍 onLookup args=[null,"127.0.0.1",4,"localhost"]
     2.606ms [⏱️4450] [🔧opd2a3igvrr] 📣 emit lookup null, "127.0.0.1", 4, "localhost"
   640.552ms [⏱️3966] [🔧3vlen28hziq] 💾 onData 120b
   640.675ms [⏱️3966] [🔧3vlen28hziq] 📤 push([{"type":"Buffer","data":[72,84,84,80,47)
   640.741ms [⏱️3763] [🔧3vlen28hziq] 📨 onResponseStart status=200 🇺🇸=passthrough
   641.342ms [⏱️3763] [🔧3vlen28hziq] 📥 onResponseBody 2b
   641.410ms [⏱️3763] [🔧3vlen28hziq] 🎬 onResponseEnd hasStream=true
   641.645ms [⏱️3966] [🔧3vlen28hziq] 📣 emit data 120 chars
   641.717ms [⏱️4466] [🔧3vlen28hziq] 📖 read([0])
   641.781ms [⏱️4466] [🔧3vlen28hziq] 🔬 _read(16384) ⏳=false 🔐=undefined 🇺🇸=passthrough 🔗=http://localhost:40417/ origFlowing=true
   642.193ms [⏱️3766] [🔧3vlen28hziq] ▶️ resume()
   642.432ms [⏱️4481] [🔧3vlen28hziq] 📣 emit free
     0.001ms [⏱️0] [🔧uqkwmww7nu] 🏗️  constructor starting
     0.070ms [⏱️0] [🔧uqkwmww7nu] 🏗️  constructor complete http://localhost:40417/
   642.992ms [⏱️0] [🔧3vlen28hziq] 🧨 _destroy ⏳=false 🔐=undefined 🇺🇸=passthrough 🔗=http://localhost:40417/
   643.102ms [⏱️0] [🔧3vlen28hziq] 🔧 HANDLE.close()
   643.326ms [⏱️0] [🔧3vlen28hziq]     at closeSocketHandle (node:net:341:18)
   643.402ms [⏱️0] [🔧3vlen28hziq]     at Socket._destroy (node:net:831:7)
   643.436ms [⏱️0] [🔧3vlen28hziq]     at _destroy (node:internal/streams/destroy:121:10)
   643.455ms [⏱️0] [🔧3vlen28hziq]     at MockHttpSocket.destroy (node:internal/streams/destroy:83:5)
   643.475ms [⏱️0] [🔧3vlen28hziq]     at Writable.destroy (node:internal/streams/writable:1122:11)
   643.488ms [⏱️0] [🔧3vlen28hziq]     at MockHttpSocket.destroy (/workspace/repro/node_modules/.pnpm/@mswjs+interceptors@file+../node_modules/@mswjs/interceptors/lib/node/chunk-EFBKFUZI.js:574:18)
   643.496ms [⏱️0] [🔧3vlen28hziq]     at MockAgent.<anonymous> (node:_http_agent:154:14)
   643.505ms [⏱️0] [🔧3vlen28hziq]     at MockAgent.emit (node:events:524:28)
     0.731ms [⏱️4488] [🔧uqkwmww7nu] ▶️ resume()
     0.823ms [⏱️4488] [🔧uqkwmww7nu] ✍️  write 95b 🇺🇸=unknown buffered=0
     0.897ms [⏱️4486] [🔧uqkwmww7nu] 🚀 onRequestStart path=/ keepAlive=true
     1.652ms [⏱️4488] [🔧uqkwmww7nu] ✍️  write 2b 🇺🇸=unknown buffered=1
     1.694ms [⏱️4488] [🔧uqkwmww7nu] ✍️  write 9b 🇺🇸=unknown buffered=2
     1.727ms [⏱️4486] [🔧uqkwmww7nu] 📦 onRequestBody 9b
     1.758ms [⏱️4488] [🔧uqkwmww7nu] ✍️  write 2b 🇺🇸=unknown buffered=3
     1.777ms [⏱️4488] [🔧uqkwmww7nu] ✍️  write 5b 🇺🇸=unknown buffered=4
     1.791ms [⏱️4486] [🔧uqkwmww7nu] 🏁 onRequestEnd hasStream=true
     1.832ms [⏱️4492] [🔧uqkwmww7nu] 📖 read([0])
     1.854ms [⏱️4492] [🔧uqkwmww7nu] 🔬 _read(16384) ⏳=true 🔐=undefined 🇺🇸=unknown 🔗=http://localhost:40417/ origFlowing=undefined
     1.877ms [⏱️4492] [🔧uqkwmww7nu] 📣 emit resume
     1.927ms [⏱️4492] [🔧uqkwmww7nu] 📖 read()
     2.368ms [⏱️0] [🔧uqkwmww7nu] 💨 passthrough() 🧨=false ⏳=true
     2.460ms [⏱️0] [🔧uqkwmww7nu] 🔌 created originalSocket
     2.485ms [⏱️0] [🔧uqkwmww7nu] 🚽 flushing writeBuffer (5 items)
     2.535ms [⏱️4506] [🔧uqkwmww7nu] ▶️ onResume
     2.552ms [⏱️4506] [🔧uqkwmww7nu] 📣 emit resume
     2.661ms [⏱️4505] [🔧uqkwmww7nu] 🔍 onLookup args=[null,"::1",6,"localhost"]
     2.733ms [⏱️4505] [🔧uqkwmww7nu] 📣 emit lookup null, "::1", 6, "localhost"
     2.768ms [⏱️4505] [🔧uqkwmww7nu] 🔍 onLookup args=[null,"127.0.0.1",4,"localhost"]
     2.785ms [⏱️4505] [🔧uqkwmww7nu] 📣 emit lookup null, "127.0.0.1", 4, "localhost"
   350.813ms [⏱️4014] [🔧3qwldlh5i1r] 💾 onData 120b
   350.845ms [⏱️4014] [🔧3qwldlh5i1r] 📤 push([{"type":"Buffer","data":[72,84,84,80,47)
   350.893ms [⏱️3997] [🔧3qwldlh5i1r] 📨 onResponseStart status=200 🇺🇸=passthrough
   351.210ms [⏱️3997] [🔧3qwldlh5i1r] 📥 onResponseBody 2b
   351.247ms [⏱️3997] [🔧3qwldlh5i1r] 🎬 onResponseEnd hasStream=true
   351.281ms [⏱️4014] [🔧3qwldlh5i1r] 📣 emit data 120 chars
   351.307ms [⏱️4514] [🔧3qwldlh5i1r] 📖 read([0])
   351.330ms [⏱️4514] [🔧3qwldlh5i1r] 🔬 _read(16384) ⏳=false 🔐=undefined 🇺🇸=passthrough 🔗=http://localhost:40417/ origFlowing=true
   351.401ms [⏱️4000] [🔧3qwldlh5i1r] ▶️ resume()
   351.482ms [⏱️4529] [🔧3qwldlh5i1r] 📣 emit free
     0.001ms [⏱️0] [🔧fkx28o66eai] 🏗️  constructor starting
     0.052ms [⏱️0] [🔧fkx28o66eai] 🏗️  constructor complete http://localhost:40417/
   351.781ms [⏱️0] [🔧3qwldlh5i1r] 🧨 _destroy ⏳=false 🔐=undefined 🇺🇸=passthrough 🔗=http://localhost:40417/
   351.806ms [⏱️0] [🔧3qwldlh5i1r] 🔧 HANDLE.close()
   351.903ms [⏱️0] [🔧3qwldlh5i1r]     at closeSocketHandle (node:net:341:18)
   351.919ms [⏱️0] [🔧3qwldlh5i1r]     at Socket._destroy (node:net:831:7)
   351.929ms [⏱️0] [🔧3qwldlh5i1r]     at _destroy (node:internal/streams/destroy:121:10)
   351.942ms [⏱️0] [🔧3qwldlh5i1r]     at MockHttpSocket.destroy (node:internal/streams/destroy:83:5)
   351.962ms [⏱️0] [🔧3qwldlh5i1r]     at Writable.destroy (node:internal/streams/writable:1122:11)
   351.991ms [⏱️0] [🔧3qwldlh5i1r]     at MockHttpSocket.destroy (/workspace/repro/node_modules/.pnpm/@mswjs+interceptors@file+../node_modules/@mswjs/interceptors/lib/node/chunk-EFBKFUZI.js:574:18)
   352.011ms [⏱️0] [🔧3qwldlh5i1r]     at MockAgent.<anonymous> (node:_http_agent:154:14)
   352.021ms [⏱️0] [🔧3qwldlh5i1r]     at MockAgent.emit (node:events:524:28)
     0.417ms [⏱️4536] [🔧fkx28o66eai] ▶️ resume()
     0.445ms [⏱️4536] [🔧fkx28o66eai] ✍️  write 95b 🇺🇸=unknown buffered=0
     0.474ms [⏱️4534] [🔧fkx28o66eai] 🚀 onRequestStart path=/ keepAlive=true
     0.788ms [⏱️4536] [🔧fkx28o66eai] ✍️  write 2b 🇺🇸=unknown buffered=1
     0.816ms [⏱️4536] [🔧fkx28o66eai] ✍️  write 9b 🇺🇸=unknown buffered=2
     0.896ms [⏱️4534] [🔧fkx28o66eai] 📦 onRequestBody 9b
     0.930ms [⏱️4536] [🔧fkx28o66eai] ✍️  write 2b 🇺🇸=unknown buffered=3
     0.953ms [⏱️4536] [🔧fkx28o66eai] ✍️  write 5b 🇺🇸=unknown buffered=4
     0.974ms [⏱️4534] [🔧fkx28o66eai] 🏁 onRequestEnd hasStream=true
     1.021ms [⏱️4540] [🔧fkx28o66eai] 📖 read([0])
     1.044ms [⏱️4540] [🔧fkx28o66eai] 🔬 _read(16384) ⏳=true 🔐=undefined 🇺🇸=unknown 🔗=http://localhost:40417/ origFlowing=undefined
     1.068ms [⏱️4540] [🔧fkx28o66eai] 📣 emit resume
     1.176ms [⏱️4540] [🔧fkx28o66eai] 📖 read()
     1.632ms [⏱️0] [🔧fkx28o66eai] 💨 passthrough() 🧨=false ⏳=true
     1.717ms [⏱️0] [🔧fkx28o66eai] 🔌 created originalSocket
     1.742ms [⏱️0] [🔧fkx28o66eai] 🚽 flushing writeBuffer (5 items)
     1.785ms [⏱️4554] [🔧fkx28o66eai] ▶️ onResume
     1.803ms [⏱️4554] [🔧fkx28o66eai] 📣 emit resume
   353.488ms [⏱️4014] [🔧3qwldlh5i1r] 📣 emit close false
     2.031ms [⏱️4553] [🔧fkx28o66eai] 🔍 onLookup args=[null,"::1",6,"localhost"]
     2.078ms [⏱️4553] [🔧fkx28o66eai] 📣 emit lookup null, "::1", 6, "localhost"
     2.102ms [⏱️4553] [🔧fkx28o66eai] 🔍 onLookup args=[null,"127.0.0.1",4,"localhost"]
     2.122ms [⏱️4553] [🔧fkx28o66eai] 📣 emit lookup null, "127.0.0.1", 4, "localhost"
   255.117ms [⏱️4192] [🔧2je74eb4nun] 🔧 HANDLE.close()
   255.259ms [⏱️4192] [🔧2je74eb4nun]     at Timeout.internalConnectMultipleTimeout [as _onTimeout] (node:net:1712:10)
   255.289ms [⏱️4192] [🔧2je74eb4nun]     at listOnTimeout (node:internal/timers:583:11)
   255.321ms [⏱️4192] [🔧2je74eb4nun]     at process.processTimers (node:internal/timers:519:7)
   255.484ms [⏱️4192] [🔧2je74eb4nun] 🔧 HANDLE.close()
   255.588ms [⏱️4192] [🔧2je74eb4nun]     at Socket.reinitializeHandle (node:net:1265:17)
   255.621ms [⏱️4192] [🔧2je74eb4nun]     at internalConnectMultiple (node:net:1131:30)
   255.703ms [⏱️4192] [🔧2je74eb4nun]     at Timeout.internalConnectMultipleTimeout (node:net:1716:5)
   255.747ms [⏱️4192] [🔧2je74eb4nun]     at listOnTimeout (node:internal/timers:583:11)
   255.773ms [⏱️4192] [🔧2je74eb4nun]     at process.processTimers (node:internal/timers:519:7)
  1634.409ms [⏱️3157] [🔧8xd9u7aj267] 💾 onData 120b
  1634.492ms [⏱️3157] [🔧8xd9u7aj267] 📤 push([{"type":"Buffer","data":[72,84,84,80,47)
  1634.556ms [⏱️2834] [🔧8xd9u7aj267] 📨 onResponseStart status=200 🇺🇸=passthrough
  1635.010ms [⏱️2834] [🔧8xd9u7aj267] 📥 onResponseBody 2b
  1635.130ms [⏱️2834] [🔧8xd9u7aj267] 🎬 onResponseEnd hasStream=true
  1635.218ms [⏱️3157] [🔧8xd9u7aj267] 📣 emit data 120 chars
  1635.289ms [⏱️4591] [🔧8xd9u7aj267] 📖 read([0])
  1635.481ms [⏱️4591] [🔧8xd9u7aj267] 🔬 _read(16384) ⏳=false 🔐=undefined 🇺🇸=passthrough 🔗=http://localhost:40417/ origFlowing=true
  1635.825ms [⏱️2837] [🔧8xd9u7aj267] ▶️ resume()
  1636.219ms [⏱️4606] [🔧8xd9u7aj267] 📣 emit free
     0.001ms [⏱️0] [🔧hhu7qsj9oo] 🏗️  constructor starting
     0.085ms [⏱️0] [🔧hhu7qsj9oo] 🏗️  constructor complete http://localhost:40417/
  1636.964ms [⏱️0] [🔧8xd9u7aj267] 🧨 _destroy ⏳=false 🔐=undefined 🇺🇸=passthrough 🔗=http://localhost:40417/
  1637.009ms [⏱️0] [🔧8xd9u7aj267] 🔧 HANDLE.close()
  1637.269ms [⏱️0] [🔧8xd9u7aj267]     at closeSocketHandle (node:net:341:18)
  1637.299ms [⏱️0] [🔧8xd9u7aj267]     at Socket._destroy (node:net:831:7)
  1637.314ms [⏱️0] [🔧8xd9u7aj267]     at _destroy (node:internal/streams/destroy:121:10)
  1637.336ms [⏱️0] [🔧8xd9u7aj267]     at MockHttpSocket.destroy (node:internal/streams/destroy:83:5)
  1637.438ms [⏱️0] [🔧8xd9u7aj267]     at Writable.destroy (node:internal/streams/writable:1122:11)
  1637.532ms [⏱️0] [🔧8xd9u7aj267]     at MockHttpSocket.destroy (/workspace/repro/node_modules/.pnpm/@mswjs+interceptors@file+../node_modules/@mswjs/interceptors/lib/node/chunk-EFBKFUZI.js:574:18)
  1637.581ms [⏱️0] [🔧8xd9u7aj267]     at MockAgent.<anonymous> (node:_http_agent:154:14)
  1637.597ms [⏱️0] [🔧8xd9u7aj267]     at MockAgent.emit (node:events:524:28)
     0.959ms [⏱️4613] [🔧hhu7qsj9oo] ▶️ resume()
     1.030ms [⏱️4613] [🔧hhu7qsj9oo] ✍️  write 95b 🇺🇸=unknown buffered=0
     1.082ms [⏱️4611] [🔧hhu7qsj9oo] 🚀 onRequestStart path=/ keepAlive=true
     1.624ms [⏱️4613] [🔧hhu7qsj9oo] ✍️  write 2b 🇺🇸=unknown buffered=1
     1.653ms [⏱️4613] [🔧hhu7qsj9oo] ✍️  write 9b 🇺🇸=unknown buffered=2
     1.693ms [⏱️4611] [🔧hhu7qsj9oo] 📦 onRequestBody 9b
     1.723ms [⏱️4613] [🔧hhu7qsj9oo] ✍️  write 2b 🇺🇸=unknown buffered=3
     1.750ms [⏱️4613] [🔧hhu7qsj9oo] ✍️  write 5b 🇺🇸=unknown buffered=4
     1.782ms [⏱️4611] [🔧hhu7qsj9oo] 🏁 onRequestEnd hasStream=true
     1.855ms [⏱️4617] [🔧hhu7qsj9oo] 📖 read([0])
     2.030ms [⏱️4617] [🔧hhu7qsj9oo] 🔬 _read(16384) ⏳=true 🔐=undefined 🇺🇸=unknown 🔗=http://localhost:40417/ origFlowing=undefined
     2.084ms [⏱️4617] [🔧hhu7qsj9oo] 📣 emit resume
     2.109ms [⏱️4617] [🔧hhu7qsj9oo] 📖 read()
     2.657ms [⏱️0] [🔧hhu7qsj9oo] 💨 passthrough() 🧨=false ⏳=true
     2.772ms [⏱️0] [🔧hhu7qsj9oo] 🔌 created originalSocket
     2.806ms [⏱️0] [🔧hhu7qsj9oo] 🚽 flushing writeBuffer (5 items)
     2.881ms [⏱️4631] [🔧hhu7qsj9oo] ▶️ onResume
     2.905ms [⏱️4631] [🔧hhu7qsj9oo] 📣 emit resume
     3.101ms [⏱️4630] [🔧hhu7qsj9oo] 🔍 onLookup args=[null,"::1",6,"localhost"]
     3.132ms [⏱️4630] [🔧hhu7qsj9oo] 📣 emit lookup null, "::1", 6, "localhost"
     3.156ms [⏱️4630] [🔧hhu7qsj9oo] 🔍 onLookup args=[null,"127.0.0.1",4,"localhost"]
     3.178ms [⏱️4630] [🔧hhu7qsj9oo] 📣 emit lookup null, "127.0.0.1", 4, "localhost"
   683.450ms [⏱️4090] [🔧fpxgbgm69a] 🔌 onConnect delay from lookup
   683.523ms [⏱️4090] [🔧fpxgbgm69a] ⚠️  HANDLE MISMATCH!
   683.543ms [⏱️4090] [🔧fpxgbgm69a]    My Handle: TCP 🔧=true 🆔=-22 📖=false
   683.594ms [⏱️4090] [🔧fpxgbgm69a]    Socket Handle: TCP 🔧=false 🆔=146 📖=false
   683.629ms [⏱️4090] [🔧fpxgbgm69a]    Object references are different!
   683.672ms [⏱️4090] [🔧fpxgbgm69a] 📣 emit connect
   683.714ms [⏱️4090] [🔧fpxgbgm69a] 🔬 _read(16384) ⏳=false 🔐=undefined 🇺🇸=passthrough 🔗=http://localhost:40417/ origFlowing=true
   683.773ms [⏱️4090] [🔧fpxgbgm69a] ✅ onReady
   683.812ms [⏱️4090] [🔧fpxgbgm69a] 📣 emit ready
   258.012ms [⏱️4275] [🔧me57vqf2b58] 🔧 HANDLE.close()
   258.162ms [⏱️4275] [🔧me57vqf2b58]     at Timeout.internalConnectMultipleTimeout [as _onTimeout] (node:net:1712:10)
   258.212ms [⏱️4275] [🔧me57vqf2b58]     at listOnTimeout (node:internal/timers:583:11)
   258.236ms [⏱️4275] [🔧me57vqf2b58]     at process.processTimers (node:internal/timers:519:7)
   258.346ms [⏱️4275] [🔧me57vqf2b58] 🔧 HANDLE.close()
   258.468ms [⏱️4275] [🔧me57vqf2b58]     at Socket.reinitializeHandle (node:net:1265:17)
   258.550ms [⏱️4275] [🔧me57vqf2b58]     at internalConnectMultiple (node:net:1131:30)
   258.652ms [⏱️4275] [🔧me57vqf2b58]     at Timeout.internalConnectMultipleTimeout (node:net:1716:5)
   258.677ms [⏱️4275] [🔧me57vqf2b58]     at listOnTimeout (node:internal/timers:583:11)
   258.696ms [⏱️4275] [🔧me57vqf2b58]     at process.processTimers (node:internal/timers:519:7)
  1061.856ms [⏱️3726] [🔧gle076ykmj] 💾 onData 120b
  1061.978ms [⏱️3726] [🔧gle076ykmj] 📤 push([{"type":"Buffer","data":[72,84,84,80,47)
  1062.022ms [⏱️3553] [🔧gle076ykmj] 📨 onResponseStart status=200 🇺🇸=passthrough
  1062.455ms [⏱️3553] [🔧gle076ykmj] 📥 onResponseBody 2b
  1062.499ms [⏱️3553] [🔧gle076ykmj] 🎬 onResponseEnd hasStream=true
  1062.547ms [⏱️3726] [🔧gle076ykmj] 📣 emit data 120 chars
  1062.590ms [⏱️4656] [🔧gle076ykmj] 📖 read([0])
  1062.636ms [⏱️4656] [🔧gle076ykmj] 🔬 _read(16384) ⏳=false 🔐=undefined 🇺🇸=passthrough 🔗=http://localhost:40417/ origFlowing=true
  1062.734ms [⏱️3556] [🔧gle076ykmj] ▶️ resume()
  1063.182ms [⏱️4671] [🔧gle076ykmj] 📣 emit free
     0.001ms [⏱️0] [🔧21cn11p2ext] 🏗️  constructor starting
     0.073ms [⏱️0] [🔧21cn11p2ext] 🏗️  constructor complete http://localhost:40417/
  1063.556ms [⏱️0] [🔧gle076ykmj] 🧨 _destroy ⏳=false 🔐=undefined 🇺🇸=passthrough 🔗=http://localhost:40417/
  1063.588ms [⏱️0] [🔧gle076ykmj] 🔧 HANDLE.close()
  1063.679ms [⏱️0] [🔧gle076ykmj]     at closeSocketHandle (node:net:341:18)
  1063.699ms [⏱️0] [🔧gle076ykmj]     at Socket._destroy (node:net:831:7)
  1063.709ms [⏱️0] [🔧gle076ykmj]     at _destroy (node:internal/streams/destroy:121:10)
  1063.718ms [⏱️0] [🔧gle076ykmj]     at MockHttpSocket.destroy (node:internal/streams/destroy:83:5)
  1063.749ms [⏱️0] [🔧gle076ykmj]     at Writable.destroy (node:internal/streams/writable:1122:11)
  1063.768ms [⏱️0] [🔧gle076ykmj]     at MockHttpSocket.destroy (/workspace/repro/node_modules/.pnpm/@mswjs+interceptors@file+../node_modules/@mswjs/interceptors/lib/node/chunk-EFBKFUZI.js:574:18)
  1063.786ms [⏱️0] [🔧gle076ykmj]     at MockAgent.<anonymous> (node:_http_agent:154:14)
  1063.804ms [⏱️0] [🔧gle076ykmj]     at MockAgent.emit (node:events:524:28)
     0.432ms [⏱️4678] [🔧21cn11p2ext] ▶️ resume()
     0.568ms [⏱️4678] [🔧21cn11p2ext] ✍️  write 95b 🇺🇸=unknown buffered=0
     0.647ms [⏱️4676] [🔧21cn11p2ext] 🚀 onRequestStart path=/ keepAlive=true
     1.051ms [⏱️4678] [🔧21cn11p2ext] ✍️  write 2b 🇺🇸=unknown buffered=1
     1.076ms [⏱️4678] [🔧21cn11p2ext] ✍️  write 9b 🇺🇸=unknown buffered=2
     1.093ms [⏱️4676] [🔧21cn11p2ext] 📦 onRequestBody 9b
     1.111ms [⏱️4678] [🔧21cn11p2ext] ✍️  write 2b 🇺🇸=unknown buffered=3
     1.127ms [⏱️4678] [🔧21cn11p2ext] ✍️  write 5b 🇺🇸=unknown buffered=4
     1.139ms [⏱️4676] [🔧21cn11p2ext] 🏁 onRequestEnd hasStream=true
     1.166ms [⏱️4682] [🔧21cn11p2ext] 📖 read([0])
     1.186ms [⏱️4682] [🔧21cn11p2ext] 🔬 _read(16384) ⏳=true 🔐=undefined 🇺🇸=unknown 🔗=http://localhost:40417/ origFlowing=undefined
     1.204ms [⏱️4682] [🔧21cn11p2ext] 📣 emit resume
     1.217ms [⏱️4682] [🔧21cn11p2ext] 📖 read()
     1.670ms [⏱️0] [🔧21cn11p2ext] 💨 passthrough() 🧨=false ⏳=true
     1.756ms [⏱️0] [🔧21cn11p2ext] 🔌 created originalSocket
     1.782ms [⏱️0] [🔧21cn11p2ext] 🚽 flushing writeBuffer (5 items)
     1.825ms [⏱️4696] [🔧21cn11p2ext] ▶️ onResume
     1.845ms [⏱️4696] [🔧21cn11p2ext] 📣 emit resume
     1.912ms [⏱️4695] [🔧21cn11p2ext] 🔍 onLookup args=[null,"::1",6,"localhost"]
     1.945ms [⏱️4695] [🔧21cn11p2ext] 📣 emit lookup null, "::1", 6, "localhost"
     1.962ms [⏱️4695] [🔧21cn11p2ext] 🔍 onLookup args=[null,"127.0.0.1",4,"localhost"]
     1.980ms [⏱️4695] [🔧21cn11p2ext] 📣 emit lookup null, "127.0.0.1", 4, "localhost"
   253.959ms [⏱️4343] [🔧tz719tv1n9a] 🔧 HANDLE.close()
   254.161ms [⏱️4343] [🔧tz719tv1n9a]     at Timeout.internalConnectMultipleTimeout [as _onTimeout] (node:net:1712:10)
   254.212ms [⏱️4343] [🔧tz719tv1n9a]     at listOnTimeout (node:internal/timers:583:11)
   254.238ms [⏱️4343] [🔧tz719tv1n9a]     at process.processTimers (node:internal/timers:519:7)
   254.352ms [⏱️4343] [🔧tz719tv1n9a] 🔧 HANDLE.close()
   254.411ms [⏱️4343] [🔧tz719tv1n9a]     at Socket.reinitializeHandle (node:net:1265:17)
   254.431ms [⏱️4343] [🔧tz719tv1n9a]     at internalConnectMultiple (node:net:1131:30)
   254.441ms [⏱️4343] [🔧tz719tv1n9a]     at Timeout.internalConnectMultipleTimeout (node:net:1716:5)
   254.449ms [⏱️4343] [🔧tz719tv1n9a]     at listOnTimeout (node:internal/timers:583:11)
   254.457ms [⏱️4343] [🔧tz719tv1n9a]     at process.processTimers (node:internal/timers:519:7)
   230.158ms [⏱️4399] [🔧zxssdzh6whp] 🔌 onConnect delay from lookup
   230.202ms [⏱️4399] [🔧zxssdzh6whp] ✅ Handles match
   230.216ms [⏱️4399] [🔧zxssdzh6whp] 📣 emit connect
   230.245ms [⏱️4399] [🔧zxssdzh6whp] 🔬 _read(16384) ⏳=false 🔐=undefined 🇺🇸=passthrough 🔗=http://localhost:40417/ origFlowing=true
   230.272ms [⏱️4399] [🔧zxssdzh6whp] 🔧 HANDLE.readStart()
   230.367ms [⏱️4399] [🔧zxssdzh6whp]     at tryReadStart (node:net:705:30)
   230.386ms [⏱️4399] [🔧zxssdzh6whp]     at Socket._read (node:net:722:5)
   230.396ms [⏱️4399] [🔧zxssdzh6whp]     at Socket.<anonymous> (node:net:720:37)
   230.411ms [⏱️4399] [🔧zxssdzh6whp]     at Object.onceWrapper (node:events:638:28)
   230.421ms [⏱️4399] [🔧zxssdzh6whp]     at Socket.emit (node:events:536:35)
   230.438ms [⏱️4399] [🔧zxssdzh6whp]     at afterConnect (node:net:1596:10)
   230.448ms [⏱️4399] [🔧zxssdzh6whp]     at afterConnectMultiple (node:net:1703:3)
   230.464ms [⏱️4399] [🔧zxssdzh6whp] ✅ onReady
   230.482ms [⏱️4399] [🔧zxssdzh6whp] 📣 emit ready
   826.311ms [⏱️4027] [🔧n6ompuig69] 💾 onData 120b
   826.462ms [⏱️4027] [🔧n6ompuig69] 📤 push([{"type":"Buffer","data":[72,84,84,80,47)
   826.531ms [⏱️3867] [🔧n6ompuig69] 📨 onResponseStart status=200 🇺🇸=passthrough
   827.003ms [⏱️3867] [🔧n6ompuig69] 📥 onResponseBody 2b
   827.061ms [⏱️3867] [🔧n6ompuig69] 🎬 onResponseEnd hasStream=true
   827.100ms [⏱️4027] [🔧n6ompuig69] 📣 emit data 120 chars
   827.133ms [⏱️4724] [🔧n6ompuig69] 📖 read([0])
   827.158ms [⏱️4724] [🔧n6ompuig69] 🔬 _read(16384) ⏳=false 🔐=undefined 🇺🇸=passthrough 🔗=http://localhost:40417/ origFlowing=true
   827.353ms [⏱️3870] [🔧n6ompuig69] ▶️ resume()
   827.581ms [⏱️4739] [🔧n6ompuig69] 📣 emit free
     0.001ms [⏱️0] [🔧45uouron8ms] 🏗️  constructor starting
     0.081ms [⏱️0] [🔧45uouron8ms] 🏗️  constructor complete http://localhost:40417/
   828.079ms [⏱️0] [🔧n6ompuig69] 🧨 _destroy ⏳=false 🔐=undefined 🇺🇸=passthrough 🔗=http://localhost:40417/
   828.129ms [⏱️0] [🔧n6ompuig69] 🔧 HANDLE.close()
   828.296ms [⏱️0] [🔧n6ompuig69]     at closeSocketHandle (node:net:341:18)
   828.403ms [⏱️0] [🔧n6ompuig69]     at Socket._destroy (node:net:831:7)
   828.431ms [⏱️0] [🔧n6ompuig69]     at _destroy (node:internal/streams/destroy:121:10)
   828.440ms [⏱️0] [🔧n6ompuig69]     at MockHttpSocket.destroy (node:internal/streams/destroy:83:5)
   828.455ms [⏱️0] [🔧n6ompuig69]     at Writable.destroy (node:internal/streams/writable:1122:11)
   828.468ms [⏱️0] [🔧n6ompuig69]     at MockHttpSocket.destroy (/workspace/repro/node_modules/.pnpm/@mswjs+interceptors@file+../node_modules/@mswjs/interceptors/lib/node/chunk-EFBKFUZI.js:574:18)
   828.483ms [⏱️0] [🔧n6ompuig69]     at MockAgent.<anonymous> (node:_http_agent:154:14)
   828.503ms [⏱️0] [🔧n6ompuig69]     at MockAgent.emit (node:events:524:28)
     0.648ms [⏱️4746] [🔧45uouron8ms] ▶️ resume()
     0.711ms [⏱️4746] [🔧45uouron8ms] ✍️  write 95b 🇺🇸=unknown buffered=0
     0.768ms [⏱️4744] [🔧45uouron8ms] 🚀 onRequestStart path=/ keepAlive=true
     1.379ms [⏱️4746] [🔧45uouron8ms] ✍️  write 2b 🇺🇸=unknown buffered=1
     1.429ms [⏱️4746] [🔧45uouron8ms] ✍️  write 9b 🇺🇸=unknown buffered=2
     1.463ms [⏱️4744] [🔧45uouron8ms] 📦 onRequestBody 9b
     1.490ms [⏱️4746] [🔧45uouron8ms] ✍️  write 2b 🇺🇸=unknown buffered=3
     1.511ms [⏱️4746] [🔧45uouron8ms] ✍️  write 5b 🇺🇸=unknown buffered=4
     1.526ms [⏱️4744] [🔧45uouron8ms] 🏁 onRequestEnd hasStream=true
     1.565ms [⏱️4750] [🔧45uouron8ms] 📖 read([0])
     1.587ms [⏱️4750] [🔧45uouron8ms] 🔬 _read(16384) ⏳=true 🔐=undefined 🇺🇸=unknown 🔗=http://localhost:40417/ origFlowing=undefined
     1.610ms [⏱️4750] [🔧45uouron8ms] 📣 emit resume
     1.627ms [⏱️4750] [🔧45uouron8ms] 📖 read()
     2.221ms [⏱️0] [🔧45uouron8ms] 💨 passthrough() 🧨=false ⏳=true
     2.354ms [⏱️0] [🔧45uouron8ms] 🔌 created originalSocket
     2.384ms [⏱️0] [🔧45uouron8ms] 🚽 flushing writeBuffer (5 items)
     2.439ms [⏱️4764] [🔧45uouron8ms] ▶️ onResume
     2.458ms [⏱️4764] [🔧45uouron8ms] 📣 emit resume
     2.584ms [⏱️4763] [🔧45uouron8ms] 🔍 onLookup args=[null,"::1",6,"localhost"]
     2.616ms [⏱️4763] [🔧45uouron8ms] 📣 emit lookup null, "::1", 6, "localhost"
     2.633ms [⏱️4763] [🔧45uouron8ms] 🔍 onLookup args=[null,"127.0.0.1",4,"localhost"]
     2.716ms [⏱️4763] [🔧45uouron8ms] 📣 emit lookup null, "127.0.0.1", 4, "localhost"
   254.230ms [⏱️4455] [🔧opd2a3igvrr] 🔧 HANDLE.close()
   254.330ms [⏱️4455] [🔧opd2a3igvrr]     at Timeout.internalConnectMultipleTimeout [as _onTimeout] (node:net:1712:10)
   254.351ms [⏱️4455] [🔧opd2a3igvrr]     at listOnTimeout (node:internal/timers:583:11)
   254.363ms [⏱️4455] [🔧opd2a3igvrr]     at process.processTimers (node:internal/timers:519:7)
   254.410ms [⏱️4455] [🔧opd2a3igvrr] 🔧 HANDLE.close()
   254.464ms [⏱️4455] [🔧opd2a3igvrr]     at Socket.reinitializeHandle (node:net:1265:17)
   254.482ms [⏱️4455] [🔧opd2a3igvrr]     at internalConnectMultiple (node:net:1131:30)
   254.492ms [⏱️4455] [🔧opd2a3igvrr]     at Timeout.internalConnectMultipleTimeout (node:net:1716:5)
   254.506ms [⏱️4455] [🔧opd2a3igvrr]     at listOnTimeout (node:internal/timers:583:11)
   254.516ms [⏱️4455] [🔧opd2a3igvrr]     at process.processTimers (node:internal/timers:519:7)
   253.030ms [⏱️4510] [🔧uqkwmww7nu] 🔧 HANDLE.close()
   253.133ms [⏱️4510] [🔧uqkwmww7nu]     at Timeout.internalConnectMultipleTimeout [as _onTimeout] (node:net:1712:10)
   253.155ms [⏱️4510] [🔧uqkwmww7nu]     at listOnTimeout (node:internal/timers:583:11)
   253.166ms [⏱️4510] [🔧uqkwmww7nu]     at process.processTimers (node:internal/timers:519:7)
   253.222ms [⏱️4510] [🔧uqkwmww7nu] 🔧 HANDLE.close()
   253.279ms [⏱️4510] [🔧uqkwmww7nu]     at Socket.reinitializeHandle (node:net:1265:17)
   253.329ms [⏱️4510] [🔧uqkwmww7nu]     at internalConnectMultiple (node:net:1131:30)
   253.362ms [⏱️4510] [🔧uqkwmww7nu]     at Timeout.internalConnectMultipleTimeout (node:net:1716:5)
   253.373ms [⏱️4510] [🔧uqkwmww7nu]     at listOnTimeout (node:internal/timers:583:11)
   253.385ms [⏱️4510] [🔧uqkwmww7nu]     at process.processTimers (node:internal/timers:519:7)
   252.661ms [⏱️4562] [🔧fkx28o66eai] 🔧 HANDLE.close()
   252.817ms [⏱️4562] [🔧fkx28o66eai]     at Timeout.internalConnectMultipleTimeout [as _onTimeout] (node:net:1712:10)
   252.840ms [⏱️4562] [🔧fkx28o66eai]     at listOnTimeout (node:internal/timers:583:11)
   252.852ms [⏱️4562] [🔧fkx28o66eai]     at process.processTimers (node:internal/timers:519:7)
   252.930ms [⏱️4562] [🔧fkx28o66eai] 🔧 HANDLE.close()
   252.987ms [⏱️4562] [🔧fkx28o66eai]     at Socket.reinitializeHandle (node:net:1265:17)
   253.007ms [⏱️4562] [🔧fkx28o66eai]     at internalConnectMultiple (node:net:1131:30)
   253.019ms [⏱️4562] [🔧fkx28o66eai]     at Timeout.internalConnectMultipleTimeout (node:net:1716:5)
   253.033ms [⏱️4562] [🔧fkx28o66eai]     at listOnTimeout (node:internal/timers:583:11)
   253.042ms [⏱️4562] [🔧fkx28o66eai]     at process.processTimers (node:internal/timers:519:7)
   573.896ms [⏱️4346] [🔧1eqz0ue8lcj] 🔌 onConnect delay from lookup
   573.926ms [⏱️4346] [🔧1eqz0ue8lcj] ⚠️  HANDLE MISMATCH!
   573.939ms [⏱️4346] [🔧1eqz0ue8lcj]    My Handle: TCP 🔧=true 🆔=-22 📖=false
   573.956ms [⏱️4346] [🔧1eqz0ue8lcj]    Socket Handle: TCP 🔧=false 🆔=151 📖=false
   573.967ms [⏱️4346] [🔧1eqz0ue8lcj]    Object references are different!
   573.986ms [⏱️4346] [🔧1eqz0ue8lcj] 📣 emit connect
   574.025ms [⏱️4346] [🔧1eqz0ue8lcj] 🔬 _read(16384) ⏳=false 🔐=undefined 🇺🇸=passthrough 🔗=http://localhost:40417/ origFlowing=true
   574.055ms [⏱️4346] [🔧1eqz0ue8lcj] ✅ onReady
   574.072ms [⏱️4346] [🔧1eqz0ue8lcj] 📣 emit ready
  1645.518ms [⏱️3301] [🔧wlocnulaz2o] 💾 onData 120b
  1645.660ms [⏱️3301] [🔧wlocnulaz2o] 📤 push([{"type":"Buffer","data":[72,84,84,80,47)
  1645.697ms [⏱️3132] [🔧wlocnulaz2o] 📨 onResponseStart status=200 🇺🇸=passthrough
  1646.054ms [⏱️3132] [🔧wlocnulaz2o] 📥 onResponseBody 2b
  1646.086ms [⏱️3132] [🔧wlocnulaz2o] 🎬 onResponseEnd hasStream=true
  1646.130ms [⏱️3301] [🔧wlocnulaz2o] 📣 emit data 120 chars
  1646.167ms [⏱️4801] [🔧wlocnulaz2o] 📖 read([0])
  1646.197ms [⏱️4801] [🔧wlocnulaz2o] 🔬 _read(16384) ⏳=false 🔐=undefined 🇺🇸=passthrough 🔗=http://localhost:40417/ origFlowing=true
  1646.278ms [⏱️3135] [🔧wlocnulaz2o] ▶️ resume()
  1646.370ms [⏱️4816] [🔧wlocnulaz2o] 📣 emit free
     0.001ms [⏱️0] [🔧r6o69bculpk] 🏗️  constructor starting
     0.073ms [⏱️0] [🔧r6o69bculpk] 🏗️  constructor complete http://localhost:40417/
  1646.764ms [⏱️0] [🔧wlocnulaz2o] 🧨 _destroy ⏳=false 🔐=undefined 🇺🇸=passthrough 🔗=http://localhost:40417/
  1646.804ms [⏱️0] [🔧wlocnulaz2o] 🔧 HANDLE.close()
  1646.905ms [⏱️0] [🔧wlocnulaz2o]     at closeSocketHandle (node:net:341:18)
  1646.920ms [⏱️0] [🔧wlocnulaz2o]     at Socket._destroy (node:net:831:7)
  1646.927ms [⏱️0] [🔧wlocnulaz2o]     at _destroy (node:internal/streams/destroy:121:10)
  1646.938ms [⏱️0] [🔧wlocnulaz2o]     at MockHttpSocket.destroy (node:internal/streams/destroy:83:5)
  1646.949ms [⏱️0] [🔧wlocnulaz2o]     at Writable.destroy (node:internal/streams/writable:1122:11)
  1646.956ms [⏱️0] [🔧wlocnulaz2o]     at MockHttpSocket.destroy (/workspace/repro/node_modules/.pnpm/@mswjs+interceptors@file+../node_modules/@mswjs/interceptors/lib/node/chunk-EFBKFUZI.js:574:18)
  1646.966ms [⏱️0] [🔧wlocnulaz2o]     at MockAgent.<anonymous> (node:_http_agent:154:14)
  1646.977ms [⏱️0] [🔧wlocnulaz2o]     at MockAgent.emit (node:events:524:28)
     0.388ms [⏱️4823] [🔧r6o69bculpk] ▶️ resume()
     0.411ms [⏱️4823] [🔧r6o69bculpk] ✍️  write 95b 🇺🇸=unknown buffered=0
     0.440ms [⏱️4821] [🔧r6o69bculpk] 🚀 onRequestStart path=/ keepAlive=true
     0.734ms [⏱️4823] [🔧r6o69bculpk] ✍️  write 2b 🇺🇸=unknown buffered=1
     0.753ms [⏱️4823] [🔧r6o69bculpk] ✍️  write 9b 🇺🇸=unknown buffered=2
     0.812ms [⏱️4821] [🔧r6o69bculpk] 📦 onRequestBody 9b
     0.914ms [⏱️4823] [🔧r6o69bculpk] ✍️  write 2b 🇺🇸=unknown buffered=3
     0.963ms [⏱️4823] [🔧r6o69bculpk] ✍️  write 5b 🇺🇸=unknown buffered=4
     1.017ms [⏱️4821] [🔧r6o69bculpk] 🏁 onRequestEnd hasStream=true
     1.085ms [⏱️4827] [🔧r6o69bculpk] 📖 read([0])
     1.141ms [⏱️4827] [🔧r6o69bculpk] 🔬 _read(16384) ⏳=true 🔐=undefined 🇺🇸=unknown 🔗=http://localhost:40417/ origFlowing=undefined
     1.181ms [⏱️4827] [🔧r6o69bculpk] 📣 emit resume
     1.226ms [⏱️4827] [🔧r6o69bculpk] 📖 read()
     1.989ms [⏱️0] [🔧r6o69bculpk] 💨 passthrough() 🧨=false ⏳=true
     2.127ms [⏱️0] [🔧r6o69bculpk] 🔌 created originalSocket
     2.174ms [⏱️0] [🔧r6o69bculpk] 🚽 flushing writeBuffer (5 items)
     2.235ms [⏱️4841] [🔧r6o69bculpk] ▶️ onResume
     2.286ms [⏱️4841] [🔧r6o69bculpk] 📣 emit resume
     2.365ms [⏱️4840] [🔧r6o69bculpk] 🔍 onLookup args=[null,"::1",6,"localhost"]
     2.395ms [⏱️4840] [🔧r6o69bculpk] 📣 emit lookup null, "::1", 6, "localhost"
     2.415ms [⏱️4840] [🔧r6o69bculpk] 🔍 onLookup args=[null,"127.0.0.1",4,"localhost"]
     2.437ms [⏱️4840] [🔧r6o69bculpk] 📣 emit lookup null, "127.0.0.1", 4, "localhost"
  1296.553ms [⏱️3712] [🔧rxagvr3cux] 💾 onData 120b
  1296.620ms [⏱️3712] [🔧rxagvr3cux] 📤 push([{"type":"Buffer","data":[72,84,84,80,47)
  1296.646ms [⏱️3447] [🔧rxagvr3cux] 📨 onResponseStart status=200 🇺🇸=passthrough
  1296.913ms [⏱️3447] [🔧rxagvr3cux] 📥 onResponseBody 2b
  1296.939ms [⏱️3447] [🔧rxagvr3cux] 🎬 onResponseEnd hasStream=true
  1296.974ms [⏱️3712] [🔧rxagvr3cux] 📣 emit data 120 chars
  1297.001ms [⏱️4855] [🔧rxagvr3cux] 📖 read([0])
  1297.024ms [⏱️4855] [🔧rxagvr3cux] 🔬 _read(16384) ⏳=false 🔐=undefined 🇺🇸=passthrough 🔗=http://localhost:40417/ origFlowing=true
  1297.141ms [⏱️3450] [🔧rxagvr3cux] ▶️ resume()
  1297.246ms [⏱️4870] [🔧rxagvr3cux] 📣 emit free
     0.001ms [⏱️0] [🔧m4a5o0mtwx] 🏗️  constructor starting
     0.105ms [⏱️0] [🔧m4a5o0mtwx] 🏗️  constructor complete http://localhost:40417/
  1297.714ms [⏱️0] [🔧rxagvr3cux] 🧨 _destroy ⏳=false 🔐=undefined 🇺🇸=passthrough 🔗=http://localhost:40417/
  1297.750ms [⏱️0] [🔧rxagvr3cux] 🔧 HANDLE.close()
  1297.884ms [⏱️0] [🔧rxagvr3cux]     at closeSocketHandle (node:net:341:18)
  1297.923ms [⏱️0] [🔧rxagvr3cux]     at Socket._destroy (node:net:831:7)
  1297.950ms [⏱️0] [🔧rxagvr3cux]     at _destroy (node:internal/streams/destroy:121:10)
  1297.959ms [⏱️0] [🔧rxagvr3cux]     at MockHttpSocket.destroy (node:internal/streams/destroy:83:5)
  1297.966ms [⏱️0] [🔧rxagvr3cux]     at Writable.destroy (node:internal/streams/writable:1122:11)
  1297.979ms [⏱️0] [🔧rxagvr3cux]     at MockHttpSocket.destroy (/workspace/repro/node_modules/.pnpm/@mswjs+interceptors@file+../node_modules/@mswjs/interceptors/lib/node/chunk-EFBKFUZI.js:574:18)
  1297.993ms [⏱️0] [🔧rxagvr3cux]     at MockAgent.<anonymous> (node:_http_agent:154:14)
  1298.008ms [⏱️0] [🔧rxagvr3cux]     at MockAgent.emit (node:events:524:28)
     0.561ms [⏱️4877] [🔧m4a5o0mtwx] ▶️ resume()
     0.597ms [⏱️4877] [🔧m4a5o0mtwx] ✍️  write 95b 🇺🇸=unknown buffered=0
     0.636ms [⏱️4875] [🔧m4a5o0mtwx] 🚀 onRequestStart path=/ keepAlive=true
     1.121ms [⏱️4877] [🔧m4a5o0mtwx] ✍️  write 2b 🇺🇸=unknown buffered=1
     1.151ms [⏱️4877] [🔧m4a5o0mtwx] ✍️  write 9b 🇺🇸=unknown buffered=2
     1.181ms [⏱️4875] [🔧m4a5o0mtwx] 📦 onRequestBody 9b
     1.204ms [⏱️4877] [🔧m4a5o0mtwx] ✍️  write 2b 🇺🇸=unknown buffered=3
     1.224ms [⏱️4877] [🔧m4a5o0mtwx] ✍️  write 5b 🇺🇸=unknown buffered=4
     1.242ms [⏱️4875] [🔧m4a5o0mtwx] 🏁 onRequestEnd hasStream=true
     1.268ms [⏱️4881] [🔧m4a5o0mtwx] 📖 read([0])
     1.288ms [⏱️4881] [🔧m4a5o0mtwx] 🔬 _read(16384) ⏳=true 🔐=undefined 🇺🇸=unknown 🔗=http://localhost:40417/ origFlowing=undefined
     1.312ms [⏱️4881] [🔧m4a5o0mtwx] 📣 emit resume
     1.330ms [⏱️4881] [🔧m4a5o0mtwx] 📖 read()
     1.708ms [⏱️0] [🔧m4a5o0mtwx] 💨 passthrough() 🧨=false ⏳=true
     1.824ms [⏱️0] [🔧m4a5o0mtwx] 🔌 created originalSocket
     1.847ms [⏱️0] [🔧m4a5o0mtwx] 🚽 flushing writeBuffer (5 items)
     1.893ms [⏱️4895] [🔧m4a5o0mtwx] ▶️ onResume
     1.911ms [⏱️4895] [🔧m4a5o0mtwx] 📣 emit resume
     2.046ms [⏱️4894] [🔧m4a5o0mtwx] 🔍 onLookup args=[null,"::1",6,"localhost"]
     2.073ms [⏱️4894] [🔧m4a5o0mtwx] 📣 emit lookup null, "::1", 6, "localhost"
     2.093ms [⏱️4894] [🔧m4a5o0mtwx] 🔍 onLookup args=[null,"127.0.0.1",4,"localhost"]
     2.109ms [⏱️4894] [🔧m4a5o0mtwx] 📣 emit lookup null, "127.0.0.1", 4, "localhost"
   253.748ms [⏱️4635] [🔧hhu7qsj9oo] 🔧 HANDLE.close()
   253.838ms [⏱️4635] [🔧hhu7qsj9oo]     at Timeout.internalConnectMultipleTimeout [as _onTimeout] (node:net:1712:10)
   253.858ms [⏱️4635] [🔧hhu7qsj9oo]     at listOnTimeout (node:internal/timers:583:11)
   253.873ms [⏱️4635] [🔧hhu7qsj9oo]     at process.processTimers (node:internal/timers:519:7)
   253.923ms [⏱️4635] [🔧hhu7qsj9oo] 🔧 HANDLE.close()
   253.967ms [⏱️4635] [🔧hhu7qsj9oo]     at Socket.reinitializeHandle (node:net:1265:17)
   253.983ms [⏱️4635] [🔧hhu7qsj9oo]     at internalConnectMultiple (node:net:1131:30)
   253.992ms [⏱️4635] [🔧hhu7qsj9oo]     at Timeout.internalConnectMultipleTimeout (node:net:1716:5)
   253.999ms [⏱️4635] [🔧hhu7qsj9oo]     at listOnTimeout (node:internal/timers:583:11)
   254.005ms [⏱️4635] [🔧hhu7qsj9oo]     at process.processTimers (node:internal/timers:519:7)
   255.585ms [⏱️4700] [🔧21cn11p2ext] 🔧 HANDLE.close()
   255.757ms [⏱️4700] [🔧21cn11p2ext]     at Timeout.internalConnectMultipleTimeout [as _onTimeout] (node:net:1712:10)
   255.782ms [⏱️4700] [🔧21cn11p2ext]     at listOnTimeout (node:internal/timers:583:11)
   255.806ms [⏱️4700] [🔧21cn11p2ext]     at process.processTimers (node:internal/timers:519:7)
   255.878ms [⏱️4700] [🔧21cn11p2ext] 🔧 HANDLE.close()
   255.981ms [⏱️4700] [🔧21cn11p2ext]     at Socket.reinitializeHandle (node:net:1265:17)
   256.012ms [⏱️4700] [🔧21cn11p2ext]     at internalConnectMultiple (node:net:1131:30)
   256.044ms [⏱️4700] [🔧21cn11p2ext]     at Timeout.internalConnectMultipleTimeout (node:net:1716:5)
   256.068ms [⏱️4700] [🔧21cn11p2ext]     at listOnTimeout (node:internal/timers:583:11)
   256.090ms [⏱️4700] [🔧21cn11p2ext]     at process.processTimers (node:internal/timers:519:7)
  1395.756ms [⏱️3715] [🔧68qla3xrr69] 💾 onData 120b
  1395.869ms [⏱️3715] [🔧68qla3xrr69] 📤 push([{"type":"Buffer","data":[72,84,84,80,47)
  1395.917ms [⏱️3495] [🔧68qla3xrr69] 📨 onResponseStart status=200 🇺🇸=passthrough
  1396.338ms [⏱️3495] [🔧68qla3xrr69] 📥 onResponseBody 2b
  1396.410ms [⏱️3495] [🔧68qla3xrr69] 🎬 onResponseEnd hasStream=true
  1396.459ms [⏱️3715] [🔧68qla3xrr69] 📣 emit data 120 chars
  1396.503ms [⏱️4924] [🔧68qla3xrr69] 📖 read([0])
  1396.536ms [⏱️4924] [🔧68qla3xrr69] 🔬 _read(16384) ⏳=false 🔐=undefined 🇺🇸=passthrough 🔗=http://localhost:40417/ origFlowing=true
  1396.657ms [⏱️3498] [🔧68qla3xrr69] ▶️ resume()
  1396.788ms [⏱️4939] [🔧68qla3xrr69] 📣 emit free
     0.001ms [⏱️0] [🔧2j4zk71um8] 🏗️  constructor starting
     0.128ms [⏱️0] [🔧2j4zk71um8] 🏗️  constructor complete http://localhost:40417/
  1397.342ms [⏱️0] [🔧68qla3xrr69] 🧨 _destroy ⏳=false 🔐=undefined 🇺🇸=passthrough 🔗=http://localhost:40417/
  1397.417ms [⏱️0] [🔧68qla3xrr69] 🔧 HANDLE.close()
  1397.594ms [⏱️0] [🔧68qla3xrr69]     at closeSocketHandle (node:net:341:18)
  1397.640ms [⏱️0] [🔧68qla3xrr69]     at Socket._destroy (node:net:831:7)
  1397.663ms [⏱️0] [🔧68qla3xrr69]     at _destroy (node:internal/streams/destroy:121:10)
  1397.686ms [⏱️0] [🔧68qla3xrr69]     at MockHttpSocket.destroy (node:internal/streams/destroy:83:5)
  1397.698ms [⏱️0] [🔧68qla3xrr69]     at Writable.destroy (node:internal/streams/writable:1122:11)
  1397.723ms [⏱️0] [🔧68qla3xrr69]     at MockHttpSocket.destroy (/workspace/repro/node_modules/.pnpm/@mswjs+interceptors@file+../node_modules/@mswjs/interceptors/lib/node/chunk-EFBKFUZI.js:574:18)
  1397.742ms [⏱️0] [🔧68qla3xrr69]     at MockAgent.<anonymous> (node:_http_agent:154:14)
  1397.756ms [⏱️0] [🔧68qla3xrr69]     at MockAgent.emit (node:events:524:28)
     0.755ms [⏱️4946] [🔧2j4zk71um8] ▶️ resume()
     0.807ms [⏱️4946] [🔧2j4zk71um8] ✍️  write 95b 🇺🇸=unknown buffered=0
     0.855ms [⏱️4944] [🔧2j4zk71um8] 🚀 onRequestStart path=/ keepAlive=true
     1.460ms [⏱️4946] [🔧2j4zk71um8] ✍️  write 2b 🇺🇸=unknown buffered=1
     1.499ms [⏱️4946] [🔧2j4zk71um8] ✍️  write 9b 🇺🇸=unknown buffered=2
     1.536ms [⏱️4944] [🔧2j4zk71um8] 📦 onRequestBody 9b
     1.569ms [⏱️4946] [🔧2j4zk71um8] ✍️  write 2b 🇺🇸=unknown buffered=3
     1.590ms [⏱️4946] [🔧2j4zk71um8] ✍️  write 5b 🇺🇸=unknown buffered=4
     1.615ms [⏱️4944] [🔧2j4zk71um8] 🏁 onRequestEnd hasStream=true
     1.684ms [⏱️4950] [🔧2j4zk71um8] 📖 read([0])
     1.726ms [⏱️4950] [🔧2j4zk71um8] 🔬 _read(16384) ⏳=true 🔐=undefined 🇺🇸=unknown 🔗=http://localhost:40417/ origFlowing=undefined
     1.752ms [⏱️4950] [🔧2j4zk71um8] 📣 emit resume
     1.781ms [⏱️4950] [🔧2j4zk71um8] 📖 read()
     2.351ms [⏱️0] [🔧2j4zk71um8] 💨 passthrough() 🧨=false ⏳=true
     2.495ms [⏱️0] [🔧2j4zk71um8] 🔌 created originalSocket
     2.529ms [⏱️0] [🔧2j4zk71um8] 🚽 flushing writeBuffer (5 items)
     2.598ms [⏱️4964] [🔧2j4zk71um8] ▶️ onResume
     2.617ms [⏱️4964] [🔧2j4zk71um8] 📣 emit resume
     2.734ms [⏱️4963] [🔧2j4zk71um8] 🔍 onLookup args=[null,"::1",6,"localhost"]
     2.766ms [⏱️4963] [🔧2j4zk71um8] 📣 emit lookup null, "::1", 6, "localhost"
     2.785ms [⏱️4963] [🔧2j4zk71um8] 🔍 onLookup args=[null,"127.0.0.1",4,"localhost"]
     2.813ms [⏱️4963] [🔧2j4zk71um8] 📣 emit lookup null, "127.0.0.1", 4, "localhost"
   252.383ms [⏱️4768] [🔧45uouron8ms] 🔧 HANDLE.close()
   252.551ms [⏱️4768] [🔧45uouron8ms]     at Timeout.internalConnectMultipleTimeout [as _onTimeout] (node:net:1712:10)
   252.575ms [⏱️4768] [🔧45uouron8ms]     at listOnTimeout (node:internal/timers:583:11)
   252.588ms [⏱️4768] [🔧45uouron8ms]     at process.processTimers (node:internal/timers:519:7)
   252.678ms [⏱️4768] [🔧45uouron8ms] 🔧 HANDLE.close()
   252.743ms [⏱️4768] [🔧45uouron8ms]     at Socket.reinitializeHandle (node:net:1265:17)
   252.763ms [⏱️4768] [🔧45uouron8ms]     at internalConnectMultiple (node:net:1131:30)
   252.775ms [⏱️4768] [🔧45uouron8ms]     at Timeout.internalConnectMultipleTimeout (node:net:1716:5)
   252.798ms [⏱️4768] [🔧45uouron8ms]     at listOnTimeout (node:internal/timers:583:11)
   252.817ms [⏱️4768] [🔧45uouron8ms]     at process.processTimers (node:internal/timers:519:7)
   626.428ms [⏱️4652] [🔧me57vqf2b58] 🔌 onConnect delay from lookup
   626.543ms [⏱️4652] [🔧me57vqf2b58] ⚠️  HANDLE MISMATCH!
   626.630ms [⏱️4652] [🔧me57vqf2b58]    My Handle: TCP 🔧=true 🆔=-22 📖=false
   626.673ms [⏱️4652] [🔧me57vqf2b58]    Socket Handle: TCP 🔧=false 🆔=125 📖=false
   626.714ms [⏱️4652] [🔧me57vqf2b58]    Object references are different!
   626.821ms [⏱️4652] [🔧me57vqf2b58] 📣 emit connect
   626.903ms [⏱️4652] [🔧me57vqf2b58] 🔬 _read(16384) ⏳=false 🔐=undefined 🇺🇸=passthrough 🔗=http://localhost:40417/ origFlowing=true
   626.985ms [⏱️4652] [🔧me57vqf2b58] ✅ onReady
   627.035ms [⏱️4652] [🔧me57vqf2b58] 📣 emit ready
   184.297ms [⏱️4898] [🔧m4a5o0mtwx] 🔌 onConnect delay from lookup
   184.401ms [⏱️4898] [🔧m4a5o0mtwx] ✅ Handles match
   184.428ms [⏱️4898] [🔧m4a5o0mtwx] 📣 emit connect
   184.490ms [⏱️4898] [🔧m4a5o0mtwx] 🔬 _read(16384) ⏳=false 🔐=undefined 🇺🇸=passthrough 🔗=http://localhost:40417/ origFlowing=true
   184.543ms [⏱️4898] [🔧m4a5o0mtwx] 🔧 HANDLE.readStart()
   184.723ms [⏱️4898] [🔧m4a5o0mtwx]     at tryReadStart (node:net:705:30)
   184.792ms [⏱️4898] [🔧m4a5o0mtwx]     at Socket._read (node:net:722:5)
   184.832ms [⏱️4898] [🔧m4a5o0mtwx]     at Socket.<anonymous> (node:net:720:37)
   184.866ms [⏱️4898] [🔧m4a5o0mtwx]     at Object.onceWrapper (node:events:638:28)
   184.943ms [⏱️4898] [🔧m4a5o0mtwx]     at Socket.emit (node:events:536:35)
   184.988ms [⏱️4898] [🔧m4a5o0mtwx]     at afterConnect (node:net:1596:10)
   185.001ms [⏱️4898] [🔧m4a5o0mtwx]     at afterConnectMultiple (node:net:1703:3)
   185.025ms [⏱️4898] [🔧m4a5o0mtwx] ✅ onReady
   185.047ms [⏱️4898] [🔧m4a5o0mtwx] 📣 emit ready
   245.143ms [⏱️4844] [🔧r6o69bculpk] 🔌 onConnect delay from lookup
   245.223ms [⏱️4844] [🔧r6o69bculpk] ✅ Handles match
   245.239ms [⏱️4844] [🔧r6o69bculpk] 📣 emit connect
   245.270ms [⏱️4844] [🔧r6o69bculpk] 🔬 _read(16384) ⏳=false 🔐=undefined 🇺🇸=passthrough 🔗=http://localhost:40417/ origFlowing=true
   245.298ms [⏱️4844] [🔧r6o69bculpk] 🔧 HANDLE.readStart()
   245.418ms [⏱️4844] [🔧r6o69bculpk]     at tryReadStart (node:net:705:30)
   245.438ms [⏱️4844] [🔧r6o69bculpk]     at Socket._read (node:net:722:5)
   245.448ms [⏱️4844] [🔧r6o69bculpk]     at Socket.<anonymous> (node:net:720:37)
   245.465ms [⏱️4844] [🔧r6o69bculpk]     at Object.onceWrapper (node:events:638:28)
   245.553ms [⏱️4844] [🔧r6o69bculpk]     at Socket.emit (node:events:536:35)
   245.606ms [⏱️4844] [🔧r6o69bculpk]     at afterConnect (node:net:1596:10)
   245.643ms [⏱️4844] [🔧r6o69bculpk]     at afterConnectMultiple (node:net:1703:3)
   245.683ms [⏱️4844] [🔧r6o69bculpk] ✅ onReady
   245.708ms [⏱️4844] [🔧r6o69bculpk] 📣 emit ready
   882.106ms [⏱️4345] [🔧1eqz0ue8lcj] 💾 onData 120b
   882.242ms [⏱️4345] [🔧1eqz0ue8lcj] 📤 push([{"type":"Buffer","data":[72,84,84,80,47)
   882.286ms [⏱️4064] [🔧1eqz0ue8lcj] 📨 onResponseStart status=200 🇺🇸=passthrough
   882.702ms [⏱️4064] [🔧1eqz0ue8lcj] 📥 onResponseBody 2b
   882.743ms [⏱️4064] [🔧1eqz0ue8lcj] 🎬 onResponseEnd hasStream=true
   882.819ms [⏱️4345] [🔧1eqz0ue8lcj] 📣 emit data 120 chars
   882.908ms [⏱️4993] [🔧1eqz0ue8lcj] 📖 read([0])
   883.015ms [⏱️4993] [🔧1eqz0ue8lcj] 🔬 _read(16384) ⏳=false 🔐=undefined 🇺🇸=passthrough 🔗=http://localhost:40417/ origFlowing=true
   883.256ms [⏱️4067] [🔧1eqz0ue8lcj] ▶️ resume()
   883.484ms [⏱️5008] [🔧1eqz0ue8lcj] 📣 emit free
     0.001ms [⏱️0] [🔧n7u4r2r5b1g] 🏗️  constructor starting
     0.116ms [⏱️0] [🔧n7u4r2r5b1g] 🏗️  constructor complete http://localhost:40417/
   884.149ms [⏱️0] [🔧1eqz0ue8lcj] 🧨 _destroy ⏳=false 🔐=undefined 🇺🇸=passthrough 🔗=http://localhost:40417/
   884.195ms [⏱️0] [🔧1eqz0ue8lcj] 🔧 HANDLE.close()
   884.390ms [⏱️0] [🔧1eqz0ue8lcj]     at closeSocketHandle (node:net:341:18)
   884.416ms [⏱️0] [🔧1eqz0ue8lcj]     at Socket._destroy (node:net:831:7)
   884.430ms [⏱️0] [🔧1eqz0ue8lcj]     at _destroy (node:internal/streams/destroy:121:10)
   884.451ms [⏱️0] [🔧1eqz0ue8lcj]     at MockHttpSocket.destroy (node:internal/streams/destroy:83:5)
   884.484ms [⏱️0] [🔧1eqz0ue8lcj]     at Writable.destroy (node:internal/streams/writable:1122:11)
   884.498ms [⏱️0] [🔧1eqz0ue8lcj]     at MockHttpSocket.destroy (/workspace/repro/node_modules/.pnpm/@mswjs+interceptors@file+../node_modules/@mswjs/interceptors/lib/node/chunk-EFBKFUZI.js:574:18)
   884.548ms [⏱️0] [🔧1eqz0ue8lcj]     at MockAgent.<anonymous> (node:_http_agent:154:14)
   884.575ms [⏱️0] [🔧1eqz0ue8lcj]     at MockAgent.emit (node:events:524:28)
     0.714ms [⏱️5015] [🔧n7u4r2r5b1g] ▶️ resume()
     0.749ms [⏱️5015] [🔧n7u4r2r5b1g] ✍️  write 95b 🇺🇸=unknown buffered=0
     0.799ms [⏱️5013] [🔧n7u4r2r5b1g] 🚀 onRequestStart path=/ keepAlive=true
     1.363ms [⏱️5015] [🔧n7u4r2r5b1g] ✍️  write 2b 🇺🇸=unknown buffered=1
     1.393ms [⏱️5015] [🔧n7u4r2r5b1g] ✍️  write 9b 🇺🇸=unknown buffered=2
     1.425ms [⏱️5013] [🔧n7u4r2r5b1g] 📦 onRequestBody 9b
     1.452ms [⏱️5015] [🔧n7u4r2r5b1g] ✍️  write 2b 🇺🇸=unknown buffered=3
     1.472ms [⏱️5015] [🔧n7u4r2r5b1g] ✍️  write 5b 🇺🇸=unknown buffered=4
     1.520ms [⏱️5013] [🔧n7u4r2r5b1g] 🏁 onRequestEnd hasStream=true
     1.572ms [⏱️5019] [🔧n7u4r2r5b1g] 📖 read([0])
     1.597ms [⏱️5019] [🔧n7u4r2r5b1g] 🔬 _read(16384) ⏳=true 🔐=undefined 🇺🇸=unknown 🔗=http://localhost:40417/ origFlowing=undefined
     1.685ms [⏱️5019] [🔧n7u4r2r5b1g] 📣 emit resume
     1.698ms [⏱️5019] [🔧n7u4r2r5b1g] 📖 read()
     2.175ms [⏱️0] [🔧n7u4r2r5b1g] 💨 passthrough() 🧨=false ⏳=true
     2.312ms [⏱️0] [🔧n7u4r2r5b1g] 🔌 created originalSocket
     2.343ms [⏱️0] [🔧n7u4r2r5b1g] 🚽 flushing writeBuffer (5 items)
     2.404ms [⏱️5033] [🔧n7u4r2r5b1g] ▶️ onResume
     2.423ms [⏱️5033] [🔧n7u4r2r5b1g] 📣 emit resume
     2.601ms [⏱️5032] [🔧n7u4r2r5b1g] 🔍 onLookup args=[null,"::1",6,"localhost"]
     2.666ms [⏱️5032] [🔧n7u4r2r5b1g] 📣 emit lookup null, "::1", 6, "localhost"
     2.703ms [⏱️5032] [🔧n7u4r2r5b1g] 🔍 onLookup args=[null,"127.0.0.1",4,"localhost"]
     2.725ms [⏱️5032] [🔧n7u4r2r5b1g] 📣 emit lookup null, "127.0.0.1", 4, "localhost"
   826.868ms [⏱️4573] [🔧2je74eb4nun] 🔌 onConnect delay from lookup
   826.953ms [⏱️4573] [🔧2je74eb4nun] ⚠️  HANDLE MISMATCH!
   827.004ms [⏱️4573] [🔧2je74eb4nun]    My Handle: TCP 🔧=true 🆔=-22 📖=false
   827.047ms [⏱️4573] [🔧2je74eb4nun]    Socket Handle: TCP 🔧=false 🆔=153 📖=false
   827.072ms [⏱️4573] [🔧2je74eb4nun]    Object references are different!
   827.109ms [⏱️4573] [🔧2je74eb4nun] 📣 emit connect
   827.162ms [⏱️4573] [🔧2je74eb4nun] 🔬 _read(16384) ⏳=false 🔐=undefined 🇺🇸=passthrough 🔗=http://localhost:40417/ origFlowing=true
   827.221ms [⏱️4573] [🔧2je74eb4nun] ✅ onReady
   827.248ms [⏱️4573] [🔧2je74eb4nun] 📣 emit ready
   683.760ms [⏱️4394] [🔧zxssdzh6whp] 💾 onData 120b
   683.849ms [⏱️4394] [🔧zxssdzh6whp] 📤 push([{"type":"Buffer","data":[72,84,84,80,47)
   683.881ms [⏱️4377] [🔧zxssdzh6whp] 📨 onResponseStart status=200 🇺🇸=passthrough
   684.213ms [⏱️4377] [🔧zxssdzh6whp] 📥 onResponseBody 2b
   684.251ms [⏱️4377] [🔧zxssdzh6whp] 🎬 onResponseEnd hasStream=true
   684.290ms [⏱️4394] [🔧zxssdzh6whp] 📣 emit data 120 chars
   684.317ms [⏱️5064] [🔧zxssdzh6whp] 📖 read([0])
   684.336ms [⏱️5064] [🔧zxssdzh6whp] 🔬 _read(16384) ⏳=false 🔐=undefined 🇺🇸=passthrough 🔗=http://localhost:40417/ origFlowing=true
   684.426ms [⏱️4380] [🔧zxssdzh6whp] ▶️ resume()
   684.527ms [⏱️5079] [🔧zxssdzh6whp] 📣 emit free
     0.001ms [⏱️0] [🔧8n3wqm32atf] 🏗️  constructor starting
     0.089ms [⏱️0] [🔧8n3wqm32atf] 🏗️  constructor complete http://localhost:40417/
   685.031ms [⏱️0] [🔧zxssdzh6whp] 🧨 _destroy ⏳=false 🔐=undefined 🇺🇸=passthrough 🔗=http://localhost:40417/
   685.063ms [⏱️0] [🔧zxssdzh6whp] 🔧 HANDLE.close()
   685.180ms [⏱️0] [🔧zxssdzh6whp]     at closeSocketHandle (node:net:341:18)
   685.199ms [⏱️0] [🔧zxssdzh6whp]     at Socket._destroy (node:net:831:7)
   685.208ms [⏱️0] [🔧zxssdzh6whp]     at _destroy (node:internal/streams/destroy:121:10)
   685.215ms [⏱️0] [🔧zxssdzh6whp]     at MockHttpSocket.destroy (node:internal/streams/destroy:83:5)
   685.231ms [⏱️0] [🔧zxssdzh6whp]     at Writable.destroy (node:internal/streams/writable:1122:11)
   685.246ms [⏱️0] [🔧zxssdzh6whp]     at MockHttpSocket.destroy (/workspace/repro/node_modules/.pnpm/@mswjs+interceptors@file+../node_modules/@mswjs/interceptors/lib/node/chunk-EFBKFUZI.js:574:18)
   685.254ms [⏱️0] [🔧zxssdzh6whp]     at MockAgent.<anonymous> (node:_http_agent:154:14)
   685.262ms [⏱️0] [🔧zxssdzh6whp]     at MockAgent.emit (node:events:524:28)
     0.487ms [⏱️5086] [🔧8n3wqm32atf] ▶️ resume()
     0.520ms [⏱️5086] [🔧8n3wqm32atf] ✍️  write 95b 🇺🇸=unknown buffered=0
     0.553ms [⏱️5084] [🔧8n3wqm32atf] 🚀 onRequestStart path=/ keepAlive=true
     0.978ms [⏱️5086] [🔧8n3wqm32atf] ✍️  write 2b 🇺🇸=unknown buffered=1
     1.009ms [⏱️5086] [🔧8n3wqm32atf] ✍️  write 9b 🇺🇸=unknown buffered=2
     1.039ms [⏱️5084] [🔧8n3wqm32atf] 📦 onRequestBody 9b
     1.064ms [⏱️5086] [🔧8n3wqm32atf] ✍️  write 2b 🇺🇸=unknown buffered=3
     1.084ms [⏱️5086] [🔧8n3wqm32atf] ✍️  write 5b 🇺🇸=unknown buffered=4
     1.103ms [⏱️5084] [🔧8n3wqm32atf] 🏁 onRequestEnd hasStream=true
     1.137ms [⏱️5090] [🔧8n3wqm32atf] 📖 read([0])
     1.159ms [⏱️5090] [🔧8n3wqm32atf] 🔬 _read(16384) ⏳=true 🔐=undefined 🇺🇸=unknown 🔗=http://localhost:40417/ origFlowing=undefined
     1.184ms [⏱️5090] [🔧8n3wqm32atf] 📣 emit resume
     1.200ms [⏱️5090] [🔧8n3wqm32atf] 📖 read()
     1.652ms [⏱️0] [🔧8n3wqm32atf] 💨 passthrough() 🧨=false ⏳=true
     1.805ms [⏱️0] [🔧8n3wqm32atf] 🔌 created originalSocket
     1.847ms [⏱️0] [🔧8n3wqm32atf] 🚽 flushing writeBuffer (5 items)
     1.904ms [⏱️5104] [🔧8n3wqm32atf] ▶️ onResume
     1.916ms [⏱️5104] [🔧8n3wqm32atf] 📣 emit resume
   686.801ms [⏱️4394] [🔧zxssdzh6whp] 📣 emit close false
     2.166ms [⏱️5103] [🔧8n3wqm32atf] 🔍 onLookup args=[null,"::1",6,"localhost"]
     2.191ms [⏱️5103] [🔧8n3wqm32atf] 📣 emit lookup null, "::1", 6, "localhost"
     2.205ms [⏱️5103] [🔧8n3wqm32atf] 🔍 onLookup args=[null,"127.0.0.1",4,"localhost"]
     2.218ms [⏱️5103] [🔧8n3wqm32atf] 📣 emit lookup null, "127.0.0.1", 4, "localhost"
  1231.514ms [⏱️4089] [🔧fpxgbgm69a] 💾 onData 120b
  1231.578ms [⏱️4089] [🔧fpxgbgm69a] 📤 push([{"type":"Buffer","data":[72,84,84,80,47)
  1231.598ms [⏱️3923] [🔧fpxgbgm69a] 📨 onResponseStart status=200 🇺🇸=passthrough
  1231.790ms [⏱️3923] [🔧fpxgbgm69a] 📥 onResponseBody 2b
  1231.812ms [⏱️3923] [🔧fpxgbgm69a] 🎬 onResponseEnd hasStream=true
  1231.829ms [⏱️4089] [🔧fpxgbgm69a] 📣 emit data 120 chars
  1231.848ms [⏱️5128] [🔧fpxgbgm69a] 📖 read([0])
  1231.865ms [⏱️5128] [🔧fpxgbgm69a] 🔬 _read(16384) ⏳=false 🔐=undefined 🇺🇸=passthrough 🔗=http://localhost:40417/ origFlowing=true
  1231.916ms [⏱️3926] [🔧fpxgbgm69a] ▶️ resume()
  1231.973ms [⏱️5143] [🔧fpxgbgm69a] 📣 emit free
     0.001ms [⏱️0] [🔧w2lhrorqyn] 🏗️  constructor starting
     0.039ms [⏱️0] [🔧w2lhrorqyn] 🏗️  constructor complete http://localhost:40417/
  1232.203ms [⏱️0] [🔧fpxgbgm69a] 🧨 _destroy ⏳=false 🔐=undefined 🇺🇸=passthrough 🔗=http://localhost:40417/
  1232.226ms [⏱️0] [🔧fpxgbgm69a] 🔧 HANDLE.close()
  1232.477ms [⏱️0] [🔧fpxgbgm69a]     at closeSocketHandle (node:net:341:18)
  1232.553ms [⏱️0] [🔧fpxgbgm69a]     at Socket._destroy (node:net:831:7)
  1232.585ms [⏱️0] [🔧fpxgbgm69a]     at _destroy (node:internal/streams/destroy:121:10)
  1232.594ms [⏱️0] [🔧fpxgbgm69a]     at MockHttpSocket.destroy (node:internal/streams/destroy:83:5)
  1232.600ms [⏱️0] [🔧fpxgbgm69a]     at Writable.destroy (node:internal/streams/writable:1122:11)
  1232.605ms [⏱️0] [🔧fpxgbgm69a]     at MockHttpSocket.destroy (/workspace/repro/node_modules/.pnpm/@mswjs+interceptors@file+../node_modules/@mswjs/interceptors/lib/node/chunk-EFBKFUZI.js:574:18)
  1232.611ms [⏱️0] [🔧fpxgbgm69a]     at MockAgent.<anonymous> (node:_http_agent:154:14)
  1232.623ms [⏱️0] [🔧fpxgbgm69a]     at MockAgent.emit (node:events:524:28)
     0.565ms [⏱️5150] [🔧w2lhrorqyn] ▶️ resume()
     0.590ms [⏱️5150] [🔧w2lhrorqyn] ✍️  write 95b 🇺🇸=unknown buffered=0
     0.609ms [⏱️5148] [🔧w2lhrorqyn] 🚀 onRequestStart path=/ keepAlive=true
     1.002ms [⏱️5150] [🔧w2lhrorqyn] ✍️  write 2b 🇺🇸=unknown buffered=1
     1.035ms [⏱️5150] [🔧w2lhrorqyn] ✍️  write 9b 🇺🇸=unknown buffered=2
     1.052ms [⏱️5148] [🔧w2lhrorqyn] 📦 onRequestBody 9b
     1.064ms [⏱️5150] [🔧w2lhrorqyn] ✍️  write 2b 🇺🇸=unknown buffered=3
     1.078ms [⏱️5150] [🔧w2lhrorqyn] ✍️  write 5b 🇺🇸=unknown buffered=4
     1.094ms [⏱️5148] [🔧w2lhrorqyn] 🏁 onRequestEnd hasStream=true
     1.111ms [⏱️5154] [🔧w2lhrorqyn] 📖 read([0])
     1.120ms [⏱️5154] [🔧w2lhrorqyn] 🔬 _read(16384) ⏳=true 🔐=undefined 🇺🇸=unknown 🔗=http://localhost:40417/ origFlowing=undefined
     1.137ms [⏱️5154] [🔧w2lhrorqyn] 📣 emit resume
     1.150ms [⏱️5154] [🔧w2lhrorqyn] 📖 read()
     1.477ms [⏱️0] [🔧w2lhrorqyn] 💨 passthrough() 🧨=false ⏳=true
     1.554ms [⏱️0] [🔧w2lhrorqyn] 🔌 created originalSocket
     1.575ms [⏱️0] [🔧w2lhrorqyn] 🚽 flushing writeBuffer (5 items)
     1.610ms [⏱️5168] [🔧w2lhrorqyn] ▶️ onResume
     1.618ms [⏱️5168] [🔧w2lhrorqyn] 📣 emit resume
     2.839ms [⏱️5167] [🔧w2lhrorqyn] 🔍 onLookup args=[null,"::1",6,"localhost"]
     2.866ms [⏱️5167] [🔧w2lhrorqyn] 📣 emit lookup null, "::1", 6, "localhost"
     2.884ms [⏱️5167] [🔧w2lhrorqyn] 🔍 onLookup args=[null,"127.0.0.1",4,"localhost"]
     2.898ms [⏱️5167] [🔧w2lhrorqyn] 📣 emit lookup null, "127.0.0.1", 4, "localhost"
   767.008ms [⏱️4709] [🔧tz719tv1n9a] 🔌 onConnect delay from lookup
   767.071ms [⏱️4709] [🔧tz719tv1n9a] ⚠️  HANDLE MISMATCH!
   767.085ms [⏱️4709] [🔧tz719tv1n9a]    My Handle: TCP 🔧=true 🆔=-22 📖=false
   767.102ms [⏱️4709] [🔧tz719tv1n9a]    Socket Handle: TCP 🔧=false 🆔=133 📖=false
   767.144ms [⏱️4709] [🔧tz719tv1n9a]    Object references are different!
   767.168ms [⏱️4709] [🔧tz719tv1n9a] 📣 emit connect
   767.192ms [⏱️4709] [🔧tz719tv1n9a] 🔬 _read(16384) ⏳=false 🔐=undefined 🇺🇸=passthrough 🔗=http://localhost:40417/ origFlowing=true
   767.218ms [⏱️4709] [🔧tz719tv1n9a] ✅ onReady
   767.229ms [⏱️4709] [🔧tz719tv1n9a] 📣 emit ready
   252.998ms [⏱️4968] [🔧2j4zk71um8] 🔧 HANDLE.close()
   253.044ms [⏱️4968] [🔧2j4zk71um8]     at Timeout.internalConnectMultipleTimeout [as _onTimeout] (node:net:1712:10)
   253.180ms [⏱️4968] [🔧2j4zk71um8]     at listOnTimeout (node:internal/timers:583:11)
   253.209ms [⏱️4968] [🔧2j4zk71um8]     at process.processTimers (node:internal/timers:519:7)
   253.307ms [⏱️4968] [🔧2j4zk71um8] 🔧 HANDLE.close()
   253.420ms [⏱️4968] [🔧2j4zk71um8]     at Socket.reinitializeHandle (node:net:1265:17)
   253.434ms [⏱️4968] [🔧2j4zk71um8]     at internalConnectMultiple (node:net:1131:30)
   253.445ms [⏱️4968] [🔧2j4zk71um8]     at Timeout.internalConnectMultipleTimeout (node:net:1716:5)
   253.450ms [⏱️4968] [🔧2j4zk71um8]     at listOnTimeout (node:internal/timers:583:11)
   253.455ms [⏱️4968] [🔧2j4zk71um8]     at process.processTimers (node:internal/timers:519:7)
   763.071ms [⏱️4774] [🔧uqkwmww7nu] 🔌 onConnect delay from lookup
   763.131ms [⏱️4774] [🔧uqkwmww7nu] ⚠️  HANDLE MISMATCH!
   763.151ms [⏱️4774] [🔧uqkwmww7nu]    My Handle: TCP 🔧=true 🆔=-22 📖=false
   763.164ms [⏱️4774] [🔧uqkwmww7nu]    Socket Handle: TCP 🔧=false 🆔=163 📖=false
   763.175ms [⏱️4774] [🔧uqkwmww7nu]    Object references are different!
   763.188ms [⏱️4774] [🔧uqkwmww7nu] 📣 emit connect
   763.201ms [⏱️4774] [🔧uqkwmww7nu] 🔬 _read(16384) ⏳=false 🔐=undefined 🇺🇸=passthrough 🔗=http://localhost:40417/ origFlowing=true
   763.221ms [⏱️4774] [🔧uqkwmww7nu] ✅ onReady
   763.232ms [⏱️4774] [🔧uqkwmww7nu] 📣 emit ready
  1820.406ms [⏱️3606] [🔧f3sl77o4qo] 💾 onData 120b
  1820.437ms [⏱️3606] [🔧f3sl77o4qo] 📤 push([{"type":"Buffer","data":[72,84,84,80,47)
  1820.454ms [⏱️3327] [🔧f3sl77o4qo] 📨 onResponseStart status=200 🇺🇸=passthrough
  1820.629ms [⏱️3327] [🔧f3sl77o4qo] 📥 onResponseBody 2b
  1820.648ms [⏱️3327] [🔧f3sl77o4qo] 🎬 onResponseEnd hasStream=true
  1820.670ms [⏱️3606] [🔧f3sl77o4qo] 📣 emit data 120 chars
  1820.687ms [⏱️5200] [🔧f3sl77o4qo] 📖 read([0])
  1820.703ms [⏱️5200] [🔧f3sl77o4qo] 🔬 _read(16384) ⏳=false 🔐=undefined 🇺🇸=passthrough 🔗=http://localhost:40417/ origFlowing=true
  1820.740ms [⏱️3330] [🔧f3sl77o4qo] ▶️ resume()
  1820.790ms [⏱️5215] [🔧f3sl77o4qo] 📣 emit free
     0.000ms [⏱️0] [🔧g70j9wtgsuu] 🏗️  constructor starting
     0.034ms [⏱️0] [🔧g70j9wtgsuu] 🏗️  constructor complete http://localhost:40417/
  1820.986ms [⏱️0] [🔧f3sl77o4qo] 🧨 _destroy ⏳=false 🔐=undefined 🇺🇸=passthrough 🔗=http://localhost:40417/
  1821.005ms [⏱️0] [🔧f3sl77o4qo] 🔧 HANDLE.close()
  1821.061ms [⏱️0] [🔧f3sl77o4qo]     at closeSocketHandle (node:net:341:18)
  1821.138ms [⏱️0] [🔧f3sl77o4qo]     at Socket._destroy (node:net:831:7)
  1821.165ms [⏱️0] [🔧f3sl77o4qo]     at _destroy (node:internal/streams/destroy:121:10)
  1821.172ms [⏱️0] [🔧f3sl77o4qo]     at MockHttpSocket.destroy (node:internal/streams/destroy:83:5)
  1821.182ms [⏱️0] [🔧f3sl77o4qo]     at Writable.destroy (node:internal/streams/writable:1122:11)
  1821.193ms [⏱️0] [🔧f3sl77o4qo]     at MockHttpSocket.destroy (/workspace/repro/node_modules/.pnpm/@mswjs+interceptors@file+../node_modules/@mswjs/interceptors/lib/node/chunk-EFBKFUZI.js:574:18)
  1821.204ms [⏱️0] [🔧f3sl77o4qo]     at MockAgent.<anonymous> (node:_http_agent:154:14)
  1821.209ms [⏱️0] [🔧f3sl77o4qo]     at MockAgent.emit (node:events:524:28)
     0.325ms [⏱️5222] [🔧g70j9wtgsuu] ▶️ resume()
     0.348ms [⏱️5222] [🔧g70j9wtgsuu] ✍️  write 95b 🇺🇸=unknown buffered=0
     0.369ms [⏱️5220] [🔧g70j9wtgsuu] 🚀 onRequestStart path=/ keepAlive=true
     0.588ms [⏱️5222] [🔧g70j9wtgsuu] ✍️  write 2b 🇺🇸=unknown buffered=1
     0.604ms [⏱️5222] [🔧g70j9wtgsuu] ✍️  write 9b 🇺🇸=unknown buffered=2
     0.615ms [⏱️5220] [🔧g70j9wtgsuu] 📦 onRequestBody 9b
     0.630ms [⏱️5222] [🔧g70j9wtgsuu] ✍️  write 2b 🇺🇸=unknown buffered=3
     0.636ms [⏱️5222] [🔧g70j9wtgsuu] ✍️  write 5b 🇺🇸=unknown buffered=4
     0.647ms [⏱️5220] [🔧g70j9wtgsuu] 🏁 onRequestEnd hasStream=true
     0.666ms [⏱️5226] [🔧g70j9wtgsuu] 📖 read([0])
     0.678ms [⏱️5226] [🔧g70j9wtgsuu] 🔬 _read(16384) ⏳=true 🔐=undefined 🇺🇸=unknown 🔗=http://localhost:40417/ origFlowing=undefined
     0.693ms [⏱️5226] [🔧g70j9wtgsuu] 📣 emit resume
     0.702ms [⏱️5226] [🔧g70j9wtgsuu] 📖 read()
     0.924ms [⏱️0] [🔧g70j9wtgsuu] 💨 passthrough() 🧨=false ⏳=true
     0.983ms [⏱️0] [🔧g70j9wtgsuu] 🔌 created originalSocket
     0.998ms [⏱️0] [🔧g70j9wtgsuu] 🚽 flushing writeBuffer (5 items)
     1.022ms [⏱️5240] [🔧g70j9wtgsuu] ▶️ onResume
     1.049ms [⏱️5240] [🔧g70j9wtgsuu] 📣 emit resume
     1.105ms [⏱️5239] [🔧g70j9wtgsuu] 🔍 onLookup args=[null,"::1",6,"localhost"]
     1.120ms [⏱️5239] [🔧g70j9wtgsuu] 📣 emit lookup null, "::1", 6, "localhost"
     1.129ms [⏱️5239] [🔧g70j9wtgsuu] 🔍 onLookup args=[null,"127.0.0.1",4,"localhost"]
     1.202ms [⏱️5239] [🔧g70j9wtgsuu] 📣 emit lookup null, "127.0.0.1", 4, "localhost"
  2234.353ms [⏱️3283] [🔧0ygp7n2xt3x] 💾 onData 120b
  2234.378ms [⏱️3283] [🔧0ygp7n2xt3x] 📤 push([{"type":"Buffer","data":[72,84,84,80,47)
  2234.431ms [⏱️3057] [🔧0ygp7n2xt3x] 📨 onResponseStart status=200 🇺🇸=passthrough
  2234.581ms [⏱️3057] [🔧0ygp7n2xt3x] 📥 onResponseBody 2b
  2234.605ms [⏱️3057] [🔧0ygp7n2xt3x] 🎬 onResponseEnd hasStream=true
  2234.627ms [⏱️3283] [🔧0ygp7n2xt3x] 📣 emit data 120 chars
  2234.647ms [⏱️5248] [🔧0ygp7n2xt3x] 📖 read([0])
  2234.656ms [⏱️5248] [🔧0ygp7n2xt3x] 🔬 _read(16384) ⏳=false 🔐=undefined 🇺🇸=passthrough 🔗=http://localhost:40417/ origFlowing=true
  2234.697ms [⏱️3060] [🔧0ygp7n2xt3x] ▶️ resume()
  2234.791ms [⏱️5263] [🔧0ygp7n2xt3x] 📣 emit free
     0.000ms [⏱️0] [🔧wscfnpcd5jn] 🏗️  constructor starting
     0.067ms [⏱️0] [🔧wscfnpcd5jn] 🏗️  constructor complete http://localhost:40417/
  2235.047ms [⏱️0] [🔧0ygp7n2xt3x] 🧨 _destroy ⏳=false 🔐=undefined 🇺🇸=passthrough 🔗=http://localhost:40417/
  2235.068ms [⏱️0] [🔧0ygp7n2xt3x] 🔧 HANDLE.close()
  2235.115ms [⏱️0] [🔧0ygp7n2xt3x]     at closeSocketHandle (node:net:341:18)
  2235.156ms [⏱️0] [🔧0ygp7n2xt3x]     at Socket._destroy (node:net:831:7)
  2235.162ms [⏱️0] [🔧0ygp7n2xt3x]     at _destroy (node:internal/streams/destroy:121:10)
  2235.167ms [⏱️0] [🔧0ygp7n2xt3x]     at MockHttpSocket.destroy (node:internal/streams/destroy:83:5)
  2235.178ms [⏱️0] [🔧0ygp7n2xt3x]     at Writable.destroy (node:internal/streams/writable:1122:11)
  2235.183ms [⏱️0] [🔧0ygp7n2xt3x]     at MockHttpSocket.destroy (/workspace/repro/node_modules/.pnpm/@mswjs+interceptors@file+../node_modules/@mswjs/interceptors/lib/node/chunk-EFBKFUZI.js:574:18)
  2235.189ms [⏱️0] [🔧0ygp7n2xt3x]     at MockAgent.<anonymous> (node:_http_agent:154:14)
  2235.193ms [⏱️0] [🔧0ygp7n2xt3x]     at MockAgent.emit (node:events:524:28)
     0.280ms [⏱️5270] [🔧wscfnpcd5jn] ▶️ resume()
     0.293ms [⏱️5270] [🔧wscfnpcd5jn] ✍️  write 95b 🇺🇸=unknown buffered=0
     0.341ms [⏱️5268] [🔧wscfnpcd5jn] 🚀 onRequestStart path=/ keepAlive=true
     0.604ms [⏱️5270] [🔧wscfnpcd5jn] ✍️  write 2b 🇺🇸=unknown buffered=1
     0.622ms [⏱️5270] [🔧wscfnpcd5jn] ✍️  write 9b 🇺🇸=unknown buffered=2
     0.633ms [⏱️5268] [🔧wscfnpcd5jn] 📦 onRequestBody 9b
     0.649ms [⏱️5270] [🔧wscfnpcd5jn] ✍️  write 2b 🇺🇸=unknown buffered=3
     0.684ms [⏱️5270] [🔧wscfnpcd5jn] ✍️  write 5b 🇺🇸=unknown buffered=4
     0.711ms [⏱️5268] [🔧wscfnpcd5jn] 🏁 onRequestEnd hasStream=true
     0.731ms [⏱️5274] [🔧wscfnpcd5jn] 📖 read([0])
     0.746ms [⏱️5274] [🔧wscfnpcd5jn] 🔬 _read(16384) ⏳=true 🔐=undefined 🇺🇸=unknown 🔗=http://localhost:40417/ origFlowing=undefined
     0.757ms [⏱️5274] [🔧wscfnpcd5jn] 📣 emit resume
     0.772ms [⏱️5274] [🔧wscfnpcd5jn] 📖 read()
     1.081ms [⏱️0] [🔧wscfnpcd5jn] 💨 passthrough() 🧨=false ⏳=true
     1.144ms [⏱️0] [🔧wscfnpcd5jn] 🔌 created originalSocket
     1.161ms [⏱️0] [🔧wscfnpcd5jn] 🚽 flushing writeBuffer (5 items)
     1.187ms [⏱️5288] [🔧wscfnpcd5jn] ▶️ onResume
     1.200ms [⏱️5288] [🔧wscfnpcd5jn] 📣 emit resume
     1.224ms [⏱️5287] [🔧wscfnpcd5jn] 🔍 onLookup args=[null,"::1",6,"localhost"]
     1.303ms [⏱️5287] [🔧wscfnpcd5jn] 📣 emit lookup null, "::1", 6, "localhost"
     1.419ms [⏱️5287] [🔧wscfnpcd5jn] 🔍 onLookup args=[null,"127.0.0.1",4,"localhost"]
     1.430ms [⏱️5287] [🔧wscfnpcd5jn] 📣 emit lookup null, "127.0.0.1", 4, "localhost"
  1844.821ms [⏱️3609] [🔧r1m4lntl4s] 💾 onData 120b
  1844.854ms [⏱️3609] [🔧r1m4lntl4s] 📤 push([{"type":"Buffer","data":[72,84,84,80,47)
  1844.875ms [⏱️3390] [🔧r1m4lntl4s] 📨 onResponseStart status=200 🇺🇸=passthrough
  1845.005ms [⏱️3390] [🔧r1m4lntl4s] 📥 onResponseBody 2b
  1845.028ms [⏱️3390] [🔧r1m4lntl4s] 🎬 onResponseEnd hasStream=true
  1845.057ms [⏱️3609] [🔧r1m4lntl4s] 📣 emit data 120 chars
  1845.079ms [⏱️5296] [🔧r1m4lntl4s] 📖 read([0])
  1845.096ms [⏱️5296] [🔧r1m4lntl4s] 🔬 _read(16384) ⏳=false 🔐=undefined 🇺🇸=passthrough 🔗=http://localhost:40417/ origFlowing=true
  1845.153ms [⏱️3393] [🔧r1m4lntl4s] ▶️ resume()
  1845.202ms [⏱️5311] [🔧r1m4lntl4s] 📣 emit free
     0.001ms [⏱️0] [🔧mpx5parc4mg] 🏗️  constructor starting
     0.031ms [⏱️0] [🔧mpx5parc4mg] 🏗️  constructor complete http://localhost:40417/
  1845.434ms [⏱️0] [🔧r1m4lntl4s] 🧨 _destroy ⏳=false 🔐=undefined 🇺🇸=passthrough 🔗=http://localhost:40417/
  1845.454ms [⏱️0] [🔧r1m4lntl4s] 🔧 HANDLE.close()
  1845.523ms [⏱️0] [🔧r1m4lntl4s]     at closeSocketHandle (node:net:341:18)
  1845.538ms [⏱️0] [🔧r1m4lntl4s]     at Socket._destroy (node:net:831:7)
  1845.544ms [⏱️0] [🔧r1m4lntl4s]     at _destroy (node:internal/streams/destroy:121:10)
  1845.550ms [⏱️0] [🔧r1m4lntl4s]     at MockHttpSocket.destroy (node:internal/streams/destroy:83:5)
  1845.556ms [⏱️0] [🔧r1m4lntl4s]     at Writable.destroy (node:internal/streams/writable:1122:11)
  1845.562ms [⏱️0] [🔧r1m4lntl4s]     at MockHttpSocket.destroy (/workspace/repro/node_modules/.pnpm/@mswjs+interceptors@file+../node_modules/@mswjs/interceptors/lib/node/chunk-EFBKFUZI.js:574:18)
  1845.569ms [⏱️0] [🔧r1m4lntl4s]     at MockAgent.<anonymous> (node:_http_agent:154:14)
  1845.611ms [⏱️0] [🔧r1m4lntl4s]     at MockAgent.emit (node:events:524:28)
     0.306ms [⏱️5318] [🔧mpx5parc4mg] ▶️ resume()
     0.391ms [⏱️5318] [🔧mpx5parc4mg] ✍️  write 95b 🇺🇸=unknown buffered=0
     0.466ms [⏱️5316] [🔧mpx5parc4mg] 🚀 onRequestStart path=/ keepAlive=true
     0.690ms [⏱️5318] [🔧mpx5parc4mg] ✍️  write 2b 🇺🇸=unknown buffered=1
     0.711ms [⏱️5318] [🔧mpx5parc4mg] ✍️  write 9b 🇺🇸=unknown buffered=2
     0.724ms [⏱️5316] [🔧mpx5parc4mg] 📦 onRequestBody 9b
     0.745ms [⏱️5318] [🔧mpx5parc4mg] ✍️  write 2b 🇺🇸=unknown buffered=3
     0.762ms [⏱️5318] [🔧mpx5parc4mg] ✍️  write 5b 🇺🇸=unknown buffered=4
     0.772ms [⏱️5316] [🔧mpx5parc4mg] 🏁 onRequestEnd hasStream=true
     0.797ms [⏱️5322] [🔧mpx5parc4mg] 📖 read([0])
     0.816ms [⏱️5322] [🔧mpx5parc4mg] 🔬 _read(16384) ⏳=true 🔐=undefined 🇺🇸=unknown 🔗=http://localhost:40417/ origFlowing=undefined
     0.829ms [⏱️5322] [🔧mpx5parc4mg] 📣 emit resume
     0.836ms [⏱️5322] [🔧mpx5parc4mg] 📖 read()
     1.065ms [⏱️0] [🔧mpx5parc4mg] 💨 passthrough() 🧨=false ⏳=true
     1.131ms [⏱️0] [🔧mpx5parc4mg] 🔌 created originalSocket
     1.151ms [⏱️0] [🔧mpx5parc4mg] 🚽 flushing writeBuffer (5 items)
     1.179ms [⏱️5336] [🔧mpx5parc4mg] ▶️ onResume
     1.198ms [⏱️5336] [🔧mpx5parc4mg] 📣 emit resume
   255.925ms [⏱️5040] [🔧n7u4r2r5b1g] 🔧 HANDLE.close()
   255.970ms [⏱️5040] [🔧n7u4r2r5b1g]     at Timeout.internalConnectMultipleTimeout [as _onTimeout] (node:net:1712:10)
   255.978ms [⏱️5040] [🔧n7u4r2r5b1g]     at listOnTimeout (node:internal/timers:583:11)
   255.984ms [⏱️5040] [🔧n7u4r2r5b1g]     at process.processTimers (node:internal/timers:519:7)
   256.007ms [⏱️5040] [🔧n7u4r2r5b1g] 🔧 HANDLE.close()
   256.048ms [⏱️5040] [🔧n7u4r2r5b1g]     at Socket.reinitializeHandle (node:net:1265:17)
   256.063ms [⏱️5040] [🔧n7u4r2r5b1g]     at internalConnectMultiple (node:net:1131:30)
   256.070ms [⏱️5040] [🔧n7u4r2r5b1g]     at Timeout.internalConnectMultipleTimeout (node:net:1716:5)
   256.076ms [⏱️5040] [🔧n7u4r2r5b1g]     at listOnTimeout (node:internal/timers:583:11)
   256.082ms [⏱️5040] [🔧n7u4r2r5b1g]     at process.processTimers (node:internal/timers:519:7)
     1.453ms [⏱️5335] [🔧mpx5parc4mg] 🔍 onLookup args=[null,"::1",6,"localhost"]
     1.475ms [⏱️5335] [🔧mpx5parc4mg] 📣 emit lookup null, "::1", 6, "localhost"
     1.485ms [⏱️5335] [🔧mpx5parc4mg] 🔍 onLookup args=[null,"127.0.0.1",4,"localhost"]
     1.501ms [⏱️5335] [🔧mpx5parc4mg] 📣 emit lookup null, "127.0.0.1", 4, "localhost"
   506.814ms [⏱️4893] [🔧m4a5o0mtwx] 💾 onData 120b
   506.841ms [⏱️4893] [🔧m4a5o0mtwx] 📤 push([{"type":"Buffer","data":[72,84,84,80,47)
   506.854ms [⏱️4876] [🔧m4a5o0mtwx] 📨 onResponseStart status=200 🇺🇸=passthrough
   506.982ms [⏱️4876] [🔧m4a5o0mtwx] 📥 onResponseBody 2b
   507.004ms [⏱️4876] [🔧m4a5o0mtwx] 🎬 onResponseEnd hasStream=true
   507.019ms [⏱️4893] [🔧m4a5o0mtwx] 📣 emit data 120 chars
   507.039ms [⏱️5347] [🔧m4a5o0mtwx] 📖 read([0])
   507.049ms [⏱️5347] [🔧m4a5o0mtwx] 🔬 _read(16384) ⏳=false 🔐=undefined 🇺🇸=passthrough 🔗=http://localhost:40417/ origFlowing=true
   507.084ms [⏱️4879] [🔧m4a5o0mtwx] ▶️ resume()
   507.136ms [⏱️5362] [🔧m4a5o0mtwx] 📣 emit free
     0.001ms [⏱️0] [🔧boy5cnogtg] 🏗️  constructor starting
     0.036ms [⏱️0] [🔧boy5cnogtg] 🏗️  constructor complete http://localhost:40417/
   507.478ms [⏱️0] [🔧m4a5o0mtwx] 🧨 _destroy ⏳=false 🔐=undefined 🇺🇸=passthrough 🔗=http://localhost:40417/
   507.507ms [⏱️0] [🔧m4a5o0mtwx] 🔧 HANDLE.close()
   507.581ms [⏱️0] [🔧m4a5o0mtwx]     at closeSocketHandle (node:net:341:18)
   507.596ms [⏱️0] [🔧m4a5o0mtwx]     at Socket._destroy (node:net:831:7)
   507.604ms [⏱️0] [🔧m4a5o0mtwx]     at _destroy (node:internal/streams/destroy:121:10)
   507.610ms [⏱️0] [🔧m4a5o0mtwx]     at MockHttpSocket.destroy (node:internal/streams/destroy:83:5)
   507.624ms [⏱️0] [🔧m4a5o0mtwx]     at Writable.destroy (node:internal/streams/writable:1122:11)
   507.639ms [⏱️0] [🔧m4a5o0mtwx]     at MockHttpSocket.destroy (/workspace/repro/node_modules/.pnpm/@mswjs+interceptors@file+../node_modules/@mswjs/interceptors/lib/node/chunk-EFBKFUZI.js:574:18)
   507.647ms [⏱️0] [🔧m4a5o0mtwx]     at MockAgent.<anonymous> (node:_http_agent:154:14)
   507.660ms [⏱️0] [🔧m4a5o0mtwx]     at MockAgent.emit (node:events:524:28)
     0.448ms [⏱️5369] [🔧boy5cnogtg] ▶️ resume()
     0.470ms [⏱️5369] [🔧boy5cnogtg] ✍️  write 95b 🇺🇸=unknown buffered=0
     0.488ms [⏱️5367] [🔧boy5cnogtg] 🚀 onRequestStart path=/ keepAlive=true
     0.783ms [⏱️5369] [🔧boy5cnogtg] ✍️  write 2b 🇺🇸=unknown buffered=1
     0.807ms [⏱️5369] [🔧boy5cnogtg] ✍️  write 9b 🇺🇸=unknown buffered=2
     0.822ms [⏱️5367] [🔧boy5cnogtg] 📦 onRequestBody 9b
     0.840ms [⏱️5369] [🔧boy5cnogtg] ✍️  write 2b 🇺🇸=unknown buffered=3
     0.849ms [⏱️5369] [🔧boy5cnogtg] ✍️  write 5b 🇺🇸=unknown buffered=4
     0.858ms [⏱️5367] [🔧boy5cnogtg] 🏁 onRequestEnd hasStream=true
     0.875ms [⏱️5373] [🔧boy5cnogtg] 📖 read([0])
     0.892ms [⏱️5373] [🔧boy5cnogtg] 🔬 _read(16384) ⏳=true 🔐=undefined 🇺🇸=unknown 🔗=http://localhost:40417/ origFlowing=undefined
     0.905ms [⏱️5373] [🔧boy5cnogtg] 📣 emit resume
     0.921ms [⏱️5373] [🔧boy5cnogtg] 📖 read()
     1.154ms [⏱️0] [🔧boy5cnogtg] 💨 passthrough() 🧨=false ⏳=true
     1.226ms [⏱️0] [🔧boy5cnogtg] 🔌 created originalSocket
     1.250ms [⏱️0] [🔧boy5cnogtg] 🚽 flushing writeBuffer (5 items)
     1.282ms [⏱️5387] [🔧boy5cnogtg] ▶️ onResume
     1.299ms [⏱️5387] [🔧boy5cnogtg] 📣 emit resume
   508.567ms [⏱️4893] [🔧m4a5o0mtwx] 📣 emit close false
     1.377ms [⏱️5386] [🔧boy5cnogtg] 🔍 onLookup args=[null,"::1",6,"localhost"]
     1.396ms [⏱️5386] [🔧boy5cnogtg] 📣 emit lookup null, "::1", 6, "localhost"
     1.407ms [⏱️5386] [🔧boy5cnogtg] 🔍 onLookup args=[null,"127.0.0.1",4,"localhost"]
     1.416ms [⏱️5386] [🔧boy5cnogtg] 📣 emit lookup null, "127.0.0.1", 4, "localhost"
   882.869ms [⏱️4771] [🔧opd2a3igvrr] 🔌 onConnect delay from lookup
   882.954ms [⏱️4771] [🔧opd2a3igvrr] ⚠️  HANDLE MISMATCH!
   882.969ms [⏱️4771] [🔧opd2a3igvrr]    My Handle: TCP 🔧=true 🆔=-22 📖=false
   883.003ms [⏱️4771] [🔧opd2a3igvrr]    Socket Handle: TCP 🔧=false 🆔=162 📖=false
   883.017ms [⏱️4771] [🔧opd2a3igvrr]    Object references are different!
   883.048ms [⏱️4771] [🔧opd2a3igvrr] 📣 emit connect
   883.105ms [⏱️4771] [🔧opd2a3igvrr] 🔬 _read(16384) ⏳=false 🔐=undefined 🇺🇸=passthrough 🔗=http://localhost:40417/ origFlowing=true
   883.137ms [⏱️4771] [🔧opd2a3igvrr] ✅ onReady
   883.154ms [⏱️4771] [🔧opd2a3igvrr] 📣 emit ready
   256.691ms [⏱️5109] [🔧8n3wqm32atf] 🔧 HANDLE.close()
   256.896ms [⏱️5109] [🔧8n3wqm32atf]     at Timeout.internalConnectMultipleTimeout [as _onTimeout] (node:net:1712:10)
   256.923ms [⏱️5109] [🔧8n3wqm32atf]     at listOnTimeout (node:internal/timers:583:11)
   256.933ms [⏱️5109] [🔧8n3wqm32atf]     at process.processTimers (node:internal/timers:519:7)
   257.048ms [⏱️5109] [🔧8n3wqm32atf] 🔧 HANDLE.close()
   257.182ms [⏱️5109] [🔧8n3wqm32atf]     at Socket.reinitializeHandle (node:net:1265:17)
   257.206ms [⏱️5109] [🔧8n3wqm32atf]     at internalConnectMultiple (node:net:1131:30)
   257.216ms [⏱️5109] [🔧8n3wqm32atf]     at Timeout.internalConnectMultipleTimeout (node:net:1716:5)
   257.223ms [⏱️5109] [🔧8n3wqm32atf]     at listOnTimeout (node:internal/timers:583:11)
   257.237ms [⏱️5109] [🔧8n3wqm32atf]     at process.processTimers (node:internal/timers:519:7)
  1035.282ms [⏱️4651] [🔧me57vqf2b58] 💾 onData 120b
  1035.331ms [⏱️4651] [🔧me57vqf2b58] 📤 push([{"type":"Buffer","data":[72,84,84,80,47)
  1035.376ms [⏱️4251] [🔧me57vqf2b58] 📨 onResponseStart status=200 🇺🇸=passthrough
  1035.866ms [⏱️4251] [🔧me57vqf2b58] 📥 onResponseBody 2b
  1035.932ms [⏱️4251] [🔧me57vqf2b58] 🎬 onResponseEnd hasStream=true
  1035.978ms [⏱️4651] [🔧me57vqf2b58] 📣 emit data 120 chars
  1036.049ms [⏱️5401] [🔧me57vqf2b58] 📖 read([0])
  1036.081ms [⏱️5401] [🔧me57vqf2b58] 🔬 _read(16384) ⏳=false 🔐=undefined 🇺🇸=passthrough 🔗=http://localhost:40417/ origFlowing=true
  1036.186ms [⏱️4254] [🔧me57vqf2b58] ▶️ resume()
  1036.305ms [⏱️5416] [🔧me57vqf2b58] 📣 emit free
     0.001ms [⏱️0] [🔧9kzw6hnxkb] 🏗️  constructor starting
     0.080ms [⏱️0] [🔧9kzw6hnxkb] 🏗️  constructor complete http://localhost:40417/
  1036.801ms [⏱️0] [🔧me57vqf2b58] 🧨 _destroy ⏳=false 🔐=undefined 🇺🇸=passthrough 🔗=http://localhost:40417/
  1036.847ms [⏱️0] [🔧me57vqf2b58] 🔧 HANDLE.close()
  1036.979ms [⏱️0] [🔧me57vqf2b58]     at closeSocketHandle (node:net:341:18)
  1037.000ms [⏱️0] [🔧me57vqf2b58]     at Socket._destroy (node:net:831:7)
  1037.016ms [⏱️0] [🔧me57vqf2b58]     at _destroy (node:internal/streams/destroy:121:10)
  1037.032ms [⏱️0] [🔧me57vqf2b58]     at MockHttpSocket.destroy (node:internal/streams/destroy:83:5)
  1037.041ms [⏱️0] [🔧me57vqf2b58]     at Writable.destroy (node:internal/streams/writable:1122:11)
  1037.053ms [⏱️0] [🔧me57vqf2b58]     at MockHttpSocket.destroy (/workspace/repro/node_modules/.pnpm/@mswjs+interceptors@file+../node_modules/@mswjs/interceptors/lib/node/chunk-EFBKFUZI.js:574:18)
  1037.069ms [⏱️0] [🔧me57vqf2b58]     at MockAgent.<anonymous> (node:_http_agent:154:14)
  1037.077ms [⏱️0] [🔧me57vqf2b58]     at MockAgent.emit (node:events:524:28)
     0.501ms [⏱️5423] [🔧9kzw6hnxkb] ▶️ resume()
     0.539ms [⏱️5423] [🔧9kzw6hnxkb] ✍️  write 95b 🇺🇸=unknown buffered=0
     0.596ms [⏱️5421] [🔧9kzw6hnxkb] 🚀 onRequestStart path=/ keepAlive=true
     1.149ms [⏱️5423] [🔧9kzw6hnxkb] ✍️  write 2b 🇺🇸=unknown buffered=1
     1.184ms [⏱️5423] [🔧9kzw6hnxkb] ✍️  write 9b 🇺🇸=unknown buffered=2
     1.216ms [⏱️5421] [🔧9kzw6hnxkb] 📦 onRequestBody 9b
     1.246ms [⏱️5423] [🔧9kzw6hnxkb] ✍️  write 2b 🇺🇸=unknown buffered=3
     1.265ms [⏱️5423] [🔧9kzw6hnxkb] ✍️  write 5b 🇺🇸=unknown buffered=4
     1.291ms [⏱️5421] [🔧9kzw6hnxkb] 🏁 onRequestEnd hasStream=true
     1.331ms [⏱️5427] [🔧9kzw6hnxkb] 📖 read([0])
     1.354ms [⏱️5427] [🔧9kzw6hnxkb] 🔬 _read(16384) ⏳=true 🔐=undefined 🇺🇸=unknown 🔗=http://localhost:40417/ origFlowing=undefined
     1.384ms [⏱️5427] [🔧9kzw6hnxkb] 📣 emit resume
     1.406ms [⏱️5427] [🔧9kzw6hnxkb] 📖 read()
     1.908ms [⏱️0] [🔧9kzw6hnxkb] 💨 passthrough() 🧨=false ⏳=true
     2.043ms [⏱️0] [🔧9kzw6hnxkb] 🔌 created originalSocket
     2.073ms [⏱️0] [🔧9kzw6hnxkb] 🚽 flushing writeBuffer (5 items)
     2.134ms [⏱️5441] [🔧9kzw6hnxkb] ▶️ onResume
     2.155ms [⏱️5441] [🔧9kzw6hnxkb] 📣 emit resume
     2.287ms [⏱️5440] [🔧9kzw6hnxkb] 🔍 onLookup args=[null,"::1",6,"localhost"]
     2.320ms [⏱️5440] [🔧9kzw6hnxkb] 📣 emit lookup null, "::1", 6, "localhost"
     2.338ms [⏱️5440] [🔧9kzw6hnxkb] 🔍 onLookup args=[null,"127.0.0.1",4,"localhost"]
     2.356ms [⏱️5440] [🔧9kzw6hnxkb] 📣 emit lookup null, "127.0.0.1", 4, "localhost"
   236.567ms [⏱️5171] [🔧w2lhrorqyn] 🔌 onConnect delay from lookup
   236.597ms [⏱️5171] [🔧w2lhrorqyn] ✅ Handles match
   236.610ms [⏱️5171] [🔧w2lhrorqyn] 📣 emit connect
   236.635ms [⏱️5171] [🔧w2lhrorqyn] 🔬 _read(16384) ⏳=false 🔐=undefined 🇺🇸=passthrough 🔗=http://localhost:40417/ origFlowing=true
   236.662ms [⏱️5171] [🔧w2lhrorqyn] 🔧 HANDLE.readStart()
   236.753ms [⏱️5171] [🔧w2lhrorqyn]     at tryReadStart (node:net:705:30)
   236.771ms [⏱️5171] [🔧w2lhrorqyn]     at Socket._read (node:net:722:5)
   236.781ms [⏱️5171] [🔧w2lhrorqyn]     at Socket.<anonymous> (node:net:720:37)
   236.798ms [⏱️5171] [🔧w2lhrorqyn]     at Object.onceWrapper (node:events:638:28)
   236.807ms [⏱️5171] [🔧w2lhrorqyn]     at Socket.emit (node:events:536:35)
   236.821ms [⏱️5171] [🔧w2lhrorqyn]     at afterConnect (node:net:1596:10)
   236.837ms [⏱️5171] [🔧w2lhrorqyn]     at afterConnectMultiple (node:net:1703:3)
   236.857ms [⏱️5171] [🔧w2lhrorqyn] ✅ onReady
   236.874ms [⏱️5171] [🔧w2lhrorqyn] 📣 emit ready
  1159.982ms [⏱️4572] [🔧2je74eb4nun] 💾 onData 120b
  1160.031ms [⏱️4572] [🔧2je74eb4nun] 📤 push([{"type":"Buffer","data":[72,84,84,80,47)
  1160.059ms [⏱️4169] [🔧2je74eb4nun] 📨 onResponseStart status=200 🇺🇸=passthrough
  1160.291ms [⏱️4169] [🔧2je74eb4nun] 📥 onResponseBody 2b
  1160.318ms [⏱️4169] [🔧2je74eb4nun] 🎬 onResponseEnd hasStream=true
  1160.347ms [⏱️4572] [🔧2je74eb4nun] 📣 emit data 120 chars
  1160.379ms [⏱️5457] [🔧2je74eb4nun] 📖 read([0])
  1160.397ms [⏱️5457] [🔧2je74eb4nun] 🔬 _read(16384) ⏳=false 🔐=undefined 🇺🇸=passthrough 🔗=http://localhost:40417/ origFlowing=true
  1160.480ms [⏱️4172] [🔧2je74eb4nun] ▶️ resume()
  1160.559ms [⏱️5472] [🔧2je74eb4nun] 📣 emit free
     0.001ms [⏱️0] [🔧khgrjz59r8] 🏗️  constructor starting
     0.067ms [⏱️0] [🔧khgrjz59r8] 🏗️  constructor complete http://localhost:40417/
  1160.986ms [⏱️0] [🔧2je74eb4nun] 🧨 _destroy ⏳=false 🔐=undefined 🇺🇸=passthrough 🔗=http://localhost:40417/
  1161.017ms [⏱️0] [🔧2je74eb4nun] 🔧 HANDLE.close()
  1161.125ms [⏱️0] [🔧2je74eb4nun]     at closeSocketHandle (node:net:341:18)
  1161.159ms [⏱️0] [🔧2je74eb4nun]     at Socket._destroy (node:net:831:7)
  1161.183ms [⏱️0] [🔧2je74eb4nun]     at _destroy (node:internal/streams/destroy:121:10)
  1161.191ms [⏱️0] [🔧2je74eb4nun]     at MockHttpSocket.destroy (node:internal/streams/destroy:83:5)
  1161.203ms [⏱️0] [🔧2je74eb4nun]     at Writable.destroy (node:internal/streams/writable:1122:11)
  1161.211ms [⏱️0] [🔧2je74eb4nun]     at MockHttpSocket.destroy (/workspace/repro/node_modules/.pnpm/@mswjs+interceptors@file+../node_modules/@mswjs/interceptors/lib/node/chunk-EFBKFUZI.js:574:18)
  1161.247ms [⏱️0] [🔧2je74eb4nun]     at MockAgent.<anonymous> (node:_http_agent:154:14)
  1161.285ms [⏱️0] [🔧2je74eb4nun]     at MockAgent.emit (node:events:524:28)
     0.492ms [⏱️5479] [🔧khgrjz59r8] ▶️ resume()
     0.558ms [⏱️5479] [🔧khgrjz59r8] ✍️  write 95b 🇺🇸=unknown buffered=0
     0.596ms [⏱️5477] [🔧khgrjz59r8] 🚀 onRequestStart path=/ keepAlive=true
     1.047ms [⏱️5479] [🔧khgrjz59r8] ✍️  write 2b 🇺🇸=unknown buffered=1
     1.082ms [⏱️5479] [🔧khgrjz59r8] ✍️  write 9b 🇺🇸=unknown buffered=2
     1.113ms [⏱️5477] [🔧khgrjz59r8] 📦 onRequestBody 9b
     1.139ms [⏱️5479] [🔧khgrjz59r8] ✍️  write 2b 🇺🇸=unknown buffered=3
     1.162ms [⏱️5479] [🔧khgrjz59r8] ✍️  write 5b 🇺🇸=unknown buffered=4
     1.178ms [⏱️5477] [🔧khgrjz59r8] 🏁 onRequestEnd hasStream=true
     1.211ms [⏱️5483] [🔧khgrjz59r8] 📖 read([0])
     1.232ms [⏱️5483] [🔧khgrjz59r8] 🔬 _read(16384) ⏳=true 🔐=undefined 🇺🇸=unknown 🔗=http://localhost:40417/ origFlowing=undefined
     1.255ms [⏱️5483] [🔧khgrjz59r8] 📣 emit resume
     1.266ms [⏱️5483] [🔧khgrjz59r8] 📖 read()
     1.653ms [⏱️0] [🔧khgrjz59r8] 💨 passthrough() 🧨=false ⏳=true
     1.797ms [⏱️0] [🔧khgrjz59r8] 🔌 created originalSocket
     1.837ms [⏱️0] [🔧khgrjz59r8] 🚽 flushing writeBuffer (5 items)
     1.950ms [⏱️5497] [🔧khgrjz59r8] ▶️ onResume
     1.982ms [⏱️5497] [🔧khgrjz59r8] 📣 emit resume
     2.157ms [⏱️5496] [🔧khgrjz59r8] 🔍 onLookup args=[null,"::1",6,"localhost"]
     2.280ms [⏱️5496] [🔧khgrjz59r8] 📣 emit lookup null, "::1", 6, "localhost"
     2.305ms [⏱️5496] [🔧khgrjz59r8] 🔍 onLookup args=[null,"127.0.0.1",4,"localhost"]
     2.323ms [⏱️5496] [🔧khgrjz59r8] 📣 emit lookup null, "127.0.0.1", 4, "localhost"
   822.001ms [⏱️4920] [🔧21cn11p2ext] 🔌 onConnect delay from lookup
   822.084ms [⏱️4920] [🔧21cn11p2ext] ⚠️  HANDLE MISMATCH!
   822.103ms [⏱️4920] [🔧21cn11p2ext]    My Handle: TCP 🔧=true 🆔=-22 📖=false
   822.118ms [⏱️4920] [🔧21cn11p2ext]    Socket Handle: TCP 🔧=false 🆔=167 📖=false
   822.134ms [⏱️4920] [🔧21cn11p2ext]    Object references are different!
   822.151ms [⏱️4920] [🔧21cn11p2ext] 📣 emit connect
   822.178ms [⏱️4920] [🔧21cn11p2ext] 🔬 _read(16384) ⏳=false 🔐=undefined 🇺🇸=passthrough 🔗=http://localhost:40417/ origFlowing=true
   822.205ms [⏱️4920] [🔧21cn11p2ext] ✅ onReady
   822.218ms [⏱️4920] [🔧21cn11p2ext] 📣 emit ready
   719.335ms [⏱️4974] [🔧45uouron8ms] 🔌 onConnect delay from lookup
   719.401ms [⏱️4974] [🔧45uouron8ms] ⚠️  HANDLE MISMATCH!
   719.494ms [⏱️4974] [🔧45uouron8ms]    My Handle: TCP 🔧=true 🆔=-22 📖=false
   719.560ms [⏱️4974] [🔧45uouron8ms]    Socket Handle: TCP 🔧=false 🆔=169 📖=false
   719.621ms [⏱️4974] [🔧45uouron8ms]    Object references are different!
   719.672ms [⏱️4974] [🔧45uouron8ms] 📣 emit connect
   719.733ms [⏱️4974] [🔧45uouron8ms] 🔬 _read(16384) ⏳=false 🔐=undefined 🇺🇸=passthrough 🔗=http://localhost:40417/ origFlowing=true
   719.804ms [⏱️4974] [🔧45uouron8ms] ✅ onReady
   719.830ms [⏱️4974] [🔧45uouron8ms] 📣 emit ready
   255.117ms [⏱️5244] [🔧g70j9wtgsuu] 🔧 HANDLE.close()
   255.373ms [⏱️5244] [🔧g70j9wtgsuu]     at Timeout.internalConnectMultipleTimeout [as _onTimeout] (node:net:1712:10)
   255.420ms [⏱️5244] [🔧g70j9wtgsuu]     at listOnTimeout (node:internal/timers:583:11)
   255.446ms [⏱️5244] [🔧g70j9wtgsuu]     at process.processTimers (node:internal/timers:519:7)
   255.580ms [⏱️5244] [🔧g70j9wtgsuu] 🔧 HANDLE.close()
   255.701ms [⏱️5244] [🔧g70j9wtgsuu]     at Socket.reinitializeHandle (node:net:1265:17)
   255.742ms [⏱️5244] [🔧g70j9wtgsuu]     at internalConnectMultiple (node:net:1131:30)
   255.765ms [⏱️5244] [🔧g70j9wtgsuu]     at Timeout.internalConnectMultipleTimeout (node:net:1716:5)
   255.898ms [⏱️5244] [🔧g70j9wtgsuu]     at listOnTimeout (node:internal/timers:583:11)
   255.995ms [⏱️5244] [🔧g70j9wtgsuu]     at process.processTimers (node:internal/timers:519:7)
   254.183ms [⏱️5292] [🔧wscfnpcd5jn] 🔧 HANDLE.close()
   254.427ms [⏱️5292] [🔧wscfnpcd5jn]     at Timeout.internalConnectMultipleTimeout [as _onTimeout] (node:net:1712:10)
   254.479ms [⏱️5292] [🔧wscfnpcd5jn]     at listOnTimeout (node:internal/timers:583:11)
   254.504ms [⏱️5292] [🔧wscfnpcd5jn]     at process.processTimers (node:internal/timers:519:7)
   254.624ms [⏱️5292] [🔧wscfnpcd5jn] 🔧 HANDLE.close()
   254.739ms [⏱️5292] [🔧wscfnpcd5jn]     at Socket.reinitializeHandle (node:net:1265:17)
   254.779ms [⏱️5292] [🔧wscfnpcd5jn]     at internalConnectMultiple (node:net:1131:30)
   254.801ms [⏱️5292] [🔧wscfnpcd5jn]     at Timeout.internalConnectMultipleTimeout (node:net:1716:5)
   254.835ms [⏱️5292] [🔧wscfnpcd5jn]     at listOnTimeout (node:internal/timers:583:11)
   254.875ms [⏱️5292] [🔧wscfnpcd5jn]     at process.processTimers (node:internal/timers:519:7)
  1336.927ms [⏱️4402] [🔧l8m9vrjii5q] 💾 onData 120b
  1337.075ms [⏱️4402] [🔧l8m9vrjii5q] 📤 push([{"type":"Buffer","data":[72,84,84,80,47)
  1337.111ms [⏱️4115] [🔧l8m9vrjii5q] 📨 onResponseStart status=200 🇺🇸=passthrough
  1337.512ms [⏱️4115] [🔧l8m9vrjii5q] 📥 onResponseBody 2b
  1337.549ms [⏱️4115] [🔧l8m9vrjii5q] 🎬 onResponseEnd hasStream=true
  1337.586ms [⏱️4402] [🔧l8m9vrjii5q] 📣 emit data 120 chars
  1337.617ms [⏱️5531] [🔧l8m9vrjii5q] 📖 read([0])
  1337.643ms [⏱️5531] [🔧l8m9vrjii5q] 🔬 _read(16384) ⏳=false 🔐=undefined 🇺🇸=passthrough 🔗=http://localhost:40417/ origFlowing=true
  1337.839ms [⏱️4118] [🔧l8m9vrjii5q] ▶️ resume()
  1337.988ms [⏱️5546] [🔧l8m9vrjii5q] 📣 emit free
  1338.070ms [⏱️0] [🔧l8m9vrjii5q] 🧨 _destroy ⏳=false 🔐=undefined 🇺🇸=passthrough 🔗=http://localhost:40417/
  1338.097ms [⏱️0] [🔧l8m9vrjii5q] 🔧 HANDLE.close()
  1338.339ms [⏱️0] [🔧l8m9vrjii5q]     at closeSocketHandle (node:net:341:18)
  1338.367ms [⏱️0] [🔧l8m9vrjii5q]     at Socket._destroy (node:net:831:7)
  1338.377ms [⏱️0] [🔧l8m9vrjii5q]     at _destroy (node:internal/streams/destroy:121:10)
  1338.413ms [⏱️0] [🔧l8m9vrjii5q]     at MockHttpSocket.destroy (node:internal/streams/destroy:83:5)
  1338.422ms [⏱️0] [🔧l8m9vrjii5q]     at Writable.destroy (node:internal/streams/writable:1122:11)
  1338.436ms [⏱️0] [🔧l8m9vrjii5q]     at MockHttpSocket.destroy (/workspace/repro/node_modules/.pnpm/@mswjs+interceptors@file+../node_modules/@mswjs/interceptors/lib/node/chunk-EFBKFUZI.js:574:18)
  1338.450ms [⏱️0] [🔧l8m9vrjii5q]     at MockAgent.<anonymous> (node:_http_agent:154:14)
  1338.458ms [⏱️0] [🔧l8m9vrjii5q]     at MockAgent.emit (node:events:524:28)
  1138.082ms [⏱️4708] [🔧tz719tv1n9a] 💾 onData 120b
  1138.129ms [⏱️4708] [🔧tz719tv1n9a] 📤 push([{"type":"Buffer","data":[72,84,84,80,47)
  1138.188ms [⏱️4320] [🔧tz719tv1n9a] 📨 onResponseStart status=200 🇺🇸=passthrough
  1138.535ms [⏱️4320] [🔧tz719tv1n9a] 📥 onResponseBody 2b
  1138.571ms [⏱️4320] [🔧tz719tv1n9a] 🎬 onResponseEnd hasStream=true
  1138.615ms [⏱️4708] [🔧tz719tv1n9a] 📣 emit data 120 chars
  1138.641ms [⏱️5555] [🔧tz719tv1n9a] 📖 read([0])
  1138.663ms [⏱️5555] [🔧tz719tv1n9a] 🔬 _read(16384) ⏳=false 🔐=undefined 🇺🇸=passthrough 🔗=http://localhost:40417/ origFlowing=true
  1138.728ms [⏱️4323] [🔧tz719tv1n9a] ▶️ resume()
  1138.824ms [⏱️5570] [🔧tz719tv1n9a] 📣 emit free
  1138.862ms [⏱️0] [🔧tz719tv1n9a] 🧨 _destroy ⏳=false 🔐=undefined 🇺🇸=passthrough 🔗=http://localhost:40417/
  1138.888ms [⏱️0] [🔧tz719tv1n9a] 🔧 HANDLE.close()
  1139.058ms [⏱️0] [🔧tz719tv1n9a]     at closeSocketHandle (node:net:341:18)
  1139.078ms [⏱️0] [🔧tz719tv1n9a]     at Socket._destroy (node:net:831:7)
  1139.099ms [⏱️0] [🔧tz719tv1n9a]     at _destroy (node:internal/streams/destroy:121:10)
  1139.139ms [⏱️0] [🔧tz719tv1n9a]     at MockHttpSocket.destroy (node:internal/streams/destroy:83:5)
  1139.171ms [⏱️0] [🔧tz719tv1n9a]     at Writable.destroy (node:internal/streams/writable:1122:11)
  1139.180ms [⏱️0] [🔧tz719tv1n9a]     at MockHttpSocket.destroy (/workspace/repro/node_modules/.pnpm/@mswjs+interceptors@file+../node_modules/@mswjs/interceptors/lib/node/chunk-EFBKFUZI.js:574:18)
  1139.188ms [⏱️0] [🔧tz719tv1n9a]     at MockAgent.<anonymous> (node:_http_agent:154:14)
  1139.197ms [⏱️0] [🔧tz719tv1n9a]     at MockAgent.emit (node:events:524:28)
   252.248ms [⏱️5343] [🔧mpx5parc4mg] 🔧 HANDLE.close()
   252.430ms [⏱️5343] [🔧mpx5parc4mg]     at Timeout.internalConnectMultipleTimeout [as _onTimeout] (node:net:1712:10)
   252.451ms [⏱️5343] [🔧mpx5parc4mg]     at listOnTimeout (node:internal/timers:583:11)
   252.477ms [⏱️5343] [🔧mpx5parc4mg]     at process.processTimers (node:internal/timers:519:7)
   252.558ms [⏱️5343] [🔧mpx5parc4mg] 🔧 HANDLE.close()
   252.614ms [⏱️5343] [🔧mpx5parc4mg]     at Socket.reinitializeHandle (node:net:1265:17)
   252.632ms [⏱️5343] [🔧mpx5parc4mg]     at internalConnectMultiple (node:net:1131:30)
   252.644ms [⏱️5343] [🔧mpx5parc4mg]     at Timeout.internalConnectMultipleTimeout (node:net:1716:5)
   252.666ms [⏱️5343] [🔧mpx5parc4mg]     at listOnTimeout (node:internal/timers:583:11)
   252.676ms [⏱️5343] [🔧mpx5parc4mg]     at process.processTimers (node:internal/timers:519:7)
   252.835ms [⏱️5392] [🔧boy5cnogtg] 🔧 HANDLE.close()
   253.001ms [⏱️5392] [🔧boy5cnogtg]     at Timeout.internalConnectMultipleTimeout [as _onTimeout] (node:net:1712:10)
   253.023ms [⏱️5392] [🔧boy5cnogtg]     at listOnTimeout (node:internal/timers:583:11)
   253.032ms [⏱️5392] [🔧boy5cnogtg]     at process.processTimers (node:internal/timers:519:7)
   253.113ms [⏱️5392] [🔧boy5cnogtg] 🔧 HANDLE.close()
   253.213ms [⏱️5392] [🔧boy5cnogtg]     at Socket.reinitializeHandle (node:net:1265:17)
   253.238ms [⏱️5392] [🔧boy5cnogtg]     at internalConnectMultiple (node:net:1131:30)
   253.248ms [⏱️5392] [🔧boy5cnogtg]     at Timeout.internalConnectMultipleTimeout (node:net:1716:5)
   253.262ms [⏱️5392] [🔧boy5cnogtg]     at listOnTimeout (node:internal/timers:583:11)
   253.271ms [⏱️5392] [🔧boy5cnogtg]     at process.processTimers (node:internal/timers:519:7)
  1869.009ms [⏱️3954] [🔧ct1f3tqpth4] 💾 onData 120b
  1869.193ms [⏱️3954] [🔧ct1f3tqpth4] 📤 push([{"type":"Buffer","data":[72,84,84,80,47)
  1869.273ms [⏱️3686] [🔧ct1f3tqpth4] 📨 onResponseStart status=200 🇺🇸=passthrough
  1869.765ms [⏱️3686] [🔧ct1f3tqpth4] 📥 onResponseBody 2b
  1869.810ms [⏱️3686] [🔧ct1f3tqpth4] 🎬 onResponseEnd hasStream=true
  1869.913ms [⏱️3954] [🔧ct1f3tqpth4] 📣 emit data 120 chars
  1869.953ms [⏱️5588] [🔧ct1f3tqpth4] 📖 read([0])
  1869.978ms [⏱️5588] [🔧ct1f3tqpth4] 🔬 _read(16384) ⏳=false 🔐=undefined 🇺🇸=passthrough 🔗=http://localhost:40417/ origFlowing=true
  1870.096ms [⏱️3689] [🔧ct1f3tqpth4] ▶️ resume()
  1870.296ms [⏱️5603] [🔧ct1f3tqpth4] 📣 emit free
  1870.359ms [⏱️0] [🔧ct1f3tqpth4] 🧨 _destroy ⏳=false 🔐=undefined 🇺🇸=passthrough 🔗=http://localhost:40417/
  1870.419ms [⏱️0] [🔧ct1f3tqpth4] 🔧 HANDLE.close()
  1870.577ms [⏱️0] [🔧ct1f3tqpth4]     at closeSocketHandle (node:net:341:18)
  1870.598ms [⏱️0] [🔧ct1f3tqpth4]     at Socket._destroy (node:net:831:7)
  1870.672ms [⏱️0] [🔧ct1f3tqpth4]     at _destroy (node:internal/streams/destroy:121:10)
  1870.728ms [⏱️0] [🔧ct1f3tqpth4]     at MockHttpSocket.destroy (node:internal/streams/destroy:83:5)
  1870.762ms [⏱️0] [🔧ct1f3tqpth4]     at Writable.destroy (node:internal/streams/writable:1122:11)
  1870.790ms [⏱️0] [🔧ct1f3tqpth4]     at MockHttpSocket.destroy (/workspace/repro/node_modules/.pnpm/@mswjs+interceptors@file+../node_modules/@mswjs/interceptors/lib/node/chunk-EFBKFUZI.js:574:18)
  1870.809ms [⏱️0] [🔧ct1f3tqpth4]     at MockAgent.<anonymous> (node:_http_agent:154:14)
  1870.824ms [⏱️0] [🔧ct1f3tqpth4]     at MockAgent.emit (node:events:524:28)
   257.297ms [⏱️5445] [🔧9kzw6hnxkb] 🔧 HANDLE.close()
   257.480ms [⏱️5445] [🔧9kzw6hnxkb]     at Timeout.internalConnectMultipleTimeout [as _onTimeout] (node:net:1712:10)
   257.504ms [⏱️5445] [🔧9kzw6hnxkb]     at listOnTimeout (node:internal/timers:583:11)
   257.516ms [⏱️5445] [🔧9kzw6hnxkb]     at process.processTimers (node:internal/timers:519:7)
   257.648ms [⏱️5445] [🔧9kzw6hnxkb] 🔧 HANDLE.close()
   257.717ms [⏱️5445] [🔧9kzw6hnxkb]     at Socket.reinitializeHandle (node:net:1265:17)
   257.738ms [⏱️5445] [🔧9kzw6hnxkb]     at internalConnectMultiple (node:net:1131:30)
   257.749ms [⏱️5445] [🔧9kzw6hnxkb]     at Timeout.internalConnectMultipleTimeout (node:net:1716:5)
   257.766ms [⏱️5445] [🔧9kzw6hnxkb]     at listOnTimeout (node:internal/timers:583:11)
   257.785ms [⏱️5445] [🔧9kzw6hnxkb]     at process.processTimers (node:internal/timers:519:7)
   242.386ms [⏱️5500] [🔧khgrjz59r8] 🔌 onConnect delay from lookup
   242.429ms [⏱️5500] [🔧khgrjz59r8] ✅ Handles match
   242.453ms [⏱️5500] [🔧khgrjz59r8] 📣 emit connect
   242.479ms [⏱️5500] [🔧khgrjz59r8] 🔬 _read(16384) ⏳=false 🔐=undefined 🇺🇸=passthrough 🔗=http://localhost:40417/ origFlowing=true
   242.506ms [⏱️5500] [🔧khgrjz59r8] 🔧 HANDLE.readStart()
   242.595ms [⏱️5500] [🔧khgrjz59r8]     at tryReadStart (node:net:705:30)
   242.614ms [⏱️5500] [🔧khgrjz59r8]     at Socket._read (node:net:722:5)
   242.622ms [⏱️5500] [🔧khgrjz59r8]     at Socket.<anonymous> (node:net:720:37)
   242.635ms [⏱️5500] [🔧khgrjz59r8]     at Object.onceWrapper (node:events:638:28)
   242.650ms [⏱️5500] [🔧khgrjz59r8]     at Socket.emit (node:events:536:35)
   242.712ms [⏱️5500] [🔧khgrjz59r8]     at afterConnect (node:net:1596:10)
   242.764ms [⏱️5500] [🔧khgrjz59r8]     at afterConnectMultiple (node:net:1703:3)
   242.826ms [⏱️5500] [🔧khgrjz59r8] ✅ onReady
   242.837ms [⏱️5500] [🔧khgrjz59r8] 📣 emit ready
  1272.909ms [⏱️4773] [🔧uqkwmww7nu] 💾 onData 120b
  1273.136ms [⏱️4773] [🔧uqkwmww7nu] 📤 push([{"type":"Buffer","data":[72,84,84,80,47)
  1273.215ms [⏱️4487] [🔧uqkwmww7nu] 📨 onResponseStart status=200 🇺🇸=passthrough
  1273.887ms [⏱️4487] [🔧uqkwmww7nu] 📥 onResponseBody 2b
  1273.958ms [⏱️4487] [🔧uqkwmww7nu] 🎬 onResponseEnd hasStream=true
  1274.056ms [⏱️4773] [🔧uqkwmww7nu] 📣 emit data 120 chars
  1274.561ms [⏱️5643] [🔧uqkwmww7nu] 📖 read([0])
  1274.693ms [⏱️5643] [🔧uqkwmww7nu] 🔬 _read(16384) ⏳=false 🔐=undefined 🇺🇸=passthrough 🔗=http://localhost:40417/ origFlowing=true
  1275.048ms [⏱️4490] [🔧uqkwmww7nu] ▶️ resume()
  1275.316ms [⏱️5658] [🔧uqkwmww7nu] 📣 emit free
  1275.401ms [⏱️0] [🔧uqkwmww7nu] 🧨 _destroy ⏳=false 🔐=undefined 🇺🇸=passthrough 🔗=http://localhost:40417/
  1275.487ms [⏱️0] [🔧uqkwmww7nu] 🔧 HANDLE.close()
  1275.728ms [⏱️0] [🔧uqkwmww7nu]     at closeSocketHandle (node:net:341:18)
  1275.811ms [⏱️0] [🔧uqkwmww7nu]     at Socket._destroy (node:net:831:7)
  1275.863ms [⏱️0] [🔧uqkwmww7nu]     at _destroy (node:internal/streams/destroy:121:10)
  1275.875ms [⏱️0] [🔧uqkwmww7nu]     at MockHttpSocket.destroy (node:internal/streams/destroy:83:5)
  1275.895ms [⏱️0] [🔧uqkwmww7nu]     at Writable.destroy (node:internal/streams/writable:1122:11)
  1275.906ms [⏱️0] [🔧uqkwmww7nu]     at MockHttpSocket.destroy (/workspace/repro/node_modules/.pnpm/@mswjs+interceptors@file+../node_modules/@mswjs/interceptors/lib/node/chunk-EFBKFUZI.js:574:18)
  1275.925ms [⏱️0] [🔧uqkwmww7nu]     at MockAgent.<anonymous> (node:_http_agent:154:14)
  1275.945ms [⏱️0] [🔧uqkwmww7nu]     at MockAgent.emit (node:events:524:28)
   939.106ms [⏱️5180] [🔧2j4zk71um8] 🔌 onConnect delay from lookup
   939.203ms [⏱️5180] [🔧2j4zk71um8] ⚠️  HANDLE MISMATCH!
   939.223ms [⏱️5180] [🔧2j4zk71um8]    My Handle: TCP 🔧=true 🆔=-22 📖=false
   939.247ms [⏱️5180] [🔧2j4zk71um8]    Socket Handle: TCP 🔧=false 🆔=175 📖=false
   939.264ms [⏱️5180] [🔧2j4zk71um8]    Object references are different!
   939.292ms [⏱️5180] [🔧2j4zk71um8] 📣 emit connect
   939.354ms [⏱️5180] [🔧2j4zk71um8] 🔬 _read(16384) ⏳=false 🔐=undefined 🇺🇸=passthrough 🔗=http://localhost:40417/ origFlowing=true
   939.398ms [⏱️5180] [🔧2j4zk71um8] ✅ onReady
   939.421ms [⏱️5180] [🔧2j4zk71um8] 📣 emit ready
  1323.617ms [⏱️4905] [🔧hhu7qsj9oo] 🔌 onConnect delay from lookup
  1323.762ms [⏱️4905] [🔧hhu7qsj9oo] ⚠️  HANDLE MISMATCH!
  1323.786ms [⏱️4905] [🔧hhu7qsj9oo]    My Handle: TCP 🔧=true 🆔=-22 📖=false
  1323.869ms [⏱️4905] [🔧hhu7qsj9oo]    Socket Handle: TCP 🔧=false 🆔=164 📖=false
  1323.964ms [⏱️4905] [🔧hhu7qsj9oo]    Object references are different!
  1323.989ms [⏱️4905] [🔧hhu7qsj9oo] 📣 emit connect
  1324.022ms [⏱️4905] [🔧hhu7qsj9oo] 🔬 _read(16384) ⏳=false 🔐=undefined 🇺🇸=passthrough 🔗=http://localhost:40417/ origFlowing=true
  1324.098ms [⏱️4905] [🔧hhu7qsj9oo] ✅ onReady
  1324.142ms [⏱️4905] [🔧hhu7qsj9oo] 📣 emit ready
   485.321ms [⏱️5495] [🔧khgrjz59r8] 💾 onData 120b
   485.441ms [⏱️5495] [🔧khgrjz59r8] 📤 push([{"type":"Buffer","data":[72,84,84,80,47)
   485.484ms [⏱️5478] [🔧khgrjz59r8] 📨 onResponseStart status=200 🇺🇸=passthrough
   485.904ms [⏱️5478] [🔧khgrjz59r8] 📥 onResponseBody 2b
   485.944ms [⏱️5478] [🔧khgrjz59r8] 🎬 onResponseEnd hasStream=true
   486.029ms [⏱️5495] [🔧khgrjz59r8] 📣 emit data 120 chars
   486.069ms [⏱️5689] [🔧khgrjz59r8] 📖 read([0])
   486.090ms [⏱️5689] [🔧khgrjz59r8] 🔬 _read(16384) ⏳=false 🔐=undefined 🇺🇸=passthrough 🔗=http://localhost:40417/ origFlowing=true
   486.195ms [⏱️5481] [🔧khgrjz59r8] ▶️ resume()
   486.335ms [⏱️5704] [🔧khgrjz59r8] 📣 emit free
   486.384ms [⏱️0] [🔧khgrjz59r8] 🧨 _destroy ⏳=false 🔐=undefined 🇺🇸=passthrough 🔗=http://localhost:40417/
   486.411ms [⏱️0] [🔧khgrjz59r8] 🔧 HANDLE.close()
   486.795ms [⏱️0] [🔧khgrjz59r8]     at closeSocketHandle (node:net:341:18)
   486.837ms [⏱️0] [🔧khgrjz59r8]     at Socket._destroy (node:net:831:7)
   486.857ms [⏱️0] [🔧khgrjz59r8]     at _destroy (node:internal/streams/destroy:121:10)
   486.874ms [⏱️0] [🔧khgrjz59r8]     at MockHttpSocket.destroy (node:internal/streams/destroy:83:5)
   486.899ms [⏱️0] [🔧khgrjz59r8]     at Writable.destroy (node:internal/streams/writable:1122:11)
   486.909ms [⏱️0] [🔧khgrjz59r8]     at MockHttpSocket.destroy (/workspace/repro/node_modules/.pnpm/@mswjs+interceptors@file+../node_modules/@mswjs/interceptors/lib/node/chunk-EFBKFUZI.js:574:18)
   486.922ms [⏱️0] [🔧khgrjz59r8]     at MockAgent.<anonymous> (node:_http_agent:154:14)
   486.933ms [⏱️0] [🔧khgrjz59r8]     at MockAgent.emit (node:events:524:28)
   487.031ms [⏱️5495] [🔧khgrjz59r8] 📣 emit close false
  1284.322ms [⏱️4919] [🔧21cn11p2ext] 💾 onData 120b
  1284.393ms [⏱️4919] [🔧21cn11p2ext] 📤 push([{"type":"Buffer","data":[72,84,84,80,47)
  1284.426ms [⏱️4677] [🔧21cn11p2ext] 📨 onResponseStart status=200 🇺🇸=passthrough
  1284.735ms [⏱️4677] [🔧21cn11p2ext] 📥 onResponseBody 2b
  1284.766ms [⏱️4677] [🔧21cn11p2ext] 🎬 onResponseEnd hasStream=true
  1284.801ms [⏱️4919] [🔧21cn11p2ext] 📣 emit data 120 chars
  1284.830ms [⏱️5714] [🔧21cn11p2ext] 📖 read([0])
  1284.853ms [⏱️5714] [🔧21cn11p2ext] 🔬 _read(16384) ⏳=false 🔐=undefined 🇺🇸=passthrough 🔗=http://localhost:40417/ origFlowing=true
  1284.918ms [⏱️4680] [🔧21cn11p2ext] ▶️ resume()
  1285.011ms [⏱️5729] [🔧21cn11p2ext] 📣 emit free
  1285.128ms [⏱️0] [🔧21cn11p2ext] 🧨 _destroy ⏳=false 🔐=undefined 🇺🇸=passthrough 🔗=http://localhost:40417/
  1285.156ms [⏱️0] [🔧21cn11p2ext] 🔧 HANDLE.close()
  1285.574ms [⏱️0] [🔧21cn11p2ext]     at closeSocketHandle (node:net:341:18)
  1285.657ms [⏱️0] [🔧21cn11p2ext]     at Socket._destroy (node:net:831:7)
  1285.676ms [⏱️0] [🔧21cn11p2ext]     at _destroy (node:internal/streams/destroy:121:10)
  1285.686ms [⏱️0] [🔧21cn11p2ext]     at MockHttpSocket.destroy (node:internal/streams/destroy:83:5)
  1285.693ms [⏱️0] [🔧21cn11p2ext]     at Writable.destroy (node:internal/streams/writable:1122:11)
  1285.706ms [⏱️0] [🔧21cn11p2ext]     at MockHttpSocket.destroy (/workspace/repro/node_modules/.pnpm/@mswjs+interceptors@file+../node_modules/@mswjs/interceptors/lib/node/chunk-EFBKFUZI.js:574:18)
  1285.717ms [⏱️0] [🔧21cn11p2ext]     at MockAgent.<anonymous> (node:_http_agent:154:14)
  1285.724ms [⏱️0] [🔧21cn11p2ext]     at MockAgent.emit (node:events:524:28)
   580.407ms [⏱️5581] [🔧boy5cnogtg] 🔌 onConnect delay from lookup
   580.432ms [⏱️5581] [🔧boy5cnogtg] ⚠️  HANDLE MISMATCH!
   580.485ms [⏱️5581] [🔧boy5cnogtg]    My Handle: TCP 🔧=true 🆔=-22 📖=false
   580.498ms [⏱️5581] [🔧boy5cnogtg]    Socket Handle: TCP 🔧=false 🆔=174 📖=false
   580.541ms [⏱️5581] [🔧boy5cnogtg]    Object references are different!
   580.554ms [⏱️5581] [🔧boy5cnogtg] 📣 emit connect
   580.574ms [⏱️5581] [🔧boy5cnogtg] 🔬 _read(16384) ⏳=false 🔐=undefined 🇺🇸=passthrough 🔗=http://localhost:40417/ origFlowing=true
   580.596ms [⏱️5581] [🔧boy5cnogtg] ✅ onReady
   580.614ms [⏱️5581] [🔧boy5cnogtg] 📣 emit ready
  1127.817ms [⏱️4839] [🔧r6o69bculpk] 💾 onData 120b
  1127.969ms [⏱️4839] [🔧r6o69bculpk] 📤 push([{"type":"Buffer","data":[72,84,84,80,47)
  1128.013ms [⏱️4822] [🔧r6o69bculpk] 📨 onResponseStart status=200 🇺🇸=passthrough
  1128.432ms [⏱️4822] [🔧r6o69bculpk] 📥 onResponseBody 2b
  1128.470ms [⏱️4822] [🔧r6o69bculpk] 🎬 onResponseEnd hasStream=true
  1128.513ms [⏱️4839] [🔧r6o69bculpk] 📣 emit data 120 chars
  1128.551ms [⏱️5743] [🔧r6o69bculpk] 📖 read([0])
  1128.633ms [⏱️5743] [🔧r6o69bculpk] 🔬 _read(16384) ⏳=false 🔐=undefined 🇺🇸=passthrough 🔗=http://localhost:40417/ origFlowing=true
  1128.898ms [⏱️4825] [🔧r6o69bculpk] ▶️ resume()
  1129.036ms [⏱️5758] [🔧r6o69bculpk] 📣 emit free
  1129.138ms [⏱️0] [🔧r6o69bculpk] 🧨 _destroy ⏳=false 🔐=undefined 🇺🇸=passthrough 🔗=http://localhost:40417/
  1129.174ms [⏱️0] [🔧r6o69bculpk] 🔧 HANDLE.close()
  1129.419ms [⏱️0] [🔧r6o69bculpk]     at closeSocketHandle (node:net:341:18)
  1129.449ms [⏱️0] [🔧r6o69bculpk]     at Socket._destroy (node:net:831:7)
  1129.564ms [⏱️0] [🔧r6o69bculpk]     at _destroy (node:internal/streams/destroy:121:10)
  1129.577ms [⏱️0] [🔧r6o69bculpk]     at MockHttpSocket.destroy (node:internal/streams/destroy:83:5)
  1129.591ms [⏱️0] [🔧r6o69bculpk]     at Writable.destroy (node:internal/streams/writable:1122:11)
  1129.606ms [⏱️0] [🔧r6o69bculpk]     at MockHttpSocket.destroy (/workspace/repro/node_modules/.pnpm/@mswjs+interceptors@file+../node_modules/@mswjs/interceptors/lib/node/chunk-EFBKFUZI.js:574:18)
  1129.622ms [⏱️0] [🔧r6o69bculpk]     at MockAgent.<anonymous> (node:_http_agent:154:14)
  1129.631ms [⏱️0] [🔧r6o69bculpk]     at MockAgent.emit (node:events:524:28)
  1129.770ms [⏱️4839] [🔧r6o69bculpk] 📣 emit close false
   919.544ms [⏱️5340] [🔧n7u4r2r5b1g] 🔌 onConnect delay from lookup
   919.704ms [⏱️5340] [🔧n7u4r2r5b1g] ⚠️  HANDLE MISMATCH!
   919.736ms [⏱️5340] [🔧n7u4r2r5b1g]    My Handle: TCP 🔧=true 🆔=-22 📖=false
   919.777ms [⏱️5340] [🔧n7u4r2r5b1g]    Socket Handle: TCP 🔧=false 🆔=177 📖=false
   919.816ms [⏱️5340] [🔧n7u4r2r5b1g]    Object references are different!
   919.864ms [⏱️5340] [🔧n7u4r2r5b1g] 📣 emit connect
   919.923ms [⏱️5340] [🔧n7u4r2r5b1g] 🔬 _read(16384) ⏳=false 🔐=undefined 🇺🇸=passthrough 🔗=http://localhost:40417/ origFlowing=true
   919.990ms [⏱️5340] [🔧n7u4r2r5b1g] ✅ onReady
   920.034ms [⏱️5340] [🔧n7u4r2r5b1g] 📣 emit ready
  1496.689ms [⏱️4777] [🔧fkx28o66eai] 🔌 onConnect delay from lookup
  1496.728ms [⏱️4777] [🔧fkx28o66eai] ⚠️  HANDLE MISMATCH!
  1496.739ms [⏱️4777] [🔧fkx28o66eai]    My Handle: TCP 🔧=true 🆔=-22 📖=false
  1496.752ms [⏱️4777] [🔧fkx28o66eai]    Socket Handle: TCP 🔧=false 🆔=148 📖=false
  1496.764ms [⏱️4777] [🔧fkx28o66eai]    Object references are different!
  1496.774ms [⏱️4777] [🔧fkx28o66eai] 📣 emit connect
  1496.797ms [⏱️4777] [🔧fkx28o66eai] 🔬 _read(16384) ⏳=false 🔐=undefined 🇺🇸=passthrough 🔗=http://localhost:40417/ origFlowing=true
  1496.820ms [⏱️4777] [🔧fkx28o66eai] ✅ onReady
  1496.834ms [⏱️4777] [🔧fkx28o66eai] 📣 emit ready
  1619.143ms [⏱️4770] [🔧opd2a3igvrr] 💾 onData 120b
  1619.349ms [⏱️4770] [🔧opd2a3igvrr] 📤 push([{"type":"Buffer","data":[72,84,84,80,47)
  1619.432ms [⏱️4432] [🔧opd2a3igvrr] 📨 onResponseStart status=200 🇺🇸=passthrough
  1620.135ms [⏱️4432] [🔧opd2a3igvrr] 📥 onResponseBody 2b
  1620.190ms [⏱️4432] [🔧opd2a3igvrr] 🎬 onResponseEnd hasStream=true
  1620.246ms [⏱️4770] [🔧opd2a3igvrr] 📣 emit data 120 chars
  1620.294ms [⏱️5795] [🔧opd2a3igvrr] 📖 read([0])
  1620.329ms [⏱️5795] [🔧opd2a3igvrr] 🔬 _read(16384) ⏳=false 🔐=undefined 🇺🇸=passthrough 🔗=http://localhost:40417/ origFlowing=true
  1620.629ms [⏱️4435] [🔧opd2a3igvrr] ▶️ resume()
  1621.092ms [⏱️5810] [🔧opd2a3igvrr] 📣 emit free
  1621.199ms [⏱️0] [🔧opd2a3igvrr] 🧨 _destroy ⏳=false 🔐=undefined 🇺🇸=passthrough 🔗=http://localhost:40417/
  1621.278ms [⏱️0] [🔧opd2a3igvrr] 🔧 HANDLE.close()
  1621.899ms [⏱️0] [🔧opd2a3igvrr]     at closeSocketHandle (node:net:341:18)
  1621.968ms [⏱️0] [🔧opd2a3igvrr]     at Socket._destroy (node:net:831:7)
  1622.001ms [⏱️0] [🔧opd2a3igvrr]     at _destroy (node:internal/streams/destroy:121:10)
  1622.025ms [⏱️0] [🔧opd2a3igvrr]     at MockHttpSocket.destroy (node:internal/streams/destroy:83:5)
  1622.162ms [⏱️0] [🔧opd2a3igvrr]     at Writable.destroy (node:internal/streams/writable:1122:11)
  1622.179ms [⏱️0] [🔧opd2a3igvrr]     at MockHttpSocket.destroy (/workspace/repro/node_modules/.pnpm/@mswjs+interceptors@file+../node_modules/@mswjs/interceptors/lib/node/chunk-EFBKFUZI.js:574:18)
  1622.192ms [⏱️0] [🔧opd2a3igvrr]     at MockAgent.<anonymous> (node:_http_agent:154:14)
  1622.204ms [⏱️0] [🔧opd2a3igvrr]     at MockAgent.emit (node:events:524:28)
   977.968ms [⏱️5397] [🔧8n3wqm32atf] 🔌 onConnect delay from lookup
   978.009ms [⏱️5397] [🔧8n3wqm32atf] ⚠️  HANDLE MISMATCH!
   978.023ms [⏱️5397] [🔧8n3wqm32atf]    My Handle: TCP 🔧=true 🆔=-22 📖=false
   978.040ms [⏱️5397] [🔧8n3wqm32atf]    Socket Handle: TCP 🔧=false 🆔=161 📖=false
   978.058ms [⏱️5397] [🔧8n3wqm32atf]    Object references are different!
   978.072ms [⏱️5397] [🔧8n3wqm32atf] 📣 emit connect
   978.098ms [⏱️5397] [🔧8n3wqm32atf] 🔬 _read(16384) ⏳=false 🔐=undefined 🇺🇸=passthrough 🔗=http://localhost:40417/ origFlowing=true
   978.139ms [⏱️5397] [🔧8n3wqm32atf] ✅ onReady
   978.182ms [⏱️5397] [🔧8n3wqm32atf] 📣 emit ready
   892.509ms [⏱️5521] [🔧g70j9wtgsuu] 🔌 onConnect delay from lookup
   892.578ms [⏱️5521] [🔧g70j9wtgsuu] ⚠️  HANDLE MISMATCH!
   892.599ms [⏱️5521] [🔧g70j9wtgsuu]    My Handle: TCP 🔧=true 🆔=-22 📖=false
   892.643ms [⏱️5521] [🔧g70j9wtgsuu]    Socket Handle: TCP 🔧=false 🆔=182 📖=false
   892.682ms [⏱️5521] [🔧g70j9wtgsuu]    Object references are different!
   892.730ms [⏱️5521] [🔧g70j9wtgsuu] 📣 emit connect
   892.789ms [⏱️5521] [🔧g70j9wtgsuu] 🔬 _read(16384) ⏳=false 🔐=undefined 🇺🇸=passthrough 🔗=http://localhost:40417/ origFlowing=true
   892.852ms [⏱️5521] [🔧g70j9wtgsuu] ✅ onReady
   892.888ms [⏱️5521] [🔧g70j9wtgsuu] 📣 emit ready
   842.298ms [⏱️5578] [🔧mpx5parc4mg] 🔌 onConnect delay from lookup
   842.377ms [⏱️5578] [🔧mpx5parc4mg] ⚠️  HANDLE MISMATCH!
   842.389ms [⏱️5578] [🔧mpx5parc4mg]    My Handle: TCP 🔧=true 🆔=-22 📖=false
   842.405ms [⏱️5578] [🔧mpx5parc4mg]    Socket Handle: TCP 🔧=false 🆔=184 📖=false
   842.420ms [⏱️5578] [🔧mpx5parc4mg]    Object references are different!
   842.443ms [⏱️5578] [🔧mpx5parc4mg] 📣 emit connect
   842.478ms [⏱️5578] [🔧mpx5parc4mg] 🔬 _read(16384) ⏳=false 🔐=undefined 🇺🇸=passthrough 🔗=http://localhost:40417/ origFlowing=true
   842.514ms [⏱️5578] [🔧mpx5parc4mg] ✅ onReady
   842.528ms [⏱️5578] [🔧mpx5parc4mg] 📣 emit ready
   850.882ms [⏱️5580] [🔧boy5cnogtg] 💾 onData 120b
   850.957ms [⏱️5580] [🔧boy5cnogtg] 📤 push([{"type":"Buffer","data":[72,84,84,80,47)
   850.988ms [⏱️5368] [🔧boy5cnogtg] 📨 onResponseStart status=200 🇺🇸=passthrough
   851.389ms [⏱️5368] [🔧boy5cnogtg] 📥 onResponseBody 2b
   851.443ms [⏱️5368] [🔧boy5cnogtg] 🎬 onResponseEnd hasStream=true
   851.487ms [⏱️5580] [🔧boy5cnogtg] 📣 emit data 120 chars
   851.587ms [⏱️5845] [🔧boy5cnogtg] 📖 read([0])
   851.614ms [⏱️5845] [🔧boy5cnogtg] 🔬 _read(16384) ⏳=false 🔐=undefined 🇺🇸=passthrough 🔗=http://localhost:40417/ origFlowing=true
   851.705ms [⏱️5371] [🔧boy5cnogtg] ▶️ resume()
   851.991ms [⏱️5860] [🔧boy5cnogtg] 📣 emit free
   852.112ms [⏱️0] [🔧boy5cnogtg] 🧨 _destroy ⏳=false 🔐=undefined 🇺🇸=passthrough 🔗=http://localhost:40417/
   852.173ms [⏱️0] [🔧boy5cnogtg] 🔧 HANDLE.close()
   852.378ms [⏱️0] [🔧boy5cnogtg]     at closeSocketHandle (node:net:341:18)
   852.409ms [⏱️0] [🔧boy5cnogtg]     at Socket._destroy (node:net:831:7)
   852.438ms [⏱️0] [🔧boy5cnogtg]     at _destroy (node:internal/streams/destroy:121:10)
   852.454ms [⏱️0] [🔧boy5cnogtg]     at MockHttpSocket.destroy (node:internal/streams/destroy:83:5)
   852.468ms [⏱️0] [🔧boy5cnogtg]     at Writable.destroy (node:internal/streams/writable:1122:11)
   852.482ms [⏱️0] [🔧boy5cnogtg]     at MockHttpSocket.destroy (/workspace/repro/node_modules/.pnpm/@mswjs+interceptors@file+../node_modules/@mswjs/interceptors/lib/node/chunk-EFBKFUZI.js:574:18)
   852.491ms [⏱️0] [🔧boy5cnogtg]     at MockAgent.<anonymous> (node:_http_agent:154:14)
   852.502ms [⏱️0] [🔧boy5cnogtg]     at MockAgent.emit (node:events:524:28)
  1149.343ms [⏱️5166] [🔧w2lhrorqyn] 💾 onData 120b
  1149.469ms [⏱️5166] [🔧w2lhrorqyn] 📤 push([{"type":"Buffer","data":[72,84,84,80,47)
  1149.501ms [⏱️5149] [🔧w2lhrorqyn] 📨 onResponseStart status=200 🇺🇸=passthrough
  1150.051ms [⏱️5149] [🔧w2lhrorqyn] 📥 onResponseBody 2b
  1150.091ms [⏱️5149] [🔧w2lhrorqyn] 🎬 onResponseEnd hasStream=true
  1150.136ms [⏱️5166] [🔧w2lhrorqyn] 📣 emit data 120 chars
  1150.160ms [⏱️5884] [🔧w2lhrorqyn] 📖 read([0])
  1150.178ms [⏱️5884] [🔧w2lhrorqyn] 🔬 _read(16384) ⏳=false 🔐=undefined 🇺🇸=passthrough 🔗=http://localhost:40417/ origFlowing=true
  1150.347ms [⏱️5152] [🔧w2lhrorqyn] ▶️ resume()
  1150.442ms [⏱️5899] [🔧w2lhrorqyn] 📣 emit free
  1150.476ms [⏱️0] [🔧w2lhrorqyn] 🧨 _destroy ⏳=false 🔐=undefined 🇺🇸=passthrough 🔗=http://localhost:40417/
  1150.492ms [⏱️0] [🔧w2lhrorqyn] 🔧 HANDLE.close()
  1150.895ms [⏱️0] [🔧w2lhrorqyn]     at closeSocketHandle (node:net:341:18)
  1150.956ms [⏱️0] [🔧w2lhrorqyn]     at Socket._destroy (node:net:831:7)
  1150.965ms [⏱️0] [🔧w2lhrorqyn]     at _destroy (node:internal/streams/destroy:121:10)
  1151.025ms [⏱️0] [🔧w2lhrorqyn]     at MockHttpSocket.destroy (node:internal/streams/destroy:83:5)
  1151.036ms [⏱️0] [🔧w2lhrorqyn]     at Writable.destroy (node:internal/streams/writable:1122:11)
  1151.042ms [⏱️0] [🔧w2lhrorqyn]     at MockHttpSocket.destroy (/workspace/repro/node_modules/.pnpm/@mswjs+interceptors@file+../node_modules/@mswjs/interceptors/lib/node/chunk-EFBKFUZI.js:574:18)
  1151.055ms [⏱️0] [🔧w2lhrorqyn]     at MockAgent.<anonymous> (node:_http_agent:154:14)
  1151.065ms [⏱️0] [🔧w2lhrorqyn]     at MockAgent.emit (node:events:524:28)
  1151.224ms [⏱️5166] [🔧w2lhrorqyn] 📣 emit close false
  1640.954ms [⏱️4973] [🔧45uouron8ms] 💾 onData 120b
  1640.978ms [⏱️4973] [🔧45uouron8ms] 📤 push([{"type":"Buffer","data":[72,84,84,80,47)
  1640.995ms [⏱️4745] [🔧45uouron8ms] 📨 onResponseStart status=200 🇺🇸=passthrough
  1641.137ms [⏱️4745] [🔧45uouron8ms] 📥 onResponseBody 2b
  1641.192ms [⏱️4745] [🔧45uouron8ms] 🎬 onResponseEnd hasStream=true
  1641.227ms [⏱️4973] [🔧45uouron8ms] 📣 emit data 120 chars
  1641.242ms [⏱️5915] [🔧45uouron8ms] 📖 read([0])
  1641.248ms [⏱️5915] [🔧45uouron8ms] 🔬 _read(16384) ⏳=false 🔐=undefined 🇺🇸=passthrough 🔗=http://localhost:40417/ origFlowing=true
  1641.297ms [⏱️4748] [🔧45uouron8ms] ▶️ resume()
  1641.324ms [⏱️5930] [🔧45uouron8ms] 📣 emit free
  1641.403ms [⏱️0] [🔧45uouron8ms] 🧨 _destroy ⏳=false 🔐=undefined 🇺🇸=passthrough 🔗=http://localhost:40417/
  1641.440ms [⏱️0] [🔧45uouron8ms] 🔧 HANDLE.close()
  1641.620ms [⏱️0] [🔧45uouron8ms]     at closeSocketHandle (node:net:341:18)
  1641.691ms [⏱️0] [🔧45uouron8ms]     at Socket._destroy (node:net:831:7)
  1641.704ms [⏱️0] [🔧45uouron8ms]     at _destroy (node:internal/streams/destroy:121:10)
  1641.708ms [⏱️0] [🔧45uouron8ms]     at MockHttpSocket.destroy (node:internal/streams/destroy:83:5)
  1641.712ms [⏱️0] [🔧45uouron8ms]     at Writable.destroy (node:internal/streams/writable:1122:11)
  1641.760ms [⏱️0] [🔧45uouron8ms]     at MockHttpSocket.destroy (/workspace/repro/node_modules/.pnpm/@mswjs+interceptors@file+../node_modules/@mswjs/interceptors/lib/node/chunk-EFBKFUZI.js:574:18)
  1641.780ms [⏱️0] [🔧45uouron8ms]     at MockAgent.<anonymous> (node:_http_agent:154:14)
  1641.783ms [⏱️0] [🔧45uouron8ms]     at MockAgent.emit (node:events:524:28)
  1830.497ms [⏱️4904] [🔧hhu7qsj9oo] 💾 onData 120b
  1830.517ms [⏱️4904] [🔧hhu7qsj9oo] 📤 push([{"type":"Buffer","data":[72,84,84,80,47)
  1830.529ms [⏱️4612] [🔧hhu7qsj9oo] 📨 onResponseStart status=200 🇺🇸=passthrough
  1830.623ms [⏱️4612] [🔧hhu7qsj9oo] 📥 onResponseBody 2b
  1830.636ms [⏱️4612] [🔧hhu7qsj9oo] 🎬 onResponseEnd hasStream=true
  1830.650ms [⏱️4904] [🔧hhu7qsj9oo] 📣 emit data 120 chars
  1830.670ms [⏱️5942] [🔧hhu7qsj9oo] 📖 read([0])
  1830.681ms [⏱️5942] [🔧hhu7qsj9oo] 🔬 _read(16384) ⏳=false 🔐=undefined 🇺🇸=passthrough 🔗=http://localhost:40417/ origFlowing=true
  1830.718ms [⏱️4615] [🔧hhu7qsj9oo] ▶️ resume()
  1830.750ms [⏱️5957] [🔧hhu7qsj9oo] 📣 emit free
  1830.760ms [⏱️0] [🔧hhu7qsj9oo] 🧨 _destroy ⏳=false 🔐=undefined 🇺🇸=passthrough 🔗=http://localhost:40417/
  1830.798ms [⏱️0] [🔧hhu7qsj9oo] 🔧 HANDLE.close()
  1830.854ms [⏱️0] [🔧hhu7qsj9oo]     at closeSocketHandle (node:net:341:18)
  1830.937ms [⏱️0] [🔧hhu7qsj9oo]     at Socket._destroy (node:net:831:7)
  1830.948ms [⏱️0] [🔧hhu7qsj9oo]     at _destroy (node:internal/streams/destroy:121:10)
  1830.951ms [⏱️0] [🔧hhu7qsj9oo]     at MockHttpSocket.destroy (node:internal/streams/destroy:83:5)
  1830.955ms [⏱️0] [🔧hhu7qsj9oo]     at Writable.destroy (node:internal/streams/writable:1122:11)
  1830.993ms [⏱️0] [🔧hhu7qsj9oo]     at MockHttpSocket.destroy (/workspace/repro/node_modules/.pnpm/@mswjs+interceptors@file+../node_modules/@mswjs/interceptors/lib/node/chunk-EFBKFUZI.js:574:18)
  1830.999ms [⏱️0] [🔧hhu7qsj9oo]     at MockAgent.<anonymous> (node:_http_agent:154:14)
  1831.006ms [⏱️0] [🔧hhu7qsj9oo]     at MockAgent.emit (node:events:524:28)
  1093.401ms [⏱️5577] [🔧mpx5parc4mg] 💾 onData 120b
  1093.421ms [⏱️5577] [🔧mpx5parc4mg] 📤 push([{"type":"Buffer","data":[72,84,84,80,47)
  1093.435ms [⏱️5317] [🔧mpx5parc4mg] 📨 onResponseStart status=200 🇺🇸=passthrough
  1093.523ms [⏱️5317] [🔧mpx5parc4mg] 📥 onResponseBody 2b
  1093.535ms [⏱️5317] [🔧mpx5parc4mg] 🎬 onResponseEnd hasStream=true
  1093.559ms [⏱️5577] [🔧mpx5parc4mg] 📣 emit data 120 chars
  1093.572ms [⏱️5966] [🔧mpx5parc4mg] 📖 read([0])
  1093.617ms [⏱️5966] [🔧mpx5parc4mg] 🔬 _read(16384) ⏳=false 🔐=undefined 🇺🇸=passthrough 🔗=http://localhost:40417/ origFlowing=true
  1093.661ms [⏱️5320] [🔧mpx5parc4mg] ▶️ resume()
  1093.696ms [⏱️5981] [🔧mpx5parc4mg] 📣 emit free
  1093.847ms [⏱️0] [🔧mpx5parc4mg] 🧨 _destroy ⏳=false 🔐=undefined 🇺🇸=passthrough 🔗=http://localhost:40417/
  1093.862ms [⏱️0] [🔧mpx5parc4mg] 🔧 HANDLE.close()
  1093.896ms [⏱️0] [🔧mpx5parc4mg]     at closeSocketHandle (node:net:341:18)
  1093.905ms [⏱️0] [🔧mpx5parc4mg]     at Socket._destroy (node:net:831:7)
  1093.909ms [⏱️0] [🔧mpx5parc4mg]     at _destroy (node:internal/streams/destroy:121:10)
  1093.912ms [⏱️0] [🔧mpx5parc4mg]     at MockHttpSocket.destroy (node:internal/streams/destroy:83:5)
  1093.916ms [⏱️0] [🔧mpx5parc4mg]     at Writable.destroy (node:internal/streams/writable:1122:11)
  1093.947ms [⏱️0] [🔧mpx5parc4mg]     at MockHttpSocket.destroy (/workspace/repro/node_modules/.pnpm/@mswjs+interceptors@file+../node_modules/@mswjs/interceptors/lib/node/chunk-EFBKFUZI.js:574:18)
  1094.020ms [⏱️0] [🔧mpx5parc4mg]     at MockAgent.<anonymous> (node:_http_agent:154:14)
  1094.032ms [⏱️0] [🔧mpx5parc4mg]     at MockAgent.emit (node:events:524:28)
  1314.893ms [⏱️5396] [🔧8n3wqm32atf] 💾 onData 120b
  1314.916ms [⏱️5396] [🔧8n3wqm32atf] 📤 push([{"type":"Buffer","data":[72,84,84,80,47)
  1314.930ms [⏱️5085] [🔧8n3wqm32atf] 📨 onResponseStart status=200 🇺🇸=passthrough
  1315.025ms [⏱️5085] [🔧8n3wqm32atf] 📥 onResponseBody 2b
  1315.039ms [⏱️5085] [🔧8n3wqm32atf] 🎬 onResponseEnd hasStream=true
  1315.051ms [⏱️5396] [🔧8n3wqm32atf] 📣 emit data 120 chars
  1315.065ms [⏱️5996] [🔧8n3wqm32atf] 📖 read([0])
  1315.072ms [⏱️5996] [🔧8n3wqm32atf] 🔬 _read(16384) ⏳=false 🔐=undefined 🇺🇸=passthrough 🔗=http://localhost:40417/ origFlowing=true
  1315.115ms [⏱️5088] [🔧8n3wqm32atf] ▶️ resume()
  1315.165ms [⏱️6011] [🔧8n3wqm32atf] 📣 emit free
  1315.181ms [⏱️0] [🔧8n3wqm32atf] 🧨 _destroy ⏳=false 🔐=undefined 🇺🇸=passthrough 🔗=http://localhost:40417/
  1315.196ms [⏱️0] [🔧8n3wqm32atf] 🔧 HANDLE.close()
  1315.232ms [⏱️0] [🔧8n3wqm32atf]     at closeSocketHandle (node:net:341:18)
  1315.289ms [⏱️0] [🔧8n3wqm32atf]     at Socket._destroy (node:net:831:7)
  1315.322ms [⏱️0] [🔧8n3wqm32atf]     at _destroy (node:internal/streams/destroy:121:10)
  1315.371ms [⏱️0] [🔧8n3wqm32atf]     at MockHttpSocket.destroy (node:internal/streams/destroy:83:5)
  1315.378ms [⏱️0] [🔧8n3wqm32atf]     at Writable.destroy (node:internal/streams/writable:1122:11)
  1315.383ms [⏱️0] [🔧8n3wqm32atf]     at MockHttpSocket.destroy (/workspace/repro/node_modules/.pnpm/@mswjs+interceptors@file+../node_modules/@mswjs/interceptors/lib/node/chunk-EFBKFUZI.js:574:18)
  1315.392ms [⏱️0] [🔧8n3wqm32atf]     at MockAgent.<anonymous> (node:_http_agent:154:14)
  1315.399ms [⏱️0] [🔧8n3wqm32atf]     at MockAgent.emit (node:events:524:28)
  1200.878ms [⏱️5527] [🔧wscfnpcd5jn] 🔌 onConnect delay from lookup
  1200.897ms [⏱️5527] [🔧wscfnpcd5jn] ⚠️  HANDLE MISMATCH!
  1200.905ms [⏱️5527] [🔧wscfnpcd5jn]    My Handle: TCP 🔧=true 🆔=-22 📖=false
  1200.917ms [⏱️5527] [🔧wscfnpcd5jn]    Socket Handle: TCP 🔧=false 🆔=183 📖=false
  1200.927ms [⏱️5527] [🔧wscfnpcd5jn]    Object references are different!
  1200.934ms [⏱️5527] [🔧wscfnpcd5jn] 📣 emit connect
  1200.947ms [⏱️5527] [🔧wscfnpcd5jn] 🔬 _read(16384) ⏳=false 🔐=undefined 🇺🇸=passthrough 🔗=http://localhost:40417/ origFlowing=true
  1200.965ms [⏱️5527] [🔧wscfnpcd5jn] ✅ onReady
  1200.970ms [⏱️5527] [🔧wscfnpcd5jn] 📣 emit ready
  1580.828ms [⏱️5179] [🔧2j4zk71um8] 💾 onData 120b
  1580.855ms [⏱️5179] [🔧2j4zk71um8] 📤 push([{"type":"Buffer","data":[72,84,84,80,47)
  1580.875ms [⏱️4945] [🔧2j4zk71um8] 📨 onResponseStart status=200 🇺🇸=passthrough
  1580.976ms [⏱️4945] [🔧2j4zk71um8] 📥 onResponseBody 2b
  1580.994ms [⏱️4945] [🔧2j4zk71um8] 🎬 onResponseEnd hasStream=true
  1581.007ms [⏱️5179] [🔧2j4zk71um8] 📣 emit data 120 chars
  1581.024ms [⏱️6028] [🔧2j4zk71um8] 📖 read([0])
  1581.049ms [⏱️6028] [🔧2j4zk71um8] 🔬 _read(16384) ⏳=false 🔐=undefined 🇺🇸=passthrough 🔗=http://localhost:40417/ origFlowing=true
  1581.086ms [⏱️4948] [🔧2j4zk71um8] ▶️ resume()
  1581.141ms [⏱️6043] [🔧2j4zk71um8] 📣 emit free
  1581.161ms [⏱️0] [🔧2j4zk71um8] 🧨 _destroy ⏳=false 🔐=undefined 🇺🇸=passthrough 🔗=http://localhost:40417/
  1581.173ms [⏱️0] [🔧2j4zk71um8] 🔧 HANDLE.close()
  1581.211ms [⏱️0] [🔧2j4zk71um8]     at closeSocketHandle (node:net:341:18)
  1581.227ms [⏱️0] [🔧2j4zk71um8]     at Socket._destroy (node:net:831:7)
  1581.233ms [⏱️0] [🔧2j4zk71um8]     at _destroy (node:internal/streams/destroy:121:10)
  1581.244ms [⏱️0] [🔧2j4zk71um8]     at MockHttpSocket.destroy (node:internal/streams/destroy:83:5)
  1581.255ms [⏱️0] [🔧2j4zk71um8]     at Writable.destroy (node:internal/streams/writable:1122:11)
  1581.268ms [⏱️0] [🔧2j4zk71um8]     at MockHttpSocket.destroy (/workspace/repro/node_modules/.pnpm/@mswjs+interceptors@file+../node_modules/@mswjs/interceptors/lib/node/chunk-EFBKFUZI.js:574:18)
  1581.275ms [⏱️0] [🔧2j4zk71um8]     at MockAgent.<anonymous> (node:_http_agent:154:14)
  1581.280ms [⏱️0] [🔧2j4zk71um8]     at MockAgent.emit (node:events:524:28)
  1489.397ms [⏱️5339] [🔧n7u4r2r5b1g] 💾 onData 120b
  1489.506ms [⏱️5339] [🔧n7u4r2r5b1g] 📤 push([{"type":"Buffer","data":[72,84,84,80,47)
  1489.550ms [⏱️5014] [🔧n7u4r2r5b1g] 📨 onResponseStart status=200 🇺🇸=passthrough
  1489.926ms [⏱️5014] [🔧n7u4r2r5b1g] 📥 onResponseBody 2b
  1489.971ms [⏱️5014] [🔧n7u4r2r5b1g] 🎬 onResponseEnd hasStream=true
  1490.011ms [⏱️5339] [🔧n7u4r2r5b1g] 📣 emit data 120 chars
  1490.116ms [⏱️6052] [🔧n7u4r2r5b1g] 📖 read([0])
  1490.156ms [⏱️6052] [🔧n7u4r2r5b1g] 🔬 _read(16384) ⏳=false 🔐=undefined 🇺🇸=passthrough 🔗=http://localhost:40417/ origFlowing=true
  1490.261ms [⏱️5017] [🔧n7u4r2r5b1g] ▶️ resume()
  1490.368ms [⏱️6067] [🔧n7u4r2r5b1g] 📣 emit free
  1490.416ms [⏱️0] [🔧n7u4r2r5b1g] 🧨 _destroy ⏳=false 🔐=undefined 🇺🇸=passthrough 🔗=http://localhost:40417/
  1490.441ms [⏱️0] [🔧n7u4r2r5b1g] 🔧 HANDLE.close()
  1490.580ms [⏱️0] [🔧n7u4r2r5b1g]     at closeSocketHandle (node:net:341:18)
  1490.598ms [⏱️0] [🔧n7u4r2r5b1g]     at Socket._destroy (node:net:831:7)
  1490.606ms [⏱️0] [🔧n7u4r2r5b1g]     at _destroy (node:internal/streams/destroy:121:10)
  1490.634ms [⏱️0] [🔧n7u4r2r5b1g]     at MockHttpSocket.destroy (node:internal/streams/destroy:83:5)
  1490.641ms [⏱️0] [🔧n7u4r2r5b1g]     at Writable.destroy (node:internal/streams/writable:1122:11)
  1490.680ms [⏱️0] [🔧n7u4r2r5b1g]     at MockHttpSocket.destroy (/workspace/repro/node_modules/.pnpm/@mswjs+interceptors@file+../node_modules/@mswjs/interceptors/lib/node/chunk-EFBKFUZI.js:574:18)
  1490.691ms [⏱️0] [🔧n7u4r2r5b1g]     at MockAgent.<anonymous> (node:_http_agent:154:14)
  1490.698ms [⏱️0] [🔧n7u4r2r5b1g]     at MockAgent.emit (node:events:524:28)
  2077.521ms [⏱️4776] [🔧fkx28o66eai] 💾 onData 120b
  2077.649ms [⏱️4776] [🔧fkx28o66eai] 📤 push([{"type":"Buffer","data":[72,84,84,80,47)
  2077.694ms [⏱️4535] [🔧fkx28o66eai] 📨 onResponseStart status=200 🇺🇸=passthrough
  2078.147ms [⏱️4535] [🔧fkx28o66eai] 📥 onResponseBody 2b
  2078.243ms [⏱️4535] [🔧fkx28o66eai] 🎬 onResponseEnd hasStream=true
  2078.395ms [⏱️4776] [🔧fkx28o66eai] 📣 emit data 120 chars
  2078.454ms [⏱️6076] [🔧fkx28o66eai] 📖 read([0])
  2078.490ms [⏱️6076] [🔧fkx28o66eai] 🔬 _read(16384) ⏳=false 🔐=undefined 🇺🇸=passthrough 🔗=http://localhost:40417/ origFlowing=true
  2078.616ms [⏱️4538] [🔧fkx28o66eai] ▶️ resume()
  2078.762ms [⏱️6091] [🔧fkx28o66eai] 📣 emit free
  2078.826ms [⏱️0] [🔧fkx28o66eai] 🧨 _destroy ⏳=false 🔐=undefined 🇺🇸=passthrough 🔗=http://localhost:40417/
  2078.950ms [⏱️0] [🔧fkx28o66eai] 🔧 HANDLE.close()
  2079.155ms [⏱️0] [🔧fkx28o66eai]     at closeSocketHandle (node:net:341:18)
  2079.177ms [⏱️0] [🔧fkx28o66eai]     at Socket._destroy (node:net:831:7)
  2079.187ms [⏱️0] [🔧fkx28o66eai]     at _destroy (node:internal/streams/destroy:121:10)
  2079.206ms [⏱️0] [🔧fkx28o66eai]     at MockHttpSocket.destroy (node:internal/streams/destroy:83:5)
  2079.245ms [⏱️0] [🔧fkx28o66eai]     at Writable.destroy (node:internal/streams/writable:1122:11)
  2079.258ms [⏱️0] [🔧fkx28o66eai]     at MockHttpSocket.destroy (/workspace/repro/node_modules/.pnpm/@mswjs+interceptors@file+../node_modules/@mswjs/interceptors/lib/node/chunk-EFBKFUZI.js:574:18)
  2079.267ms [⏱️0] [🔧fkx28o66eai]     at MockAgent.<anonymous> (node:_http_agent:154:14)
  2079.274ms [⏱️0] [🔧fkx28o66eai]     at MockAgent.emit (node:events:524:28)
  1365.008ms [⏱️5520] [🔧g70j9wtgsuu] 💾 onData 120b
  1365.204ms [⏱️5520] [🔧g70j9wtgsuu] 📤 push([{"type":"Buffer","data":[72,84,84,80,47)
  1365.304ms [⏱️5221] [🔧g70j9wtgsuu] 📨 onResponseStart status=200 🇺🇸=passthrough
  1365.723ms [⏱️5221] [🔧g70j9wtgsuu] 📥 onResponseBody 2b
  1365.758ms [⏱️5221] [🔧g70j9wtgsuu] 🎬 onResponseEnd hasStream=true
  1365.792ms [⏱️5520] [🔧g70j9wtgsuu] 📣 emit data 120 chars
  1365.826ms [⏱️6100] [🔧g70j9wtgsuu] 📖 read([0])
  1365.851ms [⏱️6100] [🔧g70j9wtgsuu] 🔬 _read(16384) ⏳=false 🔐=undefined 🇺🇸=passthrough 🔗=http://localhost:40417/ origFlowing=true
  1366.075ms [⏱️5224] [🔧g70j9wtgsuu] ▶️ resume()
  1366.303ms [⏱️6115] [🔧g70j9wtgsuu] 📣 emit free
  1366.378ms [⏱️0] [🔧g70j9wtgsuu] 🧨 _destroy ⏳=false 🔐=undefined 🇺🇸=passthrough 🔗=http://localhost:40417/
  1366.418ms [⏱️0] [🔧g70j9wtgsuu] 🔧 HANDLE.close()
  1366.589ms [⏱️0] [🔧g70j9wtgsuu]     at closeSocketHandle (node:net:341:18)
  1366.609ms [⏱️0] [🔧g70j9wtgsuu]     at Socket._destroy (node:net:831:7)
  1366.618ms [⏱️0] [🔧g70j9wtgsuu]     at _destroy (node:internal/streams/destroy:121:10)
  1366.624ms [⏱️0] [🔧g70j9wtgsuu]     at MockHttpSocket.destroy (node:internal/streams/destroy:83:5)
  1366.630ms [⏱️0] [🔧g70j9wtgsuu]     at Writable.destroy (node:internal/streams/writable:1122:11)
  1366.636ms [⏱️0] [🔧g70j9wtgsuu]     at MockHttpSocket.destroy (/workspace/repro/node_modules/.pnpm/@mswjs+interceptors@file+../node_modules/@mswjs/interceptors/lib/node/chunk-EFBKFUZI.js:574:18)
  1366.643ms [⏱️0] [🔧g70j9wtgsuu]     at MockAgent.<anonymous> (node:_http_agent:154:14)
  1366.649ms [⏱️0] [🔧g70j9wtgsuu]     at MockAgent.emit (node:events:524:28)
  1245.902ms [⏱️5611] [🔧9kzw6hnxkb] 🔌 onConnect delay from lookup
  1246.004ms [⏱️5611] [🔧9kzw6hnxkb] ⚠️  HANDLE MISMATCH!
  1246.032ms [⏱️5611] [🔧9kzw6hnxkb]    My Handle: TCP 🔧=true 🆔=-22 📖=false
  1246.049ms [⏱️5611] [🔧9kzw6hnxkb]    Socket Handle: TCP 🔧=false 🆔=185 📖=false
  1246.063ms [⏱️5611] [🔧9kzw6hnxkb]    Object references are different!
  1246.088ms [⏱️5611] [🔧9kzw6hnxkb] 📣 emit connect
  1246.120ms [⏱️5611] [🔧9kzw6hnxkb] 🔬 _read(16384) ⏳=false 🔐=undefined 🇺🇸=passthrough 🔗=http://localhost:40417/ origFlowing=true
  1246.159ms [⏱️5611] [🔧9kzw6hnxkb] ✅ onReady
  1246.176ms [⏱️5611] [🔧9kzw6hnxkb] 📣 emit ready
  1604.013ms [⏱️5610] [🔧9kzw6hnxkb] 💾 onData 120b
  1604.171ms [⏱️5610] [🔧9kzw6hnxkb] 📤 push([{"type":"Buffer","data":[72,84,84,80,47)
  1604.243ms [⏱️5422] [🔧9kzw6hnxkb] 📨 onResponseStart status=200 🇺🇸=passthrough
  1604.865ms [⏱️5422] [🔧9kzw6hnxkb] 📥 onResponseBody 2b
  1604.941ms [⏱️5422] [🔧9kzw6hnxkb] 🎬 onResponseEnd hasStream=true
  1605.066ms [⏱️5610] [🔧9kzw6hnxkb] 📣 emit data 120 chars
  1605.124ms [⏱️6144] [🔧9kzw6hnxkb] 📖 read([0])
  1605.193ms [⏱️6144] [🔧9kzw6hnxkb] 🔬 _read(16384) ⏳=false 🔐=undefined 🇺🇸=passthrough 🔗=http://localhost:40417/ origFlowing=true
  1605.552ms [⏱️5425] [🔧9kzw6hnxkb] ▶️ resume()
  1605.837ms [⏱️6159] [🔧9kzw6hnxkb] 📣 emit free
  1605.918ms [⏱️0] [🔧9kzw6hnxkb] 🧨 _destroy ⏳=false 🔐=undefined 🇺🇸=passthrough 🔗=http://localhost:40417/
  1606.053ms [⏱️0] [🔧9kzw6hnxkb] 🔧 HANDLE.close()
  1606.284ms [⏱️0] [🔧9kzw6hnxkb]     at closeSocketHandle (node:net:341:18)
  1606.338ms [⏱️0] [🔧9kzw6hnxkb]     at Socket._destroy (node:net:831:7)
  1606.353ms [⏱️0] [🔧9kzw6hnxkb]     at _destroy (node:internal/streams/destroy:121:10)
  1606.374ms [⏱️0] [🔧9kzw6hnxkb]     at MockHttpSocket.destroy (node:internal/streams/destroy:83:5)
  1606.387ms [⏱️0] [🔧9kzw6hnxkb]     at Writable.destroy (node:internal/streams/writable:1122:11)
  1606.406ms [⏱️0] [🔧9kzw6hnxkb]     at MockHttpSocket.destroy (/workspace/repro/node_modules/.pnpm/@mswjs+interceptors@file+../node_modules/@mswjs/interceptors/lib/node/chunk-EFBKFUZI.js:574:18)
  1606.546ms [⏱️0] [🔧9kzw6hnxkb]     at MockAgent.<anonymous> (node:_http_agent:154:14)
  1606.596ms [⏱️0] [🔧9kzw6hnxkb]     at MockAgent.emit (node:events:524:28)
  2400.854ms [⏱️5526] [🔧wscfnpcd5jn] 💾 onData 120b
  2401.089ms [⏱️5526] [🔧wscfnpcd5jn] 📤 push([{"type":"Buffer","data":[72,84,84,80,47)
  2401.181ms [⏱️5269] [🔧wscfnpcd5jn] 📨 onResponseStart status=200 🇺🇸=passthrough
  2402.012ms [⏱️5269] [🔧wscfnpcd5jn] 📥 onResponseBody 2b
  2402.101ms [⏱️5269] [🔧wscfnpcd5jn] 🎬 onResponseEnd hasStream=true
  2402.187ms [⏱️5526] [🔧wscfnpcd5jn] 📣 emit data 120 chars
  2402.465ms [⏱️6177] [🔧wscfnpcd5jn] 📖 read([0])
  2402.506ms [⏱️6177] [🔧wscfnpcd5jn] 🔬 _read(16384) ⏳=false 🔐=undefined 🇺🇸=passthrough 🔗=http://localhost:40417/ origFlowing=true
  2402.716ms [⏱️5272] [🔧wscfnpcd5jn] ▶️ resume()
  2403.095ms [⏱️6192] [🔧wscfnpcd5jn] 📣 emit free
  2403.274ms [⏱️0] [🔧wscfnpcd5jn] 🧨 _destroy ⏳=false 🔐=undefined 🇺🇸=passthrough 🔗=http://localhost:40417/
  2403.452ms [⏱️0] [🔧wscfnpcd5jn] 🔧 HANDLE.close()
  2403.885ms [⏱️0] [🔧wscfnpcd5jn]     at closeSocketHandle (node:net:341:18)
  2403.929ms [⏱️0] [🔧wscfnpcd5jn]     at Socket._destroy (node:net:831:7)
  2403.944ms [⏱️0] [🔧wscfnpcd5jn]     at _destroy (node:internal/streams/destroy:121:10)
  2403.957ms [⏱️0] [🔧wscfnpcd5jn]     at MockHttpSocket.destroy (node:internal/streams/destroy:83:5)
  2403.998ms [⏱️0] [🔧wscfnpcd5jn]     at Writable.destroy (node:internal/streams/writable:1122:11)
  2404.023ms [⏱️0] [🔧wscfnpcd5jn]     at MockHttpSocket.destroy (/workspace/repro/node_modules/.pnpm/@mswjs+interceptors@file+../node_modules/@mswjs/interceptors/lib/node/chunk-EFBKFUZI.js:574:18)
  2404.041ms [⏱️0] [🔧wscfnpcd5jn]     at MockAgent.<anonymous> (node:_http_agent:154:14)
  2404.065ms [⏱️0] [🔧wscfnpcd5jn]     at MockAgent.emit (node:events:524:28)
[test.js] 🎯 done completed=100/100
[test.js] 🧹 cleanup agent=destroy conns=87
[test.js] 🔌 closed conns=87
[test.js]
[test.js] ⚠️  HANDLE MISMATCH detected, but no EINVAL
[test.js]    → Handle mismatch still occurs
[test.js]    → Crashes avoided by the _read fix
[test.js]
[test.js] ✅ TEST PASSED - No EINVAL errors
[test.js]
[test.js] dual stack: ✓ complete
[test.js]   ✓ IPv4 interface
[test.js]   ✓ IPv6 interface
[test.js]   ✓ localhost → IPv4 DNS
[test.js]   ✓ localhost → IPv6 DNS